seed,arm,arm_description,ticket_id,severity_actual,severity_predicted,severity_confidence,critical_probability,severity_eval_split,duplicate_of,duplicate_eval_query,recall_at_5,average_precision,napfd,total_wall_time_s,network_bytes,messages,llm_tokens_estimated,cpu_seconds,peak_memory_bytes,human_approved,full_deploy_requested,review_decision,review_note,full_deploy_executed,deployment_success,rollback,lead_time_hours_simulated,recovery_hours_simulated,reworked,fault_rank,dataset_version
42,A0,"Rule-based, single process",TCK-00000,Low,Low,0.8575912719740248,0.04730732134480395,False,,False,,,0.49,0.0010767999992822297,0,0.0,0.0,0.0,3410,False,False,not_required,,False,True,False,0.10767999992822297,0.0,1,,synthetic-eval-v1
42,A0,"Rule-based, single process",TCK-00001,Medium,Medium,0.8577624699690333,0.047657119274480665,False,,False,,,0.49,0.00013079998461762443,0,0.0,0.0,0.0,7386,False,False,not_required,,False,True,False,1.0130799984617624,0.0,0,,synthetic-eval-v1
42,A0,"Rule-based, single process",TCK-00002,High,High,0.8677023930726927,0.04415808618748059,False,,False,,,0.49,0.00016689999029040337,0,0.0,0.0,0.0,11896,True,False,accepted,"Synthetic reviewer accepted after confirming affected services, customer impact, and the recovery plan.",False,True,False,2.0166899990290403,0.0,0,3,synthetic-eval-v1
42,A0,"Rule-based, single process",TCK-00003,Critical,Critical,0.8588796657814416,0.8588796657814416,False,,False,,,0.49,0.0002201000024797395,0,0.0,0.0,0.0,16098,False,False,rejected,Synthetic reviewer rejected because impact evidence or the safe mitigation and rollback plan was incomplete.,False,False,False,3.022010000247974,0.0,0,4,synthetic-eval-v1
42,A0,"Rule-based, single process",TCK-00004,Low,Low,0.8498556545602439,0.05224646014529136,False,,False,,,0.49,9.849999332800508e-05,0,0.0,0.0,0.0,20330,False,False,not_required,,False,True,False,4.0098499993328005,0.0,0,,synthetic-eval-v1
42,A0,"Rule-based, single process",TCK-00005,Medium,Medium,0.8577623773277484,0.047657136692253854,False,,False,,,0.49,9.599998884368688e-05,0,0.0,0.0,0.0,24626,False,False,not_required,,False,True,False,5.009599998884369,0.0,0,,synthetic-eval-v1
42,A0,"Rule-based, single process",TCK-00006,High,High,0.842581775387702,0.0502905737918736,False,,False,,,0.49,0.00010459998884471133,0,0.0,0.0,0.0,28922,False,False,rejected,Synthetic reviewer rejected because the outage scope and recovery evidence need clarification.,False,True,False,6.010459998884471,0.0,0,7,synthetic-eval-v1
42,A0,"Rule-based, single process",TCK-00007,Critical,Critical,0.8213314428506912,0.8213314428506912,False,TCK-00003,True,1.0,1.0,0.49,8.999999408842996e-05,0,0.0,0.0,0.0,33230,True,False,accepted,"Synthetic reviewer accepted after confirming incident impact, mitigation scope, and a rollback owner.",False,True,False,7.008999999408843,0.0,0,8,synthetic-eval-v1
42,A0,"Rule-based, single process",TCK-00008,Low,Low,0.8575908472406909,0.047307423697629,False,,False,,,0.49,8.820000948617235e-05,0,0.0,0.0,0.0,37434,True,False,not_required,,False,True,False,8.008820000948617,0.0,0,,synthetic-eval-v1
42,A0,"Rule-based, single process",TCK-00009,Medium,Medium,0.8401175045119107,0.05203622201742219,False,,False,,,0.49,8.660000457894057e-05,0,0.0,0.0,0.0,41692,False,False,not_required,,False,True,False,9.008660000457894,0.0,0,,synthetic-eval-v1
42,A0,"Rule-based, single process",TCK-00010,High,High,0.841032956914642,0.05137910131815793,False,,False,,,0.49,8.439999510301277e-05,0,0.0,0.0,0.0,46068,False,False,rejected,Synthetic reviewer rejected because the outage scope and recovery evidence need clarification.,False,True,False,10.008439999510301,0.0,1,11,synthetic-eval-v1
42,A0,"Rule-based, single process",TCK-00011,Critical,Critical,0.8362692159045523,0.8362692159045523,False,,False,,,0.49,8.439999510301277e-05,0,0.0,0.0,0.0,50316,False,False,rejected,Synthetic reviewer rejected because impact evidence or the safe mitigation and rollback plan was incomplete.,False,False,False,0.05,0.0,0,12,synthetic-eval-v1
42,A0,"Rule-based, single process",TCK-00012,Low,Low,0.8430697132486734,0.051928200791216766,False,,False,,,0.49,8.469999738736078e-05,0,0.0,0.0,0.0,54660,False,False,not_required,,False,True,False,1.008469999738736,0.0,0,,synthetic-eval-v1
42,A0,"Rule-based, single process",TCK-00013,Medium,Medium,0.8511914699836926,0.049729979698607464,False,,False,,,0.49,8.41999935801141e-05,0,0.0,0.0,0.0,58882,False,False,not_required,,False,True,False,2.0084199993580114,0.0,0,,synthetic-eval-v1
42,A0,"Rule-based, single process",TCK-00014,High,High,0.7875652538299344,0.07019587278743233,False,TCK-00010,True,1.0,0.5,0.49,8.489999891025946e-05,0,0.0,0.0,0.0,63218,False,False,rejected,Synthetic reviewer rejected because the outage scope and recovery evidence need clarification.,False,True,False,3.008489999891026,0.0,0,15,synthetic-eval-v1
42,A0,"Rule-based, single process",TCK-00015,Critical,Critical,0.8500314034821868,0.8500314034821868,False,,False,,,0.49,8.459999662591144e-05,0,0.0,0.0,0.0,67474,True,False,accepted,"Synthetic reviewer accepted after confirming incident impact, mitigation scope, and a rollback owner.",False,False,True,4.008459999662591,1.25,0,16,synthetic-eval-v1
42,A0,"Rule-based, single process",TCK-00016,Low,Low,0.8468778864327241,0.047165558455927716,False,,False,,,0.49,8.489999891025946e-05,0,0.0,0.0,0.0,71730,False,False,not_required,,False,True,False,5.008489999891026,0.0,0,,synthetic-eval-v1
42,A0,"Rule-based, single process",TCK-00017,Medium,Medium,0.8648351183185294,0.04501313986494932,False,,False,,,0.49,8.489999891025946e-05,0,0.0,0.0,0.0,76066,False,False,not_required,,False,True,False,6.008489999891026,0.0,0,,synthetic-eval-v1
42,A0,"Rule-based, single process",TCK-00018,High,High,0.8677023930726927,0.04415808618748059,False,,False,,,0.49,8.41999935801141e-05,0,0.0,0.0,0.0,80504,False,False,rejected,Synthetic reviewer rejected because the outage scope and recovery evidence need clarification.,False,True,False,7.008419999358011,0.0,0,19,synthetic-eval-v1
42,A0,"Rule-based, single process",TCK-00019,Critical,Critical,0.8660380570031408,0.8660380570031408,False,,False,,,0.49,8.450000314041972e-05,0,0.0,0.0,0.0,84752,True,False,accepted,"Synthetic reviewer accepted after confirming incident impact, mitigation scope, and a rollback owner.",False,True,False,8.008450000314042,0.0,0,20,synthetic-eval-v1
42,A0,"Rule-based, single process",TCK-00020,Low,Low,0.8536739957439398,0.04812187808787876,False,,False,,,0.49,8.920000254875049e-05,0,0.0,0.0,0.0,88970,False,False,not_required,,False,True,False,9.008920000254875,0.0,1,,synthetic-eval-v1
42,A0,"Rule-based, single process",TCK-00021,Medium,Medium,0.8071314450110462,0.06637052247157461,False,TCK-00017,True,1.0,0.3333333333333333,0.49,0.0001475000026402995,0,0.0,0.0,0.0,93496,False,False,not_required,,False,True,False,10.01475000026403,0.0,0,,synthetic-eval-v1
42,A0,"Rule-based, single process",TCK-00022,High,High,0.8296623965781457,0.05123380334966874,False,,False,,,0.49,8.689999958733097e-05,0,0.0,0.0,0.0,97612,True,False,accepted,"Synthetic reviewer accepted after confirming affected services, customer impact, and the recovery plan.",False,True,False,0.05,0.0,0,23,synthetic-eval-v1
42,A0,"Rule-based, single process",TCK-00023,Critical,Critical,0.8343751863463856,0.8343751863463856,False,,False,,,0.49,8.53000019560568e-05,0,0.0,0.0,0.0,101908,True,False,accepted,"Synthetic reviewer accepted after confirming incident impact, mitigation scope, and a rollback owner.",False,True,False,1.0085300001956057,0.0,0,24,synthetic-eval-v1
42,A0,"Rule-based, single process",TCK-00024,Low,Low,0.8468251902167655,0.050017949138158095,False,,False,,,0.49,8.53000019560568e-05,0,0.0,0.0,0.0,106300,False,False,not_required,,False,True,False,2.0085300001956057,0.0,0,,synthetic-eval-v1
42,A0,"Rule-based, single process",TCK-00025,Medium,Medium,0.8263801447693431,0.05348607567400088,False,,False,,,0.49,8.660000457894057e-05,0,0.0,0.0,0.0,110620,False,False,not_required,,False,True,False,3.008660000457894,0.0,0,,synthetic-eval-v1
42,A0,"Rule-based, single process",TCK-00026,High,High,0.8677023930726927,0.04415808618748059,False,,False,,,0.49,9.390000195708126e-05,0,0.0,0.0,0.0,114904,False,False,rejected,Synthetic reviewer rejected because the outage scope and recovery evidence need clarification.,False,True,False,4.009390000195708,0.0,0,27,synthetic-eval-v1
42,A0,"Rule-based, single process",TCK-00027,Critical,Critical,0.8543357248189659,0.8543357248189659,False,,False,,,0.49,8.579999848734587e-05,0,0.0,0.0,0.0,119162,True,False,accepted,"Synthetic reviewer accepted after confirming incident impact, mitigation scope, and a rollback owner.",False,False,True,5.008579999848735,1.25,0,28,synthetic-eval-v1
42,A0,"Rule-based, single process",TCK-00028,Low,Low,0.7955058943779147,0.06761707389760443,False,TCK-00024,True,1.0,0.25,0.49,8.550000347895548e-05,0,0.0,0.0,0.0,123730,False,False,not_required,,False,True,False,6.0085500003478955,0.0,0,,synthetic-eval-v1
42,A0,"Rule-based, single process",TCK-00029,Medium,Medium,0.8576910403161383,0.04787121042255244,False,,False,,,0.49,8.650001836940646e-05,0,0.0,0.0,0.0,127898,False,False,not_required,,False,True,False,7.008650001836941,0.0,0,,synthetic-eval-v1
42,A0,"Rule-based, single process",TCK-00030,High,High,0.8526604271396411,0.04885391246455282,False,,False,,,0.49,8.390001312363893e-05,0,0.0,0.0,0.0,132162,False,False,rejected,Synthetic reviewer rejected because the outage scope and recovery evidence need clarification.,False,False,True,8.008390001312364,0.5,1,31,synthetic-eval-v1
42,A0,"Rule-based, single process",TCK-00031,Critical,Critical,0.8600416267653729,0.8600416267653729,False,,False,,,0.49,8.540000999346375e-05,0,0.0,0.0,0.0,136418,True,False,accepted,"Synthetic reviewer accepted after confirming incident impact, mitigation scope, and a rollback owner.",False,True,False,9.008540000999346,0.0,0,32,synthetic-eval-v1
42,A0,"Rule-based, single process",TCK-00032,Low,Low,0.8604905870110352,0.04629110961415852,False,,False,,,0.49,8.510000770911574e-05,0,0.0,0.0,0.0,140666,False,False,not_required,,False,True,False,10.008510000770912,0.0,0,,synthetic-eval-v1
42,A0,"Rule-based, single process",TCK-00033,Medium,Medium,0.8511914699836926,0.049729979698607464,False,,False,,,0.49,0.00012739998055621982,0,0.0,0.0,0.0,145242,False,False,not_required,,False,True,False,0.05,0.0,0,,synthetic-eval-v1
42,A0,"Rule-based, single process",TCK-00034,High,High,0.8526601513792027,0.04885395644264514,False,,False,,,0.49,0.00010639999527484179,0,0.0,0.0,0.0,149530,False,False,rejected,Synthetic reviewer rejected because the outage scope and recovery evidence need clarification.,False,False,True,1.0106399995274842,1.5,0,35,synthetic-eval-v1
42,A0,"Rule-based, single process",TCK-00035,Critical,Critical,0.8206386148860784,0.8206386148860784,False,TCK-00031,True,1.0,0.25,0.49,8.439999510301277e-05,0,0.0,0.0,0.0,153880,True,False,accepted,"Synthetic reviewer accepted after confirming incident impact, mitigation scope, and a rollback owner.",False,True,False,2.0084399995103013,0.0,0,36,synthetic-eval-v1
42,A0,"Rule-based, single process",TCK-00036,Low,Low,0.8254728075709145,0.05352868158109286,False,,False,,,0.49,8.3099992480129e-05,0,0.0,0.0,0.0,158020,False,False,not_required,,False,True,False,3.008309999248013,0.0,0,,synthetic-eval-v1
42,A0,"Rule-based, single process",TCK-00037,Medium,Medium,0.8357287861121229,0.053314496623208696,False,,False,,,0.49,8.349998824996874e-05,0,0.0,0.0,0.0,162316,False,False,not_required,,False,True,False,4.008349998824997,0.0,0,,synthetic-eval-v1
42,A0,"Rule-based, single process",TCK-00038,High,High,0.8339340081894083,0.051577559839395444,False,,False,,,0.49,8.259999594883993e-05,0,0.0,0.0,0.0,166828,False,False,rejected,Synthetic reviewer rejected because the outage scope and recovery evidence need clarification.,False,True,False,5.008259999594884,0.0,0,39,synthetic-eval-v1
42,A0,"Rule-based, single process",TCK-00039,Critical,Critical,0.8497244696174576,0.8497244696174576,False,,False,,,0.49,8.949999755714089e-05,0,0.0,0.0,0.0,171082,True,False,accepted,"Synthetic reviewer accepted after confirming incident impact, mitigation scope, and a rollback owner.",False,True,False,6.008949999755714,0.0,0,40,synthetic-eval-v1
42,A0,"Rule-based, single process",TCK-00040,Low,Low,0.8728550967866963,0.042337114831232626,False,,False,,,0.49,8.3099992480129e-05,0,0.0,0.0,0.0,175304,False,False,not_required,,False,True,False,7.008309999248013,0.0,1,,synthetic-eval-v1
42,A0,"Rule-based, single process",TCK-00041,Medium,Medium,0.8478217370421267,0.054461768182792025,False,,False,,,0.49,8.380000508623198e-05,0,0.0,0.0,0.0,179658,False,False,not_required,,False,True,False,8.008380000508623,0.0,0,,synthetic-eval-v1
42,A0,"Rule-based, single process",TCK-00042,High,High,0.7916506003934797,0.06817952175120424,False,TCK-00038,True,1.0,0.2,0.49,8.350000280188397e-05,0,0.0,0.0,0.0,184098,False,False,rejected,Synthetic reviewer rejected because the outage scope and recovery evidence need clarification.,False,True,False,9.008350000280188,0.0,0,43,synthetic-eval-v1
42,A0,"Rule-based, single process",TCK-00043,Critical,Critical,0.8491739830465354,0.8491739830465354,False,,False,,,0.49,0.00012939999578520656,0,0.0,0.0,0.0,188242,True,False,accepted,"Synthetic reviewer accepted after confirming incident impact, mitigation scope, and a rollback owner.",False,True,False,10.01293999957852,0.0,0,44,synthetic-eval-v1
42,A0,"Rule-based, single process",TCK-00044,Low,Low,0.8604905870110352,0.04629110961415852,False,,False,,,0.49,9.500000305706635e-05,0,0.0,0.0,0.0,192826,False,False,not_required,,False,True,False,0.05,0.0,0,,synthetic-eval-v1
42,A0,"Rule-based, single process",TCK-00045,Medium,Medium,0.8648351183185294,0.04501313986494932,False,,False,,,0.49,9.220000356435776e-05,0,0.0,0.0,0.0,197082,False,False,not_required,,False,True,False,1.0092200003564358,0.0,0,,synthetic-eval-v1
42,A0,"Rule-based, single process",TCK-00046,High,High,0.8441125993988075,0.048827770742724486,False,,False,,,0.49,8.199999865610152e-05,0,0.0,0.0,0.0,201282,False,False,rejected,Synthetic reviewer rejected because the outage scope and recovery evidence need clarification.,False,True,False,2.00819999986561,0.0,0,47,synthetic-eval-v1
42,A0,"Rule-based, single process",TCK-00047,Critical,Critical,0.8497244696174576,0.8497244696174576,False,,False,,,0.49,8.319999324157834e-05,0,0.0,0.0,0.0,205538,False,False,rejected,Synthetic reviewer rejected because impact evidence or the safe mitigation and rollback plan was incomplete.,False,False,False,3.008319999324158,0.0,0,48,synthetic-eval-v1
42,A0,"Rule-based, single process",TCK-00048,Low,Low,0.8327261494221361,0.05039279900113555,False,,False,,,0.49,8.319999324157834e-05,0,0.0,0.0,0.0,209764,False,False,not_required,,False,True,False,4.008319999324158,0.0,0,,synthetic-eval-v1
42,A0,"Rule-based, single process",TCK-00049,Medium,Medium,0.8101317102031641,0.06466928822174157,False,TCK-00045,True,0.0,0.16666666666666666,0.49,8.399999933317304e-05,0,0.0,0.0,0.0,214136,True,False,not_required,,False,True,False,5.008399999933317,0.0,0,,synthetic-eval-v1
42,A0,"Rule-based, single process",TCK-00050,High,High,0.8317396399448939,0.05372035704174002,False,,False,,,0.49,8.379999053431675e-05,0,0.0,0.0,0.0,218252,False,False,rejected,Synthetic reviewer rejected because the outage scope and recovery evidence need clarification.,False,False,True,6.008379999053432,1.0,1,51,synthetic-eval-v1
42,A0,"Rule-based, single process",TCK-00051,Critical,Critical,0.8281060966449586,0.8281060966449586,False,,False,,,0.49,8.400001388508826e-05,0,0.0,0.0,0.0,222876,False,False,rejected,Synthetic reviewer rejected because impact evidence or the safe mitigation and rollback plan was incomplete.,False,False,False,7.008400001388509,0.0,0,52,synthetic-eval-v1
42,A0,"Rule-based, single process",TCK-00052,Low,Low,0.8545528086953338,0.04697123747579992,False,,False,,,0.49,0.00018589999672258273,0,0.0,0.0,0.0,227074,True,False,not_required,,False,True,False,8.018589999672258,0.0,0,,synthetic-eval-v1
42,A0,"Rule-based, single process",TCK-00053,Medium,Medium,0.8476412796823926,0.046155262624928285,False,,False,,,0.49,9.96999951894395e-05,0,0.0,0.0,0.0,231378,False,False,not_required,,False,True,False,9.009969999518944,0.0,0,,synthetic-eval-v1
42,A0,"Rule-based, single process",TCK-00054,High,High,0.8493415459964648,0.04989004640006306,False,,False,,,0.49,0.00010200000542681664,0,0.0,0.0,0.0,235650,False,False,rejected,Synthetic reviewer rejected because the outage scope and recovery evidence need clarification.,False,True,False,10.010200000542682,0.0,0,55,synthetic-eval-v1
42,A0,"Rule-based, single process",TCK-00055,Critical,Critical,0.8544071556216513,0.8544071556216513,False,,False,,,0.49,9.289999434258789e-05,0,0.0,0.0,0.0,239858,True,False,accepted,"Synthetic reviewer accepted after confirming incident impact, mitigation scope, and a rollback owner.",False,True,False,0.05,0.0,0,56,synthetic-eval-v1
42,A0,"Rule-based, single process",TCK-00056,Low,Low,0.8019244340673284,0.06625245114200216,False,TCK-00052,True,0.0,0.14285714285714285,0.49,8.539998816559091e-05,0,0.0,0.0,0.0,244128,False,False,not_required,,False,True,False,1.008539998816559,0.0,0,,synthetic-eval-v1
42,A0,"Rule-based, single process",TCK-00057,Medium,Medium,0.8568251726086809,0.046924763682226756,False,,False,,,0.49,8.490000618621707e-05,0,0.0,0.0,0.0,248226,False,False,not_required,,False,True,False,2.0084900006186217,0.0,0,,synthetic-eval-v1
42,A0,"Rule-based, single process",TCK-00058,High,High,0.8544472664389593,0.04840861814457229,False,,False,,,0.49,8.499999239575118e-05,0,0.0,0.0,0.0,252826,False,False,rejected,Synthetic reviewer rejected because the outage scope and recovery evidence need clarification.,False,True,False,3.008499999239575,0.0,0,59,synthetic-eval-v1
42,A0,"Rule-based, single process",TCK-00059,Critical,Critical,0.8593693523976712,0.8593693523976712,False,,False,,,0.49,9.080001473193988e-05,0,0.0,0.0,0.0,256586,True,False,accepted,"Synthetic reviewer accepted after confirming incident impact, mitigation scope, and a rollback owner.",False,True,False,4.009080001473194,0.0,0,60,synthetic-eval-v1
42,A0,"Rule-based, single process",TCK-00060,Low,Low,0.8459493662830746,0.049579559112980454,False,,False,,,0.49,0.00018279999494552612,0,0.0,0.0,0.0,260442,False,False,not_required,,False,True,False,5.018279999494553,0.0,1,,synthetic-eval-v1
42,A0,"Rule-based, single process",TCK-00061,Medium,Medium,0.8396843959405711,0.05046646301289596,False,,False,,,0.49,0.00018859999545384198,0,0.0,0.0,0.0,264652,False,False,not_required,,False,True,False,6.018859999545384,0.0,0,,synthetic-eval-v1
42,A0,"Rule-based, single process",TCK-00062,High,High,0.8502197329293363,0.04991083422096676,False,,False,,,0.49,9.179998596664518e-05,0,0.0,0.0,0.0,268826,False,False,rejected,Synthetic reviewer rejected because the outage scope and recovery evidence need clarification.,False,True,False,7.0091799985966645,0.0,0,63,synthetic-eval-v1
42,A0,"Rule-based, single process",TCK-00063,Critical,Critical,0.8199459815551146,0.8199459815551146,False,TCK-00059,True,0.0,0.1111111111111111,0.49,9.499999578110874e-05,0,0.0,0.0,0.0,273152,True,False,accepted,"Synthetic reviewer accepted after confirming incident impact, mitigation scope, and a rollback owner.",False,True,False,8.00949999957811,0.0,0,64,synthetic-eval-v1
42,A0,"Rule-based, single process",TCK-00064,Low,Low,0.8411716383404831,0.05011919711276005,False,,False,,,0.49,0.0001069999925675802,0,0.0,0.0,0.0,277220,False,False,not_required,,False,True,False,9.010699999256758,0.0,0,,synthetic-eval-v1
42,A0,"Rule-based, single process",TCK-00065,Medium,Medium,0.8575476384792481,0.04764719066765524,False,,False,,,0.49,9.829999908106402e-05,0,0.0,0.0,0.0,281562,False,False,not_required,,False,True,False,10.009829999908106,0.0,0,,synthetic-eval-v1
42,A0,"Rule-based, single process",TCK-00066,High,High,0.8544471134100157,0.048408663538679675,False,,False,,,0.49,8.979998528957367e-05,0,0.0,0.0,0.0,286282,False,False,rejected,Synthetic reviewer rejected because the outage scope and recovery evidence need clarification.,False,True,False,0.05,0.0,0,67,synthetic-eval-v1
42,A0,"Rule-based, single process",TCK-00067,Critical,Critical,0.8532921334588078,0.8532921334588078,False,,False,,,0.49,8.679999882588163e-05,0,0.0,0.0,0.0,290466,False,False,rejected,Synthetic reviewer rejected because impact evidence or the safe mitigation and rollback plan was incomplete.,False,False,False,1.0086799998825882,0.0,0,68,synthetic-eval-v1
42,A0,"Rule-based, single process",TCK-00068,Low,Low,0.858119074390257,0.04705805134129685,False,,False,,,0.49,8.339999476447701e-05,0,0.0,0.0,0.0,294642,False,False,not_required,,False,True,False,2.0083399994764477,0.0,0,,synthetic-eval-v1
42,A0,"Rule-based, single process",TCK-00069,Medium,Medium,0.855335243170054,0.04757105950468312,False,,False,,,0.49,9.249999129679054e-05,0,0.0,0.0,0.0,298850,False,False,not_required,,False,True,False,3.009249999129679,0.0,0,,synthetic-eval-v1
42,A0,"Rule-based, single process",TCK-00070,High,High,0.7942057933664813,0.07008155224031193,True,TCK-00066,True,0.0,0.1,0.49,0.0001494999960414134,0,0.0,0.0,0.0,303144,False,False,rejected,Synthetic reviewer rejected because the outage scope and recovery evidence need clarification.,False,True,False,4.014949999604141,0.0,1,71,synthetic-eval-v1
42,A0,"Rule-based, single process",TCK-00071,Critical,Critical,0.8660380570031408,0.8660380570031408,True,,False,,,0.49,9.29000016185455e-05,0,0.0,0.0,0.0,307242,True,False,accepted,"Synthetic reviewer accepted after confirming incident impact, mitigation scope, and a rollback owner.",False,True,False,5.0092900001618546,0.0,0,72,synthetic-eval-v1
42,A0,"Rule-based, single process",TCK-00072,Low,Low,0.8728550967866963,0.042337114831232626,True,,False,,,0.49,8.830000297166407e-05,0,0.0,0.0,0.0,311458,False,False,not_required,,False,True,False,6.008830000297166,0.0,0,,synthetic-eval-v1
42,A0,"Rule-based, single process",TCK-00073,Medium,Medium,0.8739752426577113,0.042583112119469,True,,False,,,0.49,8.709999383427203e-05,0,0.0,0.0,0.0,315778,False,False,not_required,,False,True,False,7.008709999383427,0.0,0,,synthetic-eval-v1
42,A0,"Rule-based, single process",TCK-00074,High,High,0.8396781520877029,0.048135712063408276,True,,False,,,0.49,8.460001117782667e-05,0,0.0,0.0,0.0,320068,False,False,rejected,Synthetic reviewer rejected because the outage scope and recovery evidence need clarification.,False,True,False,8.008460001117783,0.0,0,75,synthetic-eval-v1
42,A0,"Rule-based, single process",TCK-00075,Critical,Critical,0.8427909772030538,0.8427909772030538,True,,False,,,0.49,9.240000508725643e-05,0,0.0,0.0,0.0,324388,True,False,accepted,"Synthetic reviewer accepted after confirming incident impact, mitigation scope, and a rollback owner.",False,True,False,9.009240000508726,0.0,0,76,synthetic-eval-v1
42,A0,"Rule-based, single process",TCK-00076,Low,Low,0.8505187338795767,0.048645504401608385,True,,False,,,0.49,0.00012420001439750195,0,0.0,0.0,0.0,329188,False,False,not_required,,False,True,False,10.01242000143975,0.0,0,,synthetic-eval-v1
42,A0,"Rule-based, single process",TCK-00077,Medium,Medium,0.8118616314647299,0.06542177742202,True,TCK-00073,True,0.0,0.09090909090909091,0.49,0.00010610000026645139,0,0.0,0.0,0.0,333752,False,False,not_required,,False,True,False,0.05,0.0,0,,synthetic-eval-v1
42,A0,"Rule-based, single process",TCK-00078,High,High,0.8677023930726927,0.04415808618748059,True,,False,,,0.49,9.919999865815043e-05,0,0.0,0.0,0.0,338058,True,False,accepted,"Synthetic reviewer accepted after confirming affected services, customer impact, and the recovery plan.",False,True,False,1.009919999865815,0.0,0,79,synthetic-eval-v1
42,A0,"Rule-based, single process",TCK-00079,Critical,Critical,0.8660380570031408,0.8660380570031408,True,,False,,,0.49,8.70000003487803e-05,0,0.0,0.0,0.0,342394,True,False,accepted,"Synthetic reviewer accepted after confirming incident impact, mitigation scope, and a rollback owner.",False,False,True,2.008700000034878,0.75,0,80,synthetic-eval-v1
42,A0,"Rule-based, single process",TCK-00080,Low,Low,0.8728550967866963,0.042337114831232626,True,,False,,,0.49,9.449999924981967e-05,0,0.0,0.0,0.0,346680,False,False,not_required,,False,True,False,3.009449999924982,0.0,1,,synthetic-eval-v1
42,A0,"Rule-based, single process",TCK-00081,Medium,Medium,0.8739752426577113,0.042583112119469,True,,False,,,0.49,0.00010790000669658184,0,0.0,0.0,0.0,351024,False,False,not_required,,False,True,False,4.010790000669658,0.0,0,,synthetic-eval-v1
42,A0,"Rule-based, single process",TCK-00082,High,High,0.8677023930726927,0.04415808618748059,True,,False,,,0.49,0.00012309999874560162,0,0.0,0.0,0.0,355314,False,False,rejected,Synthetic reviewer rejected because the outage scope and recovery evidence need clarification.,False,False,True,5.01230999987456,1.5,0,83,synthetic-eval-v1
42,A0,"Rule-based, single process",TCK-00083,Critical,Critical,0.8557318913614395,0.8557318913614395,True,,False,,,0.49,9.019999561132863e-05,0,0.0,0.0,0.0,359634,True,False,accepted,"Synthetic reviewer accepted after confirming incident impact, mitigation scope, and a rollback owner.",False,True,False,6.009019999561133,0.0,0,84,synthetic-eval-v1
42,A0,"Rule-based, single process",TCK-00084,Low,Low,0.8067389177850562,0.06963258361131423,True,TCK-00080,True,0.0,0.08333333333333333,0.49,8.970000635599717e-05,0,0.0,0.0,0.0,364062,False,False,not_required,,False,True,False,7.0089700006356,0.0,0,,synthetic-eval-v1
42,A0,"Rule-based, single process",TCK-00085,Medium,Medium,0.8739752426577113,0.042583112119469,True,,False,,,0.49,8.779999188845977e-05,0,0.0,0.0,0.0,368274,False,False,not_required,,False,True,False,8.008779999188846,0.0,0,,synthetic-eval-v1
42,A0,"Rule-based, single process",TCK-00086,High,High,0.8677023930726927,0.04415808618748059,True,,False,,,0.49,9.229999704984948e-05,0,0.0,0.0,0.0,373178,False,False,rejected,Synthetic reviewer rejected because the outage scope and recovery evidence need clarification.,False,True,False,9.009229999704985,0.0,0,87,synthetic-eval-v1
42,A0,"Rule-based, single process",TCK-00087,Critical,Critical,0.8225328675906715,0.8225328675906715,True,,False,,,0.49,0.00010889999248320237,0,0.0,0.0,0.0,377500,False,False,rejected,Synthetic reviewer rejected because impact evidence or the safe mitigation and rollback plan was incomplete.,False,False,False,10.01088999924832,0.0,0,88,synthetic-eval-v1
42,A0,"Rule-based, single process",TCK-00088,Low,Low,0.8279337224011541,0.05893383475209124,True,,False,,,0.49,8.590000652475283e-05,0,0.0,0.0,0.0,381788,False,False,not_required,,False,True,False,0.05,0.0,0,,synthetic-eval-v1
42,A0,"Rule-based, single process",TCK-00089,Medium,Medium,0.8307295314772186,0.05291974445628365,True,,False,,,0.49,8.680000610183924e-05,0,0.0,0.0,0.0,386084,False,False,not_required,,False,True,False,1.008680000610184,0.0,0,,synthetic-eval-v1
42,A0,"Rule-based, single process",TCK-00090,High,High,0.8338266730000514,0.052161773911922504,True,,False,,,0.49,8.669999806443229e-05,0,0.0,0.0,0.0,390372,True,False,accepted,"Synthetic reviewer accepted after confirming affected services, customer impact, and the recovery plan.",False,True,False,2.0086699998064432,0.0,1,91,synthetic-eval-v1
42,A0,"Rule-based, single process",TCK-00091,Critical,Critical,0.7920119677553812,0.7920119677553812,True,TCK-00087,True,0.0,0.08333333333333333,0.49,0.0001123999900300987,0,0.0,0.0,0.0,394810,True,False,accepted,"Synthetic reviewer accepted after confirming incident impact, mitigation scope, and a rollback owner.",False,True,False,3.01123999900301,0.0,0,92,synthetic-eval-v1
42,A0,"Rule-based, single process",TCK-00092,Low,Low,0.8498556545602439,0.05224646014529136,True,,False,,,0.49,0.000109500004327856,0,0.0,0.0,0.0,398986,False,False,not_required,,False,True,False,4.010950000432786,0.0,0,,synthetic-eval-v1
42,A0,"Rule-based, single process",TCK-00093,Medium,Medium,0.8575476384792481,0.04764719066765524,True,,False,,,0.49,0.00010979999206028879,0,0.0,0.0,0.0,403474,True,False,not_required,,False,True,False,5.010979999206029,0.0,0,,synthetic-eval-v1
42,A0,"Rule-based, single process",TCK-00094,High,High,0.8462602908477929,0.04952187489233382,True,,False,,,0.49,8.900000102585182e-05,0,0.0,0.0,0.0,407890,False,False,rejected,Synthetic reviewer rejected because the outage scope and recovery evidence need clarification.,False,True,False,6.008900000102585,0.0,0,95,synthetic-eval-v1
42,A0,"Rule-based, single process",TCK-00095,Critical,Critical,0.8660380570031408,0.8660380570031408,True,,False,,,0.49,0.00010029999975813553,0,0.0,0.0,0.0,412210,True,False,accepted,"Synthetic reviewer accepted after confirming incident impact, mitigation scope, and a rollback owner.",False,True,False,7.0100299999758136,0.0,0,96,synthetic-eval-v1
42,A0,"Rule-based, single process",TCK-00096,Low,Low,0.8469947006893541,0.051466506894106444,True,,False,,,0.49,0.00022290000197244808,0,0.0,0.0,0.0,416498,False,False,not_required,,False,True,False,8.022290000197245,0.0,0,,synthetic-eval-v1
42,A0,"Rule-based, single process",TCK-00097,Medium,Medium,0.8739752426577113,0.042583112119469,True,,False,,,0.49,0.00011060001270379871,0,0.0,0.0,0.0,420818,False,False,not_required,,False,True,False,9.01106000127038,0.0,0,,synthetic-eval-v1
42,A0,"Rule-based, single process",TCK-00098,High,High,0.7857890475044208,0.07367683936887393,True,TCK-00094,True,0.0,0.07692307692307693,0.49,0.00012260000221431255,0,0.0,0.0,0.0,425864,False,False,rejected,Synthetic reviewer rejected because the outage scope and recovery evidence need clarification.,False,True,False,10.012260000221431,0.0,0,99,synthetic-eval-v1
42,A0,"Rule-based, single process",TCK-00099,Critical,Critical,0.8488738851577032,0.8488738851577032,True,,False,,,0.49,0.00011889999586855993,0,0.0,0.0,0.0,430074,True,False,accepted,"Synthetic reviewer accepted after confirming incident impact, mitigation scope, and a rollback owner.",False,True,False,0.05,0.0,0,100,synthetic-eval-v1
42,A1,Single agent,TCK-00000,Low,Low,0.8575912719740248,0.04730732134480395,False,,False,,,0.75,0.00019980000070063397,1778,6.0,168.0,0.0,5499,False,False,not_required,,False,True,False,0.05,0.0,0,,synthetic-eval-v1
42,A1,Single agent,TCK-00001,Medium,Medium,0.8577624699690333,0.047657119274480665,False,,False,,,0.75,0.00012150000111432746,1778,6.0,180.0,0.0,10691,False,False,not_required,,False,True,False,1.0121500001114327,0.0,0,,synthetic-eval-v1
42,A1,Single agent,TCK-00002,High,High,0.8677023930726927,0.04415808618748059,False,,False,,,0.75,0.00021799999376526102,1778,6.0,168.0,0.0,15754,False,False,rejected,Synthetic reviewer rejected because the outage scope and recovery evidence need clarification.,False,True,False,2.021799999376526,0.0,0,11,synthetic-eval-v1
42,A1,Single agent,TCK-00003,Critical,Critical,0.8588796657814416,0.8588796657814416,False,,False,,,0.75,0.0002536999963922426,1778,6.0,180.0,0.0,20739,True,False,accepted,"Synthetic reviewer accepted after confirming incident impact, mitigation scope, and a rollback owner.",False,True,False,3.0253699996392243,0.0,0,9,synthetic-eval-v1
42,A1,Single agent,TCK-00004,Low,Low,0.8498556545602439,0.05224646014529136,False,,False,,,0.75,0.00011440000525908545,1778,6.0,168.0,0.0,25771,False,False,not_required,,False,True,False,4.0114400005259085,0.0,0,,synthetic-eval-v1
42,A1,Single agent,TCK-00005,Medium,Medium,0.8577623773277484,0.047657136692253854,False,,False,,,0.75,0.00011449999874457717,1778,6.0,180.0,0.0,30947,False,False,not_required,,False,True,False,5.011449999874458,0.0,0,,synthetic-eval-v1
42,A1,Single agent,TCK-00006,High,High,0.842581775387702,0.0502905737918736,False,,False,,,0.75,0.000152900000102818,1778,6.0,168.0,0.0,36451,False,False,rejected,Synthetic reviewer rejected because the outage scope and recovery evidence need clarification.,False,True,False,6.015290000010282,0.0,0,6,synthetic-eval-v1
42,A1,Single agent,TCK-00007,Critical,Critical,0.8213314428506912,0.8213314428506912,False,TCK-00003,True,1.0,1.0,0.75,0.0001832999914768152,1778,6.0,264.0,0.0,41934,True,False,accepted,"Synthetic reviewer accepted after confirming incident impact, mitigation scope, and a rollback owner.",False,True,False,7.0183299991476815,0.0,0,14,synthetic-eval-v1
42,A1,Single agent,TCK-00008,Low,Low,0.8575908472406909,0.047307423697629,False,,False,,,0.75,0.00014320000627776608,1778,6.0,168.0,0.0,47371,False,False,not_required,,False,True,False,8.014320000627777,0.0,0,,synthetic-eval-v1
42,A1,Single agent,TCK-00009,Medium,Medium,0.8401175045119107,0.05203622201742219,False,,False,,,0.75,0.0001281000004382804,1778,6.0,180.0,0.0,52844,True,False,not_required,,False,True,False,9.012810000043828,0.0,1,,synthetic-eval-v1
42,A1,Single agent,TCK-00010,High,High,0.841032956914642,0.05137910131815793,False,,False,,,0.75,0.00014910000754753128,1778,6.0,168.0,0.0,58428,False,False,rejected,Synthetic reviewer rejected because the outage scope and recovery evidence need clarification.,False,True,False,10.014910000754753,0.0,0,23,synthetic-eval-v1
42,A1,Single agent,TCK-00011,Critical,Critical,0.8362692159045523,0.8362692159045523,False,,False,,,0.75,0.00012399999832268804,1778,6.0,180.0,0.0,63868,False,False,rejected,Synthetic reviewer rejected because impact evidence or the safe mitigation and rollback plan was incomplete.,False,False,False,0.05,0.0,0,49,synthetic-eval-v1
42,A1,Single agent,TCK-00012,Low,Low,0.8430697132486734,0.051928200791216766,False,,False,,,0.75,0.00012160000915173441,1778,6.0,168.0,0.0,69420,False,False,not_required,,False,True,False,1.0121600009151734,0.0,0,,synthetic-eval-v1
42,A1,Single agent,TCK-00013,Medium,Medium,0.8511914699836926,0.049729979698607464,False,,False,,,0.75,0.0001241000136360526,1778,6.0,180.0,0.0,74835,True,False,not_required,,False,True,False,2.0124100013636053,0.0,0,,synthetic-eval-v1
42,A1,Single agent,TCK-00014,High,High,0.7875652538299344,0.07019587278743233,False,TCK-00010,True,1.0,1.0,0.75,0.00012200001219753176,1778,6.0,258.0,0.0,80218,False,False,rejected,Synthetic reviewer rejected because the outage scope and recovery evidence need clarification.,False,True,False,3.012200001219753,0.0,0,50,synthetic-eval-v1
42,A1,Single agent,TCK-00015,Critical,Critical,0.8500314034821868,0.8500314034821868,False,,False,,,0.75,0.00012519999290816486,1778,6.0,180.0,0.0,85387,True,False,accepted,"Synthetic reviewer accepted after confirming incident impact, mitigation scope, and a rollback owner.",False,True,False,4.0125199992908165,0.0,0,13,synthetic-eval-v1
42,A1,Single agent,TCK-00016,Low,Low,0.8468778864327241,0.047165558455927716,False,,False,,,0.75,0.00030479999259114265,1778,6.0,168.0,0.0,90531,False,False,not_required,,False,True,False,5.030479999259114,0.0,0,,synthetic-eval-v1
42,A1,Single agent,TCK-00017,Medium,Medium,0.8648351183185294,0.04501313986494932,False,,False,,,0.75,0.00022870000975672156,1778,6.0,180.0,0.0,95715,True,False,not_required,,False,True,False,6.022870000975672,0.0,0,,synthetic-eval-v1
42,A1,Single agent,TCK-00018,High,High,0.8677023930726927,0.04415808618748059,False,,False,,,0.75,0.00013949999993201345,1778,6.0,168.0,0.0,101042,True,False,accepted,"Synthetic reviewer accepted after confirming affected services, customer impact, and the recovery plan.",False,True,False,7.013949999993201,0.0,0,28,synthetic-eval-v1
42,A1,Single agent,TCK-00019,Critical,Critical,0.8660380570031408,0.8660380570031408,False,,False,,,0.75,0.0002148999774362892,1778,6.0,180.0,0.0,106162,True,False,accepted,"Synthetic reviewer accepted after confirming incident impact, mitigation scope, and a rollback owner.",False,True,False,8.021489997743629,0.0,1,29,synthetic-eval-v1
42,A1,Single agent,TCK-00020,Low,Low,0.8536739957439398,0.04812187808787876,False,,False,,,0.75,0.00014430000010179356,1778,6.0,168.0,0.0,111267,False,False,not_required,,False,True,False,9.01443000001018,0.0,0,,synthetic-eval-v1
42,A1,Single agent,TCK-00021,Medium,Medium,0.8071314450110462,0.06637052247157461,False,TCK-00017,True,1.0,1.0,0.75,0.00012579999020090327,1778,6.0,270.0,0.0,116640,True,False,not_required,,False,True,False,10.01257999902009,0.0,0,,synthetic-eval-v1
42,A1,Single agent,TCK-00022,High,High,0.8296623965781457,0.05123380334966874,False,,False,,,0.75,0.00012669998977798969,1778,6.0,168.0,0.0,121660,True,False,accepted,"Synthetic reviewer accepted after confirming affected services, customer impact, and the recovery plan.",False,True,False,0.05,0.0,0,34,synthetic-eval-v1
42,A1,Single agent,TCK-00023,Critical,Critical,0.8343751863463856,0.8343751863463856,False,,False,,,0.75,0.00012740000238409266,1778,6.0,180.0,0.0,126820,True,False,accepted,"Synthetic reviewer accepted after confirming incident impact, mitigation scope, and a rollback owner.",False,False,True,1.0127400002384093,1.75,0,45,synthetic-eval-v1
42,A1,Single agent,TCK-00024,Low,Low,0.8468251902167655,0.050017949138158095,False,,False,,,0.75,0.00014859999646432698,1778,6.0,168.0,0.0,132092,False,False,not_required,,False,True,False,2.0148599996464327,0.0,0,,synthetic-eval-v1
42,A1,Single agent,TCK-00025,Medium,Medium,0.8263801447693431,0.05348607567400088,False,,False,,,0.75,0.0001280000142287463,1778,6.0,180.0,0.0,137300,True,False,not_required,,False,True,False,3.0128000014228746,0.0,0,,synthetic-eval-v1
42,A1,Single agent,TCK-00026,High,High,0.8677023930726927,0.04415808618748059,False,,False,,,0.75,0.00014510001346934587,1778,6.0,168.0,0.015625,142466,False,False,rejected,Synthetic reviewer rejected because the outage scope and recovery evidence need clarification.,False,True,False,4.014510001346935,0.0,0,37,synthetic-eval-v1
42,A1,Single agent,TCK-00027,Critical,Critical,0.8543357248189659,0.8543357248189659,False,,False,,,0.75,0.0001359999951091595,1778,6.0,180.0,0.0,147587,True,False,accepted,"Synthetic reviewer accepted after confirming incident impact, mitigation scope, and a rollback owner.",False,True,False,5.013599999510916,0.0,0,33,synthetic-eval-v1
42,A1,Single agent,TCK-00028,Low,Low,0.7955058943779147,0.06761707389760443,False,TCK-00024,True,1.0,1.0,0.75,0.0002600999941932969,1778,6.0,258.0,0.0,153002,False,False,not_required,,False,True,False,6.02600999941933,0.0,0,,synthetic-eval-v1
42,A1,Single agent,TCK-00029,Medium,Medium,0.8576910403161383,0.04787121042255244,False,,False,,,0.75,0.000159399991389364,1778,6.0,180.0,0.0,158043,False,False,not_required,,False,True,False,7.015939999138936,0.0,1,,synthetic-eval-v1
42,A1,Single agent,TCK-00030,High,High,0.8526604271396411,0.04885391246455282,False,,False,,,0.75,0.00020870000298600644,1778,6.0,168.0,0.0,163187,False,False,rejected,Synthetic reviewer rejected because the outage scope and recovery evidence need clarification.,False,True,False,8.0208700002986,0.0,0,12,synthetic-eval-v1
42,A1,Single agent,TCK-00031,Critical,Critical,0.8600416267653729,0.8600416267653729,False,,False,,,0.75,0.0001483000160078518,1778,6.0,180.0,0.0,168307,True,False,accepted,"Synthetic reviewer accepted after confirming incident impact, mitigation scope, and a rollback owner.",False,True,False,9.014830001600785,0.0,0,27,synthetic-eval-v1
42,A1,Single agent,TCK-00032,Low,Low,0.8604905870110352,0.04629110961415852,False,,False,,,0.75,0.00018620000628288835,1778,6.0,168.0,0.0,173411,False,False,not_required,,False,True,False,10.018620000628289,0.0,0,,synthetic-eval-v1
42,A1,Single agent,TCK-00033,Medium,Medium,0.8511914699836926,0.049729979698607464,False,,False,,,0.75,0.00021520000154851004,1778,6.0,180.0,0.0,178851,False,False,not_required,,False,True,False,0.05,0.0,0,,synthetic-eval-v1
42,A1,Single agent,TCK-00034,High,High,0.8526601513792027,0.04885395644264514,False,,False,,,0.75,0.00013419999595498666,1778,6.0,168.0,0.0,184019,True,False,accepted,"Synthetic reviewer accepted after confirming affected services, customer impact, and the recovery plan.",False,True,False,1.0134199995954987,0.0,0,32,synthetic-eval-v1
42,A1,Single agent,TCK-00035,Critical,Critical,0.8206386148860784,0.8206386148860784,False,TCK-00031,True,1.0,0.5,0.75,0.00013840000610798597,1778,6.0,270.0,0.0,189208,True,False,accepted,"Synthetic reviewer accepted after confirming incident impact, mitigation scope, and a rollback owner.",False,True,False,2.0138400006107986,0.0,0,2,synthetic-eval-v1
42,A1,Single agent,TCK-00036,Low,Low,0.8254728075709145,0.05352868158109286,False,,False,,,0.75,0.0001497999983257614,1778,6.0,168.0,0.0,194228,False,False,not_required,,False,True,False,3.014979999832576,0.0,0,,synthetic-eval-v1
42,A1,Single agent,TCK-00037,Medium,Medium,0.8357287861121229,0.053314496623208696,False,,False,,,0.75,0.00013229998876340687,1778,6.0,180.0,0.0,199388,False,False,not_required,,False,True,False,4.013229998876341,0.0,0,,synthetic-eval-v1
42,A1,Single agent,TCK-00038,High,High,0.8339340081894083,0.051577559839395444,False,,False,,,0.75,0.00014140000712359324,1778,6.0,168.0,0.0,204780,False,False,rejected,Synthetic reviewer rejected because the outage scope and recovery evidence need clarification.,False,True,False,5.014140000712359,0.0,0,22,synthetic-eval-v1
42,A1,Single agent,TCK-00039,Critical,Critical,0.8497244696174576,0.8497244696174576,False,,False,,,0.75,0.00014840000221738592,1778,6.0,180.0,0.0,209899,True,False,accepted,"Synthetic reviewer accepted after confirming incident impact, mitigation scope, and a rollback owner.",False,True,False,6.014840000221739,0.0,1,20,synthetic-eval-v1
42,A1,Single agent,TCK-00040,Low,Low,0.8728550967866963,0.042337114831232626,False,,False,,,0.75,0.00013639999087899923,1778,6.0,168.0,0.0,215002,False,False,not_required,,False,True,False,7.0136399990879,0.0,0,,synthetic-eval-v1
42,A1,Single agent,TCK-00041,Medium,Medium,0.8478217370421267,0.054461768182792025,False,,False,,,0.75,0.00014029999147169292,1778,6.0,180.0,0.0,220219,True,False,not_required,,False,True,False,8.01402999914717,0.0,0,,synthetic-eval-v1
42,A1,Single agent,TCK-00042,High,High,0.7916506003934797,0.06817952175120424,False,TCK-00038,True,1.0,1.0,0.75,0.00033039999834727496,1778,6.0,258.0,0.0,225506,False,False,rejected,Synthetic reviewer rejected because the outage scope and recovery evidence need clarification.,False,True,False,9.033039999834727,0.0,0,25,synthetic-eval-v1
42,A1,Single agent,TCK-00043,Critical,Critical,0.8491739830465354,0.8491739830465354,False,,False,,,0.75,0.00021760001254733652,1778,6.0,180.0,0.0,230547,False,False,rejected,Synthetic reviewer rejected because impact evidence or the safe mitigation and rollback plan was incomplete.,False,False,False,10.021760001254734,0.0,0,3,synthetic-eval-v1
42,A1,Single agent,TCK-00044,Low,Low,0.8604905870110352,0.04629110961415852,False,,False,,,0.75,0.00015180001355474815,1778,6.0,168.0,0.0,236011,False,False,not_required,,False,True,False,0.05,0.0,0,,synthetic-eval-v1
42,A1,Single agent,TCK-00045,Medium,Medium,0.8648351183185294,0.04501313986494932,False,,False,,,0.75,0.00017349999689031392,1778,6.0,180.0,0.0,241131,False,False,not_required,,False,True,False,1.0173499996890314,0.0,0,,synthetic-eval-v1
42,A1,Single agent,TCK-00046,High,High,0.8441125993988075,0.048827770742724486,False,,False,,,0.75,0.00014990000636316836,1778,6.0,168.0,0.0,246211,False,False,rejected,Synthetic reviewer rejected because the outage scope and recovery evidence need clarification.,False,True,False,2.014990000636317,0.0,0,17,synthetic-eval-v1
42,A1,Single agent,TCK-00047,Critical,Critical,0.8497244696174576,0.8497244696174576,False,,False,,,0.75,0.00013530000433092937,1778,6.0,180.0,0.0,251331,True,False,accepted,"Synthetic reviewer accepted after confirming incident impact, mitigation scope, and a rollback owner.",False,True,False,3.013530000433093,0.0,0,48,synthetic-eval-v1
42,A1,Single agent,TCK-00048,Low,Low,0.8327261494221361,0.05039279900113555,False,,False,,,0.75,0.00015669999993406236,1778,6.0,168.0,0.015625,256436,False,False,not_required,,False,True,False,4.015669999993406,0.0,0,,synthetic-eval-v1
42,A1,Single agent,TCK-00049,Medium,Medium,0.8101317102031641,0.06466928822174157,False,TCK-00045,True,1.0,0.5,0.75,0.00014319999172585085,1778,6.0,270.0,0.0,261648,True,False,not_required,,False,True,False,5.014319999172585,0.0,1,,synthetic-eval-v1
42,A1,Single agent,TCK-00050,High,High,0.8317396399448939,0.05372035704174002,False,,False,,,0.75,0.00027599999884841964,1778,6.0,168.0,0.0,266668,False,False,rejected,Synthetic reviewer rejected because the outage scope and recovery evidence need clarification.,False,True,False,6.027599999884842,0.0,0,35,synthetic-eval-v1
42,A1,Single agent,TCK-00051,Critical,Critical,0.8281060966449586,0.8281060966449586,False,,False,,,0.75,0.00015039999561849982,1778,6.0,180.0,0.0,272188,True,False,accepted,"Synthetic reviewer accepted after confirming incident impact, mitigation scope, and a rollback owner.",False,False,True,7.01503999956185,1.25,0,47,synthetic-eval-v1
42,A1,Single agent,TCK-00052,Low,Low,0.8545528086953338,0.04697123747579992,False,,False,,,0.75,0.0003057000139961019,1778,6.0,168.0,0.0,277355,False,False,not_required,,False,True,False,8.03057000139961,0.0,0,,synthetic-eval-v1
42,A1,Single agent,TCK-00053,Medium,Medium,0.8476412796823926,0.046155262624928285,False,,False,,,0.75,0.0003152000062982552,1778,6.0,180.0,0.0,282659,False,False,not_required,,False,True,False,9.031520000629826,0.0,0,,synthetic-eval-v1
42,A1,Single agent,TCK-00054,High,High,0.8493415459964648,0.04989004640006306,False,,False,,,0.75,0.00016350000078091398,1778,6.0,168.0,0.0,287923,False,False,rejected,Synthetic reviewer rejected because the outage scope and recovery evidence need clarification.,False,True,False,10.016350000078091,0.0,0,5,synthetic-eval-v1
42,A1,Single agent,TCK-00055,Critical,Critical,0.8544071556216513,0.8544071556216513,False,,False,,,0.75,0.0001734000034048222,1778,6.0,180.0,0.0,293107,True,False,accepted,"Synthetic reviewer accepted after confirming incident impact, mitigation scope, and a rollback owner.",False,True,False,0.05,0.0,0,43,synthetic-eval-v1
42,A1,Single agent,TCK-00056,Low,Low,0.8019244340673284,0.06625245114200216,False,TCK-00052,True,1.0,1.0,0.75,0.00015429998165927827,1778,6.0,258.0,0.0,298336,False,False,not_required,,False,True,False,1.0154299981659278,0.0,0,,synthetic-eval-v1
42,A1,Single agent,TCK-00057,Medium,Medium,0.8568251726086809,0.046924763682226756,False,,False,,,0.75,0.00026560000696917996,1778,6.0,180.0,0.0,303443,False,False,not_required,,False,True,False,2.026560000696918,0.0,0,,synthetic-eval-v1
42,A1,Single agent,TCK-00058,High,High,0.8544472664389593,0.04840861814457229,False,,False,,,0.75,0.00016850000247359276,1778,6.0,168.0,0.0,309035,False,False,rejected,Synthetic reviewer rejected because the outage scope and recovery evidence need clarification.,False,True,False,3.0168500002473593,0.0,0,26,synthetic-eval-v1
42,A1,Single agent,TCK-00059,Critical,Critical,0.8593693523976712,0.8593693523976712,False,,False,,,0.75,0.00026789999537868425,1778,6.0,180.0,0.0,314219,True,False,accepted,"Synthetic reviewer accepted after confirming incident impact, mitigation scope, and a rollback owner.",False,True,False,4.026789999537868,0.0,1,42,synthetic-eval-v1
42,A1,Single agent,TCK-00060,Low,Low,0.8459493662830746,0.049579559112980454,False,,False,,,0.75,0.00016320000577252358,1778,6.0,168.0,0.0,319387,False,False,not_required,,False,True,False,5.016320000577252,0.0,0,,synthetic-eval-v1
42,A1,Single agent,TCK-00061,Medium,Medium,0.8396843959405711,0.05046646301289596,False,,False,,,0.75,0.0001362000039080158,1778,6.0,180.0,0.0,324572,False,False,not_required,,False,True,False,6.013620000390802,0.0,0,,synthetic-eval-v1
42,A1,Single agent,TCK-00062,High,High,0.8502197329293363,0.04991083422096676,False,,False,,,0.75,0.00015130000247154385,1778,6.0,168.0,0.0,329739,False,False,rejected,Synthetic reviewer rejected because the outage scope and recovery evidence need clarification.,False,False,True,7.015130000247154,1.0,0,24,synthetic-eval-v1
42,A1,Single agent,TCK-00063,Critical,Critical,0.8199459815551146,0.8199459815551146,False,TCK-00059,True,1.0,0.5,0.75,0.00013479999324772507,1778,6.0,270.0,0.0,335016,True,False,accepted,"Synthetic reviewer accepted after confirming incident impact, mitigation scope, and a rollback owner.",False,True,False,8.013479999324773,0.0,0,16,synthetic-eval-v1
42,A1,Single agent,TCK-00064,Low,Low,0.8411716383404831,0.05011919711276005,False,,False,,,0.75,0.00032979999377857894,1778,6.0,168.0,0.0,340124,False,False,not_required,,False,True,False,9.032979999377858,0.0,0,,synthetic-eval-v1
42,A1,Single agent,TCK-00065,Medium,Medium,0.8575476384792481,0.04764719066765524,False,,False,,,0.75,0.00014390000433195382,1778,6.0,180.0,0.0,345443,False,False,not_required,,False,True,False,10.014390000433195,0.0,0,,synthetic-eval-v1
42,A1,Single agent,TCK-00066,High,High,0.8544471134100157,0.048408663538679675,False,,False,,,0.75,0.0003347999954712577,1778,6.0,168.0,0.0,351155,False,False,rejected,Synthetic reviewer rejected because the outage scope and recovery evidence need clarification.,False,True,False,0.05,0.0,0,10,synthetic-eval-v1
42,A1,Single agent,TCK-00067,Critical,Critical,0.8532921334588078,0.8532921334588078,False,,False,,,0.75,0.00016900000628083944,1778,6.0,180.0,0.0,356315,False,False,rejected,Synthetic reviewer rejected because impact evidence or the safe mitigation and rollback plan was incomplete.,False,False,False,1.016900000628084,0.0,0,4,synthetic-eval-v1
42,A1,Single agent,TCK-00068,Low,Low,0.858119074390257,0.04705805134129685,False,,False,,,0.75,0.00026280000747647136,1778,6.0,168.0,0.0,361483,False,False,not_required,,False,True,False,2.026280000747647,0.0,0,,synthetic-eval-v1
42,A1,Single agent,TCK-00069,Medium,Medium,0.855335243170054,0.04757105950468312,False,,False,,,0.75,0.00016360000154236332,1778,6.0,180.0,0.0,366667,False,False,not_required,,False,True,False,3.0163600001542363,0.0,1,,synthetic-eval-v1
42,A1,Single agent,TCK-00070,High,High,0.7942057933664813,0.07008155224031193,True,TCK-00066,True,1.0,0.3333333333333333,0.75,0.0001740000006975606,1778,6.0,258.0,0.0,371920,False,False,rejected,Synthetic reviewer rejected because the outage scope and recovery evidence need clarification.,False,True,False,4.017400000069756,0.0,0,21,synthetic-eval-v1
42,A1,Single agent,TCK-00071,Critical,Critical,0.8660380570031408,0.8660380570031408,True,,False,,,0.75,0.0001435999947716482,1778,6.0,180.0,0.0,377027,False,False,rejected,Synthetic reviewer rejected because impact evidence or the safe mitigation and rollback plan was incomplete.,False,False,False,5.014359999477165,0.0,0,1,synthetic-eval-v1
42,A1,Single agent,TCK-00072,Low,Low,0.8728550967866963,0.042337114831232626,True,,False,,,0.75,0.00015699999494245276,1778,6.0,168.0,0.0,382235,False,False,not_required,,False,True,False,6.015699999494245,0.0,0,,synthetic-eval-v1
42,A1,Single agent,TCK-00073,Medium,Medium,0.8739752426577113,0.042583112119469,True,,False,,,0.75,0.00016279999545076862,1778,6.0,180.0,0.0,387419,False,False,not_required,,False,True,False,7.016279999545077,0.0,0,,synthetic-eval-v1
42,A1,Single agent,TCK-00074,High,High,0.8396781520877029,0.048135712063408276,True,,False,,,0.75,0.00029889999859733507,1778,6.0,168.0,0.0,392588,False,False,rejected,Synthetic reviewer rejected because the outage scope and recovery evidence need clarification.,False,True,False,8.029889999859734,0.0,0,46,synthetic-eval-v1
42,A1,Single agent,TCK-00075,Critical,Critical,0.8427909772030538,0.8427909772030538,True,,False,,,0.75,0.00015780000103404745,1778,6.0,180.0,0.0,397772,False,False,rejected,Synthetic reviewer rejected because impact evidence or the safe mitigation and rollback plan was incomplete.,False,False,False,9.015780000103405,0.0,0,39,synthetic-eval-v1
42,A1,Single agent,TCK-00076,Low,Low,0.8505187338795767,0.048645504401608385,True,,False,,,0.75,0.00015380000695586205,1778,6.0,168.0,0.0,403452,False,False,not_required,,False,True,False,10.015380000695586,0.0,0,,synthetic-eval-v1
42,A1,Single agent,TCK-00077,Medium,Medium,0.8118616314647299,0.06542177742202,True,TCK-00073,True,1.0,0.5,0.75,0.0001455000092391856,1778,6.0,270.0,0.0,408856,False,False,not_required,,False,True,False,0.05,0.0,0,,synthetic-eval-v1
42,A1,Single agent,TCK-00078,High,High,0.8677023930726927,0.04415808618748059,True,,False,,,0.75,0.00015890000940999016,1778,6.0,168.0,0.0,414067,False,False,rejected,Synthetic reviewer rejected because the outage scope and recovery evidence need clarification.,False,True,False,1.015890000940999,0.0,0,18,synthetic-eval-v1
42,A1,Single agent,TCK-00079,Critical,Critical,0.8660380570031408,0.8660380570031408,True,,False,,,0.75,0.00016820000018924475,1778,6.0,180.0,0.0,419267,True,False,accepted,"Synthetic reviewer accepted after confirming incident impact, mitigation scope, and a rollback owner.",False,True,False,2.0168200000189245,0.0,1,31,synthetic-eval-v1
42,A1,Single agent,TCK-00080,Low,Low,0.8728550967866963,0.042337114831232626,True,,False,,,0.75,0.00021559999731834978,1778,6.0,168.0,0.0,424434,False,False,not_required,,False,True,False,3.021559999731835,0.0,0,,synthetic-eval-v1
42,A1,Single agent,TCK-00081,Medium,Medium,0.8739752426577113,0.042583112119469,True,,False,,,0.75,0.00040830000216374174,1778,6.0,180.0,0.0,429618,False,False,not_required,,False,True,False,4.040830000216374,0.0,0,,synthetic-eval-v1
42,A1,Single agent,TCK-00082,High,High,0.8677023930726927,0.04415808618748059,True,,False,,,0.75,0.0002404999904683791,1778,6.0,168.0,0.0,434787,False,False,rejected,Synthetic reviewer rejected because the outage scope and recovery evidence need clarification.,False,True,False,5.024049999046838,0.0,0,36,synthetic-eval-v1
42,A1,Single agent,TCK-00083,Critical,Critical,0.8557318913614395,0.8557318913614395,True,,False,,,0.75,0.0003341000046930276,1778,6.0,180.0,0.0,439971,True,False,accepted,"Synthetic reviewer accepted after confirming incident impact, mitigation scope, and a rollback owner.",False,True,False,6.033410000469303,0.0,0,19,synthetic-eval-v1
42,A1,Single agent,TCK-00084,Low,Low,0.8067389177850562,0.06963258361131423,True,TCK-00080,True,1.0,0.5,0.75,0.0001596000001882203,1778,6.0,252.0,0.0,445222,False,False,not_required,,False,True,False,7.015960000018822,0.0,0,,synthetic-eval-v1
42,A1,Single agent,TCK-00085,Medium,Medium,0.8739752426577113,0.042583112119469,True,,False,,,0.75,0.00017530000332044438,1778,6.0,180.0,0.0,450331,False,False,not_required,,False,True,False,8.017530000332044,0.0,0,,synthetic-eval-v1
42,A1,Single agent,TCK-00086,High,High,0.8677023930726927,0.04415808618748059,True,,False,,,0.75,0.00027379999664844945,1778,6.0,168.0,0.0,456115,False,False,rejected,Synthetic reviewer rejected because the outage scope and recovery evidence need clarification.,False,True,False,9.027379999664845,0.0,0,44,synthetic-eval-v1
42,A1,Single agent,TCK-00087,Critical,Critical,0.8225328675906715,0.8225328675906715,True,,False,,,0.75,0.00016490000416524708,1778,6.0,180.0,0.0,461300,True,False,accepted,"Synthetic reviewer accepted after confirming incident impact, mitigation scope, and a rollback owner.",False,True,False,10.016490000416525,0.0,0,41,synthetic-eval-v1
42,A1,Single agent,TCK-00088,Low,Low,0.8279337224011541,0.05893383475209124,True,,False,,,0.75,0.00019719998817890882,1778,6.0,168.0,0.0,466468,False,False,not_required,,False,True,False,0.05,0.0,0,,synthetic-eval-v1
42,A1,Single agent,TCK-00089,Medium,Medium,0.8307295314772186,0.05291974445628365,True,,False,,,0.75,0.00016039999900385737,1778,6.0,180.0,0.0,471628,False,False,not_required,,False,True,False,1.0160399999003857,0.0,1,,synthetic-eval-v1
42,A1,Single agent,TCK-00090,High,High,0.8338266730000514,0.052161773911922504,True,,False,,,0.75,0.00015940000594127923,1778,6.0,168.0,0.0,476796,True,False,accepted,"Synthetic reviewer accepted after confirming affected services, customer impact, and the recovery plan.",False,True,False,2.015940000594128,0.0,0,40,synthetic-eval-v1
42,A1,Single agent,TCK-00091,Critical,Critical,0.7920119677553812,0.7920119677553812,True,TCK-00087,True,1.0,0.3333333333333333,0.75,0.00021370000467868522,1778,6.0,270.0,0.0,482074,True,False,accepted,"Synthetic reviewer accepted after confirming incident impact, mitigation scope, and a rollback owner.",False,True,False,3.0213700004678685,0.0,0,7,synthetic-eval-v1
42,A1,Single agent,TCK-00092,Low,Low,0.8498556545602439,0.05224646014529136,True,,False,,,0.75,0.00016950001008808613,1778,6.0,168.0,0.0,487155,False,False,not_required,,False,True,False,4.016950001008809,0.0,0,,synthetic-eval-v1
42,A1,Single agent,TCK-00093,Medium,Medium,0.8575476384792481,0.04764719066765524,True,,False,,,0.75,0.00016619999951217324,1778,6.0,180.0,0.0,492507,False,False,not_required,,False,True,False,5.016619999951217,0.0,0,,synthetic-eval-v1
42,A1,Single agent,TCK-00094,High,High,0.8462602908477929,0.04952187489233382,True,,False,,,0.75,0.00015840000560274348,1778,6.0,168.0,0.0,497803,True,False,accepted,"Synthetic reviewer accepted after confirming affected services, customer impact, and the recovery plan.",False,True,False,6.015840000560274,0.0,0,38,synthetic-eval-v1
42,A1,Single agent,TCK-00095,Critical,Critical,0.8660380570031408,0.8660380570031408,True,,False,,,0.75,0.00018480000289855525,1778,6.0,180.0,0.0,502987,True,False,accepted,"Synthetic reviewer accepted after confirming incident impact, mitigation scope, and a rollback owner.",False,True,False,7.0184800002898555,0.0,0,30,synthetic-eval-v1
42,A1,Single agent,TCK-00096,Low,Low,0.8469947006893541,0.051466506894106444,True,,False,,,0.75,0.0001660999987507239,1778,6.0,168.0,0.0,508155,False,False,not_required,,False,True,False,8.016609999875072,0.0,0,,synthetic-eval-v1
42,A1,Single agent,TCK-00097,Medium,Medium,0.8739752426577113,0.042583112119469,True,,False,,,0.75,0.00016260000120382756,1778,6.0,180.0,0.0,513339,False,False,not_required,,False,True,False,9.016260000120383,0.0,0,,synthetic-eval-v1
42,A1,Single agent,TCK-00098,High,High,0.7857890475044208,0.07367683936887393,True,TCK-00094,True,1.0,0.5,0.75,0.00016010000399546698,1778,6.0,258.0,0.0,519232,False,False,rejected,Synthetic reviewer rejected because the outage scope and recovery evidence need clarification.,False,True,False,10.016010000399547,0.0,0,8,synthetic-eval-v1
42,A1,Single agent,TCK-00099,Critical,Critical,0.8488738851577032,0.8488738851577032,True,,False,,,0.75,0.000243800001044292,1778,6.0,180.0,0.0,524339,True,False,accepted,"Synthetic reviewer accepted after confirming incident impact, mitigation scope, and a rollback owner.",False,True,False,0.05,0.0,1,15,synthetic-eval-v1
42,A2,Multi-agent with static agents,TCK-00000,Low,Low,0.8575912719740248,0.04730732134480395,False,,False,,,0.75,0.00015679999341955408,3556,12.0,168.0,0.0,5371,False,False,not_required,,False,True,False,0.05,0.0,0,,synthetic-eval-v1
42,A2,Multi-agent with static agents,TCK-00001,Medium,Medium,0.8577624699690333,0.047657119274480665,False,,False,,,0.75,0.0002992999870912172,3556,12.0,180.0,0.0,10915,False,False,not_required,,False,True,False,1.0299299987091217,0.0,0,,synthetic-eval-v1
42,A2,Multi-agent with static agents,TCK-00002,High,High,0.8677023930726927,0.04415808618748059,False,,False,,,0.75,0.00015010000061010942,3556,12.0,168.0,0.0,16330,False,False,rejected,Synthetic reviewer rejected because the outage scope and recovery evidence need clarification.,False,True,False,2.015010000061011,0.0,0,5,synthetic-eval-v1
42,A2,Multi-agent with static agents,TCK-00003,Critical,Critical,0.8588796657814416,0.8588796657814416,False,,False,,,0.75,0.0001621999981580302,3556,12.0,180.0,0.0,21667,True,False,accepted,"Synthetic reviewer accepted after confirming incident impact, mitigation scope, and a rollback owner.",False,True,False,3.016219999815803,0.0,0,14,synthetic-eval-v1
42,A2,Multi-agent with static agents,TCK-00004,Low,Low,0.8498556545602439,0.05224646014529136,False,,False,,,0.75,0.0008781999931670725,3556,12.0,168.0,0.0,27051,False,False,not_required,,False,True,False,4.087819999316707,0.0,0,,synthetic-eval-v1
42,A2,Multi-agent with static agents,TCK-00005,Medium,Medium,0.8577623773277484,0.047657136692253854,False,,False,,,0.75,0.00021050000214017928,3556,12.0,180.0,0.0,32579,False,False,not_required,,False,True,False,5.021050000214018,0.0,0,,synthetic-eval-v1
42,A2,Multi-agent with static agents,TCK-00006,High,High,0.842581775387702,0.0502905737918736,False,,False,,,0.75,0.00023599999985890463,3556,12.0,168.0,0.0,38435,False,False,rejected,Synthetic reviewer rejected because the outage scope and recovery evidence need clarification.,False,False,True,6.0235999999858905,0.5,0,32,synthetic-eval-v1
42,A2,Multi-agent with static agents,TCK-00007,Critical,Critical,0.8213314428506912,0.8213314428506912,False,TCK-00003,True,1.0,1.0,0.75,0.00020000000949949026,3556,12.0,264.0,0.0,44294,True,False,accepted,"Synthetic reviewer accepted after confirming incident impact, mitigation scope, and a rollback owner.",False,True,False,7.020000000949949,0.0,0,11,synthetic-eval-v1
42,A2,Multi-agent with static agents,TCK-00008,Low,Low,0.8575908472406909,0.047307423697629,False,,False,,,0.75,0.0001674999948590994,3556,12.0,168.0,0.0,50083,False,False,not_required,,False,True,False,8.01674999948591,0.0,1,,synthetic-eval-v1
42,A2,Multi-agent with static agents,TCK-00009,Medium,Medium,0.8401175045119107,0.05203622201742219,False,,False,,,0.75,0.00016650000907247886,3556,12.0,180.0,0.0,55908,False,False,not_required,,False,True,False,9.016650000907248,0.0,0,,synthetic-eval-v1
42,A2,Multi-agent with static agents,TCK-00010,High,High,0.841032956914642,0.05137910131815793,False,,False,,,0.75,0.00033960000291699544,3556,12.0,168.0,0.0,61844,False,False,rejected,Synthetic reviewer rejected because the outage scope and recovery evidence need clarification.,False,True,False,10.0339600002917,0.0,0,17,synthetic-eval-v1
42,A2,Multi-agent with static agents,TCK-00011,Critical,Critical,0.8362692159045523,0.8362692159045523,False,,False,,,0.75,0.00041340000461786985,3556,12.0,180.0,0.0,67636,True,False,accepted,"Synthetic reviewer accepted after confirming incident impact, mitigation scope, and a rollback owner.",False,True,False,0.05,0.0,0,49,synthetic-eval-v1
42,A2,Multi-agent with static agents,TCK-00012,Low,Low,0.8430697132486734,0.051928200791216766,False,,False,,,0.75,0.000806199990620371,3556,12.0,168.0,0.0,73540,False,False,not_required,,False,True,False,1.080619999062037,0.0,0,,synthetic-eval-v1
42,A2,Multi-agent with static agents,TCK-00013,Medium,Medium,0.8511914699836926,0.049729979698607464,False,,False,,,0.75,0.00018760000239126384,3556,12.0,180.0,0.0,79307,False,False,not_required,,False,True,False,2.0187600002391264,0.0,0,,synthetic-eval-v1
42,A2,Multi-agent with static agents,TCK-00014,High,High,0.7875652538299344,0.07019587278743233,False,TCK-00010,True,1.0,1.0,0.75,0.00017840000509750098,3556,12.0,258.0,0.0,85146,False,False,rejected,Synthetic reviewer rejected because the outage scope and recovery evidence need clarification.,False,True,False,3.01784000050975,0.0,0,28,synthetic-eval-v1
42,A2,Multi-agent with static agents,TCK-00015,Critical,Critical,0.8500314034821868,0.8500314034821868,False,,False,,,0.75,0.00029720000020461157,3556,12.0,180.0,0.0,90987,True,False,accepted,"Synthetic reviewer accepted after confirming incident impact, mitigation scope, and a rollback owner.",False,True,False,4.029720000020461,0.0,0,43,synthetic-eval-v1
42,A2,Multi-agent with static agents,TCK-00016,Low,Low,0.8468778864327241,0.047165558455927716,False,,False,,,0.75,0.00016549999418202788,3556,12.0,168.0,0.0,96803,False,False,not_required,,False,True,False,5.016549999418203,0.0,0,,synthetic-eval-v1
42,A2,Multi-agent with static agents,TCK-00017,Medium,Medium,0.8648351183185294,0.04501313986494932,False,,False,,,0.75,0.00016490000416524708,3556,12.0,180.0,0.0,102659,False,False,not_required,,False,True,False,6.016490000416525,0.0,0,,synthetic-eval-v1
42,A2,Multi-agent with static agents,TCK-00018,High,High,0.8677023930726927,0.04415808618748059,False,,False,,,0.75,0.00022659999376628548,3556,12.0,168.0,0.0,108658,False,False,rejected,Synthetic reviewer rejected because the outage scope and recovery evidence need clarification.,False,True,False,7.0226599993766285,0.0,1,2,synthetic-eval-v1
42,A2,Multi-agent with static agents,TCK-00019,Critical,Critical,0.8660380570031408,0.8660380570031408,False,,False,,,0.75,0.00020959999528713524,3556,12.0,180.0,0.0,114450,True,False,accepted,"Synthetic reviewer accepted after confirming incident impact, mitigation scope, and a rollback owner.",False,True,False,8.020959999528714,0.0,0,3,synthetic-eval-v1
42,A2,Multi-agent with static agents,TCK-00020,Low,Low,0.8536739957439398,0.04812187808787876,False,,False,,,0.75,0.0002330999996047467,3556,12.0,168.0,0.0,120227,False,False,not_required,,False,True,False,9.023309999960475,0.0,0,,synthetic-eval-v1
42,A2,Multi-agent with static agents,TCK-00021,Medium,Medium,0.8071314450110462,0.06637052247157461,False,TCK-00017,True,1.0,1.0,0.75,0.00021200000628596172,3556,12.0,270.0,0.0,126272,False,False,not_required,,False,True,False,10.021200000628596,0.0,0,,synthetic-eval-v1
42,A2,Multi-agent with static agents,TCK-00022,High,High,0.8296623965781457,0.05123380334966874,False,,False,,,0.75,0.00016930000856518745,3556,12.0,168.0,0.0,131964,False,False,rejected,Synthetic reviewer rejected because the outage scope and recovery evidence need clarification.,False,True,False,0.05,0.0,0,16,synthetic-eval-v1
42,A2,Multi-agent with static agents,TCK-00023,Critical,Critical,0.8343751863463856,0.8343751863463856,False,,False,,,0.75,0.00016409999079769477,3556,12.0,180.0,0.0,137796,True,False,accepted,"Synthetic reviewer accepted after confirming incident impact, mitigation scope, and a rollback owner.",False,True,False,1.0164099990797695,0.0,0,24,synthetic-eval-v1
42,A2,Multi-agent with static agents,TCK-00024,Low,Low,0.8468251902167655,0.050017949138158095,False,,False,,,0.75,0.00023220000002766028,3556,12.0,168.0,0.0,143740,False,False,not_required,,False,True,False,2.023220000002766,0.0,0,,synthetic-eval-v1
42,A2,Multi-agent with static agents,TCK-00025,Medium,Medium,0.8263801447693431,0.05348607567400088,False,,False,,,0.75,0.0001626000157557428,3556,12.0,180.0,0.0,149596,False,False,not_required,,False,True,False,3.0162600015755743,0.0,0,,synthetic-eval-v1
42,A2,Multi-agent with static agents,TCK-00026,High,High,0.8677023930726927,0.04415808618748059,False,,False,,,0.75,0.00016779998986748978,3556,12.0,168.0,0.0,155434,False,False,rejected,Synthetic reviewer rejected because the outage scope and recovery evidence need clarification.,False,True,False,4.016779998986749,0.0,0,36,synthetic-eval-v1
42,A2,Multi-agent with static agents,TCK-00027,Critical,Critical,0.8543357248189659,0.8543357248189659,False,,False,,,0.75,0.00023370000417344272,3556,12.0,180.0,0.0,161227,True,False,accepted,"Synthetic reviewer accepted after confirming incident impact, mitigation scope, and a rollback owner.",False,True,False,5.023370000417344,0.0,0,1,synthetic-eval-v1
42,A2,Multi-agent with static agents,TCK-00028,Low,Low,0.7955058943779147,0.06761707389760443,False,TCK-00024,True,1.0,1.0,0.75,0.00016370000230381265,3556,12.0,258.0,0.0,167314,False,False,not_required,,False,True,False,6.016370000230381,0.0,1,,synthetic-eval-v1
42,A2,Multi-agent with static agents,TCK-00029,Medium,Medium,0.8576910403161383,0.04787121042255244,False,,False,,,0.75,0.00016489998961333185,3556,12.0,180.0,0.0,173027,False,False,not_required,,False,True,False,7.016489998961333,0.0,0,,synthetic-eval-v1
42,A2,Multi-agent with static agents,TCK-00030,High,High,0.8526604271396411,0.04885391246455282,False,,False,,,0.75,0.0001940000001923181,3556,12.0,168.0,0.0,178843,False,False,rejected,Synthetic reviewer rejected because the outage scope and recovery evidence need clarification.,False,True,False,8.019400000019232,0.0,0,38,synthetic-eval-v1
42,A2,Multi-agent with static agents,TCK-00031,Critical,Critical,0.8600416267653729,0.8600416267653729,False,,False,,,0.75,0.0004885000016656704,3556,12.0,180.0,0.0,184635,False,False,rejected,Synthetic reviewer rejected because impact evidence or the safe mitigation and rollback plan was incomplete.,False,False,False,9.048850000166567,0.0,0,41,synthetic-eval-v1
42,A2,Multi-agent with static agents,TCK-00032,Low,Low,0.8604905870110352,0.04629110961415852,False,,False,,,0.75,0.00029850000282749534,3556,12.0,168.0,0.0,190411,False,False,not_required,,False,True,False,10.02985000028275,0.0,0,,synthetic-eval-v1
42,A2,Multi-agent with static agents,TCK-00033,Medium,Medium,0.8511914699836926,0.049729979698607464,False,,False,,,0.75,0.00021359999664127827,3556,12.0,180.0,0.0,196523,False,False,not_required,,False,True,False,0.05,0.0,0,,synthetic-eval-v1
42,A2,Multi-agent with static agents,TCK-00034,High,High,0.8526601513792027,0.04885395644264514,False,,False,,,0.75,0.00017559999832883477,3556,12.0,168.0,0.0,202363,False,False,rejected,Synthetic reviewer rejected because the outage scope and recovery evidence need clarification.,False,True,False,1.0175599998328835,0.0,0,46,synthetic-eval-v1
42,A2,Multi-agent with static agents,TCK-00035,Critical,Critical,0.8206386148860784,0.8206386148860784,False,TCK-00031,True,1.0,0.5,0.75,0.00019180000526830554,3556,12.0,270.0,0.0,208224,True,False,accepted,"Synthetic reviewer accepted after confirming incident impact, mitigation scope, and a rollback owner.",False,True,False,2.0191800005268306,0.0,0,42,synthetic-eval-v1
42,A2,Multi-agent with static agents,TCK-00036,Low,Low,0.8254728075709145,0.05352868158109286,False,,False,,,0.75,0.0002344999957131222,3556,12.0,168.0,0.0,213916,False,False,not_required,,False,True,False,3.023449999571312,0.0,0,,synthetic-eval-v1
42,A2,Multi-agent with static agents,TCK-00037,Medium,Medium,0.8357287861121229,0.053314496623208696,False,,False,,,0.75,0.0002872000040952116,3556,12.0,180.0,0.0,219748,False,False,not_required,,False,True,False,4.028720000409521,0.0,0,,synthetic-eval-v1
42,A2,Multi-agent with static agents,TCK-00038,High,High,0.8339340081894083,0.051577559839395444,False,,False,,,0.75,0.00022929999249754474,3556,12.0,168.0,0.0,225812,False,False,rejected,Synthetic reviewer rejected because the outage scope and recovery evidence need clarification.,False,True,False,5.0229299992497545,0.0,1,50,synthetic-eval-v1
42,A2,Multi-agent with static agents,TCK-00039,Critical,Critical,0.8497244696174576,0.8497244696174576,False,,False,,,0.75,0.0001976999919861555,3556,12.0,180.0,0.0,231603,True,False,accepted,"Synthetic reviewer accepted after confirming incident impact, mitigation scope, and a rollback owner.",False,True,False,6.0197699991986156,0.0,0,21,synthetic-eval-v1
42,A2,Multi-agent with static agents,TCK-00040,Low,Low,0.8728550967866963,0.042337114831232626,False,,False,,,0.75,0.00017470000602770597,3556,12.0,168.0,0.0,237378,False,False,not_required,,False,True,False,7.017470000602771,0.0,0,,synthetic-eval-v1
42,A2,Multi-agent with static agents,TCK-00041,Medium,Medium,0.8478217370421267,0.054461768182792025,False,,False,,,0.75,0.000315399985993281,3556,12.0,180.0,0.0,243267,True,False,not_required,,False,True,False,8.031539998599328,0.0,0,,synthetic-eval-v1
42,A2,Multi-agent with static agents,TCK-00042,High,High,0.7916506003934797,0.06817952175120424,False,TCK-00038,True,1.0,1.0,0.75,0.00021869999909540638,3556,12.0,258.0,0.0,249226,False,False,rejected,Synthetic reviewer rejected because the outage scope and recovery evidence need clarification.,False,True,False,9.02186999990954,0.0,0,47,synthetic-eval-v1
42,A2,Multi-agent with static agents,TCK-00043,Critical,Critical,0.8491739830465354,0.8491739830465354,False,,False,,,0.75,0.00018450000061420724,3556,12.0,180.0,0.0,254939,True,False,accepted,"Synthetic reviewer accepted after confirming incident impact, mitigation scope, and a rollback owner.",False,False,True,10.01845000006142,0.75,0,25,synthetic-eval-v1
42,A2,Multi-agent with static agents,TCK-00044,Low,Low,0.8604905870110352,0.04629110961415852,False,,False,,,0.75,0.00016199999663513154,3556,12.0,168.0,0.0,261075,False,False,not_required,,False,True,False,0.05,0.0,0,,synthetic-eval-v1
42,A2,Multi-agent with static agents,TCK-00045,Medium,Medium,0.8648351183185294,0.04501313986494932,False,,False,,,0.75,0.00018000000272877514,3556,12.0,180.0,0.0,266891,False,False,not_required,,False,True,False,1.0180000002728775,0.0,0,,synthetic-eval-v1
42,A2,Multi-agent with static agents,TCK-00046,High,High,0.8441125993988075,0.048827770742724486,False,,False,,,0.75,0.00016020000475691631,3556,12.0,168.0,0.0,272643,False,False,rejected,Synthetic reviewer rejected because the outage scope and recovery evidence need clarification.,False,True,False,2.0160200004756916,0.0,0,33,synthetic-eval-v1
42,A2,Multi-agent with static agents,TCK-00047,Critical,Critical,0.8497244696174576,0.8497244696174576,False,,False,,,0.75,0.0001866000093286857,3556,12.0,180.0,0.0,278435,False,False,rejected,Synthetic reviewer rejected because impact evidence or the safe mitigation and rollback plan was incomplete.,False,False,False,3.0186600009328686,0.0,0,6,synthetic-eval-v1
42,A2,Multi-agent with static agents,TCK-00048,Low,Low,0.8327261494221361,0.05039279900113555,False,,False,,,0.75,0.00015749998419778422,3556,12.0,168.0,0.0,284212,False,False,not_required,,False,True,False,4.015749998419778,0.0,1,,synthetic-eval-v1
42,A2,Multi-agent with static agents,TCK-00049,Medium,Medium,0.8101317102031641,0.06466928822174157,False,TCK-00045,True,1.0,0.5,0.75,0.00017970001499634236,3556,12.0,270.0,0.0,290096,False,False,not_required,,False,True,False,5.017970001499634,0.0,0,,synthetic-eval-v1
42,A2,Multi-agent with static agents,TCK-00050,High,High,0.8317396399448939,0.05372035704174002,False,,False,,,0.75,0.00015830000484129414,3556,12.0,168.0,0.0,295788,True,False,accepted,"Synthetic reviewer accepted after confirming affected services, customer impact, and the recovery plan.",False,True,False,6.015830000484129,0.0,0,40,synthetic-eval-v1
42,A2,Multi-agent with static agents,TCK-00051,Critical,Critical,0.8281060966449586,0.8281060966449586,False,,False,,,0.75,0.00019579999207053334,3556,12.0,180.0,0.0,301924,True,False,accepted,"Synthetic reviewer accepted after confirming incident impact, mitigation scope, and a rollback owner.",False,True,False,7.019579999207053,0.0,0,7,synthetic-eval-v1
42,A2,Multi-agent with static agents,TCK-00052,Low,Low,0.8545528086953338,0.04697123747579992,False,,False,,,0.75,0.000170599996636156,3556,12.0,168.0,0.0,307651,False,False,not_required,,False,True,False,8.017059999663616,0.0,0,,synthetic-eval-v1
42,A2,Multi-agent with static agents,TCK-00053,Medium,Medium,0.8476412796823926,0.046155262624928285,False,,False,,,0.75,0.00025579999055480585,3556,12.0,180.0,0.0,313491,False,False,not_required,,False,True,False,9.02557999905548,0.0,0,,synthetic-eval-v1
42,A2,Multi-agent with static agents,TCK-00054,High,High,0.8493415459964648,0.04989004640006306,False,,False,,,0.75,0.00020840001525357366,3556,12.0,168.0,0.0,319315,False,False,rejected,Synthetic reviewer rejected because the outage scope and recovery evidence need clarification.,False,True,False,10.020840001525357,0.0,0,8,synthetic-eval-v1
42,A2,Multi-agent with static agents,TCK-00055,Critical,Critical,0.8544071556216513,0.8544071556216513,False,,False,,,0.75,0.00027240000054007396,3556,12.0,180.0,0.0,325059,True,False,accepted,"Synthetic reviewer accepted after confirming incident impact, mitigation scope, and a rollback owner.",False,True,False,0.05,0.0,0,48,synthetic-eval-v1
42,A2,Multi-agent with static agents,TCK-00056,Low,Low,0.8019244340673284,0.06625245114200216,False,TCK-00052,True,1.0,1.0,0.75,0.0002179000002797693,3556,12.0,258.0,0.0,330848,False,False,not_required,,False,True,False,1.021790000027977,0.0,0,,synthetic-eval-v1
42,A2,Multi-agent with static agents,TCK-00057,Medium,Medium,0.8568251726086809,0.046924763682226756,False,,False,,,0.75,0.0004084000029251911,3556,12.0,180.0,0.0,336515,False,False,not_required,,False,True,False,2.040840000292519,0.0,0,,synthetic-eval-v1
42,A2,Multi-agent with static agents,TCK-00058,High,High,0.8544472664389593,0.04840861814457229,False,,False,,,0.75,0.00017179999849759042,3556,12.0,168.0,0.0,342667,False,False,rejected,Synthetic reviewer rejected because the outage scope and recovery evidence need clarification.,False,True,False,3.017179999849759,0.0,1,23,synthetic-eval-v1
42,A2,Multi-agent with static agents,TCK-00059,Critical,Critical,0.8593693523976712,0.8593693523976712,False,,False,,,0.75,0.00019250000332249328,3556,12.0,180.0,0.0,348411,True,False,accepted,"Synthetic reviewer accepted after confirming incident impact, mitigation scope, and a rollback owner.",False,True,False,4.019250000332249,0.0,0,20,synthetic-eval-v1
42,A2,Multi-agent with static agents,TCK-00060,Low,Low,0.8459493662830746,0.049579559112980454,False,,False,,,0.75,0.000290299991320353,3556,12.0,168.0,0.0,354139,False,False,not_required,,False,True,False,5.029029999132035,0.0,0,,synthetic-eval-v1
42,A2,Multi-agent with static agents,TCK-00061,Medium,Medium,0.8396843959405711,0.05046646301289596,False,,False,,,0.75,0.0002199000009568408,3556,12.0,180.0,0.0,359884,False,False,not_required,,False,True,False,6.021990000095684,0.0,0,,synthetic-eval-v1
42,A2,Multi-agent with static agents,TCK-00062,High,High,0.8502197329293363,0.04991083422096676,False,,False,,,0.75,0.0001664000010350719,3556,12.0,168.0,0.0,365611,False,False,rejected,Synthetic reviewer rejected because the outage scope and recovery evidence need clarification.,False,True,False,7.016640000103507,0.0,0,19,synthetic-eval-v1
42,A2,Multi-agent with static agents,TCK-00063,Critical,Critical,0.8199459815551146,0.8199459815551146,False,TCK-00059,True,1.0,0.5,0.75,0.0001998999941861257,3556,12.0,270.0,0.0,371448,True,False,accepted,"Synthetic reviewer accepted after confirming incident impact, mitigation scope, and a rollback owner.",False,True,False,8.019989999418613,0.0,0,44,synthetic-eval-v1
42,A2,Multi-agent with static agents,TCK-00064,Low,Low,0.8411716383404831,0.05011919711276005,False,,False,,,0.75,0.00044779999734601006,3556,12.0,168.0,0.0,377092,False,False,not_required,,False,True,False,9.044779999734601,0.0,0,,synthetic-eval-v1
42,A2,Multi-agent with static agents,TCK-00065,Medium,Medium,0.8575476384792481,0.04764719066765524,False,,False,,,0.75,0.00024649999249959365,3556,12.0,180.0,0.0,382971,False,False,not_required,,False,True,False,10.02464999924996,0.0,0,,synthetic-eval-v1
42,A2,Multi-agent with static agents,TCK-00066,High,High,0.8544471134100157,0.048408663538679675,False,,False,,,0.75,0.00018529999942984432,3556,12.0,168.0,0.0,389243,False,False,rejected,Synthetic reviewer rejected because the outage scope and recovery evidence need clarification.,False,True,False,0.05,0.0,0,39,synthetic-eval-v1
42,A2,Multi-agent with static agents,TCK-00067,Critical,Critical,0.8532921334588078,0.8532921334588078,False,,False,,,0.75,0.00033579999580979347,3556,12.0,180.0,0.0,394963,False,False,rejected,Synthetic reviewer rejected because impact evidence or the safe mitigation and rollback plan was incomplete.,False,False,False,1.0335799995809793,0.0,0,4,synthetic-eval-v1
42,A2,Multi-agent with static agents,TCK-00068,Low,Low,0.858119074390257,0.04705805134129685,False,,False,,,0.75,0.00020010000298498198,3556,12.0,168.0,0.0,400691,False,False,not_required,,False,True,False,2.020010000298498,0.0,1,,synthetic-eval-v1
42,A2,Multi-agent with static agents,TCK-00069,Medium,Medium,0.855335243170054,0.04757105950468312,False,,False,,,0.75,0.0001843999998527579,3556,12.0,180.0,0.0,406435,False,False,not_required,,False,True,False,3.018439999985276,0.0,0,,synthetic-eval-v1
42,A2,Multi-agent with static agents,TCK-00070,High,High,0.7942057933664813,0.07008155224031193,True,TCK-00066,True,1.0,0.5,0.75,0.00038740001036785543,3556,12.0,258.0,0.0,412248,False,False,rejected,Synthetic reviewer rejected because the outage scope and recovery evidence need clarification.,False,True,False,4.0387400010367855,0.0,0,27,synthetic-eval-v1
42,A2,Multi-agent with static agents,TCK-00071,Critical,Critical,0.8660380570031408,0.8660380570031408,True,,False,,,0.75,0.0002465000070515089,3556,12.0,180.0,0.0,417915,True,False,accepted,"Synthetic reviewer accepted after confirming incident impact, mitigation scope, and a rollback owner.",False,False,True,5.024650000705151,1.75,0,22,synthetic-eval-v1
42,A2,Multi-agent with static agents,TCK-00072,Low,Low,0.8728550967866963,0.042337114831232626,True,,False,,,0.75,0.0002311000062036328,3556,12.0,168.0,0.0,423683,False,False,not_required,,False,True,False,6.023110000620363,0.0,0,,synthetic-eval-v1
42,A2,Multi-agent with static agents,TCK-00073,Medium,Medium,0.8739752426577113,0.042583112119469,True,,False,,,0.75,0.00016740000137360767,3556,12.0,180.0,0.0,429451,False,False,not_required,,False,True,False,7.016740000137361,0.0,0,,synthetic-eval-v1
42,A2,Multi-agent with static agents,TCK-00074,High,High,0.8396781520877029,0.048135712063408276,True,,False,,,0.75,0.00018149999959859997,3556,12.0,168.0,0.0,435180,False,False,rejected,Synthetic reviewer rejected because the outage scope and recovery evidence need clarification.,False,True,False,8.01814999995986,0.0,0,45,synthetic-eval-v1
42,A2,Multi-agent with static agents,TCK-00075,Critical,Critical,0.8427909772030538,0.8427909772030538,True,,False,,,0.75,0.00016489998961333185,3556,12.0,180.0,0.0,440924,False,False,rejected,Synthetic reviewer rejected because impact evidence or the safe mitigation and rollback plan was incomplete.,False,False,False,9.016489998961333,0.0,0,35,synthetic-eval-v1
42,A2,Multi-agent with static agents,TCK-00076,Low,Low,0.8505187338795767,0.048645504401608385,True,,False,,,0.75,0.00018929999350802973,3556,12.0,168.0,0.0,447164,False,False,not_required,,False,True,False,10.018929999350803,0.0,0,,synthetic-eval-v1
42,A2,Multi-agent with static agents,TCK-00077,Medium,Medium,0.8118616314647299,0.06542177742202,True,TCK-00073,True,1.0,0.5,0.75,0.00018939999426947907,3556,12.0,270.0,0.0,453128,False,False,not_required,,False,True,False,0.05,0.0,0,,synthetic-eval-v1
42,A2,Multi-agent with static agents,TCK-00078,High,High,0.8677023930726927,0.04415808618748059,True,,False,,,0.75,0.00017199998546857387,3556,12.0,168.0,0.0,458899,False,False,rejected,Synthetic reviewer rejected because the outage scope and recovery evidence need clarification.,False,True,False,1.0171999985468574,0.0,1,31,synthetic-eval-v1
42,A2,Multi-agent with static agents,TCK-00079,Critical,Critical,0.8660380570031408,0.8660380570031408,True,,False,,,0.75,0.00018819999968400225,3556,12.0,180.0,0.0,464659,True,False,accepted,"Synthetic reviewer accepted after confirming incident impact, mitigation scope, and a rollback owner.",False,True,False,2.0188199999684002,0.0,0,15,synthetic-eval-v1
42,A2,Multi-agent with static agents,TCK-00080,Low,Low,0.8728550967866963,0.042337114831232626,True,,False,,,0.75,0.00017500000103609636,3556,12.0,168.0,0.0,470386,False,False,not_required,,False,True,False,3.0175000001036096,0.0,0,,synthetic-eval-v1
42,A2,Multi-agent with static agents,TCK-00081,Medium,Medium,0.8739752426577113,0.042583112119469,True,,False,,,0.75,0.0004593999983626418,3556,12.0,180.0,0.0,476130,False,False,not_required,,False,True,False,4.045939999836264,0.0,0,,synthetic-eval-v1
42,A2,Multi-agent with static agents,TCK-00082,High,High,0.8677023930726927,0.04415808618748059,True,,False,,,0.75,0.00016590000450378284,3556,12.0,168.0,0.0,481859,False,False,rejected,Synthetic reviewer rejected because the outage scope and recovery evidence need clarification.,False,True,False,5.016590000450378,0.0,0,9,synthetic-eval-v1
42,A2,Multi-agent with static agents,TCK-00083,Critical,Critical,0.8557318913614395,0.8557318913614395,True,,False,,,0.75,0.00017180000577354804,3556,12.0,180.0,0.0,487603,True,False,accepted,"Synthetic reviewer accepted after confirming incident impact, mitigation scope, and a rollback owner.",False,True,False,6.017180000577355,0.0,0,13,synthetic-eval-v1
42,A2,Multi-agent with static agents,TCK-00084,Low,Low,0.8067389177850562,0.06963258361131423,True,TCK-00080,True,1.0,0.5,0.75,0.000178700007381849,3556,12.0,252.0,0.0,493414,False,False,not_required,,False,True,False,7.017870000738185,0.0,0,,synthetic-eval-v1
42,A2,Multi-agent with static agents,TCK-00085,Medium,Medium,0.8739752426577113,0.042583112119469,True,,False,,,0.75,0.0001790999958757311,3556,12.0,180.0,0.0,499083,True,False,not_required,,False,True,False,8.017909999587573,0.0,0,,synthetic-eval-v1
42,A2,Multi-agent with static agents,TCK-00086,High,High,0.8677023930726927,0.04415808618748059,True,,False,,,0.75,0.00016939999477472156,3556,12.0,168.0,0.0,505427,False,False,rejected,Synthetic reviewer rejected because the outage scope and recovery evidence need clarification.,False,False,True,9.016939999477472,1.0,0,26,synthetic-eval-v1
42,A2,Multi-agent with static agents,TCK-00087,Critical,Critical,0.8225328675906715,0.8225328675906715,True,,False,,,0.75,0.00020149999181739986,3556,12.0,180.0,0.0,511172,True,False,accepted,"Synthetic reviewer accepted after confirming incident impact, mitigation scope, and a rollback owner.",False,True,False,10.02014999918174,0.0,0,12,synthetic-eval-v1
42,A2,Multi-agent with static agents,TCK-00088,Low,Low,0.8279337224011541,0.05893383475209124,True,,False,,,0.75,0.00028190000011818483,3556,12.0,168.0,0.0,516924,False,False,not_required,,False,True,False,0.05,0.0,1,,synthetic-eval-v1
42,A2,Multi-agent with static agents,TCK-00089,Medium,Medium,0.8307295314772186,0.05291974445628365,True,,False,,,0.75,0.0004068000052939169,3556,12.0,180.0,0.0,522644,False,False,not_required,,False,True,False,1.0406800005293917,0.0,0,,synthetic-eval-v1
42,A2,Multi-agent with static agents,TCK-00090,High,High,0.8338266730000514,0.052161773911922504,True,,False,,,0.75,0.0002747000035014935,3556,12.0,168.0,0.0,528372,False,False,rejected,Synthetic reviewer rejected because the outage scope and recovery evidence need clarification.,False,True,False,2.0274700003501493,0.0,0,30,synthetic-eval-v1
42,A2,Multi-agent with static agents,TCK-00091,Critical,Critical,0.7920119677553812,0.7920119677553812,True,TCK-00087,True,1.0,0.3333333333333333,0.75,0.00035819999902741984,3556,12.0,270.0,0.0,534210,True,False,accepted,"Synthetic reviewer accepted after confirming incident impact, mitigation scope, and a rollback owner.",False,True,False,3.035819999902742,0.0,0,34,synthetic-eval-v1
42,A2,Multi-agent with static agents,TCK-00092,Low,Low,0.8498556545602439,0.05224646014529136,True,,False,,,0.75,0.00040409999928670004,3556,12.0,168.0,0.0,539851,True,False,not_required,,False,True,False,4.04040999992867,0.0,0,,synthetic-eval-v1
42,A2,Multi-agent with static agents,TCK-00093,Medium,Medium,0.8575476384792481,0.04764719066765524,True,,False,,,0.75,0.0004256999964127317,3556,12.0,180.0,0.0,545763,False,False,not_required,,False,True,False,5.042569999641273,0.0,0,,synthetic-eval-v1
42,A2,Multi-agent with static agents,TCK-00094,High,High,0.8462602908477929,0.04952187489233382,True,,False,,,0.75,0.000185800003237091,3556,12.0,168.0,0.0,551619,False,False,rejected,Synthetic reviewer rejected because the outage scope and recovery evidence need clarification.,False,True,False,6.018580000323709,0.0,0,37,synthetic-eval-v1
42,A2,Multi-agent with static agents,TCK-00095,Critical,Critical,0.8660380570031408,0.8660380570031408,True,,False,,,0.75,0.0004507999983616173,3556,12.0,180.0,0.0,557363,True,False,accepted,"Synthetic reviewer accepted after confirming incident impact, mitigation scope, and a rollback owner.",False,True,False,7.045079999836162,0.0,0,18,synthetic-eval-v1
42,A2,Multi-agent with static agents,TCK-00096,Low,Low,0.8469947006893541,0.051466506894106444,True,,False,,,0.75,0.00034019999293377623,3556,12.0,168.0,0.0,563091,False,False,not_required,,False,True,False,8.034019999293378,0.0,0,,synthetic-eval-v1
42,A2,Multi-agent with static agents,TCK-00097,Medium,Medium,0.8739752426577113,0.042583112119469,True,,False,,,0.75,0.00020049999875482172,3556,12.0,180.0,0.0,568835,False,False,not_required,,False,True,False,9.020049999875482,0.0,0,,synthetic-eval-v1
42,A2,Multi-agent with static agents,TCK-00098,High,High,0.7857890475044208,0.07367683936887393,True,TCK-00094,True,1.0,0.5,0.75,0.0002046999870799482,3556,12.0,258.0,0.0,575288,False,False,rejected,Synthetic reviewer rejected because the outage scope and recovery evidence need clarification.,False,True,False,10.020469998707995,0.0,1,10,synthetic-eval-v1
42,A2,Multi-agent with static agents,TCK-00099,Critical,Critical,0.8488738851577032,0.8488738851577032,True,,False,,,0.75,0.00021159999596420676,3556,12.0,180.0,0.0,580955,True,False,accepted,"Synthetic reviewer accepted after confirming incident impact, mitigation scope, and a rollback owner.",False,True,False,0.05,0.0,0,29,synthetic-eval-v1
42,A3,Multi-agent with mobile agents,TCK-00000,Low,Low,0.8575912719740248,0.04730732134480395,False,,False,,,0.75,0.00022429999080486596,4161,13.0,168.0,0.0,5567,False,False,not_required,,False,True,False,0.05,0.0,0,,synthetic-eval-v1
42,A3,Multi-agent with mobile agents,TCK-00001,Medium,Medium,0.8577624699690333,0.047657119274480665,False,,False,,,0.75,0.0001688999982434325,4161,13.0,180.0,0.0,11307,False,True,not_required,,False,True,False,1.0168899998243432,0.0,0,,synthetic-eval-v1
42,A3,Multi-agent with mobile agents,TCK-00002,High,High,0.8677023930726927,0.04415808618748059,False,,False,,,0.75,0.00016190000314963982,4161,13.0,168.0,0.0,16918,False,True,rejected,Synthetic reviewer rejected because the outage scope and recovery evidence need clarification.,False,True,False,2.016190000314964,0.0,0,13,synthetic-eval-v1
42,A3,Multi-agent with mobile agents,TCK-00003,Critical,Critical,0.8588796657814416,0.8588796657814416,False,,False,,,0.75,0.00016350000078091398,4161,13.0,180.0,0.0,22451,False,False,rejected,Synthetic reviewer rejected because impact evidence or the safe mitigation and rollback plan was incomplete.,False,False,False,3.0163500000780914,0.0,0,30,synthetic-eval-v1
42,A3,Multi-agent with mobile agents,TCK-00004,Low,Low,0.8498556545602439,0.05224646014529136,False,,False,,,0.75,0.00016340000729542226,4161,13.0,168.0,0.0,28031,False,False,not_required,,False,True,False,4.016340000729542,0.0,0,,synthetic-eval-v1
42,A3,Multi-agent with mobile agents,TCK-00005,Medium,Medium,0.8577623773277484,0.047657136692253854,False,,False,,,0.75,0.00023489999875891954,4161,13.0,180.0,0.0,33755,False,False,not_required,,False,True,False,5.023489999875892,0.0,0,,synthetic-eval-v1
42,A3,Multi-agent with mobile agents,TCK-00006,High,High,0.842581775387702,0.0502905737918736,False,,False,,,0.75,0.00018789999739965424,4161,13.0,168.0,0.0,39807,False,False,rejected,Synthetic reviewer rejected because the outage scope and recovery evidence need clarification.,False,True,False,6.018789999739965,0.0,0,27,synthetic-eval-v1
42,A3,Multi-agent with mobile agents,TCK-00007,Critical,Critical,0.8213314428506912,0.8213314428506912,False,TCK-00003,True,1.0,1.0,0.75,0.00018050000653602183,4161,13.0,264.0,0.0,45838,True,False,accepted,"Synthetic reviewer accepted after confirming incident impact, mitigation scope, and a rollback owner.",False,True,False,7.018050000653602,0.0,1,48,synthetic-eval-v1
42,A3,Multi-agent with mobile agents,TCK-00008,Low,Low,0.8575908472406909,0.047307423697629,False,,False,,,0.75,0.00018150000687455758,4161,13.0,168.0,0.0,51823,False,True,not_required,,False,True,False,8.018150000687456,0.0,0,,synthetic-eval-v1
42,A3,Multi-agent with mobile agents,TCK-00009,Medium,Medium,0.8401175045119107,0.05203622201742219,False,,False,,,0.75,0.00020160000713076442,4161,13.0,180.0,0.0,57844,False,False,not_required,,False,True,False,9.020160000713076,0.0,0,,synthetic-eval-v1
42,A3,Multi-agent with mobile agents,TCK-00010,High,High,0.841032956914642,0.05137910131815793,False,,False,,,0.75,0.00017530000332044438,4161,13.0,168.0,0.015625,63976,False,False,rejected,Synthetic reviewer rejected because the outage scope and recovery evidence need clarification.,False,True,False,10.017530000332044,0.0,0,26,synthetic-eval-v1
42,A3,Multi-agent with mobile agents,TCK-00011,Critical,Critical,0.8362692159045523,0.8362692159045523,False,,False,,,0.75,0.00017490000027464703,4161,13.0,180.0,0.0,69964,False,False,rejected,Synthetic reviewer rejected because impact evidence or the safe mitigation and rollback plan was incomplete.,False,False,False,0.05,0.0,0,31,synthetic-eval-v1
42,A3,Multi-agent with mobile agents,TCK-00012,Low,Low,0.8430697132486734,0.051928200791216766,False,,False,,,0.75,0.0001767999929143116,4161,13.0,168.0,0.0,76064,False,False,not_required,,False,True,False,1.0176799992914312,0.0,0,,synthetic-eval-v1
42,A3,Multi-agent with mobile agents,TCK-00013,Medium,Medium,0.8511914699836926,0.049729979698607464,False,,False,,,0.75,0.0001998999941861257,4161,13.0,180.0,0.0,82027,False,True,not_required,,False,True,False,2.0199899994186126,0.0,0,,synthetic-eval-v1
42,A3,Multi-agent with mobile agents,TCK-00014,High,High,0.7875652538299344,0.07019587278743233,False,TCK-00010,True,1.0,1.0,0.75,0.0001790000023902394,4161,13.0,258.0,0.0,88086,False,False,rejected,Synthetic reviewer rejected because the outage scope and recovery evidence need clarification.,False,True,False,3.017900000239024,0.0,0,49,synthetic-eval-v1
42,A3,Multi-agent with mobile agents,TCK-00015,Critical,Critical,0.8500314034821868,0.8500314034821868,False,,False,,,0.75,0.0001790999958757311,4161,13.0,180.0,0.0,93115,True,False,accepted,"Synthetic reviewer accepted after confirming incident impact, mitigation scope, and a rollback owner.",False,True,False,4.017909999587573,0.0,0,24,synthetic-eval-v1
42,A3,Multi-agent with mobile agents,TCK-00016,Low,Low,0.8468778864327241,0.047165558455927716,False,,False,,,0.75,0.00018549999367678538,4161,13.0,168.0,0.0,97671,False,False,not_required,,False,True,False,5.0185499993676785,0.0,0,,synthetic-eval-v1
42,A3,Multi-agent with mobile agents,TCK-00017,Medium,Medium,0.8648351183185294,0.04501313986494932,False,,False,,,0.75,0.00019649999012472108,4161,13.0,180.0,0.0,102267,False,True,not_required,,False,True,False,6.019649999012472,0.0,1,,synthetic-eval-v1
42,A3,Multi-agent with mobile agents,TCK-00018,High,High,0.8677023930726927,0.04415808618748059,False,,False,,,0.75,0.0001697999978205189,4161,13.0,168.0,0.0,107006,False,False,rejected,Synthetic reviewer rejected because the outage scope and recovery evidence need clarification.,False,True,False,7.016979999782052,0.0,0,16,synthetic-eval-v1
42,A3,Multi-agent with mobile agents,TCK-00019,Critical,Critical,0.8660380570031408,0.8660380570031408,False,,False,,,0.75,0.000170899998920504,4161,13.0,180.0,0.0,111538,False,False,rejected,Synthetic reviewer rejected because impact evidence or the safe mitigation and rollback plan was incomplete.,False,False,False,8.01708999989205,0.0,0,35,synthetic-eval-v1
42,A3,Multi-agent with mobile agents,TCK-00020,Low,Low,0.8536739957439398,0.04812187808787876,False,,False,,,0.75,0.0001897000038297847,4161,13.0,168.0,0.0,116055,False,False,not_required,,False,True,False,9.018970000382978,0.0,0,,synthetic-eval-v1
42,A3,Multi-agent with mobile agents,TCK-00021,Medium,Medium,0.8071314450110462,0.06637052247157461,False,TCK-00017,True,1.0,1.0,0.75,0.00017229998775292188,4161,13.0,270.0,0.0,120840,False,True,not_required,,False,True,False,10.017229998775292,0.0,0,,synthetic-eval-v1
42,A3,Multi-agent with mobile agents,TCK-00022,High,High,0.8296623965781457,0.05123380334966874,False,,False,,,0.75,0.00017079999088309705,4161,13.0,168.0,0.0,125272,False,True,rejected,Synthetic reviewer rejected because the outage scope and recovery evidence need clarification.,False,False,True,0.05,1.5,0,17,synthetic-eval-v1
42,A3,Multi-agent with mobile agents,TCK-00023,Critical,Critical,0.8343751863463856,0.8343751863463856,False,,False,,,0.75,0.00023540000256616622,4161,13.0,180.0,0.0,129844,True,False,accepted,"Synthetic reviewer accepted after confirming incident impact, mitigation scope, and a rollback owner.",False,True,False,1.0235400002566166,0.0,0,23,synthetic-eval-v1
42,A3,Multi-agent with mobile agents,TCK-00024,Low,Low,0.8468251902167655,0.050017949138158095,False,,False,,,0.75,0.00017239999579032883,4161,13.0,168.0,0.0,134552,False,False,not_required,,False,True,False,2.017239999579033,0.0,0,,synthetic-eval-v1
42,A3,Multi-agent with mobile agents,TCK-00025,Medium,Medium,0.8263801447693431,0.05348607567400088,False,,False,,,0.75,0.0001700999928289093,4161,13.0,180.0,0.0,139148,False,False,not_required,,False,True,False,3.017009999282891,0.0,0,,synthetic-eval-v1
42,A3,Multi-agent with mobile agents,TCK-00026,High,High,0.8677023930726927,0.04415808618748059,False,,False,,,0.75,0.0003175999954692088,4161,13.0,168.0,0.0,143726,False,True,rejected,Synthetic reviewer rejected because the outage scope and recovery evidence need clarification.,False,True,False,4.031759999546921,0.0,0,18,synthetic-eval-v1
42,A3,Multi-agent with mobile agents,TCK-00027,Critical,Critical,0.8543357248189659,0.8543357248189659,False,,False,,,0.75,0.00017249999655177817,4161,13.0,180.0,0.0,148259,True,False,accepted,"Synthetic reviewer accepted after confirming incident impact, mitigation scope, and a rollback owner.",False,True,False,5.017249999655178,0.0,1,33,synthetic-eval-v1
42,A3,Multi-agent with mobile agents,TCK-00028,Low,Low,0.7955058943779147,0.06761707389760443,False,TCK-00024,True,1.0,1.0,0.75,0.00016209999739658087,4161,13.0,258.0,0.0,153086,False,False,not_required,,False,True,False,6.016209999739658,0.0,0,,synthetic-eval-v1
42,A3,Multi-agent with mobile agents,TCK-00029,Medium,Medium,0.8576910403161383,0.04787121042255244,False,,False,,,0.75,0.00021649998961947858,4161,13.0,180.0,0.0,157539,True,False,not_required,,False,True,False,7.021649998961948,0.0,0,,synthetic-eval-v1
42,A3,Multi-agent with mobile agents,TCK-00030,High,High,0.8526604271396411,0.04885391246455282,False,,False,,,0.75,0.00018219999765278772,4161,13.0,168.0,0.0,162095,False,True,rejected,Synthetic reviewer rejected because the outage scope and recovery evidence need clarification.,False,False,True,8.018219999765279,0.5,0,11,synthetic-eval-v1
42,A3,Multi-agent with mobile agents,TCK-00031,Critical,Critical,0.8600416267653729,0.8600416267653729,False,,False,,,0.75,0.00016280001000268385,4161,13.0,180.0,0.0,166627,False,False,rejected,Synthetic reviewer rejected because impact evidence or the safe mitigation and rollback plan was incomplete.,False,False,False,9.016280001000268,0.0,0,2,synthetic-eval-v1
42,A3,Multi-agent with mobile agents,TCK-00032,Low,Low,0.8604905870110352,0.04629110961415852,False,,False,,,0.75,0.00019779999274760485,4161,13.0,168.0,0.0,171167,False,False,not_required,,False,True,False,10.01977999927476,0.0,0,,synthetic-eval-v1
42,A3,Multi-agent with mobile agents,TCK-00033,Medium,Medium,0.8511914699836926,0.049729979698607464,False,,False,,,0.75,0.0001638999965507537,4161,13.0,180.0,0.0,176019,False,False,not_required,,False,True,False,0.05,0.0,0,,synthetic-eval-v1
42,A3,Multi-agent with mobile agents,TCK-00034,High,High,0.8526601513792027,0.04885395644264514,False,,False,,,0.75,0.00023540000256616622,4161,13.0,168.0,0.0,180599,False,False,rejected,Synthetic reviewer rejected because the outage scope and recovery evidence need clarification.,False,False,True,1.0235400002566166,1.5,0,3,synthetic-eval-v1
42,A3,Multi-agent with mobile agents,TCK-00035,Critical,Critical,0.8206386148860784,0.8206386148860784,False,TCK-00031,True,1.0,0.5,0.75,0.00017359999765176326,4161,13.0,270.0,0.0,185200,True,False,accepted,"Synthetic reviewer accepted after confirming incident impact, mitigation scope, and a rollback owner.",False,True,False,2.0173599997651763,0.0,0,41,synthetic-eval-v1
42,A3,Multi-agent with mobile agents,TCK-00036,Low,Low,0.8254728075709145,0.05352868158109286,False,,False,,,0.75,0.00016959998902166262,4161,13.0,168.0,0.0,189656,False,False,not_required,,False,True,False,3.0169599989021663,0.0,0,,synthetic-eval-v1
42,A3,Multi-agent with mobile agents,TCK-00037,Medium,Medium,0.8357287861121229,0.053314496623208696,False,,False,,,0.75,0.0003001000004587695,4161,13.0,180.0,0.0,194228,False,False,not_required,,False,True,False,4.030010000045877,0.0,1,,synthetic-eval-v1
42,A3,Multi-agent with mobile agents,TCK-00038,High,High,0.8339340081894083,0.051577559839395444,False,,False,,,0.75,0.0001647000026423484,4161,13.0,168.0,0.0,199032,False,False,rejected,Synthetic reviewer rejected because the outage scope and recovery evidence need clarification.,False,True,False,5.016470000264235,0.0,0,20,synthetic-eval-v1
42,A3,Multi-agent with mobile agents,TCK-00039,Critical,Critical,0.8497244696174576,0.8497244696174576,False,,False,,,0.75,0.00016459999460494146,4161,13.0,180.0,0.0,203563,True,False,accepted,"Synthetic reviewer accepted after confirming incident impact, mitigation scope, and a rollback owner.",False,False,True,6.016459999460494,1.25,0,10,synthetic-eval-v1
42,A3,Multi-agent with mobile agents,TCK-00040,Low,Low,0.8728550967866963,0.042337114831232626,False,,False,,,0.75,0.00020040000526933,4161,13.0,168.0,0.0,208078,False,True,not_required,,False,True,False,7.020040000526933,0.0,0,,synthetic-eval-v1
42,A3,Multi-agent with mobile agents,TCK-00041,Medium,Medium,0.8478217370421267,0.054461768182792025,False,,False,,,0.75,0.0001647000026423484,4161,13.0,180.0,0.0,212731,False,False,not_required,,False,True,False,8.016470000264235,0.0,0,,synthetic-eval-v1
42,A3,Multi-agent with mobile agents,TCK-00042,High,High,0.7916506003934797,0.06817952175120424,False,TCK-00038,True,1.0,1.0,0.75,0.0003176000027451664,4161,13.0,258.0,0.0,217430,False,True,rejected,Synthetic reviewer rejected because the outage scope and recovery evidence need clarification.,False,True,False,9.031760000274517,0.0,0,47,synthetic-eval-v1
42,A3,Multi-agent with mobile agents,TCK-00043,Critical,Critical,0.8491739830465354,0.8491739830465354,False,,False,,,0.75,0.00039710000419290736,4161,13.0,180.0,0.0,221883,True,False,accepted,"Synthetic reviewer accepted after confirming incident impact, mitigation scope, and a rollback owner.",False,True,False,10.03971000041929,0.0,0,25,synthetic-eval-v1
42,A3,Multi-agent with mobile agents,TCK-00044,Low,Low,0.8604905870110352,0.04629110961415852,False,,False,,,0.75,0.00019309999333927408,4161,13.0,168.0,0.0,226759,False,False,not_required,,False,True,False,0.05,0.0,0,,synthetic-eval-v1
42,A3,Multi-agent with mobile agents,TCK-00045,Medium,Medium,0.8648351183185294,0.04501313986494932,False,,False,,,0.75,0.00020530001347651705,4161,13.0,180.0,0.0,231291,False,False,not_required,,False,True,False,1.0205300013476517,0.0,0,,synthetic-eval-v1
42,A3,Multi-agent with mobile agents,TCK-00046,High,High,0.8441125993988075,0.048827770742724486,False,,False,,,0.75,0.00017469999875174835,4161,13.0,168.0,0.0,235783,True,False,accepted,"Synthetic reviewer accepted after confirming affected services, customer impact, and the recovery plan.",False,False,True,2.017469999875175,1.5,0,44,synthetic-eval-v1
42,A3,Multi-agent with mobile agents,TCK-00047,Critical,Critical,0.8497244696174576,0.8497244696174576,False,,False,,,0.75,0.00032730000384617597,4161,13.0,180.0,0.0,240315,True,False,accepted,"Synthetic reviewer accepted after confirming incident impact, mitigation scope, and a rollback owner.",False,False,True,3.0327300003846176,1.75,1,43,synthetic-eval-v1
42,A3,Multi-agent with mobile agents,TCK-00048,Low,Low,0.8327261494221361,0.05039279900113555,False,,False,,,0.75,0.0005519999976968393,4161,13.0,168.0,0.0,244856,False,False,not_required,,False,True,False,4.055199999769684,0.0,0,,synthetic-eval-v1
42,A3,Multi-agent with mobile agents,TCK-00049,Medium,Medium,0.8101317102031641,0.06466928822174157,False,TCK-00045,True,1.0,0.5,0.75,0.00019210000027669594,4161,13.0,270.0,0.0,249504,False,False,not_required,,False,True,False,5.01921000002767,0.0,0,,synthetic-eval-v1
42,A3,Multi-agent with mobile agents,TCK-00050,High,High,0.8317396399448939,0.05372035704174002,False,,False,,,0.75,0.00032440000359201804,4161,13.0,168.0,0.0,253936,False,False,rejected,Synthetic reviewer rejected because the outage scope and recovery evidence need clarification.,False,True,False,6.032440000359202,0.0,0,22,synthetic-eval-v1
42,A3,Multi-agent with mobile agents,TCK-00051,Critical,Critical,0.8281060966449586,0.8281060966449586,False,,False,,,0.75,0.00019109999993816018,4161,13.0,180.0,0.0,258812,True,False,accepted,"Synthetic reviewer accepted after confirming incident impact, mitigation scope, and a rollback owner.",False,True,False,7.019109999993816,0.0,0,32,synthetic-eval-v1
42,A3,Multi-agent with mobile agents,TCK-00052,Low,Low,0.8545528086953338,0.04697123747579992,False,,False,,,0.75,0.0005189000003156252,4161,13.0,168.0,0.0,263279,False,False,not_required,,False,True,False,8.051890000031563,0.0,0,,synthetic-eval-v1
42,A3,Multi-agent with mobile agents,TCK-00053,Medium,Medium,0.8476412796823926,0.046155262624928285,False,,False,,,0.75,0.00020999999105697498,4161,13.0,180.0,0.0,267859,False,True,not_required,,False,True,False,9.020999999105697,0.0,0,,synthetic-eval-v1
42,A3,Multi-agent with mobile agents,TCK-00054,High,High,0.8493415459964648,0.04989004640006306,False,,False,,,0.75,0.00034149999555666,4161,13.0,168.0,0.0,272423,True,False,accepted,"Synthetic reviewer accepted after confirming affected services, customer impact, and the recovery plan.",False,True,False,10.034149999555666,0.0,0,7,synthetic-eval-v1
42,A3,Multi-agent with mobile agents,TCK-00055,Critical,Critical,0.8544071556216513,0.8544071556216513,False,,False,,,0.75,0.00019400001474423334,4161,13.0,180.0,0.0,276907,True,False,accepted,"Synthetic reviewer accepted after confirming incident impact, mitigation scope, and a rollback owner.",False,True,False,0.05,0.0,0,42,synthetic-eval-v1
42,A3,Multi-agent with mobile agents,TCK-00056,Low,Low,0.8019244340673284,0.06625245114200216,False,TCK-00052,True,1.0,1.0,0.75,0.00029680000443477184,4161,13.0,258.0,0.0,281436,False,True,not_required,,False,True,False,1.0296800004434772,0.0,0,,synthetic-eval-v1
42,A3,Multi-agent with mobile agents,TCK-00057,Medium,Medium,0.8568251726086809,0.046924763682226756,False,,False,,,0.75,0.00023160000273492187,4161,13.0,180.0,0.0,285843,False,False,not_required,,False,True,False,2.023160000273492,0.0,1,,synthetic-eval-v1
42,A3,Multi-agent with mobile agents,TCK-00058,High,High,0.8544472664389593,0.04840861814457229,False,,False,,,0.75,0.00017890000890474766,4161,13.0,168.0,0.0,290735,False,False,rejected,Synthetic reviewer rejected because the outage scope and recovery evidence need clarification.,False,True,False,3.0178900008904748,0.0,0,36,synthetic-eval-v1
42,A3,Multi-agent with mobile agents,TCK-00059,Critical,Critical,0.8593693523976712,0.8593693523976712,False,,False,,,0.75,0.00020870000298600644,4161,13.0,180.0,0.0,295219,True,False,accepted,"Synthetic reviewer accepted after confirming incident impact, mitigation scope, and a rollback owner.",False,True,False,4.020870000298601,0.0,0,1,synthetic-eval-v1
42,A3,Multi-agent with mobile agents,TCK-00060,Low,Low,0.8459493662830746,0.049579559112980454,False,,False,,,0.75,0.00017309999384451658,4161,13.0,168.0,0.0,299687,False,False,not_required,,False,True,False,5.017309999384452,0.0,0,,synthetic-eval-v1
42,A3,Multi-agent with mobile agents,TCK-00061,Medium,Medium,0.8396843959405711,0.05046646301289596,False,,False,,,0.75,0.00021859999833395705,4161,13.0,180.0,0.0,304172,False,False,not_required,,False,True,False,6.021859999833396,0.0,0,,synthetic-eval-v1
42,A3,Multi-agent with mobile agents,TCK-00062,High,High,0.8502197329293363,0.04991083422096676,False,,False,,,0.75,0.00017609999486012384,4161,13.0,168.0,0.0,308639,False,False,rejected,Synthetic reviewer rejected because the outage scope and recovery evidence need clarification.,False,True,False,7.017609999486012,0.0,0,12,synthetic-eval-v1
42,A3,Multi-agent with mobile agents,TCK-00063,Critical,Critical,0.8199459815551146,0.8199459815551146,False,TCK-00059,True,1.0,0.5,0.75,0.00041140000394079834,4161,13.0,270.0,0.0,313216,True,False,accepted,"Synthetic reviewer accepted after confirming incident impact, mitigation scope, and a rollback owner.",False,True,False,8.04114000039408,0.0,0,37,synthetic-eval-v1
42,A3,Multi-agent with mobile agents,TCK-00064,Low,Low,0.8411716383404831,0.05011919711276005,False,,False,,,0.75,0.0004965999978594482,4161,13.0,168.0,0.0,317600,False,True,not_required,,False,True,False,9.049659999785945,0.0,0,,synthetic-eval-v1
42,A3,Multi-agent with mobile agents,TCK-00065,Medium,Medium,0.8575476384792481,0.04764719066765524,False,,False,,,0.75,0.0007756999984849244,4161,13.0,180.0,0.0,322219,False,True,not_required,,False,True,False,10.077569999848492,0.0,0,,synthetic-eval-v1
42,A3,Multi-agent with mobile agents,TCK-00066,High,High,0.8544471134100157,0.048408663538679675,False,,False,,,0.75,0.000527900003362447,4161,13.0,168.0,0.0,327231,False,True,rejected,Synthetic reviewer rejected because the outage scope and recovery evidence need clarification.,False,True,False,0.0527900003362447,0.0,0,8,synthetic-eval-v1
42,A3,Multi-agent with mobile agents,TCK-00067,Critical,Critical,0.8532921334588078,0.8532921334588078,False,,False,,,0.75,0.00024199999461416155,4161,13.0,180.0,0.0,331715,True,False,accepted,"Synthetic reviewer accepted after confirming incident impact, mitigation scope, and a rollback owner.",False,False,True,1.0241999994614162,0.75,1,38,synthetic-eval-v1
42,A3,Multi-agent with mobile agents,TCK-00068,Low,Low,0.858119074390257,0.04705805134129685,False,,False,,,0.75,0.00019180000526830554,4161,13.0,168.0,0.0,336183,False,False,not_required,,False,True,False,2.0191800005268306,0.0,0,,synthetic-eval-v1
42,A3,Multi-agent with mobile agents,TCK-00069,Medium,Medium,0.855335243170054,0.04757105950468312,False,,False,,,0.75,0.0002508000179659575,4161,13.0,180.0,0.015625,340691,False,False,not_required,,False,True,False,3.0250800017965958,0.0,0,,synthetic-eval-v1
42,A3,Multi-agent with mobile agents,TCK-00070,High,High,0.7942057933664813,0.07008155224031193,True,TCK-00066,True,1.0,0.5,0.75,0.00025599999935366213,4161,13.0,258.0,0.0,345244,False,False,rejected,Synthetic reviewer rejected because the outage scope and recovery evidence need clarification.,False,False,True,4.025599999935366,1.5,0,40,synthetic-eval-v1
42,A3,Multi-agent with mobile agents,TCK-00071,Critical,Critical,0.8660380570031408,0.8660380570031408,True,,False,,,0.75,0.00035120000393362716,4161,13.0,180.0,0.0,349651,True,False,accepted,"Synthetic reviewer accepted after confirming incident impact, mitigation scope, and a rollback owner.",False,True,False,5.035120000393363,0.0,0,19,synthetic-eval-v1
42,A3,Multi-agent with mobile agents,TCK-00072,Low,Low,0.8728550967866963,0.042337114831232626,True,,False,,,0.75,0.00020530000620055944,4161,13.0,168.0,0.0,354183,True,False,not_required,,False,True,False,6.020530000620056,0.0,0,,synthetic-eval-v1
42,A3,Multi-agent with mobile agents,TCK-00073,Medium,Medium,0.8739752426577113,0.042583112119469,True,,False,,,0.75,0.00019920000340789557,4161,13.0,180.0,0.0,358667,False,False,not_required,,False,True,False,7.01992000034079,0.0,0,,synthetic-eval-v1
42,A3,Multi-agent with mobile agents,TCK-00074,High,High,0.8396781520877029,0.048135712063408276,True,,False,,,0.75,0.00020709999080281705,4161,13.0,168.0,0.0,363136,False,False,rejected,Synthetic reviewer rejected because the outage scope and recovery evidence need clarification.,False,True,False,8.020709999080282,0.0,0,39,synthetic-eval-v1
42,A3,Multi-agent with mobile agents,TCK-00075,Critical,Critical,0.8427909772030538,0.8427909772030538,True,,False,,,0.75,0.00017829999706009403,4161,13.0,180.0,0.0,367620,True,False,accepted,"Synthetic reviewer accepted after confirming incident impact, mitigation scope, and a rollback owner.",False,True,False,9.01782999970601,0.0,0,5,synthetic-eval-v1
42,A3,Multi-agent with mobile agents,TCK-00076,Low,Low,0.8505187338795767,0.048645504401608385,True,,False,,,0.75,0.00019029999384656549,4161,13.0,168.0,0.0,372600,False,True,not_required,,False,True,False,10.019029999384657,0.0,0,,synthetic-eval-v1
42,A3,Multi-agent with mobile agents,TCK-00077,Medium,Medium,0.8118616314647299,0.06542177742202,True,TCK-00073,True,1.0,0.5,0.75,0.0002175999979954213,4161,13.0,270.0,0.0,377304,False,True,not_required,,False,True,False,0.05,0.0,1,,synthetic-eval-v1
42,A3,Multi-agent with mobile agents,TCK-00078,High,High,0.8677023930726927,0.04415808618748059,True,,False,,,0.75,0.00018369998724665493,4161,13.0,168.0,0.0,381815,False,True,rejected,Synthetic reviewer rejected because the outage scope and recovery evidence need clarification.,False,True,False,1.0183699987246655,0.0,0,28,synthetic-eval-v1
42,A3,Multi-agent with mobile agents,TCK-00079,Critical,Critical,0.8660380570031408,0.8660380570031408,True,,False,,,0.75,0.00019100000645266846,4161,13.0,180.0,0.0,386315,True,False,accepted,"Synthetic reviewer accepted after confirming incident impact, mitigation scope, and a rollback owner.",False,True,False,2.019100000645267,0.0,0,14,synthetic-eval-v1
42,A3,Multi-agent with mobile agents,TCK-00080,Low,Low,0.8728550967866963,0.042337114831232626,True,,False,,,0.75,0.0002939000041806139,4161,13.0,168.0,0.0,390782,False,True,not_required,,False,True,False,3.0293900004180614,0.0,0,,synthetic-eval-v1
42,A3,Multi-agent with mobile agents,TCK-00081,Medium,Medium,0.8739752426577113,0.042583112119469,True,,False,,,0.75,0.0007619000025442801,4161,13.0,180.0,0.015625,395266,False,False,not_required,,False,True,False,4.076190000254428,0.0,0,,synthetic-eval-v1
42,A3,Multi-agent with mobile agents,TCK-00082,High,High,0.8677023930726927,0.04415808618748059,True,,False,,,0.75,0.00019439999596215785,4161,13.0,168.0,0.0,399735,False,True,rejected,Synthetic reviewer rejected because the outage scope and recovery evidence need clarification.,False,True,False,5.019439999596216,0.0,0,6,synthetic-eval-v1
42,A3,Multi-agent with mobile agents,TCK-00083,Critical,Critical,0.8557318913614395,0.8557318913614395,True,,False,,,0.75,0.00021179999748710543,4161,13.0,180.0,0.0,404219,True,False,accepted,"Synthetic reviewer accepted after confirming incident impact, mitigation scope, and a rollback owner.",False,True,False,6.0211799997487105,0.0,0,45,synthetic-eval-v1
42,A3,Multi-agent with mobile agents,TCK-00084,Low,Low,0.8067389177850562,0.06963258361131423,True,TCK-00080,True,1.0,0.5,0.75,0.000341799997841008,4161,13.0,252.0,0.0,408770,False,False,not_required,,False,True,False,7.034179999784101,0.0,0,,synthetic-eval-v1
42,A3,Multi-agent with mobile agents,TCK-00085,Medium,Medium,0.8739752426577113,0.042583112119469,True,,False,,,0.75,0.00018659999477677047,4161,13.0,180.0,0.0,413179,False,False,not_required,,False,True,False,8.018659999477677,0.0,0,,synthetic-eval-v1
42,A3,Multi-agent with mobile agents,TCK-00086,High,High,0.8677023930726927,0.04415808618748059,True,,False,,,0.75,0.00020190000213915482,4161,13.0,168.0,0.0,418263,False,False,rejected,Synthetic reviewer rejected because the outage scope and recovery evidence need clarification.,False,True,False,9.020190000213915,0.0,0,15,synthetic-eval-v1
42,A3,Multi-agent with mobile agents,TCK-00087,Critical,Critical,0.8225328675906715,0.8225328675906715,True,,False,,,0.75,0.0001846000086516142,4161,13.0,180.0,0.0,422748,True,False,accepted,"Synthetic reviewer accepted after confirming incident impact, mitigation scope, and a rollback owner.",False,True,False,10.018460000865161,0.0,1,21,synthetic-eval-v1
42,A3,Multi-agent with mobile agents,TCK-00088,Low,Low,0.8279337224011541,0.05893383475209124,True,,False,,,0.75,0.00018780000391416252,4161,13.0,168.0,0.0,427216,False,True,not_required,,False,True,False,0.05,0.0,0,,synthetic-eval-v1
42,A3,Multi-agent with mobile agents,TCK-00089,Medium,Medium,0.8307295314772186,0.05291974445628365,True,,False,,,0.75,0.00018399998953100294,4161,13.0,180.0,0.0,431676,False,True,not_required,,False,True,False,1.0183999989531003,0.0,0,,synthetic-eval-v1
42,A3,Multi-agent with mobile agents,TCK-00090,High,High,0.8338266730000514,0.052161773911922504,True,,False,,,0.75,0.00018340000679017976,4161,13.0,168.0,0.0,436144,False,False,rejected,Synthetic reviewer rejected because the outage scope and recovery evidence need clarification.,False,True,False,2.018340000679018,0.0,0,46,synthetic-eval-v1
42,A3,Multi-agent with mobile agents,TCK-00091,Critical,Critical,0.7920119677553812,0.7920119677553812,True,TCK-00087,True,1.0,0.3333333333333333,0.75,0.00023240001610247418,4161,13.0,270.0,0.0,440722,True,False,accepted,"Synthetic reviewer accepted after confirming incident impact, mitigation scope, and a rollback owner.",False,False,True,3.0232400016102474,0.75,0,50,synthetic-eval-v1
42,A3,Multi-agent with mobile agents,TCK-00092,Low,Low,0.8498556545602439,0.05224646014529136,True,,False,,,0.75,0.00016439999308204278,4161,13.0,168.0,0.0,445103,False,False,not_required,,False,True,False,4.016439999308204,0.0,0,,synthetic-eval-v1
42,A3,Multi-agent with mobile agents,TCK-00093,Medium,Medium,0.8575476384792481,0.04764719066765524,True,,False,,,0.75,0.00017719998868415132,4161,13.0,180.0,0.0,449779,False,True,not_required,,False,True,False,5.017719998868415,0.0,0,,synthetic-eval-v1
42,A3,Multi-agent with mobile agents,TCK-00094,High,High,0.8462602908477929,0.04952187489233382,True,,False,,,0.75,0.00022559999342774972,4161,13.0,168.0,0.0,454375,False,False,rejected,Synthetic reviewer rejected because the outage scope and recovery evidence need clarification.,False,True,False,6.022559999342775,0.0,0,9,synthetic-eval-v1
42,A3,Multi-agent with mobile agents,TCK-00095,Critical,Critical,0.8660380570031408,0.8660380570031408,True,,False,,,0.75,0.00016290001076413319,4161,13.0,180.0,0.0,458859,True,False,accepted,"Synthetic reviewer accepted after confirming incident impact, mitigation scope, and a rollback owner.",False,False,True,7.016290001076413,1.75,0,4,synthetic-eval-v1
42,A3,Multi-agent with mobile agents,TCK-00096,Low,Low,0.8469947006893541,0.051466506894106444,True,,False,,,0.75,0.00017630001093493775,4161,13.0,168.0,0.0,463327,True,True,not_required,,True,True,False,8.017630001093494,0.0,0,,synthetic-eval-v1
42,A3,Multi-agent with mobile agents,TCK-00097,Medium,Medium,0.8739752426577113,0.042583112119469,True,,False,,,0.75,0.000222100003156811,4161,13.0,180.0,0.0,467835,False,False,not_required,,False,True,False,9.022210000315681,0.0,1,,synthetic-eval-v1
42,A3,Multi-agent with mobile agents,TCK-00098,High,High,0.7857890475044208,0.07367683936887393,True,TCK-00094,True,1.0,0.5,0.75,0.0001610000035725534,4161,13.0,258.0,0.0,473028,False,False,rejected,Synthetic reviewer rejected because the outage scope and recovery evidence need clarification.,False,True,False,10.016100000357255,0.0,0,34,synthetic-eval-v1
42,A3,Multi-agent with mobile agents,TCK-00099,Critical,Critical,0.8488738851577032,0.8488738851577032,True,,False,,,0.75,0.00020349999977042899,4161,13.0,180.0,0.0,477435,True,False,accepted,"Synthetic reviewer accepted after confirming incident impact, mitigation scope, and a rollback owner.",False,True,False,0.05,0.0,0,29,synthetic-eval-v1
43,A0,"Rule-based, single process",TCK-00000,Low,Low,0.8700398407856871,0.043487651128950554,False,,False,,,0.49,0.00010130000009667128,0,0.0,0.0,0.0,2840,False,False,not_required,,False,True,False,0.05,0.0,1,,synthetic-eval-v1
43,A0,"Rule-based, single process",TCK-00001,Medium,Medium,0.8531351012442894,0.049085412716905974,False,,False,,,0.49,6.690000009257346e-05,0,0.0,0.0,0.0,6290,True,False,not_required,,False,True,False,1.0066900000092573,0.0,0,,synthetic-eval-v1
43,A0,"Rule-based, single process",TCK-00002,High,High,0.852023608317996,0.04713623181070126,False,,False,,,0.49,6.650000432273373e-05,0,0.0,0.0,0.0,9706,False,False,rejected,Synthetic reviewer rejected because the outage scope and recovery evidence need clarification.,False,False,True,2.0066500004322734,1.0,0,3,synthetic-eval-v1
43,A0,"Rule-based, single process",TCK-00003,Critical,Critical,0.8558447543861,0.8558447543861,False,,False,,,0.49,6.719999510096386e-05,0,0.0,0.0,0.0,13058,True,False,accepted,"Synthetic reviewer accepted after confirming incident impact, mitigation scope, and a rollback owner.",False,True,False,3.0067199995100964,0.0,0,4,synthetic-eval-v1
43,A0,"Rule-based, single process",TCK-00004,Low,Low,0.855006248567221,0.04821850247196599,False,,False,,,0.49,6.579999899258837e-05,0,0.0,0.0,0.0,16442,False,False,not_required,,False,True,False,4.006579999899259,0.0,0,,synthetic-eval-v1
43,A0,"Rule-based, single process",TCK-00005,Medium,Medium,0.8531351232957672,0.04908550823485689,False,,False,,,0.49,7.610000466229394e-05,0,0.0,0.0,0.0,20010,False,False,not_required,,False,True,False,5.007610000466229,0.0,0,,synthetic-eval-v1
43,A0,"Rule-based, single process",TCK-00006,High,High,0.8528732329384061,0.047290637030778404,False,,False,,,0.49,8.83999964571558e-05,0,0.0,0.0,0.0,23866,False,False,rejected,Synthetic reviewer rejected because the outage scope and recovery evidence need clarification.,False,True,False,6.008839999645716,0.0,0,7,synthetic-eval-v1
43,A0,"Rule-based, single process",TCK-00007,Critical,Critical,0.8185445816453365,0.8185445816453365,False,TCK-00003,True,1.0,1.0,0.49,8.6499989265576e-05,0,0.0,0.0,0.0,27742,False,False,rejected,Synthetic reviewer rejected because impact evidence or the safe mitigation and rollback plan was incomplete.,False,False,False,7.008649998926558,0.0,0,8,synthetic-eval-v1
43,A0,"Rule-based, single process",TCK-00008,Low,Low,0.8550061096256867,0.04821840529914237,False,,False,,,0.49,0.00012829999468522146,0,0.0,0.0,0.0,31506,False,False,not_required,,False,True,False,8.012829999468522,0.0,0,,synthetic-eval-v1
43,A0,"Rule-based, single process",TCK-00009,Medium,Medium,0.8352949043867358,0.05142762444045166,False,,False,,,0.49,0.00013010000111535192,0,0.0,0.0,0.0,35324,False,False,not_required,,False,True,False,9.013010000111535,0.0,0,,synthetic-eval-v1
43,A0,"Rule-based, single process",TCK-00010,High,High,0.8431458199373457,0.05062329302554749,False,,False,,,0.49,0.0001123000038205646,0,0.0,0.0,0.0,39260,False,False,rejected,Synthetic reviewer rejected because the outage scope and recovery evidence need clarification.,False,True,False,10.011230000382056,0.0,1,11,synthetic-eval-v1
43,A0,"Rule-based, single process",TCK-00011,Critical,Critical,0.831882673550841,0.831882673550841,False,,False,,,0.49,8.629999501863495e-05,0,0.0,0.0,0.0,43452,True,False,accepted,"Synthetic reviewer accepted after confirming incident impact, mitigation scope, and a rollback owner.",False,True,False,0.05,0.0,0,12,synthetic-eval-v1
43,A0,"Rule-based, single process",TCK-00012,Low,Low,0.829304618630078,0.05577150785509166,False,,False,,,0.49,8.440000237897038e-05,0,0.0,0.0,0.0,47804,False,False,not_required,,False,True,False,1.008440000237897,0.0,0,,synthetic-eval-v1
43,A0,"Rule-based, single process",TCK-00013,Medium,Medium,0.8431823356471879,0.04913428468187057,False,,False,,,0.49,9.999999747378752e-05,0,0.0,0.0,0.0,52034,False,False,not_required,,False,True,False,2.0099999997473788,0.0,0,,synthetic-eval-v1
43,A0,"Rule-based, single process",TCK-00014,High,High,0.7963701964313062,0.06687629772240493,False,TCK-00010,True,1.0,0.5,0.49,9.880001016426831e-05,0,0.0,0.0,0.0,56378,False,False,rejected,Synthetic reviewer rejected because the outage scope and recovery evidence need clarification.,False,True,False,3.009880001016427,0.0,0,15,synthetic-eval-v1
43,A0,"Rule-based, single process",TCK-00015,Critical,Critical,0.8497739988392897,0.8497739988392897,False,,False,,,0.49,8.689999958733097e-05,0,0.0,0.0,0.0,60650,True,False,accepted,"Synthetic reviewer accepted after confirming incident impact, mitigation scope, and a rollback owner.",False,True,False,4.008689999958733,0.0,0,16,synthetic-eval-v1
43,A0,"Rule-based, single process",TCK-00016,Low,Low,0.8700398407856871,0.043487651128950554,False,,False,,,0.49,8.529999468009919e-05,0,0.0,0.0,0.0,64912,False,False,not_required,,False,True,False,5.00852999946801,0.0,0,,synthetic-eval-v1
43,A0,"Rule-based, single process",TCK-00017,Medium,Medium,0.8570642924546165,0.048278080732703614,False,,False,,,0.49,8.900000830180943e-05,0,0.0,0.0,0.0,69234,False,False,not_required,,False,True,False,6.008900000830181,0.0,0,,synthetic-eval-v1
43,A0,"Rule-based, single process",TCK-00018,High,High,0.8415074667633183,0.049029615795848414,False,,False,,,0.49,8.449999586446211e-05,0,0.0,0.0,0.0,73682,False,False,rejected,Synthetic reviewer rejected because the outage scope and recovery evidence need clarification.,False,True,False,7.008449999586446,0.0,0,19,synthetic-eval-v1
43,A0,"Rule-based, single process",TCK-00019,Critical,Critical,0.8424402419270981,0.8424402419270981,False,,False,,,0.49,8.610000077169389e-05,0,0.0,0.0,0.0,77938,False,False,rejected,Synthetic reviewer rejected because impact evidence or the safe mitigation and rollback plan was incomplete.,False,False,False,8.00861000007717,0.0,0,20,synthetic-eval-v1
43,A0,"Rule-based, single process",TCK-00020,Low,Low,0.8557169628258435,0.047316819883089896,False,,False,,,0.49,8.510000043315813e-05,0,0.0,0.0,0.0,82162,False,False,not_required,,False,True,False,9.008510000043316,0.0,1,,synthetic-eval-v1
43,A0,"Rule-based, single process",TCK-00021,Medium,Medium,0.8000682361720105,0.06778308253675412,False,TCK-00017,True,1.0,0.3333333333333333,0.49,8.779999916441739e-05,0,0.0,0.0,0.0,86696,False,False,not_required,,False,True,False,10.008779999916442,0.0,0,,synthetic-eval-v1
43,A0,"Rule-based, single process",TCK-00022,High,High,0.8270841947606575,0.05239754036939901,False,,False,,,0.49,8.499999967170879e-05,0,0.0,0.0,0.0,90812,False,False,rejected,Synthetic reviewer rejected because the outage scope and recovery evidence need clarification.,False,True,False,0.05,0.0,0,23,synthetic-eval-v1
43,A0,"Rule-based, single process",TCK-00023,Critical,Critical,0.8303453823454707,0.8303453823454707,False,,False,,,0.49,8.509999315720052e-05,0,0.0,0.0,0.0,95108,True,False,accepted,"Synthetic reviewer accepted after confirming incident impact, mitigation scope, and a rollback owner.",False,True,False,1.00850999931572,0.0,0,24,synthetic-eval-v1
43,A0,"Rule-based, single process",TCK-00024,Low,Low,0.8418792016203525,0.05227920065157154,False,,False,,,0.49,8.379999781027436e-05,0,0.0,0.0,0.0,99500,False,False,not_required,,False,True,False,2.0083799997810274,0.0,0,,synthetic-eval-v1
43,A0,"Rule-based, single process",TCK-00025,Medium,Medium,0.8228211619891037,0.05283881997716485,False,,False,,,0.49,8.609999349573627e-05,0,0.0,0.0,0.0,103820,False,False,not_required,,False,True,False,3.0086099993495736,0.0,0,,synthetic-eval-v1
43,A0,"Rule-based, single process",TCK-00026,High,High,0.8520634762098691,0.04843645148294443,False,,False,,,0.49,8.519998664269224e-05,0,0.0,0.0,0.0,108106,False,False,rejected,Synthetic reviewer rejected because the outage scope and recovery evidence need clarification.,False,False,True,4.008519998664269,1.0,0,27,synthetic-eval-v1
43,A0,"Rule-based, single process",TCK-00027,Critical,Critical,0.8509943723565986,0.8509943723565986,False,,False,,,0.49,8.480000542476773e-05,0,0.0,0.0,0.0,112362,True,False,accepted,"Synthetic reviewer accepted after confirming incident impact, mitigation scope, and a rollback owner.",False,False,True,5.008480000542477,1.25,0,28,synthetic-eval-v1
43,A0,"Rule-based, single process",TCK-00028,Low,Low,0.7953268618280553,0.06934540114347083,False,TCK-00024,True,1.0,0.25,0.49,0.0004470999992918223,0,0.0,0.0,0.0,116954,False,False,not_required,,False,True,False,6.044709999929182,0.0,0,,synthetic-eval-v1
43,A0,"Rule-based, single process",TCK-00029,Medium,Medium,0.8693766557305554,0.04413519719667005,False,,False,,,0.49,0.00010599999222904444,0,0.0,0.0,0.0,121120,False,False,not_required,,False,True,False,7.010599999222904,0.0,0,,synthetic-eval-v1
43,A0,"Rule-based, single process",TCK-00030,High,High,0.8462904076752094,0.0484428739697171,False,,False,,,0.49,0.00022959999478189275,0,0.0,0.0,0.0,125386,False,False,rejected,Synthetic reviewer rejected because the outage scope and recovery evidence need clarification.,False,True,False,8.02295999947819,0.0,1,31,synthetic-eval-v1
43,A0,"Rule-based, single process",TCK-00031,Critical,Critical,0.8569008533965287,0.8569008533965287,False,,False,,,0.49,9.570000838721171e-05,0,0.0,0.0,0.0,129642,True,False,accepted,"Synthetic reviewer accepted after confirming incident impact, mitigation scope, and a rollback owner.",False,True,False,9.009570000838721,0.0,0,32,synthetic-eval-v1
43,A0,"Rule-based, single process",TCK-00032,Low,Low,0.8505729773796271,0.04904587156187942,False,,False,,,0.49,8.719999459572136e-05,0,0.0,0.0,0.0,133866,False,False,not_required,,False,True,False,10.008719999459572,0.0,0,,synthetic-eval-v1
43,A0,"Rule-based, single process",TCK-00033,Medium,Medium,0.8536720585592503,0.04909527243384254,False,,False,,,0.49,0.00010790000669658184,0,0.0,0.0,0.0,138442,False,False,not_required,,False,True,False,0.05,0.0,0,,synthetic-eval-v1
43,A0,"Rule-based, single process",TCK-00034,High,High,0.8573155487564167,0.0458621253688117,False,,False,,,0.49,0.0002787999910651706,0,0.0,0.0,0.0,142730,True,False,accepted,"Synthetic reviewer accepted after confirming affected services, customer impact, and the recovery plan.",False,True,False,1.027879999106517,0.0,0,35,synthetic-eval-v1
43,A0,"Rule-based, single process",TCK-00035,Critical,Critical,0.811984109974079,0.811984109974079,False,TCK-00031,True,1.0,0.25,0.49,0.0002894999925047159,0,0.0,0.0,0.0,147080,True,False,accepted,"Synthetic reviewer accepted after confirming incident impact, mitigation scope, and a rollback owner.",False,True,False,2.0289499992504716,0.0,0,36,synthetic-eval-v1
43,A0,"Rule-based, single process",TCK-00036,Low,Low,0.8269019930454705,0.05345045613728936,False,,False,,,0.49,9.200000204145908e-05,0,0.0,0.0,0.0,151196,False,False,not_required,,False,True,False,3.009200000204146,0.0,0,,synthetic-eval-v1
43,A0,"Rule-based, single process",TCK-00037,Medium,Medium,0.831019936412858,0.05482593584108542,False,,False,,,0.49,8.670000534038991e-05,0,0.0,0.0,0.0,155492,False,False,not_required,,False,True,False,4.008670000534039,0.0,0,,synthetic-eval-v1
43,A0,"Rule-based, single process",TCK-00038,High,High,0.8353572143648225,0.05012680746217446,False,,False,,,0.49,9.420000424142927e-05,0,0.0,0.0,0.0,160004,False,False,rejected,Synthetic reviewer rejected because the outage scope and recovery evidence need clarification.,False,True,False,5.009420000424143,0.0,0,39,synthetic-eval-v1
43,A0,"Rule-based, single process",TCK-00039,Critical,Critical,0.8509944930769814,0.8509944930769814,False,,False,,,0.49,8.689999231137335e-05,0,0.0,0.0,0.0,164258,True,False,accepted,"Synthetic reviewer accepted after confirming incident impact, mitigation scope, and a rollback owner.",False,False,True,6.008689999231137,1.25,0,40,synthetic-eval-v1
43,A0,"Rule-based, single process",TCK-00040,Low,Low,0.8536255971825929,0.048701143976862815,False,,False,,,0.49,9.289999434258789e-05,0,0.0,0.0,0.0,168482,False,False,not_required,,False,True,False,7.009289999434259,0.0,1,,synthetic-eval-v1
43,A0,"Rule-based, single process",TCK-00041,Medium,Medium,0.8536720067460716,0.04909534627879115,False,,False,,,0.49,8.669999806443229e-05,0,0.0,0.0,0.0,172858,False,False,not_required,,False,True,False,8.008669999806443,0.0,0,,synthetic-eval-v1
43,A0,"Rule-based, single process",TCK-00042,High,High,0.7906122390486968,0.06690165317553996,False,TCK-00038,True,1.0,0.2,0.49,0.00011030000314349309,0,0.0,0.0,0.0,177298,False,False,rejected,Synthetic reviewer rejected because the outage scope and recovery evidence need clarification.,False,True,False,9.01103000031435,0.0,0,43,synthetic-eval-v1
43,A0,"Rule-based, single process",TCK-00043,Critical,Critical,0.8419957269564744,0.8419957269564744,False,,False,,,0.49,8.910000178730115e-05,0,0.0,0.0,0.0,181442,True,False,accepted,"Synthetic reviewer accepted after confirming incident impact, mitigation scope, and a rollback owner.",False,True,False,10.00891000017873,0.0,0,44,synthetic-eval-v1
43,A0,"Rule-based, single process",TCK-00044,Low,Low,0.8536254120229452,0.048701263046350855,False,,False,,,0.49,0.00011919999815290794,0,0.0,0.0,0.015625,186026,False,False,not_required,,False,True,False,0.05,0.0,0,,synthetic-eval-v1
43,A0,"Rule-based, single process",TCK-00045,Medium,Medium,0.8525190580164844,0.05070120580652789,False,,False,,,0.49,8.880001405486837e-05,0,0.0,0.0,0.0,190282,False,False,not_required,,False,True,False,1.0088800014054868,0.0,0,,synthetic-eval-v1
43,A0,"Rule-based, single process",TCK-00046,High,High,0.8435926270279985,0.05263062846691128,False,,False,,,0.49,8.560001151636243e-05,0,0.0,0.0,0.0,194482,False,False,rejected,Synthetic reviewer rejected because the outage scope and recovery evidence need clarification.,False,True,False,2.0085600011516362,0.0,0,47,synthetic-eval-v1
43,A0,"Rule-based, single process",TCK-00047,Critical,Critical,0.8511488160876918,0.8511488160876918,False,,False,,,0.49,8.919999527279288e-05,0,0.0,0.0,0.0,198738,False,False,rejected,Synthetic reviewer rejected because impact evidence or the safe mitigation and rollback plan was incomplete.,False,False,False,3.0089199995272793,0.0,0,48,synthetic-eval-v1
43,A0,"Rule-based, single process",TCK-00048,Low,Low,0.825527712965796,0.05232847888853941,False,,False,,,0.49,9.720000525703654e-05,0,0.0,0.0,0.0,202964,True,False,not_required,,False,True,False,4.009720000525704,0.0,0,,synthetic-eval-v1
43,A0,"Rule-based, single process",TCK-00049,Medium,Medium,0.7951044616826172,0.06999619503239629,False,TCK-00045,True,0.0,0.16666666666666666,0.49,8.700001490069553e-05,0,0.0,0.0,0.0,207336,False,False,not_required,,False,True,False,5.0087000014900696,0.0,0,,synthetic-eval-v1
43,A0,"Rule-based, single process",TCK-00050,High,High,0.8399305622050569,0.05092857574444346,False,,False,,,0.49,0.00021349998860387132,0,0.0,0.0,0.0,211450,False,False,rejected,Synthetic reviewer rejected because the outage scope and recovery evidence need clarification.,False,True,False,6.021349998860387,0.0,1,51,synthetic-eval-v1
43,A0,"Rule-based, single process",TCK-00051,Critical,Critical,0.8407714763566033,0.8407714763566033,False,,False,,,0.49,9.750000026542693e-05,0,0.0,0.0,0.0,216074,True,False,accepted,"Synthetic reviewer accepted after confirming incident impact, mitigation scope, and a rollback owner.",False,True,False,7.009750000026543,0.0,0,52,synthetic-eval-v1
43,A0,"Rule-based, single process",TCK-00052,Low,Low,0.8609891353753497,0.04552845221584462,False,,False,,,0.49,0.00021860000560991466,0,0.0,0.0,0.0,220250,False,False,not_required,,False,True,False,8.021860000560991,0.0,0,,synthetic-eval-v1
43,A0,"Rule-based, single process",TCK-00053,Medium,Medium,0.8693766557305554,0.04413519719667005,False,,False,,,0.49,0.00011030000314349309,0,0.0,0.0,0.0,224552,False,False,not_required,,False,True,False,9.01103000031435,0.0,0,,synthetic-eval-v1
43,A0,"Rule-based, single process",TCK-00054,High,High,0.8550621545422863,0.04877412376915083,False,,False,,,0.49,9.169999248115346e-05,0,0.0,0.0,0.0,228826,False,False,rejected,Synthetic reviewer rejected because the outage scope and recovery evidence need clarification.,False,True,False,10.009169999248115,0.0,0,55,synthetic-eval-v1
43,A0,"Rule-based, single process",TCK-00055,Critical,Critical,0.862859930658124,0.862859930658124,False,,False,,,0.49,9.729999874252826e-05,0,0.0,0.0,0.0,233032,True,False,accepted,"Synthetic reviewer accepted after confirming incident impact, mitigation scope, and a rollback owner.",False,True,False,0.05,0.0,0,56,synthetic-eval-v1
43,A0,"Rule-based, single process",TCK-00056,Low,Low,0.8007042484122854,0.06612112713626266,False,TCK-00052,True,0.0,0.14285714285714285,0.49,0.00010679999104468152,0,0.0,0.0,0.0,237304,False,False,not_required,,False,True,False,1.0106799991044682,0.0,0,,synthetic-eval-v1
43,A0,"Rule-based, single process",TCK-00057,Medium,Medium,0.853749381807979,0.04890396303808233,False,,False,,,0.49,9.309999586548656e-05,0,0.0,0.0,0.0,241402,True,False,not_required,,False,True,False,2.0093099995865487,0.0,0,,synthetic-eval-v1
43,A0,"Rule-based, single process",TCK-00058,High,High,0.8538700899625539,0.04795449641022654,False,,False,,,0.49,8.769999840296805e-05,0,0.0,0.0,0.0,246002,False,False,rejected,Synthetic reviewer rejected because the outage scope and recovery evidence need clarification.,False,True,False,3.008769999840297,0.0,0,59,synthetic-eval-v1
43,A0,"Rule-based, single process",TCK-00059,Critical,Critical,0.8564847290781947,0.8564847290781947,False,,False,,,0.49,9.610001143300906e-05,0,0.0,0.0,0.0,250210,True,False,accepted,"Synthetic reviewer accepted after confirming incident impact, mitigation scope, and a rollback owner.",False,True,False,4.009610001143301,0.0,0,60,synthetic-eval-v1
43,A0,"Rule-based, single process",TCK-00060,Low,Low,0.8518948693449513,0.04785810883390618,False,,False,,,0.49,9.610000415705144e-05,0,0.0,0.0,0.0,254386,False,False,not_required,,False,True,False,5.009610000415705,0.0,1,,synthetic-eval-v1
43,A0,"Rule-based, single process",TCK-00061,Medium,Medium,0.8362736676929803,0.05199750853232584,False,,False,,,0.49,8.659999730298296e-05,0,0.0,0.0,0.0,258596,False,False,not_required,,False,True,False,6.008659999730298,0.0,0,,synthetic-eval-v1
43,A0,"Rule-based, single process",TCK-00062,High,High,0.838554217094338,0.053731536525832256,False,,False,,,0.49,0.00011129998893011361,0,0.0,0.0,0.0,262772,False,False,rejected,Synthetic reviewer rejected because the outage scope and recovery evidence need clarification.,False,True,False,7.011129998893011,0.0,0,63,synthetic-eval-v1
43,A0,"Rule-based, single process",TCK-00063,Critical,Critical,0.8165952592987219,0.8165952592987219,False,TCK-00059,True,0.0,0.1111111111111111,0.49,0.00010169999586651102,0,0.0,0.0,0.0,267096,True,False,accepted,"Synthetic reviewer accepted after confirming incident impact, mitigation scope, and a rollback owner.",False,True,False,8.010169999586651,0.0,0,64,synthetic-eval-v1
43,A0,"Rule-based, single process",TCK-00064,Low,Low,0.8292001202677719,0.05142986268233387,False,,False,,,0.49,0.00010399999882793054,0,0.0,0.0,0.0,271164,False,False,not_required,,False,True,False,9.010399999882793,0.0,0,,synthetic-eval-v1
43,A0,"Rule-based, single process",TCK-00065,Medium,Medium,0.8549600697094387,0.0463666621705446,False,,False,,,0.49,9.030000364873558e-05,0,0.0,0.0,0.0,275506,False,False,not_required,,False,True,False,10.009030000364874,0.0,0,,synthetic-eval-v1
43,A0,"Rule-based, single process",TCK-00066,High,High,0.8550622263934423,0.048774243389664955,False,,False,,,0.49,8.710000111022964e-05,0,0.0,0.0,0.0,280226,False,False,rejected,Synthetic reviewer rejected because the outage scope and recovery evidence need clarification.,False,True,False,0.05,0.0,0,67,synthetic-eval-v1
43,A0,"Rule-based, single process",TCK-00067,Critical,Critical,0.8511490185442244,0.8511490185442244,False,,False,,,0.49,9.199999476550147e-05,0,0.0,0.0,0.0,284410,False,False,rejected,Synthetic reviewer rejected because impact evidence or the safe mitigation and rollback plan was incomplete.,False,False,False,1.0091999994765501,0.0,0,68,synthetic-eval-v1
43,A0,"Rule-based, single process",TCK-00068,Low,Low,0.853590479569902,0.048460635307089266,False,,False,,,0.49,9.369999315822497e-05,0,0.0,0.0,0.0,288586,False,False,not_required,,False,True,False,2.0093699993158225,0.0,0,,synthetic-eval-v1
43,A0,"Rule-based, single process",TCK-00069,Medium,Medium,0.8693766557305554,0.04413519719667005,False,,False,,,0.49,0.00010350000229664147,0,0.0,0.0,0.0,292792,False,False,not_required,,False,True,False,3.010350000229664,0.0,0,,synthetic-eval-v1
43,A0,"Rule-based, single process",TCK-00070,High,High,0.8016168357314332,0.068772646089144,True,TCK-00066,True,0.0,0.1,0.49,9.109999518841505e-05,0,0.0,0.0,0.0,297088,False,False,rejected,Synthetic reviewer rejected because the outage scope and recovery evidence need clarification.,False,True,False,4.0091099995188415,0.0,1,71,synthetic-eval-v1
43,A0,"Rule-based, single process",TCK-00071,Critical,Critical,0.8442816369448426,0.8442816369448426,True,,False,,,0.49,8.979999256553128e-05,0,0.0,0.0,0.0,301186,True,False,accepted,"Synthetic reviewer accepted after confirming incident impact, mitigation scope, and a rollback owner.",False,True,False,5.008979999256553,0.0,0,72,synthetic-eval-v1
43,A0,"Rule-based, single process",TCK-00072,Low,Low,0.8377013374402393,0.050366733848489185,True,,False,,,0.49,8.53000019560568e-05,0,0.0,0.0,0.0,305402,True,False,not_required,,False,True,False,6.008530000195606,0.0,0,,synthetic-eval-v1
43,A0,"Rule-based, single process",TCK-00073,Medium,Medium,0.8475588076486362,0.05559932001599991,True,,False,,,0.49,9.599999611964449e-05,0,0.0,0.0,0.0,309610,False,False,not_required,,False,True,False,7.0095999996119644,0.0,0,,synthetic-eval-v1
43,A0,"Rule-based, single process",TCK-00074,High,High,0.8387441991971007,0.04782740679963653,True,,False,,,0.49,8.92000098247081e-05,0,0.0,0.0,0.0,313788,False,False,rejected,Synthetic reviewer rejected because the outage scope and recovery evidence need clarification.,False,True,False,8.00892000098247,0.0,0,75,synthetic-eval-v1
43,A0,"Rule-based, single process",TCK-00075,Critical,Critical,0.8389042960080438,0.8389042960080438,True,,False,,,0.49,0.00014910000027157366,0,0.0,0.0,0.0,317996,True,False,accepted,"Synthetic reviewer accepted after confirming incident impact, mitigation scope, and a rollback owner.",False,True,False,9.014910000027157,0.0,0,76,synthetic-eval-v1
43,A0,"Rule-based, single process",TCK-00076,Low,Low,0.8458970633309528,0.051046435977455035,True,,False,,,0.49,8.829999569570646e-05,0,0.0,0.0,0.0,322684,False,False,not_required,,False,True,False,10.00882999956957,0.0,0,,synthetic-eval-v1
43,A0,"Rule-based, single process",TCK-00077,Medium,Medium,0.7815826120694069,0.0798437782664959,True,TCK-00073,True,0.0,0.09090909090909091,0.49,9.06000059330836e-05,0,0.0,0.0,0.0,327136,False,False,not_required,,False,True,False,0.05,0.0,0,,synthetic-eval-v1
43,A0,"Rule-based, single process",TCK-00078,High,High,0.8681642707603108,0.043345357602973034,True,,False,,,0.49,9.010000212583691e-05,0,0.0,0.0,0.0,331330,True,False,accepted,"Synthetic reviewer accepted after confirming affected services, customer impact, and the recovery plan.",False,True,False,1.0090100002125837,0.0,0,79,synthetic-eval-v1
43,A0,"Rule-based, single process",TCK-00079,Critical,Critical,0.862859930658124,0.862859930658124,True,,False,,,0.49,9.660000068834051e-05,0,0.0,0.0,0.0,335554,False,False,rejected,Synthetic reviewer rejected because impact evidence or the safe mitigation and rollback plan was incomplete.,False,False,False,2.009660000068834,0.0,0,80,synthetic-eval-v1
43,A0,"Rule-based, single process",TCK-00080,Low,Low,0.8550061096256867,0.04821840529914237,True,,False,,,0.49,0.0001512000017100945,0,0.0,0.0,0.0,339730,False,False,not_required,,False,True,False,3.0151200001710095,0.0,1,,synthetic-eval-v1
43,A0,"Rule-based, single process",TCK-00081,Medium,Medium,0.8562948067520701,0.04784968890086689,True,,False,,,0.49,8.750000415602699e-05,0,0.0,0.0,0.0,343938,False,False,not_required,,False,True,False,4.008750000415603,0.0,0,,synthetic-eval-v1
43,A0,"Rule-based, single process",TCK-00082,High,High,0.8681642707603108,0.043345357602973034,True,,False,,,0.49,8.910000178730115e-05,0,0.0,0.0,0.0,348114,False,False,rejected,Synthetic reviewer rejected because the outage scope and recovery evidence need clarification.,False,True,False,5.00891000017873,0.0,0,83,synthetic-eval-v1
43,A0,"Rule-based, single process",TCK-00083,Critical,Critical,0.8459689995091471,0.8459689995091471,True,,False,,,0.49,8.960000559454784e-05,0,0.0,0.0,0.0,352322,False,False,rejected,Synthetic reviewer rejected because impact evidence or the safe mitigation and rollback plan was incomplete.,False,False,False,6.008960000559455,0.0,0,84,synthetic-eval-v1
43,A0,"Rule-based, single process",TCK-00084,Low,Low,0.7954778522294657,0.07028716415502985,True,TCK-00080,True,0.0,0.08333333333333333,0.49,9.839999256655574e-05,0,0.0,0.0,0.0,356616,False,False,not_required,,False,True,False,7.009839999256656,0.0,0,,synthetic-eval-v1
43,A0,"Rule-based, single process",TCK-00085,Medium,Medium,0.8480725008663166,0.053607500633655276,True,,False,,,0.49,0.00011670000094454736,0,0.0,0.0,0.0,360714,True,False,not_required,,False,True,False,8.011670000094455,0.0,0,,synthetic-eval-v1
43,A0,"Rule-based, single process",TCK-00086,High,High,0.8614692940095741,0.04563047216715349,True,,False,,,0.49,0.00010579999798210338,0,0.0,0.0,0.0,365506,True,False,accepted,"Synthetic reviewer accepted after confirming affected services, customer impact, and the recovery plan.",False,True,False,9.01057999979821,0.0,0,87,synthetic-eval-v1
43,A0,"Rule-based, single process",TCK-00087,Critical,Critical,0.8350285134153212,0.8350285134153212,True,,False,,,0.49,9.140001202467829e-05,0,0.0,0.0,0.0,369716,True,False,accepted,"Synthetic reviewer accepted after confirming incident impact, mitigation scope, and a rollback owner.",False,True,False,10.009140001202468,0.0,0,88,synthetic-eval-v1
43,A0,"Rule-based, single process",TCK-00088,Low,Low,0.8414100295996052,0.04988718920240437,True,,False,,,0.49,9.069999941857532e-05,0,0.0,0.0,0.0,373890,False,False,not_required,,False,True,False,0.05,0.0,0,,synthetic-eval-v1
43,A0,"Rule-based, single process",TCK-00089,Medium,Medium,0.8385259111751774,0.05215121629831999,True,,False,,,0.49,8.329999400302768e-05,0,0.0,0.0,0.0,378076,False,False,not_required,,False,True,False,1.0083299994003028,0.0,0,,synthetic-eval-v1
43,A0,"Rule-based, single process",TCK-00090,High,High,0.8218194675223233,0.052525159783148534,True,,False,,,0.49,8.920000254875049e-05,0,0.0,0.0,0.0,382252,False,False,rejected,Synthetic reviewer rejected because the outage scope and recovery evidence need clarification.,False,True,False,2.008920000254875,0.0,1,91,synthetic-eval-v1
43,A0,"Rule-based, single process",TCK-00091,Critical,Critical,0.8006604303624894,0.8006604303624894,True,TCK-00087,True,0.0,0.08333333333333333,0.49,9.840000711847097e-05,0,0.0,0.0,0.0,386578,True,False,accepted,"Synthetic reviewer accepted after confirming incident impact, mitigation scope, and a rollback owner.",False,True,False,3.009840000711847,0.0,0,92,synthetic-eval-v1
43,A0,"Rule-based, single process",TCK-00092,Low,Low,0.8557169628258435,0.047316819883089896,True,,False,,,0.49,8.520000847056508e-05,0,0.0,0.0,0.0,390642,False,False,not_required,,False,True,False,4.0085200008470565,0.0,0,,synthetic-eval-v1
43,A0,"Rule-based, single process",TCK-00093,Medium,Medium,0.8693766557305554,0.04413519719667005,True,,False,,,0.49,8.389999129576609e-05,0,0.0,0.0,0.0,395018,True,False,not_required,,False,True,False,5.008389999129577,0.0,0,,synthetic-eval-v1
43,A0,"Rule-based, single process",TCK-00094,High,High,0.8550621545422863,0.04877412376915083,True,,False,,,0.49,8.600000001024455e-05,0,0.0,0.0,0.0,399322,True,False,accepted,"Synthetic reviewer accepted after confirming affected services, customer impact, and the recovery plan.",False,False,True,6.0086000000010245,1.5,0,95,synthetic-eval-v1
43,A0,"Rule-based, single process",TCK-00095,Critical,Critical,0.8461865665988143,0.8461865665988143,True,,False,,,0.49,8.519999391864985e-05,0,0.0,0.0,0.0,403530,True,False,accepted,"Synthetic reviewer accepted after confirming incident impact, mitigation scope, and a rollback owner.",False,True,False,7.008519999391865,0.0,0,96,synthetic-eval-v1
43,A0,"Rule-based, single process",TCK-00096,Low,Low,0.8501645660321341,0.05196598809745027,True,,False,,,0.49,0.00010290000500390306,0,0.0,0.0,0.0,407730,False,False,not_required,,False,True,False,8.01029000050039,0.0,0,,synthetic-eval-v1
43,A0,"Rule-based, single process",TCK-00097,Medium,Medium,0.8504415522415901,0.04856567500668707,True,,False,,,0.49,9.519999730400741e-05,0,0.0,0.0,0.0,411938,False,False,not_required,,False,True,False,9.0095199997304,0.0,0,,synthetic-eval-v1
43,A0,"Rule-based, single process",TCK-00098,High,High,0.7947265731709391,0.07354134538988656,True,TCK-00094,True,0.0,0.07692307692307693,0.49,8.410000009462237e-05,0,0.0,0.0,0.0,416872,False,False,rejected,Synthetic reviewer rejected because the outage scope and recovery evidence need clarification.,False,True,False,10.008410000009462,0.0,0,99,synthetic-eval-v1
43,A0,"Rule-based, single process",TCK-00099,Critical,Critical,0.8523599433511347,0.8523599433511347,True,,False,,,0.49,8.429998706560582e-05,0,0.0,0.0,0.0,420970,False,False,rejected,Synthetic reviewer rejected because impact evidence or the safe mitigation and rollback plan was incomplete.,False,False,False,0.05,0.0,0,100,synthetic-eval-v1
43,A1,Single agent,TCK-00000,Low,Low,0.8700398407856871,0.043487651128950554,False,,False,,,0.75,0.00012689999857684597,1778,6.0,168.0,0.0,4290,False,False,not_required,,False,True,False,0.05,0.0,0,,synthetic-eval-v1
43,A1,Single agent,TCK-00001,Medium,Medium,0.8531351012442894,0.049085412716905974,False,,False,,,0.75,9.849999332800508e-05,1778,6.0,180.0,0.0,8811,True,False,not_required,,False,True,False,1.0098499993328005,0.0,0,,synthetic-eval-v1
43,A1,Single agent,TCK-00002,High,High,0.852023608317996,0.04713623181070126,False,,False,,,0.75,0.00010230000043520704,1778,6.0,168.0,0.0,13259,False,False,rejected,Synthetic reviewer rejected because the outage scope and recovery evidence need clarification.,False,False,True,2.0102300000435207,1.0,0,35,synthetic-eval-v1
43,A1,Single agent,TCK-00003,Critical,Critical,0.8558447543861,0.8558447543861,False,,False,,,0.75,9.850000060396269e-05,1778,6.0,180.0,0.0,17571,True,False,accepted,"Synthetic reviewer accepted after confirming incident impact, mitigation scope, and a rollback owner.",False,False,True,3.0098500000603963,1.25,0,37,synthetic-eval-v1
43,A1,Single agent,TCK-00004,Low,Low,0.855006248567221,0.04821850247196599,False,,False,,,0.75,9.890000364976004e-05,1778,6.0,168.0,0.0,21931,False,False,not_required,,False,True,False,4.009890000364976,0.0,0,,synthetic-eval-v1
43,A1,Single agent,TCK-00005,Medium,Medium,0.8531351232957672,0.04908550823485689,False,,False,,,0.75,0.00010910000855801627,1778,6.0,180.0,0.0,26483,False,False,not_required,,False,True,False,5.010910000855802,0.0,0,,synthetic-eval-v1
43,A1,Single agent,TCK-00006,High,High,0.8528732329384061,0.047290637030778404,False,,False,,,0.75,0.00011949999316129833,1778,6.0,168.0,0.0,31315,False,False,rejected,Synthetic reviewer rejected because the outage scope and recovery evidence need clarification.,False,True,False,6.01194999931613,0.0,0,36,synthetic-eval-v1
43,A1,Single agent,TCK-00007,Critical,Critical,0.8185445816453365,0.8185445816453365,False,TCK-00003,True,1.0,1.0,0.75,0.00012209999113110825,1778,6.0,264.0,0.0,36126,True,False,accepted,"Synthetic reviewer accepted after confirming incident impact, mitigation scope, and a rollback owner.",False,True,False,7.012209999113111,0.0,0,21,synthetic-eval-v1
43,A1,Single agent,TCK-00008,Low,Low,0.8550061096256867,0.04821840529914237,False,,False,,,0.75,0.0001303999961237423,1778,6.0,168.0,0.0,40891,False,False,not_required,,False,True,False,8.013039999612374,0.0,0,,synthetic-eval-v1
43,A1,Single agent,TCK-00009,Medium,Medium,0.8352949043867358,0.05142762444045166,False,,False,,,0.75,0.00016250000771833584,1778,6.0,180.0,0.0,45692,False,False,not_required,,False,True,False,9.016250000771834,0.0,1,,synthetic-eval-v1
43,A1,Single agent,TCK-00010,High,High,0.8431458199373457,0.05062329302554749,False,,False,,,0.75,0.00012169999536126852,1778,6.0,168.0,0.0,50604,False,False,rejected,Synthetic reviewer rejected because the outage scope and recovery evidence need clarification.,False,True,False,10.012169999536127,0.0,0,20,synthetic-eval-v1
43,A1,Single agent,TCK-00011,Critical,Critical,0.831882673550841,0.831882673550841,False,,False,,,0.75,0.0001171000039903447,1778,6.0,180.0,0.0,55244,True,False,accepted,"Synthetic reviewer accepted after confirming incident impact, mitigation scope, and a rollback owner.",False,False,True,0.05,1.75,0,16,synthetic-eval-v1
43,A1,Single agent,TCK-00012,Low,Low,0.829304618630078,0.05577150785509166,False,,False,,,0.75,0.00011749999976018444,1778,6.0,168.0,0.0,59804,False,False,not_required,,False,True,False,1.0117499999760184,0.0,0,,synthetic-eval-v1
43,A1,Single agent,TCK-00013,Medium,Medium,0.8431823356471879,0.04913428468187057,False,,False,,,0.75,0.00011500000255182385,1778,6.0,180.0,0.0,64251,False,False,not_required,,False,True,False,2.0115000002551824,0.0,0,,synthetic-eval-v1
43,A1,Single agent,TCK-00014,High,High,0.7963701964313062,0.06687629772240493,False,TCK-00010,True,1.0,1.0,0.75,0.00011639999138424173,1778,6.0,258.0,0.0,68770,False,False,rejected,Synthetic reviewer rejected because the outage scope and recovery evidence need clarification.,False,True,False,3.011639999138424,0.0,0,3,synthetic-eval-v1
43,A1,Single agent,TCK-00015,Critical,Critical,0.8497739988392897,0.8497739988392897,False,,False,,,0.75,0.00013770000077784061,1778,6.0,180.0,0.0,73267,True,False,accepted,"Synthetic reviewer accepted after confirming incident impact, mitigation scope, and a rollback owner.",False,True,False,4.013770000077784,0.0,0,10,synthetic-eval-v1
43,A1,Single agent,TCK-00016,Low,Low,0.8700398407856871,0.043487651128950554,False,,False,,,0.75,0.00011720001202775165,1778,6.0,168.0,0.0,77738,False,False,not_required,,False,True,False,5.011720001202775,0.0,0,,synthetic-eval-v1
43,A1,Single agent,TCK-00017,Medium,Medium,0.8570642924546165,0.048278080732703614,False,,False,,,0.75,0.0001185999863082543,1778,6.0,180.0,0.0,82251,False,False,not_required,,False,True,False,6.011859998630825,0.0,0,,synthetic-eval-v1
43,A1,Single agent,TCK-00018,High,High,0.8415074667633183,0.049029615795848414,False,,False,,,0.75,0.0001162000116892159,1778,6.0,168.0,0.0,86907,False,False,rejected,Synthetic reviewer rejected because the outage scope and recovery evidence need clarification.,False,True,False,7.011620001168922,0.0,0,15,synthetic-eval-v1
43,A1,Single agent,TCK-00019,Critical,Critical,0.8424402419270981,0.8424402419270981,False,,False,,,0.75,0.00011699998867698014,1778,6.0,180.0,0.0,91355,False,False,rejected,Synthetic reviewer rejected because impact evidence or the safe mitigation and rollback plan was incomplete.,False,False,False,8.011699998867698,0.0,1,34,synthetic-eval-v1
43,A1,Single agent,TCK-00020,Low,Low,0.8557169628258435,0.047316819883089896,False,,False,,,0.75,0.00019850000535370782,1778,6.0,168.0,0.0,95787,False,False,not_required,,False,True,False,9.01985000053537,0.0,0,,synthetic-eval-v1
43,A1,Single agent,TCK-00021,Medium,Medium,0.8000682361720105,0.06778308253675412,False,TCK-00017,True,1.0,1.0,0.75,0.00011839999206131324,1778,6.0,270.0,0.0,100488,True,False,not_required,,False,True,False,10.011839999206131,0.0,0,,synthetic-eval-v1
43,A1,Single agent,TCK-00022,High,High,0.8270841947606575,0.05239754036939901,False,,False,,,0.75,0.00011620000441325828,1778,6.0,168.0,0.0,104836,False,False,rejected,Synthetic reviewer rejected because the outage scope and recovery evidence need clarification.,False,True,False,0.05,0.0,0,23,synthetic-eval-v1
43,A1,Single agent,TCK-00023,Critical,Critical,0.8303453823454707,0.8303453823454707,False,,False,,,0.75,0.00011460000678198412,1778,6.0,180.0,0.0,109324,True,False,accepted,"Synthetic reviewer accepted after confirming incident impact, mitigation scope, and a rollback owner.",False,True,False,1.0114600006781984,0.0,0,46,synthetic-eval-v1
43,A1,Single agent,TCK-00024,Low,Low,0.8418792016203525,0.05227920065157154,False,,False,,,0.75,0.00011539999832166359,1778,6.0,168.0,0.0,113924,False,False,not_required,,False,True,False,2.0115399998321664,0.0,0,,synthetic-eval-v1
43,A1,Single agent,TCK-00025,Medium,Medium,0.8228211619891037,0.05283881997716485,False,,False,,,0.75,0.00013530000433092937,1778,6.0,180.0,0.0,118436,False,False,not_required,,False,True,False,3.013530000433093,0.0,0,,synthetic-eval-v1
43,A1,Single agent,TCK-00026,High,High,0.8520634762098691,0.04843645148294443,False,,False,,,0.75,0.00011440000525908545,1778,6.0,168.0,0.0,122931,False,False,rejected,Synthetic reviewer rejected because the outage scope and recovery evidence need clarification.,False,True,False,4.0114400005259085,0.0,0,24,synthetic-eval-v1
43,A1,Single agent,TCK-00027,Critical,Critical,0.8509943723565986,0.8509943723565986,False,,False,,,0.75,0.00011400000948924571,1778,6.0,180.0,0.0,127379,True,False,accepted,"Synthetic reviewer accepted after confirming incident impact, mitigation scope, and a rollback owner.",False,True,False,5.011400000948925,0.0,0,1,synthetic-eval-v1
43,A1,Single agent,TCK-00028,Low,Low,0.7953268618280553,0.06934540114347083,False,TCK-00024,True,1.0,1.0,0.75,0.00011579999409150332,1778,6.0,258.0,0.0,132122,False,False,not_required,,False,True,False,6.01157999940915,0.0,0,,synthetic-eval-v1
43,A1,Single agent,TCK-00029,Medium,Medium,0.8693766557305554,0.04413519719667005,False,,False,,,0.75,0.00012109998351661488,1778,6.0,180.0,0.0,136490,False,False,not_required,,False,True,False,7.0121099983516615,0.0,1,,synthetic-eval-v1
43,A1,Single agent,TCK-00030,High,High,0.8462904076752094,0.0484428739697171,False,,False,,,0.75,0.0001269999993382953,1778,6.0,168.0,0.0,140963,False,False,rejected,Synthetic reviewer rejected because the outage scope and recovery evidence need clarification.,False,True,False,8.01269999993383,0.0,0,32,synthetic-eval-v1
43,A1,Single agent,TCK-00031,Critical,Critical,0.8569008533965287,0.8569008533965287,False,,False,,,0.75,0.00011549999908311293,1778,6.0,180.0,0.0,145411,True,False,accepted,"Synthetic reviewer accepted after confirming incident impact, mitigation scope, and a rollback owner.",False,True,False,9.011549999908311,0.0,0,4,synthetic-eval-v1
43,A1,Single agent,TCK-00032,Low,Low,0.8505729773796271,0.04904587156187942,False,,False,,,0.75,0.00011329999688314274,1778,6.0,168.0,0.0,149843,False,False,not_required,,False,True,False,10.011329999688314,0.0,0,,synthetic-eval-v1
43,A1,Single agent,TCK-00033,Medium,Medium,0.8536720585592503,0.04909527243384254,False,,False,,,0.75,0.0001148999945144169,1778,6.0,180.0,0.0,154611,False,False,not_required,,False,True,False,0.05,0.0,0,,synthetic-eval-v1
43,A1,Single agent,TCK-00034,High,High,0.8573155487564167,0.0458621253688117,False,,False,,,0.75,0.00012639998749364167,1778,6.0,168.0,0.0,159107,False,False,rejected,Synthetic reviewer rejected because the outage scope and recovery evidence need clarification.,False,False,True,1.0126399987493642,1.5,0,13,synthetic-eval-v1
43,A1,Single agent,TCK-00035,Critical,Critical,0.811984109974079,0.811984109974079,False,TCK-00031,True,1.0,0.5,0.75,0.00011359999916749075,1778,6.0,270.0,0.0,163624,True,False,accepted,"Synthetic reviewer accepted after confirming incident impact, mitigation scope, and a rollback owner.",False,False,True,2.011359999916749,1.75,0,29,synthetic-eval-v1
43,A1,Single agent,TCK-00036,Low,Low,0.8269019930454705,0.05345045613728936,False,,False,,,0.75,0.00011270000686636195,1778,6.0,168.0,0.0,167996,True,False,not_required,,False,True,False,3.011270000686636,0.0,0,,synthetic-eval-v1
43,A1,Single agent,TCK-00037,Medium,Medium,0.831019936412858,0.05482593584108542,False,,False,,,0.75,0.00014870001905364916,1778,6.0,180.0,0.0,172508,False,False,not_required,,False,True,False,4.014870001905365,0.0,0,,synthetic-eval-v1
43,A1,Single agent,TCK-00038,High,High,0.8353572143648225,0.05012680746217446,False,,False,,,0.75,0.0001306000049225986,1778,6.0,168.0,0.0,177228,False,False,rejected,Synthetic reviewer rejected because the outage scope and recovery evidence need clarification.,False,True,False,5.01306000049226,0.0,0,48,synthetic-eval-v1
43,A1,Single agent,TCK-00039,Critical,Critical,0.8509944930769814,0.8509944930769814,False,,False,,,0.75,0.00011430000449763611,1778,6.0,180.0,0.0,181675,False,False,rejected,Synthetic reviewer rejected because impact evidence or the safe mitigation and rollback plan was incomplete.,False,False,False,6.011430000449764,0.0,1,39,synthetic-eval-v1
43,A1,Single agent,TCK-00040,Low,Low,0.8536255971825929,0.048701143976862815,False,,False,,,0.75,0.0001134999911300838,1778,6.0,168.0,0.0,186107,False,False,not_required,,False,True,False,7.011349999113008,0.0,0,,synthetic-eval-v1
43,A1,Single agent,TCK-00041,Medium,Medium,0.8536720067460716,0.04909534627879115,False,,False,,,0.75,0.0001297999988310039,1778,6.0,180.0,0.0,190651,False,False,not_required,,False,True,False,8.0129799998831,0.0,0,,synthetic-eval-v1
43,A1,Single agent,TCK-00042,High,High,0.7906122390486968,0.06690165317553996,False,TCK-00038,True,1.0,0.5,0.75,0.00011300000915070996,1778,6.0,258.0,0.0,195266,False,False,rejected,Synthetic reviewer rejected because the outage scope and recovery evidence need clarification.,False,False,True,9.011300000915071,0.5,0,44,synthetic-eval-v1
43,A1,Single agent,TCK-00043,Critical,Critical,0.8419957269564744,0.8419957269564744,False,,False,,,0.75,0.00011160000576637685,1778,6.0,180.0,0.0,199635,True,False,accepted,"Synthetic reviewer accepted after confirming incident impact, mitigation scope, and a rollback owner.",False,True,False,10.011160000576638,0.0,0,40,synthetic-eval-v1
43,A1,Single agent,TCK-00044,Low,Low,0.8536254120229452,0.048701263046350855,False,,False,,,0.75,0.00015830000484129414,1778,6.0,168.0,0.0,204451,False,False,not_required,,False,True,False,0.05,0.0,0,,synthetic-eval-v1
43,A1,Single agent,TCK-00045,Medium,Medium,0.8525190580164844,0.05070120580652789,False,,False,,,0.75,0.0001106000054278411,1778,6.0,180.0,0.0,208899,False,False,not_required,,False,True,False,1.011060000542784,0.0,0,,synthetic-eval-v1
43,A1,Single agent,TCK-00046,High,High,0.8435926270279985,0.05263062846691128,False,,False,,,0.75,0.00011139998969156295,1778,6.0,168.0,0.0,213307,False,False,rejected,Synthetic reviewer rejected because the outage scope and recovery evidence need clarification.,False,False,True,2.0111399989691563,1.5,0,17,synthetic-eval-v1
43,A1,Single agent,TCK-00047,Critical,Critical,0.8511488160876918,0.8511488160876918,False,,False,,,0.75,0.00011180000001331791,1778,6.0,180.0,0.0,217755,True,False,accepted,"Synthetic reviewer accepted after confirming incident impact, mitigation scope, and a rollback owner.",False,True,False,3.011180000001332,0.0,0,41,synthetic-eval-v1
43,A1,Single agent,TCK-00048,Low,Low,0.825527712965796,0.05232847888853941,False,,False,,,0.75,0.00012739998783217743,1778,6.0,168.0,0.0,222212,False,False,not_required,,False,True,False,4.012739998783218,0.0,0,,synthetic-eval-v1
43,A1,Single agent,TCK-00049,Medium,Medium,0.7951044616826172,0.06999619503239629,False,TCK-00045,True,1.0,0.5,0.75,0.00010919999476755038,1778,6.0,270.0,0.0,226752,False,False,not_required,,False,True,False,5.010919999476755,0.0,1,,synthetic-eval-v1
43,A1,Single agent,TCK-00050,High,High,0.8399305622050569,0.05092857574444346,False,,False,,,0.75,0.00011049999011447653,1778,6.0,168.0,0.0,231099,False,False,rejected,Synthetic reviewer rejected because the outage scope and recovery evidence need clarification.,False,True,False,6.011049999011448,0.0,0,50,synthetic-eval-v1
43,A1,Single agent,TCK-00051,Critical,Critical,0.8407714763566033,0.8407714763566033,False,,False,,,0.75,0.00012510000669863075,1778,6.0,180.0,0.0,235891,True,False,accepted,"Synthetic reviewer accepted after confirming incident impact, mitigation scope, and a rollback owner.",False,True,False,7.012510000669863,0.0,0,19,synthetic-eval-v1
43,A1,Single agent,TCK-00052,Low,Low,0.8609891353753497,0.04552845221584462,False,,False,,,0.75,0.00010960000508930534,1778,6.0,168.0,0.0,240275,False,False,not_required,,False,True,False,8.01096000050893,0.0,0,,synthetic-eval-v1
43,A1,Single agent,TCK-00053,Medium,Medium,0.8693766557305554,0.04413519719667005,False,,False,,,0.75,0.0001306999911321327,1778,6.0,180.0,0.0,244770,False,False,not_required,,False,True,False,9.013069999113213,0.0,0,,synthetic-eval-v1
43,A1,Single agent,TCK-00054,High,High,0.8550621545422863,0.04877412376915083,False,,False,,,0.75,0.00012299998343223706,1778,6.0,168.0,0.0,249251,True,False,accepted,"Synthetic reviewer accepted after confirming affected services, customer impact, and the recovery plan.",False,True,False,10.012299998343224,0.0,0,28,synthetic-eval-v1
43,A1,Single agent,TCK-00055,Critical,Critical,0.862859930658124,0.862859930658124,False,,False,,,0.75,0.00027150000823894516,1778,6.0,180.0,0.0,253650,True,False,accepted,"Synthetic reviewer accepted after confirming incident impact, mitigation scope, and a rollback owner.",False,True,False,0.05,0.0,0,14,synthetic-eval-v1
43,A1,Single agent,TCK-00056,Low,Low,0.8007042484122854,0.06612112713626266,False,TCK-00052,True,1.0,1.0,0.75,0.00028839999868068844,1778,6.0,258.0,0.0,258096,False,False,not_required,,False,True,False,1.0288399998680688,0.0,0,,synthetic-eval-v1
43,A1,Single agent,TCK-00057,Medium,Medium,0.853749381807979,0.04890396303808233,False,,False,,,0.75,0.0001463999942643568,1778,6.0,180.0,0.0,262419,True,False,not_required,,False,True,False,2.0146399994264357,0.0,0,,synthetic-eval-v1
43,A1,Single agent,TCK-00058,High,High,0.8538700899625539,0.04795449641022654,False,,False,,,0.75,0.00013380000018514693,1778,6.0,168.0,0.0,267227,False,False,rejected,Synthetic reviewer rejected because the outage scope and recovery evidence need clarification.,False,True,False,3.0133800000185147,0.0,0,11,synthetic-eval-v1
43,A1,Single agent,TCK-00059,Critical,Critical,0.8564847290781947,0.8564847290781947,False,,False,,,0.75,0.00012250000145286322,1778,6.0,180.0,0.0,271627,False,False,rejected,Synthetic reviewer rejected because impact evidence or the safe mitigation and rollback plan was incomplete.,False,False,False,4.012250000145286,0.0,1,30,synthetic-eval-v1
43,A1,Single agent,TCK-00060,Low,Low,0.8518948693449513,0.04785810883390618,False,,False,,,0.75,0.0001300999865634367,1778,6.0,168.0,0.0,276011,False,False,not_required,,False,True,False,5.013009998656344,0.0,0,,synthetic-eval-v1
43,A1,Single agent,TCK-00061,Medium,Medium,0.8362736676929803,0.05199750853232584,False,,False,,,0.75,0.00014619999274145812,1778,6.0,180.0,0.0,280412,False,False,not_required,,False,True,False,6.014619999274146,0.0,0,,synthetic-eval-v1
43,A1,Single agent,TCK-00062,High,High,0.838554217094338,0.053731536525832256,False,,False,,,0.75,0.0003020000003743917,1778,6.0,168.0,0.0,284796,False,False,rejected,Synthetic reviewer rejected because the outage scope and recovery evidence need clarification.,False,True,False,7.030200000037439,0.0,0,26,synthetic-eval-v1
43,A1,Single agent,TCK-00063,Critical,Critical,0.8165952592987219,0.8165952592987219,False,TCK-00059,True,1.0,0.5,0.75,0.00020309999672463164,1778,6.0,270.0,0.0,289288,True,False,accepted,"Synthetic reviewer accepted after confirming incident impact, mitigation scope, and a rollback owner.",False,False,True,8.020309999672463,1.25,0,6,synthetic-eval-v1
43,A1,Single agent,TCK-00064,Low,Low,0.8292001202677719,0.05142986268233387,False,,False,,,0.75,0.00013449999823933467,1778,6.0,168.0,0.0,293588,False,False,not_required,,False,True,False,9.013449999823933,0.0,0,,synthetic-eval-v1
43,A1,Single agent,TCK-00065,Medium,Medium,0.8549600697094387,0.0463666621705446,False,,False,,,0.75,0.00027740000950871035,1778,6.0,180.0,0.0,298147,False,False,not_required,,False,True,False,10.027740000950871,0.0,0,,synthetic-eval-v1
43,A1,Single agent,TCK-00066,High,High,0.8550622263934423,0.048774243389664955,False,,False,,,0.75,0.0001294999965466559,1778,6.0,168.0,0.0,303075,False,False,rejected,Synthetic reviewer rejected because the outage scope and recovery evidence need clarification.,False,True,False,0.05,0.0,0,9,synthetic-eval-v1
43,A1,Single agent,TCK-00067,Critical,Critical,0.8511490185442244,0.8511490185442244,False,,False,,,0.75,0.00013639999087899923,1778,6.0,180.0,0.0,307451,False,False,rejected,Synthetic reviewer rejected because impact evidence or the safe mitigation and rollback plan was incomplete.,False,False,False,1.0136399990879,0.0,0,18,synthetic-eval-v1
43,A1,Single agent,TCK-00068,Low,Low,0.853590479569902,0.048460635307089266,False,,False,,,0.75,0.00013219999527791515,1778,6.0,168.0,0.0,311835,False,False,not_required,,False,True,False,2.0132199995277915,0.0,0,,synthetic-eval-v1
43,A1,Single agent,TCK-00069,Medium,Medium,0.8693766557305554,0.04413519719667005,False,,False,,,0.75,0.00013579999358626083,1778,6.0,180.0,0.0,316234,False,False,not_required,,False,True,False,3.013579999358626,0.0,1,,synthetic-eval-v1
43,A1,Single agent,TCK-00070,High,High,0.8016168357314332,0.068772646089144,True,TCK-00066,True,1.0,0.3333333333333333,0.75,0.0001224000079673715,1778,6.0,258.0,0.0,320704,False,False,rejected,Synthetic reviewer rejected because the outage scope and recovery evidence need clarification.,False,True,False,4.012240000796737,0.0,0,49,synthetic-eval-v1
43,A1,Single agent,TCK-00071,Critical,Critical,0.8442816369448426,0.8442816369448426,True,,False,,,0.75,0.0001379000095766969,1778,6.0,180.0,0.0,325027,False,False,rejected,Synthetic reviewer rejected because impact evidence or the safe mitigation and rollback plan was incomplete.,False,False,False,5.01379000095767,0.0,0,25,synthetic-eval-v1
43,A1,Single agent,TCK-00072,Low,Low,0.8377013374402393,0.050366733848489185,True,,False,,,0.75,0.00011900000390596688,1778,6.0,168.0,0.0,329451,False,False,not_required,,False,True,False,6.011900000390597,0.0,0,,synthetic-eval-v1
43,A1,Single agent,TCK-00073,Medium,Medium,0.8475588076486362,0.05559932001599991,True,,False,,,0.75,0.00015109999367268756,1778,6.0,180.0,0.0,333851,True,False,not_required,,False,True,False,7.015109999367269,0.0,0,,synthetic-eval-v1
43,A1,Single agent,TCK-00074,High,High,0.8387441991971007,0.04782740679963653,True,,False,,,0.75,0.0001199999896925874,1778,6.0,168.0,0.0,338236,True,False,accepted,"Synthetic reviewer accepted after confirming affected services, customer impact, and the recovery plan.",False,False,True,8.011999998969259,1.0,0,12,synthetic-eval-v1
43,A1,Single agent,TCK-00075,Critical,Critical,0.8389042960080438,0.8389042960080438,True,,False,,,0.75,0.00019590000010794029,1778,6.0,180.0,0.0,342636,True,False,accepted,"Synthetic reviewer accepted after confirming incident impact, mitigation scope, and a rollback owner.",False,True,False,9.019590000010794,0.0,0,38,synthetic-eval-v1
43,A1,Single agent,TCK-00076,Low,Low,0.8458970633309528,0.051046435977455035,True,,False,,,0.75,0.0004222999996272847,1778,6.0,168.0,0.015625,347556,False,False,not_required,,False,True,False,10.042229999962728,0.0,0,,synthetic-eval-v1
43,A1,Single agent,TCK-00077,Medium,Medium,0.7815826120694069,0.0798437782664959,True,TCK-00073,True,1.0,0.5,0.75,0.00015839999832678586,1778,6.0,270.0,0.0,352176,False,False,not_required,,False,True,False,0.05,0.0,0,,synthetic-eval-v1
43,A1,Single agent,TCK-00078,High,High,0.8681642707603108,0.043345357602973034,True,,False,,,0.75,0.00013100000069243833,1778,6.0,168.0,0.0,356603,False,False,rejected,Synthetic reviewer rejected because the outage scope and recovery evidence need clarification.,False,True,False,1.0131000000692438,0.0,0,7,synthetic-eval-v1
43,A1,Single agent,TCK-00079,Critical,Critical,0.862859930658124,0.862859930658124,True,,False,,,0.75,0.00017380000645061955,1778,6.0,180.0,0.0,361019,False,False,rejected,Synthetic reviewer rejected because impact evidence or the safe mitigation and rollback plan was incomplete.,False,False,False,2.017380000645062,0.0,1,2,synthetic-eval-v1
43,A1,Single agent,TCK-00080,Low,Low,0.8550061096256867,0.04821840529914237,True,,False,,,0.75,0.00012009998317807913,1778,6.0,168.0,0.0,365403,False,False,not_required,,False,True,False,3.012009998317808,0.0,0,,synthetic-eval-v1
43,A1,Single agent,TCK-00081,Medium,Medium,0.8562948067520701,0.04784968890086689,True,,False,,,0.75,0.00016959999629762024,1778,6.0,180.0,0.0,369803,False,False,not_required,,False,True,False,4.016959999629762,0.0,0,,synthetic-eval-v1
43,A1,Single agent,TCK-00082,High,High,0.8681642707603108,0.043345357602973034,True,,False,,,0.75,0.0001201000195578672,1778,6.0,168.0,0.0,374187,False,False,rejected,Synthetic reviewer rejected because the outage scope and recovery evidence need clarification.,False,True,False,5.012010001955787,0.0,0,8,synthetic-eval-v1
43,A1,Single agent,TCK-00083,Critical,Critical,0.8459689995091471,0.8459689995091471,True,,False,,,0.75,0.00015439999697264284,1778,6.0,180.0,0.0,378587,True,False,accepted,"Synthetic reviewer accepted after confirming incident impact, mitigation scope, and a rollback owner.",False,True,False,6.015439999697264,0.0,0,22,synthetic-eval-v1
43,A1,Single agent,TCK-00084,Low,Low,0.7954778522294657,0.07028716415502985,True,TCK-00080,True,1.0,0.5,0.75,0.00011839999933727086,1778,6.0,258.0,0.0,383056,False,False,not_required,,False,True,False,7.011839999933727,0.0,0,,synthetic-eval-v1
43,A1,Single agent,TCK-00085,Medium,Medium,0.8480725008663166,0.053607500633655276,True,,False,,,0.75,0.0001322999960393645,1778,6.0,180.0,0.0,387379,True,False,not_required,,False,True,False,8.013229999603936,0.0,0,,synthetic-eval-v1
43,A1,Single agent,TCK-00086,High,High,0.8614692940095741,0.04563047216715349,True,,False,,,0.75,0.00014519999967887998,1778,6.0,168.0,0.0,392379,False,False,rejected,Synthetic reviewer rejected because the outage scope and recovery evidence need clarification.,False,True,False,9.014519999967888,0.0,0,27,synthetic-eval-v1
43,A1,Single agent,TCK-00087,Critical,Critical,0.8350285134153212,0.8350285134153212,True,,False,,,0.75,0.00013159999798517674,1778,6.0,180.0,0.0,396780,True,False,accepted,"Synthetic reviewer accepted after confirming incident impact, mitigation scope, and a rollback owner.",False,False,True,10.013159999798518,1.25,0,31,synthetic-eval-v1
43,A1,Single agent,TCK-00088,Low,Low,0.8414100295996052,0.04988718920240437,True,,False,,,0.75,0.00011660000018309802,1778,6.0,168.0,0.0,401163,False,False,not_required,,False,True,False,0.05,0.0,0,,synthetic-eval-v1
43,A1,Single agent,TCK-00089,Medium,Medium,0.8385259111751774,0.05215121629831999,True,,False,,,0.75,0.0001300000076298602,1778,6.0,180.0,0.0,405564,True,False,not_required,,False,True,False,1.013000000762986,0.0,1,,synthetic-eval-v1
43,A1,Single agent,TCK-00090,High,High,0.8218194675223233,0.052525159783148534,True,,False,,,0.75,0.00011600001016631722,1778,6.0,168.0,0.0,409948,False,False,rejected,Synthetic reviewer rejected because the outage scope and recovery evidence need clarification.,False,True,False,2.0116000010166317,0.0,0,47,synthetic-eval-v1
43,A1,Single agent,TCK-00091,Critical,Critical,0.8006604303624894,0.8006604303624894,True,TCK-00087,True,1.0,0.3333333333333333,0.75,0.00012910000077681616,1778,6.0,270.0,0.0,414442,True,False,accepted,"Synthetic reviewer accepted after confirming incident impact, mitigation scope, and a rollback owner.",False,True,False,3.0129100000776816,0.0,0,33,synthetic-eval-v1
43,A1,Single agent,TCK-00092,Low,Low,0.8557169628258435,0.047316819883089896,True,,False,,,0.75,0.0001753999968059361,1778,6.0,168.0,0.0,418739,False,False,not_required,,False,True,False,4.017539999680594,0.0,0,,synthetic-eval-v1
43,A1,Single agent,TCK-00093,Medium,Medium,0.8693766557305554,0.04413519719667005,True,,False,,,0.75,0.00013109999417793006,1778,6.0,180.0,0.0,423307,False,False,not_required,,False,True,False,5.013109999417793,0.0,0,,synthetic-eval-v1
43,A1,Single agent,TCK-00094,High,High,0.8550621545422863,0.04877412376915083,True,,False,,,0.75,0.00013129999570082873,1778,6.0,168.0,0.0,427819,False,False,rejected,Synthetic reviewer rejected because the outage scope and recovery evidence need clarification.,False,True,False,6.013129999570083,0.0,0,45,synthetic-eval-v1
43,A1,Single agent,TCK-00095,Critical,Critical,0.8461865665988143,0.8461865665988143,True,,False,,,0.75,0.00011609999637585133,1778,6.0,180.0,0.0,432219,True,False,accepted,"Synthetic reviewer accepted after confirming incident impact, mitigation scope, and a rollback owner.",False,True,False,7.011609999637585,0.0,0,42,synthetic-eval-v1
43,A1,Single agent,TCK-00096,Low,Low,0.8501645660321341,0.05196598809745027,True,,False,,,0.75,0.00013059999764664099,1778,6.0,168.0,0.0,436603,False,False,not_required,,False,True,False,8.013059999764664,0.0,0,,synthetic-eval-v1
43,A1,Single agent,TCK-00097,Medium,Medium,0.8504415522415901,0.04856567500668707,True,,False,,,0.75,0.00011409998842282221,1778,6.0,180.0,0.0,441003,False,False,not_required,,False,True,False,9.011409998842282,0.0,0,,synthetic-eval-v1
43,A1,Single agent,TCK-00098,High,High,0.7947265731709391,0.07354134538988656,True,TCK-00094,True,1.0,0.5,0.75,0.0001266999970539473,1778,6.0,258.0,0.0,446112,True,False,accepted,"Synthetic reviewer accepted after confirming affected services, customer impact, and the recovery plan.",False,True,False,10.012669999705395,0.0,0,43,synthetic-eval-v1
43,A1,Single agent,TCK-00099,Critical,Critical,0.8523599433511347,0.8523599433511347,True,,False,,,0.75,0.00011380000796634704,1778,6.0,180.0,0.0,450435,True,False,accepted,"Synthetic reviewer accepted after confirming incident impact, mitigation scope, and a rollback owner.",False,True,False,0.05,0.0,1,5,synthetic-eval-v1
43,A2,Multi-agent with static agents,TCK-00000,Low,Low,0.8700398407856871,0.043487651128950554,False,,False,,,0.75,0.00013010000839130953,3556,12.0,168.0,0.0,4026,False,False,not_required,,False,True,False,0.05,0.0,0,,synthetic-eval-v1
43,A2,Multi-agent with static agents,TCK-00001,Medium,Medium,0.8531351012442894,0.049085412716905974,False,,False,,,0.75,0.00011190000077476725,3556,12.0,180.0,0.0,8227,True,False,not_required,,False,True,False,1.0111900000774767,0.0,0,,synthetic-eval-v1
43,A2,Multi-agent with static agents,TCK-00002,High,High,0.852023608317996,0.04713623181070126,False,,False,,,0.75,0.00011719999747583643,3556,12.0,168.0,0.0,12299,False,False,rejected,Synthetic reviewer rejected because the outage scope and recovery evidence need clarification.,False,True,False,2.0117199997475836,0.0,0,3,synthetic-eval-v1
43,A2,Multi-agent with static agents,TCK-00003,Critical,Critical,0.8558447543861,0.8558447543861,False,,False,,,0.75,0.0001145000132964924,3556,12.0,180.0,0.0,16291,True,False,accepted,"Synthetic reviewer accepted after confirming incident impact, mitigation scope, and a rollback owner.",False,True,False,3.0114500013296492,0.0,0,15,synthetic-eval-v1
43,A2,Multi-agent with static agents,TCK-00004,Low,Low,0.855006248567221,0.04821850247196599,False,,False,,,0.75,0.00015659999917261302,3556,12.0,168.0,0.0,20331,False,False,not_required,,False,True,False,4.015659999917261,0.0,0,,synthetic-eval-v1
43,A2,Multi-agent with static agents,TCK-00005,Medium,Medium,0.8531351232957672,0.04908550823485689,False,,False,,,0.75,0.00012080000306013972,3556,12.0,180.0,0.0,24515,False,False,not_required,,False,True,False,5.012080000306014,0.0,0,,synthetic-eval-v1
43,A2,Multi-agent with static agents,TCK-00006,High,High,0.8528732329384061,0.047290637030778404,False,,False,,,0.75,0.00013359999138629064,3556,12.0,168.0,0.0,29027,False,False,rejected,Synthetic reviewer rejected because the outage scope and recovery evidence need clarification.,False,True,False,6.013359999138629,0.0,0,4,synthetic-eval-v1
43,A2,Multi-agent with static agents,TCK-00007,Critical,Critical,0.8185445816453365,0.8185445816453365,False,TCK-00003,True,1.0,1.0,0.75,0.00013259999104775488,3556,12.0,264.0,0.0,33518,True,False,accepted,"Synthetic reviewer accepted after confirming incident impact, mitigation scope, and a rollback owner.",False,True,False,7.0132599991047755,0.0,0,47,synthetic-eval-v1
43,A2,Multi-agent with static agents,TCK-00008,Low,Low,0.8550061096256867,0.04821840529914237,False,,False,,,0.75,0.00013210000906838104,3556,12.0,168.0,0.0,37963,False,False,not_required,,False,True,False,8.013210000906838,0.0,1,,synthetic-eval-v1
43,A2,Multi-agent with static agents,TCK-00009,Medium,Medium,0.8352949043867358,0.05142762444045166,False,,False,,,0.75,0.00013939999917056412,3556,12.0,180.0,0.0,42444,False,False,not_required,,False,True,False,9.013939999917056,0.0,0,,synthetic-eval-v1
43,A2,Multi-agent with static agents,TCK-00010,High,High,0.8431458199373457,0.05062329302554749,False,,False,,,0.75,0.0001370999962091446,3556,12.0,168.0,0.0,47036,False,False,rejected,Synthetic reviewer rejected because the outage scope and recovery evidence need clarification.,False,False,True,10.013709999620914,1.5,0,34,synthetic-eval-v1
43,A2,Multi-agent with static agents,TCK-00011,Critical,Critical,0.831882673550841,0.831882673550841,False,,False,,,0.75,0.00013139998918632045,3556,12.0,180.0,0.0,51484,True,False,accepted,"Synthetic reviewer accepted after confirming incident impact, mitigation scope, and a rollback owner.",False,True,False,0.05,0.0,0,13,synthetic-eval-v1
43,A2,Multi-agent with static agents,TCK-00012,Low,Low,0.829304618630078,0.05577150785509166,False,,False,,,0.75,0.00012900000001536682,3556,12.0,168.0,0.0,56068,False,False,not_required,,False,True,False,1.0129000000015367,0.0,0,,synthetic-eval-v1
43,A2,Multi-agent with static agents,TCK-00013,Medium,Medium,0.8431823356471879,0.04913428468187057,False,,False,,,0.75,0.0001320999945164658,3556,12.0,180.0,0.0,60491,False,False,not_required,,False,True,False,2.0132099994516466,0.0,0,,synthetic-eval-v1
43,A2,Multi-agent with static agents,TCK-00014,High,High,0.7963701964313062,0.06687629772240493,False,TCK-00010,True,1.0,1.0,0.75,0.00014730000839335844,3556,12.0,258.0,0.0,65010,False,False,rejected,Synthetic reviewer rejected because the outage scope and recovery evidence need clarification.,False,True,False,3.014730000839336,0.0,0,27,synthetic-eval-v1
43,A2,Multi-agent with static agents,TCK-00015,Critical,Critical,0.8497739988392897,0.8497739988392897,False,,False,,,0.75,0.00013660000695381314,3556,12.0,180.0,0.0,69507,True,False,accepted,"Synthetic reviewer accepted after confirming incident impact, mitigation scope, and a rollback owner.",False,True,False,4.013660000695381,0.0,0,42,synthetic-eval-v1
43,A2,Multi-agent with static agents,TCK-00016,Low,Low,0.8700398407856871,0.043487651128950554,False,,False,,,0.75,0.0001277999981539324,3556,12.0,168.0,0.0,73978,False,False,not_required,,False,True,False,5.012779999815393,0.0,0,,synthetic-eval-v1
43,A2,Multi-agent with static agents,TCK-00017,Medium,Medium,0.8570642924546165,0.048278080732703614,False,,False,,,0.75,0.00012959999730810523,3556,12.0,180.0,0.0,78491,False,False,not_required,,False,True,False,6.0129599997308105,0.0,0,,synthetic-eval-v1
43,A2,Multi-agent with static agents,TCK-00018,High,High,0.8415074667633183,0.049029615795848414,False,,False,,,0.75,0.00013430001126835123,3556,12.0,168.0,0.0,83147,False,False,rejected,Synthetic reviewer rejected because the outage scope and recovery evidence need clarification.,False,True,False,7.013430001126835,0.0,1,16,synthetic-eval-v1
43,A2,Multi-agent with static agents,TCK-00019,Critical,Critical,0.8424402419270981,0.8424402419270981,False,,False,,,0.75,0.00015189999976428226,3556,12.0,180.0,0.0,87595,True,False,accepted,"Synthetic reviewer accepted after confirming incident impact, mitigation scope, and a rollback owner.",False,True,False,8.015189999976428,0.0,0,44,synthetic-eval-v1
43,A2,Multi-agent with static agents,TCK-00020,Low,Low,0.8557169628258435,0.047316819883089896,False,,False,,,0.75,0.00013220000982983038,3556,12.0,168.0,0.0,92027,False,False,not_required,,False,True,False,9.013220000982983,0.0,0,,synthetic-eval-v1
43,A2,Multi-agent with static agents,TCK-00021,Medium,Medium,0.8000682361720105,0.06778308253675412,False,TCK-00017,True,1.0,1.0,0.75,0.00013129998842487112,3556,12.0,270.0,0.0,96728,False,False,not_required,,False,True,False,10.013129998842487,0.0,0,,synthetic-eval-v1
43,A2,Multi-agent with static agents,TCK-00022,High,High,0.8270841947606575,0.05239754036939901,False,,False,,,0.75,0.00013129999570082873,3556,12.0,168.0,0.0,101076,False,False,rejected,Synthetic reviewer rejected because the outage scope and recovery evidence need clarification.,False,True,False,0.05,0.0,0,50,synthetic-eval-v1
43,A2,Multi-agent with static agents,TCK-00023,Critical,Critical,0.8303453823454707,0.8303453823454707,False,,False,,,0.75,0.00016309999773511663,3556,12.0,180.0,0.0,105564,False,False,rejected,Synthetic reviewer rejected because impact evidence or the safe mitigation and rollback plan was incomplete.,False,False,False,1.0163099997735117,0.0,0,49,synthetic-eval-v1
43,A2,Multi-agent with static agents,TCK-00024,Low,Low,0.8418792016203525,0.05227920065157154,False,,False,,,0.75,0.00013169999874662608,3556,12.0,168.0,0.0,110164,False,False,not_required,,False,True,False,2.0131699998746626,0.0,0,,synthetic-eval-v1
43,A2,Multi-agent with static agents,TCK-00025,Medium,Medium,0.8228211619891037,0.05283881997716485,False,,False,,,0.75,0.0001320000083069317,3556,12.0,180.0,0.0,114676,False,False,not_required,,False,True,False,3.013200000830693,0.0,0,,synthetic-eval-v1
43,A2,Multi-agent with static agents,TCK-00026,High,High,0.8520634762098691,0.04843645148294443,False,,False,,,0.75,0.00014089999604038894,3556,12.0,168.0,0.0,119171,True,False,accepted,"Synthetic reviewer accepted after confirming affected services, customer impact, and the recovery plan.",False,False,True,4.014089999604039,1.0,0,40,synthetic-eval-v1
43,A2,Multi-agent with static agents,TCK-00027,Critical,Critical,0.8509943723565986,0.8509943723565986,False,,False,,,0.75,0.00014820002252236009,3556,12.0,180.0,0.0,123619,False,False,rejected,Synthetic reviewer rejected because impact evidence or the safe mitigation and rollback plan was incomplete.,False,False,False,5.014820002252236,0.0,0,12,synthetic-eval-v1
43,A2,Multi-agent with static agents,TCK-00028,Low,Low,0.7953268618280553,0.06934540114347083,False,TCK-00024,True,1.0,1.0,0.75,0.0001311999949393794,3556,12.0,258.0,0.0,128386,False,False,not_required,,False,True,False,6.013119999493938,0.0,1,,synthetic-eval-v1
43,A2,Multi-agent with static agents,TCK-00029,Medium,Medium,0.8693766557305554,0.04413519719667005,False,,False,,,0.75,0.000130899999930989,3556,12.0,180.0,0.0,132754,False,False,not_required,,False,True,False,7.013089999993099,0.0,0,,synthetic-eval-v1
43,A2,Multi-agent with static agents,TCK-00030,High,High,0.8462904076752094,0.0484428739697171,False,,False,,,0.75,0.00017780000052880496,3556,12.0,168.0,0.0,137227,False,False,rejected,Synthetic reviewer rejected because the outage scope and recovery evidence need clarification.,False,True,False,8.01778000005288,0.0,0,25,synthetic-eval-v1
43,A2,Multi-agent with static agents,TCK-00031,Critical,Critical,0.8569008533965287,0.8569008533965287,False,,False,,,0.75,0.00014040000678505749,3556,12.0,180.0,0.0,141675,True,False,accepted,"Synthetic reviewer accepted after confirming incident impact, mitigation scope, and a rollback owner.",False,True,False,9.014040000678506,0.0,0,8,synthetic-eval-v1
43,A2,Multi-agent with static agents,TCK-00032,Low,Low,0.8505729773796271,0.04904587156187942,False,,False,,,0.75,0.00013860000763088465,3556,12.0,168.0,0.015625,146107,False,False,not_required,,False,True,False,10.013860000763088,0.0,0,,synthetic-eval-v1
43,A2,Multi-agent with static agents,TCK-00033,Medium,Medium,0.8536720585592503,0.04909527243384254,False,,False,,,0.75,0.0001658000037423335,3556,12.0,180.0,0.0,150875,False,False,not_required,,False,True,False,0.05,0.0,0,,synthetic-eval-v1
43,A2,Multi-agent with static agents,TCK-00034,High,High,0.8573155487564167,0.0458621253688117,False,,False,,,0.75,0.0001297999988310039,3556,12.0,168.0,0.0,155371,False,False,rejected,Synthetic reviewer rejected because the outage scope and recovery evidence need clarification.,False,True,False,1.0129799998831004,0.0,0,30,synthetic-eval-v1
43,A2,Multi-agent with static agents,TCK-00035,Critical,Critical,0.811984109974079,0.811984109974079,False,TCK-00031,True,1.0,0.5,0.75,0.00013079999916953966,3556,12.0,270.0,0.0,159888,False,False,rejected,Synthetic reviewer rejected because impact evidence or the safe mitigation and rollback plan was incomplete.,False,False,False,2.013079999916954,0.0,0,26,synthetic-eval-v1
43,A2,Multi-agent with static agents,TCK-00036,Low,Low,0.8269019930454705,0.05345045613728936,False,,False,,,0.75,0.0001382999907946214,3556,12.0,168.0,0.0,164236,False,False,not_required,,False,True,False,3.013829999079462,0.0,0,,synthetic-eval-v1
43,A2,Multi-agent with static agents,TCK-00037,Medium,Medium,0.831019936412858,0.05482593584108542,False,,False,,,0.75,0.00013809998927172273,3556,12.0,180.0,0.0,168724,False,False,not_required,,False,True,False,4.013809998927172,0.0,0,,synthetic-eval-v1
43,A2,Multi-agent with static agents,TCK-00038,High,High,0.8353572143648225,0.05012680746217446,False,,False,,,0.75,0.0001300999938393943,3556,12.0,168.0,0.0,173444,True,False,accepted,"Synthetic reviewer accepted after confirming affected services, customer impact, and the recovery plan.",False,True,False,5.013009999383939,0.0,1,22,synthetic-eval-v1
43,A2,Multi-agent with static agents,TCK-00039,Critical,Critical,0.8509944930769814,0.8509944930769814,False,,False,,,0.75,0.00013159999070921913,3556,12.0,180.0,0.0,177891,True,False,accepted,"Synthetic reviewer accepted after confirming incident impact, mitigation scope, and a rollback owner.",False,True,False,6.013159999070922,0.0,0,48,synthetic-eval-v1
43,A2,Multi-agent with static agents,TCK-00040,Low,Low,0.8536255971825929,0.048701143976862815,False,,False,,,0.75,0.000145800004247576,3556,12.0,168.0,0.0,182323,False,False,not_required,,False,True,False,7.014580000424758,0.0,0,,synthetic-eval-v1
43,A2,Multi-agent with static agents,TCK-00041,Medium,Medium,0.8536720067460716,0.04909534627879115,False,,False,,,0.75,0.00013199999375501648,3556,12.0,180.0,0.0,186867,False,False,not_required,,False,True,False,8.013199999375502,0.0,0,,synthetic-eval-v1
43,A2,Multi-agent with static agents,TCK-00042,High,High,0.7906122390486968,0.06690165317553996,False,TCK-00038,True,1.0,0.5,0.75,0.00013949999993201345,3556,12.0,258.0,0.0,191482,False,False,rejected,Synthetic reviewer rejected because the outage scope and recovery evidence need clarification.,False,True,False,9.013949999993201,0.0,0,43,synthetic-eval-v1
43,A2,Multi-agent with static agents,TCK-00043,Critical,Critical,0.8419957269564744,0.8419957269564744,False,,False,,,0.75,0.00013860000035492703,3556,12.0,180.0,0.0,195851,False,False,rejected,Synthetic reviewer rejected because impact evidence or the safe mitigation and rollback plan was incomplete.,False,False,False,10.013860000035493,0.0,0,11,synthetic-eval-v1
43,A2,Multi-agent with static agents,TCK-00044,Low,Low,0.8536254120229452,0.048701263046350855,False,,False,,,0.75,0.0001260999997612089,3556,12.0,168.0,0.0,200643,False,False,not_required,,False,True,False,0.05,0.0,0,,synthetic-eval-v1
43,A2,Multi-agent with static agents,TCK-00045,Medium,Medium,0.8525190580164844,0.05070120580652789,False,,False,,,0.75,0.00016849998792167753,3556,12.0,180.0,0.0,205091,True,False,not_required,,False,True,False,1.0168499987921678,0.0,0,,synthetic-eval-v1
43,A2,Multi-agent with static agents,TCK-00046,High,High,0.8435926270279985,0.05263062846691128,False,,False,,,0.75,0.00012630000128410757,3556,12.0,168.0,0.0,209499,False,False,rejected,Synthetic reviewer rejected because the outage scope and recovery evidence need clarification.,False,True,False,2.0126300001284108,0.0,0,17,synthetic-eval-v1
43,A2,Multi-agent with static agents,TCK-00047,Critical,Critical,0.8511488160876918,0.8511488160876918,False,,False,,,0.75,0.00012740000966005027,3556,12.0,180.0,0.0,213947,True,False,accepted,"Synthetic reviewer accepted after confirming incident impact, mitigation scope, and a rollback owner.",False,True,False,3.012740000966005,0.0,0,20,synthetic-eval-v1
43,A2,Multi-agent with static agents,TCK-00048,Low,Low,0.825527712965796,0.05232847888853941,False,,False,,,0.75,0.0001630000042496249,3556,12.0,168.0,0.0,218380,False,False,not_required,,False,True,False,4.0163000004249625,0.0,1,,synthetic-eval-v1
43,A2,Multi-agent with static agents,TCK-00049,Medium,Medium,0.7951044616826172,0.06999619503239629,False,TCK-00045,True,1.0,0.5,0.75,0.00012829998740926385,3556,12.0,270.0,0.0,222920,False,False,not_required,,False,True,False,5.012829998740926,0.0,0,,synthetic-eval-v1
43,A2,Multi-agent with static agents,TCK-00050,High,High,0.8399305622050569,0.05092857574444346,False,,False,,,0.75,0.00012509999942267314,3556,12.0,168.0,0.0,227267,False,False,rejected,Synthetic reviewer rejected because the outage scope and recovery evidence need clarification.,False,True,False,6.012509999942267,0.0,0,18,synthetic-eval-v1
43,A2,Multi-agent with static agents,TCK-00051,Critical,Critical,0.8407714763566033,0.8407714763566033,False,,False,,,0.75,0.0001556999995955266,3556,12.0,180.0,0.015625,232059,False,False,rejected,Synthetic reviewer rejected because impact evidence or the safe mitigation and rollback plan was incomplete.,False,False,False,7.015569999959553,0.0,0,32,synthetic-eval-v1
43,A2,Multi-agent with static agents,TCK-00052,Low,Low,0.8609891353753497,0.04552845221584462,False,,False,,,0.75,0.0001297999988310039,3556,12.0,168.0,0.0,236443,False,False,not_required,,False,True,False,8.0129799998831,0.0,0,,synthetic-eval-v1
43,A2,Multi-agent with static agents,TCK-00053,Medium,Medium,0.8693766557305554,0.04413519719667005,False,,False,,,0.75,0.00014850000297883525,3556,12.0,180.0,0.0,240938,False,False,not_required,,False,True,False,9.014850000297884,0.0,0,,synthetic-eval-v1
43,A2,Multi-agent with static agents,TCK-00054,High,High,0.8550621545422863,0.04877412376915083,False,,False,,,0.75,0.00014029999147169292,3556,12.0,168.0,0.0,245419,False,False,rejected,Synthetic reviewer rejected because the outage scope and recovery evidence need clarification.,False,True,False,10.01402999914717,0.0,0,7,synthetic-eval-v1
43,A2,Multi-agent with static agents,TCK-00055,Critical,Critical,0.862859930658124,0.862859930658124,False,,False,,,0.75,0.00012649999553104863,3556,12.0,180.0,0.0,249818,True,False,accepted,"Synthetic reviewer accepted after confirming incident impact, mitigation scope, and a rollback owner.",False,True,False,0.05,0.0,0,1,synthetic-eval-v1
43,A2,Multi-agent with static agents,TCK-00056,Low,Low,0.8007042484122854,0.06612112713626266,False,TCK-00052,True,1.0,1.0,0.75,0.0001418999963789247,3556,12.0,258.0,0.0,254264,False,False,not_required,,False,True,False,1.0141899996378925,0.0,0,,synthetic-eval-v1
43,A2,Multi-agent with static agents,TCK-00057,Medium,Medium,0.853749381807979,0.04890396303808233,False,,False,,,0.75,0.00012740000966005027,3556,12.0,180.0,0.0,258587,False,False,not_required,,False,True,False,2.012740000966005,0.0,0,,synthetic-eval-v1
43,A2,Multi-agent with static agents,TCK-00058,High,High,0.8538700899625539,0.04795449641022654,False,,False,,,0.75,0.00012660000356845558,3556,12.0,168.0,0.0,263395,False,False,rejected,Synthetic reviewer rejected because the outage scope and recovery evidence need clarification.,False,True,False,3.0126600003568456,0.0,1,45,synthetic-eval-v1
43,A2,Multi-agent with static agents,TCK-00059,Critical,Critical,0.8564847290781947,0.8564847290781947,False,,False,,,0.75,0.00014450001617660746,3556,12.0,180.0,0.0,267795,True,False,accepted,"Synthetic reviewer accepted after confirming incident impact, mitigation scope, and a rollback owner.",False,True,False,4.014450001617661,0.0,0,33,synthetic-eval-v1
43,A2,Multi-agent with static agents,TCK-00060,Low,Low,0.8518948693449513,0.04785810883390618,False,,False,,,0.75,0.0001303999961237423,3556,12.0,168.0,0.0,272179,False,False,not_required,,False,True,False,5.013039999612374,0.0,0,,synthetic-eval-v1
43,A2,Multi-agent with static agents,TCK-00061,Medium,Medium,0.8362736676929803,0.05199750853232584,False,,False,,,0.75,0.00015329999587265775,3556,12.0,180.0,0.0,276580,False,False,not_required,,False,True,False,6.015329999587266,0.0,0,,synthetic-eval-v1
43,A2,Multi-agent with static agents,TCK-00062,High,High,0.838554217094338,0.053731536525832256,False,,False,,,0.75,0.0001269999993382953,3556,12.0,168.0,0.0,280964,False,False,rejected,Synthetic reviewer rejected because the outage scope and recovery evidence need clarification.,False,True,False,7.0126999999338295,0.0,0,6,synthetic-eval-v1
43,A2,Multi-agent with static agents,TCK-00063,Critical,Critical,0.8165952592987219,0.8165952592987219,False,TCK-00059,True,1.0,0.5,0.75,0.00019300000712973997,3556,12.0,270.0,0.0,285456,False,False,rejected,Synthetic reviewer rejected because impact evidence or the safe mitigation and rollback plan was incomplete.,False,False,False,8.019300000712974,0.0,0,39,synthetic-eval-v1
43,A2,Multi-agent with static agents,TCK-00064,Low,Low,0.8292001202677719,0.05142986268233387,False,,False,,,0.75,0.0001252999936696142,3556,12.0,168.0,0.0,289756,False,False,not_required,,False,True,False,9.012529999366961,0.0,0,,synthetic-eval-v1
43,A2,Multi-agent with static agents,TCK-00065,Medium,Medium,0.8549600697094387,0.0463666621705446,False,,False,,,0.75,0.000207500001124572,3556,12.0,180.0,0.0,294291,False,False,not_required,,False,True,False,10.020750000112457,0.0,0,,synthetic-eval-v1
43,A2,Multi-agent with static agents,TCK-00066,High,High,0.8550622263934423,0.048774243389664955,False,,False,,,0.75,0.00012549999519251287,3556,12.0,168.0,0.0,299219,False,False,rejected,Synthetic reviewer rejected because the outage scope and recovery evidence need clarification.,False,True,False,0.05,0.0,0,28,synthetic-eval-v1
43,A2,Multi-agent with static agents,TCK-00067,Critical,Critical,0.8511490185442244,0.8511490185442244,False,,False,,,0.75,0.00016390000382671133,3556,12.0,180.0,0.0,303595,False,False,rejected,Synthetic reviewer rejected because impact evidence or the safe mitigation and rollback plan was incomplete.,False,False,False,1.0163900003826711,0.0,0,2,synthetic-eval-v1
43,A2,Multi-agent with static agents,TCK-00068,Low,Low,0.853590479569902,0.048460635307089266,False,,False,,,0.75,0.00013659999967785552,3556,12.0,168.0,0.0,307979,False,False,not_required,,False,True,False,2.0136599999677856,0.0,1,,synthetic-eval-v1
43,A2,Multi-agent with static agents,TCK-00069,Medium,Medium,0.8693766557305554,0.04413519719667005,False,,False,,,0.75,0.0001252999936696142,3556,12.0,180.0,0.0,312378,False,False,not_required,,False,True,False,3.0125299993669614,0.0,0,,synthetic-eval-v1
43,A2,Multi-agent with static agents,TCK-00070,High,High,0.8016168357314332,0.068772646089144,True,TCK-00066,True,1.0,0.5,0.75,0.00013860000035492703,3556,12.0,258.0,0.0,316848,False,False,rejected,Synthetic reviewer rejected because the outage scope and recovery evidence need clarification.,False,True,False,4.013860000035493,0.0,0,36,synthetic-eval-v1
43,A2,Multi-agent with static agents,TCK-00071,Critical,Critical,0.8442816369448426,0.8442816369448426,True,,False,,,0.75,0.0001281000004382804,3556,12.0,180.0,0.0,321171,True,False,accepted,"Synthetic reviewer accepted after confirming incident impact, mitigation scope, and a rollback owner.",False,False,True,5.012810000043828,1.75,0,5,synthetic-eval-v1
43,A2,Multi-agent with static agents,TCK-00072,Low,Low,0.8377013374402393,0.050366733848489185,True,,False,,,0.75,0.00015299999358830974,3556,12.0,168.0,0.0,325595,False,False,not_required,,False,True,False,6.015299999358831,0.0,0,,synthetic-eval-v1
43,A2,Multi-agent with static agents,TCK-00073,Medium,Medium,0.8475588076486362,0.05559932001599991,True,,False,,,0.75,0.0001348999940091744,3556,12.0,180.0,0.0,330019,False,False,not_required,,False,True,False,7.013489999400917,0.0,0,,synthetic-eval-v1
43,A2,Multi-agent with static agents,TCK-00074,High,High,0.8387441991971007,0.04782740679963653,True,,False,,,0.75,0.0001441000058548525,3556,12.0,168.0,0.0,334404,False,False,rejected,Synthetic reviewer rejected because the outage scope and recovery evidence need clarification.,False,True,False,8.014410000585485,0.0,0,19,synthetic-eval-v1
43,A2,Multi-agent with static agents,TCK-00075,Critical,Critical,0.8389042960080438,0.8389042960080438,True,,False,,,0.75,0.00012689999130088836,3556,12.0,180.0,0.0,338804,True,False,accepted,"Synthetic reviewer accepted after confirming incident impact, mitigation scope, and a rollback owner.",False,False,True,9.012689999130089,1.25,0,9,synthetic-eval-v1
43,A2,Multi-agent with static agents,TCK-00076,Low,Low,0.8458970633309528,0.051046435977455035,True,,False,,,0.75,0.00014240000018617138,3556,12.0,168.0,0.0,343700,False,False,not_required,,False,True,False,10.014240000018617,0.0,0,,synthetic-eval-v1
43,A2,Multi-agent with static agents,TCK-00077,Medium,Medium,0.7815826120694069,0.0798437782664959,True,TCK-00073,True,1.0,0.5,0.75,0.0001348000150755979,3556,12.0,270.0,0.0,348344,False,False,not_required,,False,True,False,0.05,0.0,0,,synthetic-eval-v1
43,A2,Multi-agent with static agents,TCK-00078,High,High,0.8681642707603108,0.043345357602973034,True,,False,,,0.75,0.0001407999952789396,3556,12.0,168.0,0.0,352771,False,False,rejected,Synthetic reviewer rejected because the outage scope and recovery evidence need clarification.,False,True,False,1.014079999527894,0.0,1,23,synthetic-eval-v1
43,A2,Multi-agent with static agents,TCK-00079,Critical,Critical,0.862859930658124,0.862859930658124,True,,False,,,0.75,0.00012769999739248306,3556,12.0,180.0,0.0,357187,True,False,accepted,"Synthetic reviewer accepted after confirming incident impact, mitigation scope, and a rollback owner.",False,True,False,2.0127699997392483,0.0,0,31,synthetic-eval-v1
43,A2,Multi-agent with static agents,TCK-00080,Low,Low,0.8550061096256867,0.04821840529914237,True,,False,,,0.75,0.00014350000128615648,3556,12.0,168.0,0.0,361571,False,False,not_required,,False,True,False,3.0143500001286156,0.0,0,,synthetic-eval-v1
43,A2,Multi-agent with static agents,TCK-00081,Medium,Medium,0.8562948067520701,0.04784968890086689,True,,False,,,0.75,0.0001283000092371367,3556,12.0,180.0,0.0,365971,False,False,not_required,,False,True,False,4.012830000923714,0.0,0,,synthetic-eval-v1
43,A2,Multi-agent with static agents,TCK-00082,High,High,0.8681642707603108,0.043345357602973034,True,,False,,,0.75,0.0001438000035705045,3556,12.0,168.0,0.0,370355,False,False,rejected,Synthetic reviewer rejected because the outage scope and recovery evidence need clarification.,False,True,False,5.0143800003570504,0.0,0,35,synthetic-eval-v1
43,A2,Multi-agent with static agents,TCK-00083,Critical,Critical,0.8459689995091471,0.8459689995091471,True,,False,,,0.75,0.0001277999981539324,3556,12.0,180.0,0.0,374755,True,False,accepted,"Synthetic reviewer accepted after confirming incident impact, mitigation scope, and a rollback owner.",False,True,False,6.012779999815393,0.0,0,37,synthetic-eval-v1
43,A2,Multi-agent with static agents,TCK-00084,Low,Low,0.7954778522294657,0.07028716415502985,True,TCK-00080,True,1.0,0.5,0.75,0.00014960000407882035,3556,12.0,258.0,0.0,379224,False,False,not_required,,False,True,False,7.014960000407882,0.0,0,,synthetic-eval-v1
43,A2,Multi-agent with static agents,TCK-00085,Medium,Medium,0.8480725008663166,0.053607500633655276,True,,False,,,0.75,0.00012869998317910358,3556,12.0,180.0,0.0,383547,False,False,not_required,,False,True,False,8.01286999831791,0.0,0,,synthetic-eval-v1
43,A2,Multi-agent with static agents,TCK-00086,High,High,0.8614692940095741,0.04563047216715349,True,,False,,,0.75,0.00014489999739453197,3556,12.0,168.0,0.0,388547,False,False,rejected,Synthetic reviewer rejected because the outage scope and recovery evidence need clarification.,False,True,False,9.014489999739453,0.0,0,14,synthetic-eval-v1
43,A2,Multi-agent with static agents,TCK-00087,Critical,Critical,0.8350285134153212,0.8350285134153212,True,,False,,,0.75,0.00017409999418305233,3556,12.0,180.0,0.0,392948,True,False,accepted,"Synthetic reviewer accepted after confirming incident impact, mitigation scope, and a rollback owner.",False,True,False,10.017409999418305,0.0,0,29,synthetic-eval-v1
43,A2,Multi-agent with static agents,TCK-00088,Low,Low,0.8414100295996052,0.04988718920240437,True,,False,,,0.75,0.0001289999854634516,3556,12.0,168.0,0.0,397331,False,False,not_required,,False,True,False,0.05,0.0,1,,synthetic-eval-v1
43,A2,Multi-agent with static agents,TCK-00089,Medium,Medium,0.8385259111751774,0.05215121629831999,True,,False,,,0.75,0.00014169999485602602,3556,12.0,180.0,0.0,401708,False,False,not_required,,False,True,False,1.0141699994856026,0.0,0,,synthetic-eval-v1
43,A2,Multi-agent with static agents,TCK-00090,High,High,0.8218194675223233,0.052525159783148534,True,,False,,,0.75,0.00012650000280700624,3556,12.0,168.0,0.0,406092,False,False,rejected,Synthetic reviewer rejected because the outage scope and recovery evidence need clarification.,False,True,False,2.0126500002807006,0.0,0,41,synthetic-eval-v1
43,A2,Multi-agent with static agents,TCK-00091,Critical,Critical,0.8006604303624894,0.8006604303624894,True,TCK-00087,True,1.0,0.3333333333333333,0.75,0.00014279999595601112,3556,12.0,270.0,0.0,410586,False,False,rejected,Synthetic reviewer rejected because impact evidence or the safe mitigation and rollback plan was incomplete.,False,False,False,3.014279999595601,0.0,0,38,synthetic-eval-v1
43,A2,Multi-agent with static agents,TCK-00092,Low,Low,0.8557169628258435,0.047316819883089896,True,,False,,,0.75,0.00015140000323299319,3556,12.0,168.0,0.0,414883,False,False,not_required,,False,True,False,4.015140000323299,0.0,0,,synthetic-eval-v1
43,A2,Multi-agent with static agents,TCK-00093,Medium,Medium,0.8693766557305554,0.04413519719667005,True,,False,,,0.75,0.00014239999291021377,3556,12.0,180.0,0.0,419451,False,False,not_required,,False,True,False,5.014239999291021,0.0,0,,synthetic-eval-v1
43,A2,Multi-agent with static agents,TCK-00094,High,High,0.8550621545422863,0.04877412376915083,True,,False,,,0.75,0.0001880000127130188,3556,12.0,168.0,0.0,423963,False,False,rejected,Synthetic reviewer rejected because the outage scope and recovery evidence need clarification.,False,True,False,6.018800001271302,0.0,0,46,synthetic-eval-v1
43,A2,Multi-agent with static agents,TCK-00095,Critical,Critical,0.8461865665988143,0.8461865665988143,True,,False,,,0.75,0.00012840000272262841,3556,12.0,180.0,0.0,428363,True,False,accepted,"Synthetic reviewer accepted after confirming incident impact, mitigation scope, and a rollback owner.",False,True,False,7.012840000272263,0.0,0,24,synthetic-eval-v1
43,A2,Multi-agent with static agents,TCK-00096,Low,Low,0.8501645660321341,0.05196598809745027,True,,False,,,0.75,0.00014239998563425615,3556,12.0,168.0,0.0,432747,False,False,not_required,,False,True,False,8.014239998563426,0.0,0,,synthetic-eval-v1
43,A2,Multi-agent with static agents,TCK-00097,Medium,Medium,0.8504415522415901,0.04856567500668707,True,,False,,,0.75,0.0001357000001007691,3556,12.0,180.0,0.0,437147,True,False,not_required,,False,True,False,9.013570000010077,0.0,0,,synthetic-eval-v1
43,A2,Multi-agent with static agents,TCK-00098,High,High,0.7947265731709391,0.07354134538988656,True,TCK-00094,True,1.0,0.5,0.75,0.0001412999990861863,3556,12.0,258.0,0.0,442256,False,False,rejected,Synthetic reviewer rejected because the outage scope and recovery evidence need clarification.,False,True,False,10.014129999908619,0.0,1,21,synthetic-eval-v1
43,A2,Multi-agent with static agents,TCK-00099,Critical,Critical,0.8523599433511347,0.8523599433511347,True,,False,,,0.75,0.00020979999681003392,3556,12.0,180.0,0.0,446579,True,False,accepted,"Synthetic reviewer accepted after confirming incident impact, mitigation scope, and a rollback owner.",False,True,False,0.05,0.0,0,10,synthetic-eval-v1
43,A3,Multi-agent with mobile agents,TCK-00000,Low,Low,0.8700398407856871,0.043487651128950554,False,,False,,,0.75,0.00014290000399341807,4161,13.0,168.0,0.0,4110,False,True,not_required,,False,True,False,0.05,0.0,0,,synthetic-eval-v1
43,A3,Multi-agent with mobile agents,TCK-00001,Medium,Medium,0.8531351012442894,0.049085412716905974,False,,False,,,0.75,0.00013080000644549727,4161,13.0,180.0,0.0,8395,False,True,not_required,,False,True,False,1.0130800006445497,0.0,0,,synthetic-eval-v1
43,A3,Multi-agent with mobile agents,TCK-00002,High,High,0.852023608317996,0.04713623181070126,False,,False,,,0.75,0.0001503000021330081,4161,13.0,168.0,0.0,12551,False,True,rejected,Synthetic reviewer rejected because the outage scope and recovery evidence need clarification.,False,True,False,2.015030000213301,0.0,0,32,synthetic-eval-v1
43,A3,Multi-agent with mobile agents,TCK-00003,Critical,Critical,0.8558447543861,0.8558447543861,False,,False,,,0.75,0.00012790000619133934,4161,13.0,180.0,0.0,16627,False,False,rejected,Synthetic reviewer rejected because impact evidence or the safe mitigation and rollback plan was incomplete.,False,False,False,3.012790000619134,0.0,0,31,synthetic-eval-v1
43,A3,Multi-agent with mobile agents,TCK-00004,Low,Low,0.855006248567221,0.04821850247196599,False,,False,,,0.75,0.00012730000162264332,4161,13.0,168.0,0.0,20751,False,False,not_required,,False,True,False,4.012730000162264,0.0,0,,synthetic-eval-v1
43,A3,Multi-agent with mobile agents,TCK-00005,Medium,Medium,0.8531351232957672,0.04908550823485689,False,,False,,,0.75,0.00013180000678403303,4161,13.0,180.0,0.0,25019,False,False,not_required,,False,True,False,5.013180000678403,0.0,0,,synthetic-eval-v1
43,A3,Multi-agent with mobile agents,TCK-00006,High,High,0.8528732329384061,0.047290637030778404,False,,False,,,0.75,0.00014500000543193892,4161,13.0,168.0,0.0,29615,False,False,rejected,Synthetic reviewer rejected because the outage scope and recovery evidence need clarification.,False,True,False,6.014500000543194,0.0,0,39,synthetic-eval-v1
43,A3,Multi-agent with mobile agents,TCK-00007,Critical,Critical,0.8185445816453365,0.8185445816453365,False,TCK-00003,True,1.0,1.0,0.75,0.0001660999987507239,4161,13.0,264.0,0.0,34190,False,False,rejected,Synthetic reviewer rejected because impact evidence or the safe mitigation and rollback plan was incomplete.,False,False,False,7.016609999875072,0.0,1,35,synthetic-eval-v1
43,A3,Multi-agent with mobile agents,TCK-00008,Low,Low,0.8550061096256867,0.04821840529914237,False,,False,,,0.75,0.00019410000095376745,4161,13.0,168.0,0.0,38719,False,False,not_required,,False,True,False,8.019410000095377,0.0,0,,synthetic-eval-v1
43,A3,Multi-agent with mobile agents,TCK-00009,Medium,Medium,0.8352949043867358,0.05142762444045166,False,,False,,,0.75,0.00014350000128615648,4161,13.0,180.0,0.0,43284,False,False,not_required,,False,True,False,9.014350000128616,0.0,0,,synthetic-eval-v1
43,A3,Multi-agent with mobile agents,TCK-00010,High,High,0.8431458199373457,0.05062329302554749,False,,False,,,0.75,0.00014319999172585085,4161,13.0,168.0,0.0,47960,False,False,rejected,Synthetic reviewer rejected because the outage scope and recovery evidence need clarification.,False,True,False,10.014319999172585,0.0,0,30,synthetic-eval-v1
43,A3,Multi-agent with mobile agents,TCK-00011,Critical,Critical,0.831882673550841,0.831882673550841,False,,False,,,0.75,0.0001429999974789098,4161,13.0,180.0,0.0,52492,True,False,accepted,"Synthetic reviewer accepted after confirming incident impact, mitigation scope, and a rollback owner.",False,True,False,0.05,0.0,0,27,synthetic-eval-v1
43,A3,Multi-agent with mobile agents,TCK-00012,Low,Low,0.829304618630078,0.05577150785509166,False,,False,,,0.75,0.00021040000137872994,4161,13.0,168.0,0.0,57136,False,False,not_required,,False,True,False,1.021040000137873,0.0,0,,synthetic-eval-v1
43,A3,Multi-agent with mobile agents,TCK-00013,Medium,Medium,0.8431823356471879,0.04913428468187057,False,,False,,,0.75,0.00014479998935712501,4161,13.0,180.0,0.0,61643,False,False,not_required,,False,True,False,2.0144799989357125,0.0,0,,synthetic-eval-v1
43,A3,Multi-agent with mobile agents,TCK-00014,High,High,0.7963701964313062,0.06687629772240493,False,TCK-00010,True,1.0,1.0,0.75,0.00014290000399341807,4161,13.0,258.0,0.0,66246,True,False,accepted,"Synthetic reviewer accepted after confirming affected services, customer impact, and the recovery plan.",False,True,False,3.014290000399342,0.0,0,47,synthetic-eval-v1
43,A3,Multi-agent with mobile agents,TCK-00015,Critical,Critical,0.8497739988392897,0.8497739988392897,False,,False,,,0.75,0.0001419000036548823,4161,13.0,180.0,0.0,70827,False,False,rejected,Synthetic reviewer rejected because impact evidence or the safe mitigation and rollback plan was incomplete.,False,False,False,4.014190000365488,0.0,0,12,synthetic-eval-v1
43,A3,Multi-agent with mobile agents,TCK-00016,Low,Low,0.8700398407856871,0.043487651128950554,False,,False,,,0.75,0.00014170000213198364,4161,13.0,168.0,0.0,75382,False,True,not_required,,False,True,False,5.014170000213198,0.0,0,,synthetic-eval-v1
43,A3,Multi-agent with mobile agents,TCK-00017,Medium,Medium,0.8570642924546165,0.048278080732703614,False,,False,,,0.75,0.00016000001050997525,4161,13.0,180.0,0.0,79979,False,False,not_required,,False,True,False,6.0160000010509975,0.0,1,,synthetic-eval-v1
43,A3,Multi-agent with mobile agents,TCK-00018,High,High,0.8415074667633183,0.049029615795848414,False,,False,,,0.75,0.00014240000018617138,4161,13.0,168.0,0.0,84719,False,False,rejected,Synthetic reviewer rejected because the outage scope and recovery evidence need clarification.,False,False,True,7.014240000018617,0.5,0,18,synthetic-eval-v1
43,A3,Multi-agent with mobile agents,TCK-00019,Critical,Critical,0.8424402419270981,0.8424402419270981,False,,False,,,0.75,0.00014439999358728528,4161,13.0,180.0,0.0,89251,True,False,accepted,"Synthetic reviewer accepted after confirming incident impact, mitigation scope, and a rollback owner.",False,False,True,8.014439999358729,0.75,0,21,synthetic-eval-v1
43,A3,Multi-agent with mobile agents,TCK-00020,Low,Low,0.8557169628258435,0.047316819883089896,False,,False,,,0.75,0.00014279999595601112,4161,13.0,168.0,0.0,93791,False,False,not_required,,False,True,False,9.014279999595601,0.0,0,,synthetic-eval-v1
43,A3,Multi-agent with mobile agents,TCK-00021,Medium,Medium,0.8000682361720105,0.06778308253675412,False,TCK-00017,True,1.0,1.0,0.75,0.00017040000966517255,4161,13.0,270.0,0.0,98600,True,False,not_required,,False,True,False,10.017040000966517,0.0,0,,synthetic-eval-v1
43,A3,Multi-agent with mobile agents,TCK-00022,High,High,0.8270841947606575,0.05239754036939901,False,,False,,,0.75,0.00014369999553309754,4161,13.0,168.0,0.0,103032,False,False,rejected,Synthetic reviewer rejected because the outage scope and recovery evidence need clarification.,False,True,False,0.05,0.0,0,41,synthetic-eval-v1
43,A3,Multi-agent with mobile agents,TCK-00023,Critical,Critical,0.8303453823454707,0.8303453823454707,False,,False,,,0.75,0.0001435000158380717,4161,13.0,180.0,0.0,107604,True,False,accepted,"Synthetic reviewer accepted after confirming incident impact, mitigation scope, and a rollback owner.",False,True,False,1.0143500015838072,0.0,0,44,synthetic-eval-v1
43,A3,Multi-agent with mobile agents,TCK-00024,Low,Low,0.8418792016203525,0.05227920065157154,False,,False,,,0.75,0.00015099999291123822,4161,13.0,168.0,0.0,112288,True,True,not_required,,True,True,False,2.015099999291124,0.0,0,,synthetic-eval-v1
43,A3,Multi-agent with mobile agents,TCK-00025,Medium,Medium,0.8228211619891037,0.05283881997716485,False,,False,,,0.75,0.00015630000416422263,4161,13.0,180.0,0.0,116884,True,True,not_required,,True,True,False,3.0156300004164223,0.0,0,,synthetic-eval-v1
43,A3,Multi-agent with mobile agents,TCK-00026,High,High,0.8520634762098691,0.04843645148294443,False,,False,,,0.75,0.0001447000031475909,4161,13.0,168.0,0.0,121463,False,True,rejected,Synthetic reviewer rejected because the outage scope and recovery evidence need clarification.,False,True,False,4.014470000314759,0.0,0,20,synthetic-eval-v1
43,A3,Multi-agent with mobile agents,TCK-00027,Critical,Critical,0.8509943723565986,0.8509943723565986,False,,False,,,0.75,0.00014260000170907006,4161,13.0,180.0,0.0,125995,True,False,accepted,"Synthetic reviewer accepted after confirming incident impact, mitigation scope, and a rollback owner.",False,False,True,5.014260000170907,1.25,1,13,synthetic-eval-v1
43,A3,Multi-agent with mobile agents,TCK-00028,Low,Low,0.7953268618280553,0.06934540114347083,False,TCK-00024,True,1.0,1.0,0.75,0.00019940001220675185,4161,13.0,258.0,0.0,130822,True,False,not_required,,False,True,False,6.019940001220675,0.0,0,,synthetic-eval-v1
43,A3,Multi-agent with mobile agents,TCK-00029,Medium,Medium,0.8693766557305554,0.04413519719667005,False,,False,,,0.75,0.0001480999926570803,4161,13.0,180.0,0.0,135298,False,False,not_required,,False,True,False,7.014809999265708,0.0,0,,synthetic-eval-v1
43,A3,Multi-agent with mobile agents,TCK-00030,High,High,0.8462904076752094,0.0484428739697171,False,,False,,,0.75,0.000142400007462129,4161,13.0,168.0,0.0,139855,False,False,rejected,Synthetic reviewer rejected because the outage scope and recovery evidence need clarification.,False,True,False,8.014240000746213,0.0,0,17,synthetic-eval-v1
43,A3,Multi-agent with mobile agents,TCK-00031,Critical,Critical,0.8569008533965287,0.8569008533965287,False,,False,,,0.75,0.00014960001863073558,4161,13.0,180.0,0.0,144387,True,False,accepted,"Synthetic reviewer accepted after confirming incident impact, mitigation scope, and a rollback owner.",False,True,False,9.014960001863074,0.0,0,11,synthetic-eval-v1
43,A3,Multi-agent with mobile agents,TCK-00032,Low,Low,0.8505729773796271,0.04904587156187942,False,,False,,,0.75,0.00016619999223621562,4161,13.0,168.0,0.0,148903,True,False,not_required,,False,True,False,10.016619999223622,0.0,0,,synthetic-eval-v1
43,A3,Multi-agent with mobile agents,TCK-00033,Medium,Medium,0.8536720585592503,0.04909527243384254,False,,False,,,0.75,0.00014679999731015414,4161,13.0,180.0,0.0,153755,False,False,not_required,,False,True,False,0.05,0.0,0,,synthetic-eval-v1
43,A3,Multi-agent with mobile agents,TCK-00034,High,High,0.8573155487564167,0.0458621253688117,False,,False,,,0.75,0.0001430000047548674,4161,13.0,168.0,0.0,158335,False,False,rejected,Synthetic reviewer rejected because the outage scope and recovery evidence need clarification.,False,True,False,1.0143000004754867,0.0,0,37,synthetic-eval-v1
43,A3,Multi-agent with mobile agents,TCK-00035,Critical,Critical,0.811984109974079,0.811984109974079,False,TCK-00031,True,1.0,0.5,0.75,0.0001618999958736822,4161,13.0,270.0,0.0,162936,False,False,rejected,Synthetic reviewer rejected because impact evidence or the safe mitigation and rollback plan was incomplete.,False,False,False,2.016189999587368,0.0,0,15,synthetic-eval-v1
43,A3,Multi-agent with mobile agents,TCK-00036,Low,Low,0.8269019930454705,0.05345045613728936,False,,False,,,0.75,0.00014250000094762072,4161,13.0,168.0,0.0,167368,False,False,not_required,,False,True,False,3.014250000094762,0.0,0,,synthetic-eval-v1
43,A3,Multi-agent with mobile agents,TCK-00037,Medium,Medium,0.831019936412858,0.05482593584108542,False,,False,,,0.75,0.00014260000170907006,4161,13.0,180.0,0.0,171940,False,True,not_required,,False,True,False,4.014260000170907,0.0,1,,synthetic-eval-v1
43,A3,Multi-agent with mobile agents,TCK-00038,High,High,0.8353572143648225,0.05012680746217446,False,,False,,,0.75,0.0001624999931664206,4161,13.0,168.0,0.0,176744,False,False,rejected,Synthetic reviewer rejected because the outage scope and recovery evidence need clarification.,False,False,True,5.016249999316642,1.0,0,33,synthetic-eval-v1
43,A3,Multi-agent with mobile agents,TCK-00039,Critical,Critical,0.8509944930769814,0.8509944930769814,False,,False,,,0.75,0.00014400000509340316,4161,13.0,180.0,0.0,181275,False,False,rejected,Synthetic reviewer rejected because impact evidence or the safe mitigation and rollback plan was incomplete.,False,False,False,6.01440000050934,0.0,0,19,synthetic-eval-v1
43,A3,Multi-agent with mobile agents,TCK-00040,Low,Low,0.8536255971825929,0.048701143976862815,False,,False,,,0.75,0.0001416000013705343,4161,13.0,168.0,0.0,185815,False,False,not_required,,False,True,False,7.014160000137053,0.0,0,,synthetic-eval-v1
43,A3,Multi-agent with mobile agents,TCK-00041,Medium,Medium,0.8536720067460716,0.04909534627879115,False,,False,,,0.75,0.00016170000890269876,4161,13.0,180.0,0.0,190443,False,False,not_required,,False,True,False,8.01617000089027,0.0,0,,synthetic-eval-v1
43,A3,Multi-agent with mobile agents,TCK-00042,High,High,0.7906122390486968,0.06690165317553996,False,TCK-00038,True,1.0,0.5,0.75,0.0001466999965487048,4161,13.0,258.0,0.0,195142,False,False,rejected,Synthetic reviewer rejected because the outage scope and recovery evidence need clarification.,False,False,True,9.01466999965487,0.5,0,40,synthetic-eval-v1
43,A3,Multi-agent with mobile agents,TCK-00043,Critical,Critical,0.8419957269564744,0.8419957269564744,False,,False,,,0.75,0.00014859999646432698,4161,13.0,180.0,0.0,199595,False,False,rejected,Synthetic reviewer rejected because impact evidence or the safe mitigation and rollback plan was incomplete.,False,False,False,10.014859999646433,0.0,0,46,synthetic-eval-v1
43,A3,Multi-agent with mobile agents,TCK-00044,Low,Low,0.8536254120229452,0.048701263046350855,False,,False,,,0.75,0.00015789999451953918,4161,13.0,168.0,0.0,204495,False,True,not_required,,False,True,False,0.05,0.0,0,,synthetic-eval-v1
43,A3,Multi-agent with mobile agents,TCK-00045,Medium,Medium,0.8525190580164844,0.05070120580652789,False,,False,,,0.75,0.00014399999781744555,4161,13.0,180.0,0.0,209027,False,True,not_required,,False,True,False,1.0143999997817446,0.0,0,,synthetic-eval-v1
43,A3,Multi-agent with mobile agents,TCK-00046,High,High,0.8435926270279985,0.05263062846691128,False,,False,,,0.75,0.00016510000568814576,4161,13.0,168.0,0.0,213519,False,False,rejected,Synthetic reviewer rejected because the outage scope and recovery evidence need clarification.,False,True,False,2.0165100005688146,0.0,0,9,synthetic-eval-v1
43,A3,Multi-agent with mobile agents,TCK-00047,Critical,Critical,0.8511488160876918,0.8511488160876918,False,,False,,,0.75,0.00014599999121855944,4161,13.0,180.0,0.0,218051,True,False,accepted,"Synthetic reviewer accepted after confirming incident impact, mitigation scope, and a rollback owner.",False,True,False,3.014599999121856,0.0,1,7,synthetic-eval-v1
43,A3,Multi-agent with mobile agents,TCK-00048,Low,Low,0.825527712965796,0.05232847888853941,False,,False,,,0.75,0.00014449999434873462,4161,13.0,168.0,0.0,222568,False,False,not_required,,False,True,False,4.0144499994348735,0.0,0,,synthetic-eval-v1
43,A3,Multi-agent with mobile agents,TCK-00049,Medium,Medium,0.7951044616826172,0.06999619503239629,False,TCK-00045,True,1.0,0.5,0.75,0.0001610000035725534,4161,13.0,270.0,0.0,227192,False,True,not_required,,False,True,False,5.016100000357255,0.0,0,,synthetic-eval-v1
43,A3,Multi-agent with mobile agents,TCK-00050,High,High,0.8399305622050569,0.05092857574444346,False,,False,,,0.75,0.00014439998631132767,4161,13.0,168.0,0.0,231623,True,False,accepted,"Synthetic reviewer accepted after confirming affected services, customer impact, and the recovery plan.",False,True,False,6.014439998631133,0.0,0,34,synthetic-eval-v1
43,A3,Multi-agent with mobile agents,TCK-00051,Critical,Critical,0.8407714763566033,0.8407714763566033,False,,False,,,0.75,0.00015229998825816438,4161,13.0,180.0,0.0,236499,True,False,accepted,"Synthetic reviewer accepted after confirming incident impact, mitigation scope, and a rollback owner.",False,True,False,7.015229998825816,0.0,0,16,synthetic-eval-v1
43,A3,Multi-agent with mobile agents,TCK-00052,Low,Low,0.8609891353753497,0.04552845221584462,False,,False,,,0.75,0.00016630000027362257,4161,13.0,168.0,0.0,240967,False,False,not_required,,False,True,False,8.016630000027362,0.0,0,,synthetic-eval-v1
43,A3,Multi-agent with mobile agents,TCK-00053,Medium,Medium,0.8693766557305554,0.04413519719667005,False,,False,,,0.75,0.0001483999949414283,4161,13.0,180.0,0.0,245546,False,True,not_required,,False,True,False,9.014839999494143,0.0,0,,synthetic-eval-v1
43,A3,Multi-agent with mobile agents,TCK-00054,High,High,0.8550621545422863,0.04877412376915083,False,,False,,,0.75,0.00016660000255797058,4161,13.0,168.0,0.0,250111,True,True,accepted,"Synthetic reviewer accepted after confirming affected services, customer impact, and the recovery plan.",True,True,False,10.016660000255797,0.0,0,2,synthetic-eval-v1
43,A3,Multi-agent with mobile agents,TCK-00055,Critical,Critical,0.862859930658124,0.862859930658124,False,,False,,,0.75,0.00015080000594025478,4161,13.0,180.0,0.0,254594,True,False,accepted,"Synthetic reviewer accepted after confirming incident impact, mitigation scope, and a rollback owner.",False,False,True,0.05,0.75,0,3,synthetic-eval-v1
43,A3,Multi-agent with mobile agents,TCK-00056,Low,Low,0.8007042484122854,0.06612112713626266,False,TCK-00052,True,1.0,1.0,0.75,0.0001796999858925119,4161,13.0,258.0,0.0,259148,False,False,not_required,,False,True,False,1.0179699985892512,0.0,0,,synthetic-eval-v1
43,A3,Multi-agent with mobile agents,TCK-00057,Medium,Medium,0.853749381807979,0.04890396303808233,False,,False,,,0.75,0.00015279999206541106,4161,13.0,180.0,0.0,263555,False,True,not_required,,False,True,False,2.015279999206541,0.0,1,,synthetic-eval-v1
43,A3,Multi-agent with mobile agents,TCK-00058,High,High,0.8538700899625539,0.04795449641022654,False,,False,,,0.75,0.00018030000501312315,4161,13.0,168.0,0.0,268447,False,True,rejected,Synthetic reviewer rejected because the outage scope and recovery evidence need clarification.,False,False,True,3.0180300005013123,1.5,0,6,synthetic-eval-v1
43,A3,Multi-agent with mobile agents,TCK-00059,Critical,Critical,0.8564847290781947,0.8564847290781947,False,,False,,,0.75,0.0001655999949434772,4161,13.0,180.0,0.0,272931,True,False,accepted,"Synthetic reviewer accepted after confirming incident impact, mitigation scope, and a rollback owner.",False,True,False,4.016559999494348,0.0,0,22,synthetic-eval-v1
43,A3,Multi-agent with mobile agents,TCK-00060,Low,Low,0.8518948693449513,0.04785810883390618,False,,False,,,0.75,0.0001545999984955415,4161,13.0,168.0,0.0,277423,False,False,not_required,,False,True,False,5.015459999849554,0.0,0,,synthetic-eval-v1
43,A3,Multi-agent with mobile agents,TCK-00061,Medium,Medium,0.8362736676929803,0.05199750853232584,False,,False,,,0.75,0.00017130000196630135,4161,13.0,180.0,0.0,281908,False,True,not_required,,False,True,False,6.01713000019663,0.0,0,,synthetic-eval-v1
43,A3,Multi-agent with mobile agents,TCK-00062,High,High,0.838554217094338,0.053731536525832256,False,,False,,,0.75,0.00015980000898707658,4161,13.0,168.0,0.0,286376,False,True,rejected,Synthetic reviewer rejected because the outage scope and recovery evidence need clarification.,False,True,False,7.015980000898708,0.0,0,29,synthetic-eval-v1
43,A3,Multi-agent with mobile agents,TCK-00063,Critical,Critical,0.8165952592987219,0.8165952592987219,False,TCK-00059,True,1.0,0.5,0.75,0.0003178999904775992,4161,13.0,270.0,0.0,290952,True,False,accepted,"Synthetic reviewer accepted after confirming incident impact, mitigation scope, and a rollback owner.",False,True,False,8.03178999904776,0.0,0,45,synthetic-eval-v1
43,A3,Multi-agent with mobile agents,TCK-00064,Low,Low,0.8292001202677719,0.05142986268233387,False,,False,,,0.75,0.0003144000002066605,4161,13.0,168.0,0.0,295336,False,False,not_required,,False,True,False,9.031440000020666,0.0,0,,synthetic-eval-v1
43,A3,Multi-agent with mobile agents,TCK-00065,Medium,Medium,0.8549600697094387,0.0463666621705446,False,,False,,,0.75,0.0003192999938619323,4161,13.0,180.0,0.0,299955,False,True,not_required,,False,True,False,10.031929999386193,0.0,0,,synthetic-eval-v1
43,A3,Multi-agent with mobile agents,TCK-00066,High,High,0.8550622263934423,0.048774243389664955,False,,False,,,0.75,0.0003085000062128529,4161,13.0,168.0,0.0,304967,False,False,rejected,Synthetic reviewer rejected because the outage scope and recovery evidence need clarification.,False,True,False,0.05,0.0,0,25,synthetic-eval-v1
43,A3,Multi-agent with mobile agents,TCK-00067,Critical,Critical,0.8511490185442244,0.8511490185442244,False,,False,,,0.75,0.00019130000146105886,4161,13.0,180.0,0.0,309427,True,False,accepted,"Synthetic reviewer accepted after confirming incident impact, mitigation scope, and a rollback owner.",False,False,True,1.0191300001461059,0.75,1,28,synthetic-eval-v1
43,A3,Multi-agent with mobile agents,TCK-00068,Low,Low,0.853590479569902,0.048460635307089266,False,,False,,,0.75,0.00015640000492567196,4161,13.0,168.0,0.0,313895,False,True,not_required,,False,True,False,2.015640000492567,0.0,0,,synthetic-eval-v1
43,A3,Multi-agent with mobile agents,TCK-00069,Medium,Medium,0.8693766557305554,0.04413519719667005,False,,False,,,0.75,0.00024899999698391184,4161,13.0,180.0,0.0,318402,False,True,not_required,,False,True,False,3.024899999698391,0.0,0,,synthetic-eval-v1
43,A3,Multi-agent with mobile agents,TCK-00070,High,High,0.8016168357314332,0.068772646089144,True,TCK-00066,True,1.0,0.5,0.75,0.00016280001000268385,4161,13.0,258.0,0.0,322956,False,True,rejected,Synthetic reviewer rejected because the outage scope and recovery evidence need clarification.,False,True,False,4.016280001000268,0.0,0,50,synthetic-eval-v1
43,A3,Multi-agent with mobile agents,TCK-00071,Critical,Critical,0.8442816369448426,0.8442816369448426,True,,False,,,0.75,0.0003173000004608184,4161,13.0,180.0,0.0,327363,True,False,accepted,"Synthetic reviewer accepted after confirming incident impact, mitigation scope, and a rollback owner.",False,False,True,5.031730000046082,1.75,0,36,synthetic-eval-v1
43,A3,Multi-agent with mobile agents,TCK-00072,Low,Low,0.8377013374402393,0.050366733848489185,True,,False,,,0.75,0.00017530000332044438,4161,13.0,168.0,0.0,331871,False,False,not_required,,False,True,False,6.017530000332044,0.0,0,,synthetic-eval-v1
43,A3,Multi-agent with mobile agents,TCK-00073,Medium,Medium,0.8475588076486362,0.05559932001599991,True,,False,,,0.75,0.00015439999697264284,4161,13.0,180.0,0.0,336379,False,False,not_required,,False,True,False,7.015439999697264,0.0,0,,synthetic-eval-v1
43,A3,Multi-agent with mobile agents,TCK-00074,High,High,0.8387441991971007,0.04782740679963653,True,,False,,,0.75,0.00030620000325143337,4161,13.0,168.0,0.0,340848,False,False,rejected,Synthetic reviewer rejected because the outage scope and recovery evidence need clarification.,False,True,False,8.030620000325143,0.0,0,10,synthetic-eval-v1
43,A3,Multi-agent with mobile agents,TCK-00075,Critical,Critical,0.8389042960080438,0.8389042960080438,True,,False,,,0.75,0.00032300000020768493,4161,13.0,180.0,0.0,345332,True,False,accepted,"Synthetic reviewer accepted after confirming incident impact, mitigation scope, and a rollback owner.",False,True,False,9.032300000020768,0.0,0,23,synthetic-eval-v1
43,A3,Multi-agent with mobile agents,TCK-00076,Low,Low,0.8458970633309528,0.051046435977455035,True,,False,,,0.75,0.00018170000112149864,4161,13.0,168.0,0.0,350312,False,False,not_required,,False,True,False,10.01817000011215,0.0,0,,synthetic-eval-v1
43,A3,Multi-agent with mobile agents,TCK-00077,Medium,Medium,0.7815826120694069,0.0798437782664959,True,TCK-00073,True,1.0,0.5,0.75,0.00016260000847978517,4161,13.0,270.0,0.0,355016,False,True,not_required,,False,True,False,0.05,0.0,1,,synthetic-eval-v1
43,A3,Multi-agent with mobile agents,TCK-00078,High,High,0.8681642707603108,0.043345357602973034,True,,False,,,0.75,0.00017549999756738544,4161,13.0,168.0,0.0,359527,False,False,rejected,Synthetic reviewer rejected because the outage scope and recovery evidence need clarification.,False,True,False,1.0175499997567385,0.0,0,14,synthetic-eval-v1
43,A3,Multi-agent with mobile agents,TCK-00079,Critical,Critical,0.862859930658124,0.862859930658124,True,,False,,,0.75,0.00044999999227002263,4161,13.0,180.0,0.0,364027,True,False,accepted,"Synthetic reviewer accepted after confirming incident impact, mitigation scope, and a rollback owner.",False,True,False,2.0449999992270023,0.0,0,5,synthetic-eval-v1
43,A3,Multi-agent with mobile agents,TCK-00080,Low,Low,0.8550061096256867,0.04821840529914237,True,,False,,,0.75,0.00019979999342467636,4161,13.0,168.0,0.0,368495,True,True,not_required,,True,True,False,3.0199799993424676,0.0,0,,synthetic-eval-v1
43,A3,Multi-agent with mobile agents,TCK-00081,Medium,Medium,0.8562948067520701,0.04784968890086689,True,,False,,,0.75,0.0002069000038318336,4161,13.0,180.0,0.0,372979,False,True,not_required,,False,True,False,4.020690000383183,0.0,0,,synthetic-eval-v1
43,A3,Multi-agent with mobile agents,TCK-00082,High,High,0.8681642707603108,0.043345357602973034,True,,False,,,0.75,0.00043300000106683,4161,13.0,168.0,0.0,377447,False,False,rejected,Synthetic reviewer rejected because the outage scope and recovery evidence need clarification.,False,True,False,5.043300000106683,0.0,0,1,synthetic-eval-v1
43,A3,Multi-agent with mobile agents,TCK-00083,Critical,Critical,0.8459689995091471,0.8459689995091471,True,,False,,,0.75,0.00021189999097259715,4161,13.0,180.0,0.0,381931,False,False,rejected,Synthetic reviewer rejected because impact evidence or the safe mitigation and rollback plan was incomplete.,False,False,False,6.02118999909726,0.0,0,42,synthetic-eval-v1
43,A3,Multi-agent with mobile agents,TCK-00084,Low,Low,0.7954778522294657,0.07028716415502985,True,TCK-00080,True,1.0,0.5,0.75,0.0001982000030693598,4161,13.0,258.0,0.0,386484,False,True,not_required,,False,True,False,7.019820000306936,0.0,0,,synthetic-eval-v1
43,A3,Multi-agent with mobile agents,TCK-00085,Medium,Medium,0.8480725008663166,0.053607500633655276,True,,False,,,0.75,0.00021779999951831996,4161,13.0,180.0,0.0,390891,False,True,not_required,,False,True,False,8.021779999951832,0.0,0,,synthetic-eval-v1
43,A3,Multi-agent with mobile agents,TCK-00086,High,High,0.8614692940095741,0.04563047216715349,True,,False,,,0.75,0.00020250001398380846,4161,13.0,168.0,0.0,395975,False,False,rejected,Synthetic reviewer rejected because the outage scope and recovery evidence need clarification.,False,True,False,9.02025000139838,0.0,0,4,synthetic-eval-v1
43,A3,Multi-agent with mobile agents,TCK-00087,Critical,Critical,0.8350285134153212,0.8350285134153212,True,,False,,,0.75,0.00020770000264747068,4161,13.0,180.0,0.0,400460,False,False,rejected,Synthetic reviewer rejected because impact evidence or the safe mitigation and rollback plan was incomplete.,False,False,False,10.020770000264747,0.0,1,8,synthetic-eval-v1
43,A3,Multi-agent with mobile agents,TCK-00088,Low,Low,0.8414100295996052,0.04988718920240437,True,,False,,,0.75,0.0002600000152597204,4161,13.0,168.0,0.0,404927,False,False,not_required,,False,True,False,0.05,0.0,0,,synthetic-eval-v1
43,A3,Multi-agent with mobile agents,TCK-00089,Medium,Medium,0.8385259111751774,0.05215121629831999,True,,False,,,0.75,0.00017619999562157318,4161,13.0,180.0,0.0,409388,False,False,not_required,,False,True,False,1.0176199995621573,0.0,0,,synthetic-eval-v1
43,A3,Multi-agent with mobile agents,TCK-00090,High,High,0.8218194675223233,0.052525159783148534,True,,False,,,0.75,0.0004056000034324825,4161,13.0,168.0,0.0,413856,False,False,rejected,Synthetic reviewer rejected because the outage scope and recovery evidence need clarification.,False,True,False,2.0405600003432482,0.0,0,48,synthetic-eval-v1
43,A3,Multi-agent with mobile agents,TCK-00091,Critical,Critical,0.8006604303624894,0.8006604303624894,True,TCK-00087,True,1.0,0.3333333333333333,0.75,0.00019240000983700156,4161,13.0,270.0,0.0,418434,True,False,accepted,"Synthetic reviewer accepted after confirming incident impact, mitigation scope, and a rollback owner.",False,True,False,3.0192400009837,0.0,0,26,synthetic-eval-v1
43,A3,Multi-agent with mobile agents,TCK-00092,Low,Low,0.8557169628258435,0.047316819883089896,True,,False,,,0.75,0.0002195999986724928,4161,13.0,168.0,0.0,422815,False,False,not_required,,False,True,False,4.021959999867249,0.0,0,,synthetic-eval-v1
43,A3,Multi-agent with mobile agents,TCK-00093,Medium,Medium,0.8693766557305554,0.04413519719667005,True,,False,,,0.75,0.00019809999503195286,4161,13.0,180.0,0.0,427467,False,False,not_required,,False,True,False,5.019809999503195,0.0,0,,synthetic-eval-v1
43,A3,Multi-agent with mobile agents,TCK-00094,High,High,0.8550621545422863,0.04877412376915083,True,,False,,,0.75,0.000228599994443357,4161,13.0,168.0,0.0,432063,False,False,rejected,Synthetic reviewer rejected because the outage scope and recovery evidence need clarification.,False,True,False,6.022859999444336,0.0,0,24,synthetic-eval-v1
43,A3,Multi-agent with mobile agents,TCK-00095,Critical,Critical,0.8461865665988143,0.8461865665988143,True,,False,,,0.75,0.000182100004167296,4161,13.0,180.0,0.0,436547,False,False,rejected,Synthetic reviewer rejected because impact evidence or the safe mitigation and rollback plan was incomplete.,False,False,False,7.01821000041673,0.0,0,43,synthetic-eval-v1
43,A3,Multi-agent with mobile agents,TCK-00096,Low,Low,0.8501645660321341,0.05196598809745027,True,,False,,,0.75,0.00019350000366102904,4161,13.0,168.0,0.0,441015,False,False,not_required,,False,True,False,8.019350000366103,0.0,0,,synthetic-eval-v1
43,A3,Multi-agent with mobile agents,TCK-00097,Medium,Medium,0.8504415522415901,0.04856567500668707,True,,False,,,0.75,0.00021219997870502993,4161,13.0,180.0,0.0,445499,False,False,not_required,,False,True,False,9.021219997870503,0.0,1,,synthetic-eval-v1
43,A3,Multi-agent with mobile agents,TCK-00098,High,High,0.7947265731709391,0.07354134538988656,True,TCK-00094,True,1.0,0.5,0.75,0.00018889999773819,4161,13.0,258.0,0.0,450692,False,False,rejected,Synthetic reviewer rejected because the outage scope and recovery evidence need clarification.,False,True,False,10.018889999773819,0.0,0,49,synthetic-eval-v1
43,A3,Multi-agent with mobile agents,TCK-00099,Critical,Critical,0.8523599433511347,0.8523599433511347,True,,False,,,0.75,0.0005151999939698726,4161,13.0,180.0,0.0,455099,True,False,accepted,"Synthetic reviewer accepted after confirming incident impact, mitigation scope, and a rollback owner.",False,False,True,0.05151999939698726,1.25,0,38,synthetic-eval-v1
44,A0,"Rule-based, single process",TCK-00000,Low,Low,0.8557774948287041,0.048246935027255265,False,,False,,,0.49,0.00011399998766137287,0,0.0,0.0,0.0,2842,True,False,not_required,,False,True,False,0.05,0.0,1,,synthetic-eval-v1
44,A0,"Rule-based, single process",TCK-00001,Medium,Medium,0.8542718548518411,0.0490906730622734,False,,False,,,0.49,7.029999687802047e-05,0,0.0,0.0,0.0,6290,False,False,not_required,,False,True,False,1.007029999687802,0.0,0,,synthetic-eval-v1
44,A0,"Rule-based, single process",TCK-00002,High,High,0.8519722657648575,0.04862603494045976,False,,False,,,0.49,7.140000525396317e-05,0,0.0,0.0,0.0,9706,False,False,rejected,Synthetic reviewer rejected because the outage scope and recovery evidence need clarification.,False,True,False,2.0071400005253963,0.0,0,3,synthetic-eval-v1
44,A0,"Rule-based, single process",TCK-00003,Critical,Critical,0.8566763913811181,0.8566763913811181,False,,False,,,0.49,7.259999983943999e-05,0,0.0,0.0,0.0,13058,True,False,accepted,"Synthetic reviewer accepted after confirming incident impact, mitigation scope, and a rollback owner.",False,True,False,3.007259999983944,0.0,0,4,synthetic-eval-v1
44,A0,"Rule-based, single process",TCK-00004,Low,Low,0.8501510140005325,0.051842880639958434,False,,False,,,0.49,7.089998689480126e-05,0,0.0,0.0,0.0,16442,False,False,not_required,,False,True,False,4.00708999868948,0.0,0,,synthetic-eval-v1
44,A0,"Rule-based, single process",TCK-00005,Medium,Medium,0.8542719023835107,0.049090574031905865,False,,False,,,0.49,8.140000136336312e-05,0,0.0,0.0,0.0,19986,False,False,not_required,,False,True,False,5.008140000136336,0.0,0,,synthetic-eval-v1
44,A0,"Rule-based, single process",TCK-00006,High,High,0.8446529982319751,0.04713645592731361,False,,False,,,0.49,9.549999231239781e-05,0,0.0,0.0,0.0,23842,False,False,rejected,Synthetic reviewer rejected because the outage scope and recovery evidence need clarification.,False,True,False,6.00954999923124,0.0,0,7,synthetic-eval-v1
44,A0,"Rule-based, single process",TCK-00007,Critical,Critical,0.8195898850912139,0.8195898850912139,False,TCK-00003,True,1.0,1.0,0.49,9.479999425821006e-05,0,0.0,0.0,0.0,27718,True,False,accepted,"Synthetic reviewer accepted after confirming incident impact, mitigation scope, and a rollback owner.",False,True,False,7.009479999425821,0.0,0,8,synthetic-eval-v1
44,A0,"Rule-based, single process",TCK-00008,Low,Low,0.8563104862459753,0.05053279405513303,False,,False,,,0.49,9.259999205823988e-05,0,0.0,0.0,0.0,31482,False,False,not_required,,False,True,False,8.009259999205824,0.0,0,,synthetic-eval-v1
44,A0,"Rule-based, single process",TCK-00009,Medium,Medium,0.8280355366915219,0.053109365030864976,False,,False,,,0.49,0.00010119998478330672,0,0.0,0.0,0.015625,35300,False,False,not_required,,False,True,False,9.01011999847833,0.0,0,,synthetic-eval-v1
44,A0,"Rule-based, single process",TCK-00010,High,High,0.8514129986511341,0.04912427428526011,False,,False,,,0.49,0.00017249998927582055,0,0.0,0.0,0.0,39234,False,False,rejected,Synthetic reviewer rejected because the outage scope and recovery evidence need clarification.,False,False,True,10.017249998927582,1.5,1,11,synthetic-eval-v1
44,A0,"Rule-based, single process",TCK-00011,Critical,Critical,0.8323725817275883,0.8323725817275883,False,,False,,,0.49,0.00010190001194132492,0,0.0,0.0,0.0,43428,False,False,rejected,Synthetic reviewer rejected because impact evidence or the safe mitigation and rollback plan was incomplete.,False,False,False,0.05,0.0,0,12,synthetic-eval-v1
44,A0,"Rule-based, single process",TCK-00012,Low,Low,0.833530470831303,0.05453786956855435,False,,False,,,0.49,0.00018369999452261254,0,0.0,0.0,0.0,47804,True,False,not_required,,False,True,False,1.0183699994522613,0.0,0,,synthetic-eval-v1
44,A0,"Rule-based, single process",TCK-00013,Medium,Medium,0.8542716876005986,0.049090805958687644,False,,False,,,0.49,0.00016679998952895403,0,0.0,0.0,0.0,52034,False,False,not_required,,False,True,False,2.0166799989528954,0.0,0,,synthetic-eval-v1
44,A0,"Rule-based, single process",TCK-00014,High,High,0.7971537634527729,0.06901717610145579,False,TCK-00010,True,1.0,0.5,0.49,0.00011170000652782619,0,0.0,0.0,0.0,56376,False,False,rejected,Synthetic reviewer rejected because the outage scope and recovery evidence need clarification.,False,True,False,3.0111700006527826,0.0,0,15,synthetic-eval-v1
44,A0,"Rule-based, single process",TCK-00015,Critical,Critical,0.8634790154968873,0.8634790154968873,False,,False,,,0.49,0.00010040000051958486,0,0.0,0.0,0.0,60648,True,False,accepted,"Synthetic reviewer accepted after confirming incident impact, mitigation scope, and a rollback owner.",False,True,False,4.0100400000519585,0.0,0,16,synthetic-eval-v1
44,A0,"Rule-based, single process",TCK-00016,Low,Low,0.8536754813717032,0.04803145236273112,False,,False,,,0.49,0.00023750001128064469,0,0.0,0.0,0.0,64914,False,False,not_required,,False,True,False,5.0237500011280645,0.0,0,,synthetic-eval-v1
44,A0,"Rule-based, single process",TCK-00017,Medium,Medium,0.854583703813604,0.04571991878857623,False,,False,,,0.49,0.0001019000046653673,0,0.0,0.0,0.0,69234,False,False,not_required,,False,True,False,6.010190000466537,0.0,0,,synthetic-eval-v1
44,A0,"Rule-based, single process",TCK-00018,High,High,0.8434170321236442,0.05052302450802665,False,,False,,,0.49,9.280000085709617e-05,0,0.0,0.0,0.0,73682,False,False,rejected,Synthetic reviewer rejected because the outage scope and recovery evidence need clarification.,False,True,False,7.00928000008571,0.0,0,19,synthetic-eval-v1
44,A0,"Rule-based, single process",TCK-00019,Critical,Critical,0.8441473336555315,0.8441473336555315,False,,False,,,0.49,9.480000153416768e-05,0,0.0,0.0,0.0,77938,True,False,accepted,"Synthetic reviewer accepted after confirming incident impact, mitigation scope, and a rollback owner.",False,True,False,8.009480000153417,0.0,0,20,synthetic-eval-v1
44,A0,"Rule-based, single process",TCK-00020,Low,Low,0.8557771724533554,0.0482469966856813,False,,False,,,0.49,9.20000093174167e-05,0,0.0,0.0,0.0,82162,False,False,not_required,,False,True,False,9.009200000931742,0.0,1,,synthetic-eval-v1
44,A0,"Rule-based, single process",TCK-00021,Medium,Medium,0.7804543827846877,0.06859758768375122,False,TCK-00017,True,1.0,0.3333333333333333,0.49,9.280000085709617e-05,0,0.0,0.0,0.0,86696,False,False,not_required,,False,True,False,10.00928000008571,0.0,0,,synthetic-eval-v1
44,A0,"Rule-based, single process",TCK-00022,High,High,0.8210490558274556,0.05370774439876554,False,,False,,,0.49,9.609998960513622e-05,0,0.0,0.0,0.0,90812,False,False,rejected,Synthetic reviewer rejected because the outage scope and recovery evidence need clarification.,False,True,False,0.05,0.0,0,23,synthetic-eval-v1
44,A0,"Rule-based, single process",TCK-00023,Critical,Critical,0.8312816795400749,0.8312816795400749,False,,False,,,0.49,9.420000424142927e-05,0,0.0,0.0,0.0,95108,True,False,accepted,"Synthetic reviewer accepted after confirming incident impact, mitigation scope, and a rollback owner.",False,True,False,1.009420000424143,0.0,0,24,synthetic-eval-v1
44,A0,"Rule-based, single process",TCK-00024,Low,Low,0.8330457144716994,0.0530867979360898,False,,False,,,0.49,0.0003794000076595694,0,0.0,0.0,0.0,99500,False,False,not_required,,False,True,False,2.037940000765957,0.0,0,,synthetic-eval-v1
44,A0,"Rule-based, single process",TCK-00025,Medium,Medium,0.8334700617214653,0.05330606711879734,False,,False,,,0.49,0.00011250001261942089,0,0.0,0.0,0.0,103820,False,False,not_required,,False,True,False,3.011250001261942,0.0,0,,synthetic-eval-v1
44,A0,"Rule-based, single process",TCK-00026,High,High,0.8522784410340383,0.048524315007222034,False,,False,,,0.49,0.00010589999874355271,0,0.0,0.0,0.0,108106,True,False,accepted,"Synthetic reviewer accepted after confirming affected services, customer impact, and the recovery plan.",False,False,True,4.010589999874355,1.0,0,27,synthetic-eval-v1
44,A0,"Rule-based, single process",TCK-00027,Critical,Critical,0.8516452004796248,0.8516452004796248,False,,False,,,0.49,0.0001886000100057572,0,0.0,0.0,0.0,112362,True,False,accepted,"Synthetic reviewer accepted after confirming incident impact, mitigation scope, and a rollback owner.",False,True,False,5.018860001000576,0.0,0,28,synthetic-eval-v1
44,A0,"Rule-based, single process",TCK-00028,Low,Low,0.7885025149069528,0.07032671831408861,False,TCK-00024,True,1.0,0.25,0.49,0.0001294999965466559,0,0.0,0.0,0.0,116954,False,False,not_required,,False,True,False,6.012949999654666,0.0,0,,synthetic-eval-v1
44,A0,"Rule-based, single process",TCK-00029,Medium,Medium,0.8457234274398724,0.0516825799707178,False,,False,,,0.49,9.470000077271834e-05,0,0.0,0.0,0.015625,121098,False,False,not_required,,False,True,False,7.009470000077272,0.0,0,,synthetic-eval-v1
44,A0,"Rule-based, single process",TCK-00030,High,High,0.8522788531490125,0.04852413210217352,False,,False,,,0.49,9.079999290406704e-05,0,0.0,0.0,0.0,125362,True,False,accepted,"Synthetic reviewer accepted after confirming affected services, customer impact, and the recovery plan.",False,True,False,8.009079999290407,0.0,1,31,synthetic-eval-v1
44,A0,"Rule-based, single process",TCK-00031,Critical,Critical,0.8572111277605682,0.8572111277605682,False,,False,,,0.49,9.699999645818025e-05,0,0.0,0.0,0.0,129618,True,False,accepted,"Synthetic reviewer accepted after confirming incident impact, mitigation scope, and a rollback owner.",False,True,False,9.009699999645818,0.0,0,32,synthetic-eval-v1
44,A0,"Rule-based, single process",TCK-00032,Low,Low,0.8544284505392131,0.04855297595077537,False,,False,,,0.49,9.26000066101551e-05,0,0.0,0.0,0.0,133842,False,False,not_required,,False,True,False,10.009260000661016,0.0,0,,synthetic-eval-v1
44,A0,"Rule-based, single process",TCK-00033,Medium,Medium,0.8553637560865631,0.048165825464147445,False,,False,,,0.49,0.0001221999991685152,0,0.0,0.0,0.0,138418,False,False,not_required,,False,True,False,0.05,0.0,0,,synthetic-eval-v1
44,A0,"Rule-based, single process",TCK-00034,High,High,0.8522788014525009,0.04852419236703198,False,,False,,,0.49,0.00010320000001229346,0,0.0,0.0,0.0,142706,False,False,rejected,Synthetic reviewer rejected because the outage scope and recovery evidence need clarification.,False,True,False,1.0103200000012293,0.0,0,35,synthetic-eval-v1
44,A0,"Rule-based, single process",TCK-00035,Critical,Critical,0.8123333416004819,0.8123333416004819,False,TCK-00031,True,1.0,0.25,0.49,0.00010149998706765473,0,0.0,0.0,0.0,147056,True,False,accepted,"Synthetic reviewer accepted after confirming incident impact, mitigation scope, and a rollback owner.",False,True,False,2.0101499987067655,0.0,0,36,synthetic-eval-v1
44,A0,"Rule-based, single process",TCK-00036,Low,Low,0.8332060079876423,0.0530177653208585,False,,False,,,0.49,9.349999891128391e-05,0,0.0,0.0,0.0,151172,True,False,not_required,,False,True,False,3.0093499998911284,0.0,0,,synthetic-eval-v1
44,A0,"Rule-based, single process",TCK-00037,Medium,Medium,0.8302449968085194,0.055686778464887655,False,,False,,,0.49,9.839999256655574e-05,0,0.0,0.0,0.0,155468,False,False,not_required,,False,True,False,4.009839999256656,0.0,0,,synthetic-eval-v1
44,A0,"Rule-based, single process",TCK-00038,High,High,0.8340939170430216,0.04808091317617835,False,,False,,,0.49,9.219999628840014e-05,0,0.0,0.0,0.0,159980,False,False,rejected,Synthetic reviewer rejected because the outage scope and recovery evidence need clarification.,False,True,False,5.00921999962884,0.0,0,39,synthetic-eval-v1
44,A0,"Rule-based, single process",TCK-00039,Critical,Critical,0.8447307718116016,0.8447307718116016,False,,False,,,0.49,9.489998774370179e-05,0,0.0,0.0,0.0,164234,True,False,accepted,"Synthetic reviewer accepted after confirming incident impact, mitigation scope, and a rollback owner.",False,True,False,6.00948999877437,0.0,0,40,synthetic-eval-v1
44,A0,"Rule-based, single process",TCK-00040,Low,Low,0.8448260016704396,0.05055622348851225,False,,False,,,0.49,0.00010129999282071367,0,0.0,0.0,0.0,168458,False,False,not_required,,False,True,False,7.010129999282071,0.0,1,,synthetic-eval-v1
44,A0,"Rule-based, single process",TCK-00041,Medium,Medium,0.870913711698396,0.04391150409769402,False,,False,,,0.49,0.0001356999928248115,0,0.0,0.0,0.0,172808,False,False,not_required,,False,True,False,8.013569999282481,0.0,0,,synthetic-eval-v1
44,A0,"Rule-based, single process",TCK-00042,High,High,0.7820475979804007,0.06738273319551442,False,TCK-00038,True,1.0,0.2,0.49,0.00015099999291123822,0,0.0,0.0,0.0,177250,False,False,rejected,Synthetic reviewer rejected because the outage scope and recovery evidence need clarification.,False,True,False,9.015099999291124,0.0,0,43,synthetic-eval-v1
44,A0,"Rule-based, single process",TCK-00043,Critical,Critical,0.8521702334212479,0.8521702334212479,False,,False,,,0.49,0.00010409999958937988,0,0.0,0.0,0.0,181394,True,False,accepted,"Synthetic reviewer accepted after confirming incident impact, mitigation scope, and a rollback owner.",False,True,False,10.010409999958938,0.0,0,44,synthetic-eval-v1
44,A0,"Rule-based, single process",TCK-00044,Low,Low,0.8536754813717032,0.04803145236273112,False,,False,,,0.49,0.00012679999053943902,0,0.0,0.0,0.0,185978,True,False,not_required,,False,True,False,0.05,0.0,0,,synthetic-eval-v1
44,A0,"Rule-based, single process",TCK-00045,Medium,Medium,0.8536384872064985,0.05074913277162799,False,,False,,,0.49,0.00013870000111637637,0,0.0,0.0,0.0,190234,False,False,not_required,,False,True,False,1.0138700001116376,0.0,0,,synthetic-eval-v1
44,A0,"Rule-based, single process",TCK-00046,High,High,0.8522790261457084,0.04852419735112894,False,,False,,,0.49,9.529999806545675e-05,0,0.0,0.0,0.0,194434,False,False,rejected,Synthetic reviewer rejected because the outage scope and recovery evidence need clarification.,False,False,True,2.0095299998065457,1.5,0,47,synthetic-eval-v1
44,A0,"Rule-based, single process",TCK-00047,Critical,Critical,0.8460383036678318,0.8460383036678318,False,,False,,,0.49,0.00011029998859157786,0,0.0,0.0,0.0,198690,False,False,rejected,Synthetic reviewer rejected because impact evidence or the safe mitigation and rollback plan was incomplete.,False,False,False,3.011029998859158,0.0,0,48,synthetic-eval-v1
44,A0,"Rule-based, single process",TCK-00048,Low,Low,0.8320726640542201,0.05136758902768673,False,,False,,,0.49,0.00025129999266937375,0,0.0,0.0,0.0,202940,False,False,not_required,,False,True,False,4.025129999266937,0.0,0,,synthetic-eval-v1
44,A0,"Rule-based, single process",TCK-00049,Medium,Medium,0.7968462282304168,0.06978263230341158,False,TCK-00045,True,0.0,0.16666666666666666,0.49,0.00010930000280495733,0,0.0,0.0,0.0,207312,False,False,not_required,,False,True,False,5.010930000280496,0.0,0,,synthetic-eval-v1
44,A0,"Rule-based, single process",TCK-00050,High,High,0.8214200375531453,0.05603812993147339,False,,False,,,0.49,0.0001100999943446368,0,0.0,0.0,0.0,211428,False,False,rejected,Synthetic reviewer rejected because the outage scope and recovery evidence need clarification.,False,True,False,6.011009999434464,0.0,1,51,synthetic-eval-v1
44,A0,"Rule-based, single process",TCK-00051,Critical,Critical,0.8413847349450839,0.8413847349450839,False,,False,,,0.49,9.790000331122428e-05,0,0.0,0.0,0.0,216050,True,False,accepted,"Synthetic reviewer accepted after confirming incident impact, mitigation scope, and a rollback owner.",False,False,True,7.009790000331122,1.25,0,52,synthetic-eval-v1
44,A0,"Rule-based, single process",TCK-00052,Low,Low,0.8627196979848333,0.04560965952386578,False,,False,,,0.49,0.00010159999510506168,0,0.0,0.0,0.0,220226,False,False,not_required,,False,True,False,8.010159999510506,0.0,0,,synthetic-eval-v1
44,A0,"Rule-based, single process",TCK-00053,Medium,Medium,0.8550339058582135,0.04877728745588531,False,,False,,,0.49,9.770000178832561e-05,0,0.0,0.0,0.0,224554,False,False,not_required,,False,True,False,9.009770000178833,0.0,0,,synthetic-eval-v1
44,A0,"Rule-based, single process",TCK-00054,High,High,0.8502515879959708,0.04811748632699093,False,,False,,,0.49,0.00022569999418919906,0,0.0,0.0,0.0,228826,False,False,rejected,Synthetic reviewer rejected because the outage scope and recovery evidence need clarification.,False,True,False,10.02256999941892,0.0,0,55,synthetic-eval-v1
44,A0,"Rule-based, single process",TCK-00055,Critical,Critical,0.8506929432976711,0.8506929432976711,False,,False,,,0.49,0.00013519999629352242,0,0.0,0.0,0.0,233034,True,False,accepted,"Synthetic reviewer accepted after confirming incident impact, mitigation scope, and a rollback owner.",False,True,False,0.05,0.0,0,56,synthetic-eval-v1
44,A0,"Rule-based, single process",TCK-00056,Low,Low,0.8066831136832687,0.06580063983283706,False,TCK-00052,True,0.0,0.14285714285714285,0.49,0.00012489999789977446,0,0.0,0.0,0.015625,237304,False,False,not_required,,False,True,False,1.0124899997899774,0.0,0,,synthetic-eval-v1
44,A0,"Rule-based, single process",TCK-00057,Medium,Medium,0.8550336292844514,0.04877734799033435,False,,False,,,0.49,9.960000170394778e-05,0,0.0,0.0,0.0,241402,False,False,not_required,,False,True,False,2.009960000170395,0.0,0,,synthetic-eval-v1
44,A0,"Rule-based, single process",TCK-00058,High,High,0.8559738875090223,0.05081758190955604,False,,False,,,0.49,0.00014330001431517303,0,0.0,0.0,0.0,246002,False,False,rejected,Synthetic reviewer rejected because the outage scope and recovery evidence need clarification.,False,True,False,3.0143300014315173,0.0,0,59,synthetic-eval-v1
44,A0,"Rule-based, single process",TCK-00059,Critical,Critical,0.8563526953670116,0.8563526953670116,False,,False,,,0.49,0.00010189999011345208,0,0.0,0.0,0.0,250210,True,False,accepted,"Synthetic reviewer accepted after confirming incident impact, mitigation scope, and a rollback owner.",False,True,False,4.010189999011345,0.0,0,60,synthetic-eval-v1
44,A0,"Rule-based, single process",TCK-00060,Low,Low,0.8550226154040796,0.04821021783197946,False,,False,,,0.49,0.00011949999316129833,0,0.0,0.0,0.0,254386,False,False,not_required,,False,True,False,5.01194999931613,0.0,1,,synthetic-eval-v1
44,A0,"Rule-based, single process",TCK-00061,Medium,Medium,0.8380445825650428,0.05167643286886362,False,,False,,,0.49,0.00013360000593820587,0,0.0,0.0,0.0,258596,True,False,not_required,,False,True,False,6.013360000593821,0.0,0,,synthetic-eval-v1
44,A0,"Rule-based, single process",TCK-00062,High,High,0.8418316497072857,0.05226195761425113,False,,False,,,0.49,9.500000305706635e-05,0,0.0,0.0,0.0,262772,False,False,rejected,Synthetic reviewer rejected because the outage scope and recovery evidence need clarification.,False,True,False,7.009500000305707,0.0,0,63,synthetic-eval-v1
44,A0,"Rule-based, single process",TCK-00063,Critical,Critical,0.8160182494698344,0.8160182494698344,False,TCK-00059,True,0.0,0.1111111111111111,0.49,9.919999865815043e-05,0,0.0,0.0,0.0,266648,True,False,accepted,"Synthetic reviewer accepted after confirming incident impact, mitigation scope, and a rollback owner.",False,True,False,8.009919999865815,0.0,0,64,synthetic-eval-v1
44,A0,"Rule-based, single process",TCK-00064,Low,Low,0.8404916480811977,0.05061421867246094,False,,False,,,0.49,0.00012030000652885064,0,0.0,0.0,0.0,270268,False,False,not_required,,False,True,False,9.012030000652885,0.0,0,,synthetic-eval-v1
44,A0,"Rule-based, single process",TCK-00065,Medium,Medium,0.870913711698396,0.04391150409769402,False,,False,,,0.49,9.490000229561701e-05,0,0.0,0.0,0.0,274352,True,False,not_required,,False,True,False,10.009490000229562,0.0,0,,synthetic-eval-v1
44,A0,"Rule-based, single process",TCK-00066,High,High,0.86835143569663,0.043388409700056564,False,,False,,,0.49,0.00011779999476857483,0,0.0,0.0,0.0,279072,False,False,rejected,Synthetic reviewer rejected because the outage scope and recovery evidence need clarification.,False,True,False,0.05,0.0,0,67,synthetic-eval-v1
44,A0,"Rule-based, single process",TCK-00067,Critical,Critical,0.8506927320778535,0.8506927320778535,False,,False,,,0.49,0.00010090000432683155,0,0.0,0.0,0.0,283258,False,False,rejected,Synthetic reviewer rejected because impact evidence or the safe mitigation and rollback plan was incomplete.,False,False,False,1.0100900004326832,0.0,0,68,synthetic-eval-v1
44,A0,"Rule-based, single process",TCK-00068,Low,Low,0.8550225782452442,0.04821036171298052,False,,False,,,0.49,9.90999978967011e-05,0,0.0,0.0,0.0,287434,False,False,not_required,,False,True,False,2.00990999978967,0.0,0,,synthetic-eval-v1
44,A0,"Rule-based, single process",TCK-00069,Medium,Medium,0.8549852560217516,0.04767788922468875,False,,False,,,0.49,0.00010359998850617558,0,0.0,0.0,0.0,291642,False,False,not_required,,False,True,False,3.0103599988506176,0.0,0,,synthetic-eval-v1
44,A0,"Rule-based, single process",TCK-00070,High,High,0.8035544450710256,0.06660069553159852,True,TCK-00066,True,0.0,0.1,0.49,9.810000483412296e-05,0,0.0,0.0,0.0,295934,False,False,rejected,Synthetic reviewer rejected because the outage scope and recovery evidence need clarification.,False,True,False,4.009810000483412,0.0,1,71,synthetic-eval-v1
44,A0,"Rule-based, single process",TCK-00071,Critical,Critical,0.8634790154968873,0.8634790154968873,True,,False,,,0.49,0.00012669998977798969,0,0.0,0.0,0.0,300034,True,False,accepted,"Synthetic reviewer accepted after confirming incident impact, mitigation scope, and a rollback owner.",False,True,False,5.012669998977799,0.0,0,72,synthetic-eval-v1
44,A0,"Rule-based, single process",TCK-00072,Low,Low,0.8711308937707463,0.04317983299427514,True,,False,,,0.49,0.00010899998596869409,0,0.0,0.0,0.0,304248,False,False,not_required,,False,True,False,6.010899998596869,0.0,0,,synthetic-eval-v1
44,A0,"Rule-based, single process",TCK-00073,Medium,Medium,0.870913711698396,0.04391150409769402,True,,False,,,0.49,9.760000830283388e-05,0,0.0,0.0,0.0,308458,False,False,not_required,,False,True,False,7.009760000830283,0.0,0,,synthetic-eval-v1
44,A0,"Rule-based, single process",TCK-00074,High,High,0.8392115511988075,0.04764978237122852,True,,False,,,0.49,0.00010560000373516232,0,0.0,0.0,0.0,312636,False,False,rejected,Synthetic reviewer rejected because the outage scope and recovery evidence need clarification.,False,True,False,8.010560000373516,0.0,0,75,synthetic-eval-v1
44,A0,"Rule-based, single process",TCK-00075,Critical,Critical,0.8214562830122526,0.8214562830122526,True,,False,,,0.49,9.57000011112541e-05,0,0.0,0.0,0.0,316844,True,False,accepted,"Synthetic reviewer accepted after confirming incident impact, mitigation scope, and a rollback owner.",False,True,False,9.009570000111125,0.0,0,76,synthetic-eval-v1
44,A0,"Rule-based, single process",TCK-00076,Low,Low,0.8466304215104343,0.05058361592570515,True,,False,,,0.49,0.0002700000040931627,0,0.0,0.0,0.0,321532,False,False,not_required,,False,True,False,10.027000000409316,0.0,0,,synthetic-eval-v1
44,A0,"Rule-based, single process",TCK-00077,Medium,Medium,0.8101792067051434,0.06668324620469335,True,TCK-00073,True,0.0,0.09090909090909091,0.49,0.0001157000006060116,0,0.0,0.0,0.0,325984,False,False,not_required,,False,True,False,0.05,0.0,0,,synthetic-eval-v1
44,A0,"Rule-based, single process",TCK-00078,High,High,0.86835143569663,0.043388409700056564,True,,False,,,0.49,0.00011100000847363845,0,0.0,0.0,0.0,330178,False,False,rejected,Synthetic reviewer rejected because the outage scope and recovery evidence need clarification.,False,True,False,1.0111000008473638,0.0,0,79,synthetic-eval-v1
44,A0,"Rule-based, single process",TCK-00079,Critical,Critical,0.8634790154968873,0.8634790154968873,True,,False,,,0.49,0.0001601000112714246,0,0.0,0.0,0.0,334402,False,False,rejected,Synthetic reviewer rejected because impact evidence or the safe mitigation and rollback plan was incomplete.,False,False,False,2.0160100011271425,0.0,0,80,synthetic-eval-v1
44,A0,"Rule-based, single process",TCK-00080,Low,Low,0.8711308937707463,0.04317983299427514,True,,False,,,0.49,0.00022139999782666564,0,0.0,0.0,0.0,338578,False,False,not_required,,False,True,False,3.0221399997826666,0.0,1,,synthetic-eval-v1
44,A0,"Rule-based, single process",TCK-00081,Medium,Medium,0.8550336292844514,0.04877734799033435,True,,False,,,0.49,0.00020829999266425148,0,0.0,0.0,0.0,342786,False,False,not_required,,False,True,False,4.020829999266425,0.0,0,,synthetic-eval-v1
44,A0,"Rule-based, single process",TCK-00082,High,High,0.8476792473051904,0.048056091023362245,True,,False,,,0.49,0.0002626000059535727,0,0.0,0.0,0.015625,346962,False,False,rejected,Synthetic reviewer rejected because the outage scope and recovery evidence need clarification.,False,False,True,5.026260000595357,1.5,0,83,synthetic-eval-v1
44,A0,"Rule-based, single process",TCK-00083,Critical,Critical,0.8634790154968873,0.8634790154968873,True,,False,,,0.49,0.0002572000084910542,0,0.0,0.0,0.0,351170,True,False,accepted,"Synthetic reviewer accepted after confirming incident impact, mitigation scope, and a rollback owner.",False,True,False,6.025720000849105,0.0,0,84,synthetic-eval-v1
44,A0,"Rule-based, single process",TCK-00084,Low,Low,0.811671070626971,0.06555719156150458,True,TCK-00080,True,0.0,0.08333333333333333,0.49,0.00013420000323094428,0,0.0,0.0,0.0,355488,False,False,not_required,,False,True,False,7.013420000323094,0.0,0,,synthetic-eval-v1
44,A0,"Rule-based, single process",TCK-00085,Medium,Medium,0.8587351144940844,0.04982347598282405,True,,False,,,0.49,0.0002060999904642813,0,0.0,0.0,0.0,359586,False,False,not_required,,False,True,False,8.020609999046428,0.0,0,,synthetic-eval-v1
44,A0,"Rule-based, single process",TCK-00086,High,High,0.8519722657648575,0.04862603494045976,True,,False,,,0.49,0.00015639999764971435,0,0.0,0.0,0.0,364378,False,False,rejected,Synthetic reviewer rejected because the outage scope and recovery evidence need clarification.,False,True,False,9.015639999764971,0.0,0,87,synthetic-eval-v1
44,A0,"Rule-based, single process",TCK-00087,Critical,Critical,0.8354516845753106,0.8354516845753106,True,,False,,,0.49,0.0001066999975591898,0,0.0,0.0,0.0,368588,False,False,rejected,Synthetic reviewer rejected because impact evidence or the safe mitigation and rollback plan was incomplete.,False,False,False,10.010669999755919,0.0,0,88,synthetic-eval-v1
44,A0,"Rule-based, single process",TCK-00088,Low,Low,0.8429210721171151,0.04947749650132674,True,,False,,,0.49,0.00010040000051958486,0,0.0,0.0,0.0,372764,False,False,not_required,,False,True,False,0.05,0.0,0,,synthetic-eval-v1
44,A0,"Rule-based, single process",TCK-00089,Medium,Medium,0.8207804985282067,0.05994806212419659,True,,False,,,0.49,0.0001165999929071404,0,0.0,0.0,0.0,376948,False,False,not_required,,False,True,False,1.011659999290714,0.0,0,,synthetic-eval-v1
44,A0,"Rule-based, single process",TCK-00090,High,High,0.8483160500437888,0.04701790062352904,True,,False,,,0.49,9.850000060396269e-05,0,0.0,0.0,0.0,381124,False,False,rejected,Synthetic reviewer rejected because the outage scope and recovery evidence need clarification.,False,True,False,2.0098500000603963,0.0,1,91,synthetic-eval-v1
44,A0,"Rule-based, single process",TCK-00091,Critical,Critical,0.8013695072994986,0.8013695072994986,True,TCK-00087,True,0.0,0.08333333333333333,0.49,9.850000060396269e-05,0,0.0,0.0,0.0,385450,True,False,accepted,"Synthetic reviewer accepted after confirming incident impact, mitigation scope, and a rollback owner.",False,True,False,3.0098500000603963,0.0,0,92,synthetic-eval-v1
44,A0,"Rule-based, single process",TCK-00092,Low,Low,0.8711308937707463,0.04317983299427514,True,,False,,,0.49,9.470000804867595e-05,0,0.0,0.0,0.0,389514,False,False,not_required,,False,True,False,4.009470000804868,0.0,0,,synthetic-eval-v1
44,A0,"Rule-based, single process",TCK-00093,Medium,Medium,0.8499174065263929,0.049194336216782035,True,,False,,,0.49,0.00011700000322889537,0,0.0,0.0,0.0,393890,False,False,not_required,,False,True,False,5.0117000003228895,0.0,0,,synthetic-eval-v1
44,A0,"Rule-based, single process",TCK-00094,High,High,0.8500693583719513,0.045899754623949775,True,,False,,,0.49,9.82999918051064e-05,0,0.0,0.0,0.0,398194,False,False,rejected,Synthetic reviewer rejected because the outage scope and recovery evidence need clarification.,False,True,False,6.009829999180511,0.0,0,95,synthetic-eval-v1
44,A0,"Rule-based, single process",TCK-00095,Critical,Critical,0.8634790154968873,0.8634790154968873,True,,False,,,0.49,9.490000229561701e-05,0,0.0,0.0,0.0,402402,False,False,rejected,Synthetic reviewer rejected because impact evidence or the safe mitigation and rollback plan was incomplete.,False,False,False,7.009490000229562,0.0,0,96,synthetic-eval-v1
44,A0,"Rule-based, single process",TCK-00096,Low,Low,0.8711308937707463,0.04317983299427514,True,,False,,,0.49,9.23000043258071e-05,0,0.0,0.0,0.0,406578,True,False,not_required,,False,True,False,8.00923000043258,0.0,0,,synthetic-eval-v1
44,A0,"Rule-based, single process",TCK-00097,Medium,Medium,0.870913711698396,0.04391150409769402,True,,False,,,0.49,0.00011490000906633213,0,0.0,0.0,0.0,410784,False,False,not_required,,False,True,False,9.011490000906633,0.0,0,,synthetic-eval-v1
44,A0,"Rule-based, single process",TCK-00098,High,High,0.7867016837188167,0.06678218947732968,True,TCK-00094,True,0.0,0.07692307692307693,0.49,0.00012079998850822449,0,0.0,0.0,0.0,415720,False,False,rejected,Synthetic reviewer rejected because the outage scope and recovery evidence need clarification.,False,True,False,10.012079998850822,0.0,0,99,synthetic-eval-v1
44,A0,"Rule-based, single process",TCK-00099,Critical,Critical,0.8634790154968873,0.8634790154968873,True,,False,,,0.49,9.569997928338125e-05,0,0.0,0.0,0.0,419818,True,False,accepted,"Synthetic reviewer accepted after confirming incident impact, mitigation scope, and a rollback owner.",False,True,False,0.05,0.0,0,100,synthetic-eval-v1
44,A1,Single agent,TCK-00000,Low,Low,0.8557774948287041,0.048246935027255265,False,,False,,,0.75,0.00011800000356743112,1778,6.0,168.0,0.0,4347,False,False,not_required,,False,True,False,0.05,0.0,0,,synthetic-eval-v1
44,A1,Single agent,TCK-00001,Medium,Medium,0.8542718548518411,0.0490906730622734,False,,False,,,0.75,0.000119399992399849,1778,6.0,180.0,0.0,8867,False,False,not_required,,False,True,False,1.011939999239985,0.0,0,,synthetic-eval-v1
44,A1,Single agent,TCK-00002,High,High,0.8519722657648575,0.04862603494045976,False,,False,,,0.75,0.00011279999307589605,1778,6.0,168.0,0.0,13259,False,False,rejected,Synthetic reviewer rejected because the outage scope and recovery evidence need clarification.,False,True,False,2.0112799993075896,0.0,0,41,synthetic-eval-v1
44,A1,Single agent,TCK-00003,Critical,Critical,0.8566763913811181,0.8566763913811181,False,,False,,,0.75,0.0002260000110254623,1778,6.0,180.0,0.0,17571,True,False,accepted,"Synthetic reviewer accepted after confirming incident impact, mitigation scope, and a rollback owner.",False,False,True,3.0226000011025462,1.25,0,29,synthetic-eval-v1
44,A1,Single agent,TCK-00004,Low,Low,0.8501510140005325,0.051842880639958434,False,,False,,,0.75,0.0001137999861384742,1778,6.0,168.0,0.0,21931,False,False,not_required,,False,True,False,4.011379998613847,0.0,0,,synthetic-eval-v1
44,A1,Single agent,TCK-00005,Medium,Medium,0.8542719023835107,0.049090574031905865,False,,False,,,0.75,0.0001229999979841523,1778,6.0,180.0,0.0,26459,False,False,not_required,,False,True,False,5.012299999798415,0.0,0,,synthetic-eval-v1
44,A1,Single agent,TCK-00006,High,High,0.8446529982319751,0.04713645592731361,False,,False,,,0.75,0.0001331000094069168,1778,6.0,168.0,0.0,31291,False,False,rejected,Synthetic reviewer rejected because the outage scope and recovery evidence need clarification.,False,True,False,6.013310000940692,0.0,0,48,synthetic-eval-v1
44,A1,Single agent,TCK-00007,Critical,Critical,0.8195898850912139,0.8195898850912139,False,TCK-00003,True,1.0,1.0,0.75,0.0001371000034851022,1778,6.0,264.0,0.0,36102,True,False,accepted,"Synthetic reviewer accepted after confirming incident impact, mitigation scope, and a rollback owner.",False,True,False,7.01371000034851,0.0,0,46,synthetic-eval-v1
44,A1,Single agent,TCK-00008,Low,Low,0.8563104862459753,0.05053279405513303,False,,False,,,0.75,0.0001331999956164509,1778,6.0,168.0,0.0,40867,False,False,not_required,,False,True,False,8.013319999561645,0.0,0,,synthetic-eval-v1
44,A1,Single agent,TCK-00009,Medium,Medium,0.8280355366915219,0.053109365030864976,False,,False,,,0.75,0.00014699999883305281,1778,6.0,180.0,0.0,45668,False,False,not_required,,False,True,False,9.014699999883305,0.0,1,,synthetic-eval-v1
44,A1,Single agent,TCK-00010,High,High,0.8514129986511341,0.04912427428526011,False,,False,,,0.75,0.00013879998732591048,1778,6.0,168.0,0.0,50579,True,False,accepted,"Synthetic reviewer accepted after confirming affected services, customer impact, and the recovery plan.",False,True,False,10.013879998732591,0.0,0,5,synthetic-eval-v1
44,A1,Single agent,TCK-00011,Critical,Critical,0.8323725817275883,0.8323725817275883,False,,False,,,0.75,0.00012769999739248306,1778,6.0,180.0,0.0,55348,True,False,accepted,"Synthetic reviewer accepted after confirming incident impact, mitigation scope, and a rollback owner.",False,False,True,0.05,1.75,0,35,synthetic-eval-v1
44,A1,Single agent,TCK-00012,Low,Low,0.833530470831303,0.05453786956855435,False,,False,,,0.75,0.00012530000822152942,1778,6.0,168.0,0.0,60228,False,False,not_required,,False,True,False,1.012530000822153,0.0,0,,synthetic-eval-v1
44,A1,Single agent,TCK-00013,Medium,Medium,0.8542716876005986,0.049090805958687644,False,,False,,,0.75,0.0001258000047528185,1778,6.0,180.0,0.0,64995,False,False,not_required,,False,True,False,2.012580000475282,0.0,0,,synthetic-eval-v1
44,A1,Single agent,TCK-00014,High,High,0.7971537634527729,0.06901717610145579,False,TCK-00010,True,1.0,1.0,0.75,0.00017169999773614109,1778,6.0,258.0,0.0,69704,False,False,rejected,Synthetic reviewer rejected because the outage scope and recovery evidence need clarification.,False,True,False,3.017169999773614,0.0,0,34,synthetic-eval-v1
44,A1,Single agent,TCK-00015,Critical,Critical,0.8634790154968873,0.8634790154968873,False,,False,,,0.75,0.00018840000848285854,1778,6.0,180.0,0.0,74202,True,False,accepted,"Synthetic reviewer accepted after confirming incident impact, mitigation scope, and a rollback owner.",False,True,False,4.018840000848286,0.0,0,4,synthetic-eval-v1
44,A1,Single agent,TCK-00016,Low,Low,0.8536754813717032,0.04803145236273112,False,,False,,,0.75,0.0001266999970539473,1778,6.0,168.0,0.0,78675,False,False,not_required,,False,True,False,5.012669999705395,0.0,0,,synthetic-eval-v1
44,A1,Single agent,TCK-00017,Medium,Medium,0.854583703813604,0.04571991878857623,False,,False,,,0.75,0.00012909999350085855,1778,6.0,180.0,0.0,83187,False,False,not_required,,False,True,False,6.012909999350086,0.0,0,,synthetic-eval-v1
44,A1,Single agent,TCK-00018,High,High,0.8434170321236442,0.05052302450802665,False,,False,,,0.75,0.00013520000356948003,1778,6.0,168.0,0.015625,87843,True,False,accepted,"Synthetic reviewer accepted after confirming affected services, customer impact, and the recovery plan.",False,True,False,7.013520000356948,0.0,0,18,synthetic-eval-v1
44,A1,Single agent,TCK-00019,Critical,Critical,0.8441473336555315,0.8441473336555315,False,,False,,,0.75,0.00012740000238409266,1778,6.0,180.0,0.0,92291,True,False,accepted,"Synthetic reviewer accepted after confirming incident impact, mitigation scope, and a rollback owner.",False,True,False,8.01274000023841,0.0,1,25,synthetic-eval-v1
44,A1,Single agent,TCK-00020,Low,Low,0.8557771724533554,0.0482469966856813,False,,False,,,0.75,0.00019769999926211312,1778,6.0,168.0,0.0,96723,False,False,not_required,,False,True,False,9.019769999926211,0.0,0,,synthetic-eval-v1
44,A1,Single agent,TCK-00021,Medium,Medium,0.7804543827846877,0.06859758768375122,False,TCK-00017,True,1.0,1.0,0.75,0.00013029999536229298,1778,6.0,270.0,0.0,101424,False,False,not_required,,False,True,False,10.01302999953623,0.0,0,,synthetic-eval-v1
44,A1,Single agent,TCK-00022,High,High,0.8210490558274556,0.05370774439876554,False,,False,,,0.75,0.0001283999954466708,1778,6.0,168.0,0.0,105772,False,False,rejected,Synthetic reviewer rejected because the outage scope and recovery evidence need clarification.,False,True,False,0.05,0.0,0,21,synthetic-eval-v1
44,A1,Single agent,TCK-00023,Critical,Critical,0.8312816795400749,0.8312816795400749,False,,False,,,0.75,0.00012590000551426783,1778,6.0,180.0,0.0,110260,False,False,rejected,Synthetic reviewer rejected because impact evidence or the safe mitigation and rollback plan was incomplete.,False,False,False,1.0125900005514268,0.0,0,8,synthetic-eval-v1
44,A1,Single agent,TCK-00024,Low,Low,0.8330457144716994,0.0530867979360898,False,,False,,,0.75,0.00013410000974545255,1778,6.0,168.0,0.0,114860,False,False,not_required,,False,True,False,2.0134100009745453,0.0,0,,synthetic-eval-v1
44,A1,Single agent,TCK-00025,Medium,Medium,0.8334700617214653,0.05330606711879734,False,,False,,,0.75,0.00014150000060908496,1778,6.0,180.0,0.0,119372,False,False,not_required,,False,True,False,3.0141500000609085,0.0,0,,synthetic-eval-v1
44,A1,Single agent,TCK-00026,High,High,0.8522784410340383,0.048524315007222034,False,,False,,,0.75,0.00012649999553104863,1778,6.0,168.0,0.0,123867,True,False,accepted,"Synthetic reviewer accepted after confirming affected services, customer impact, and the recovery plan.",False,True,False,4.012649999553105,0.0,0,20,synthetic-eval-v1
44,A1,Single agent,TCK-00027,Critical,Critical,0.8516452004796248,0.8516452004796248,False,,False,,,0.75,0.00012439999409252778,1778,6.0,180.0,0.0,128315,True,False,accepted,"Synthetic reviewer accepted after confirming incident impact, mitigation scope, and a rollback owner.",False,True,False,5.012439999409253,0.0,0,10,synthetic-eval-v1
44,A1,Single agent,TCK-00028,Low,Low,0.7885025149069528,0.07032671831408861,False,TCK-00024,True,1.0,1.0,0.75,0.00012749998859362677,1778,6.0,258.0,0.0,133058,False,False,not_required,,False,True,False,6.012749998859363,0.0,0,,synthetic-eval-v1
44,A1,Single agent,TCK-00029,Medium,Medium,0.8457234274398724,0.0516825799707178,False,,False,,,0.75,0.00014089999604038894,1778,6.0,180.0,0.0,137427,False,False,not_required,,False,True,False,7.014089999604039,0.0,1,,synthetic-eval-v1
44,A1,Single agent,TCK-00030,High,High,0.8522788531490125,0.04852413210217352,False,,False,,,0.75,0.00012239998613949865,1778,6.0,168.0,0.0,141899,True,False,accepted,"Synthetic reviewer accepted after confirming affected services, customer impact, and the recovery plan.",False,False,True,8.01223999861395,0.5,0,38,synthetic-eval-v1
44,A1,Single agent,TCK-00031,Critical,Critical,0.8572111277605682,0.8572111277605682,False,,False,,,0.75,0.0001221999918925576,1778,6.0,180.0,0.0,146347,False,False,rejected,Synthetic reviewer rejected because impact evidence or the safe mitigation and rollback plan was incomplete.,False,False,False,9.012219999189256,0.0,0,33,synthetic-eval-v1
44,A1,Single agent,TCK-00032,Low,Low,0.8544284505392131,0.04855297595077537,False,,False,,,0.75,0.00022760000865673646,1778,6.0,168.0,0.0,150803,False,False,not_required,,False,True,False,10.022760000865674,0.0,0,,synthetic-eval-v1
44,A1,Single agent,TCK-00033,Medium,Medium,0.8553637560865631,0.048165825464147445,False,,False,,,0.75,0.00015829999756533653,1778,6.0,180.0,0.0,155571,False,False,not_required,,False,True,False,0.05,0.0,0,,synthetic-eval-v1
44,A1,Single agent,TCK-00034,High,High,0.8522788014525009,0.04852419236703198,False,,False,,,0.75,0.00012340000102994964,1778,6.0,168.0,0.0,160067,False,False,rejected,Synthetic reviewer rejected because the outage scope and recovery evidence need clarification.,False,True,False,1.012340000102995,0.0,0,47,synthetic-eval-v1
44,A1,Single agent,TCK-00035,Critical,Critical,0.8123333416004819,0.8123333416004819,False,TCK-00031,True,1.0,0.5,0.75,0.0001247000036528334,1778,6.0,270.0,0.0,164584,True,False,accepted,"Synthetic reviewer accepted after confirming incident impact, mitigation scope, and a rollback owner.",False,True,False,2.0124700003652833,0.0,0,44,synthetic-eval-v1
44,A1,Single agent,TCK-00036,Low,Low,0.8332060079876423,0.0530177653208585,False,,False,,,0.75,0.00014199999714037403,1778,6.0,168.0,0.0,168932,False,False,not_required,,False,True,False,3.0141999997140374,0.0,0,,synthetic-eval-v1
44,A1,Single agent,TCK-00037,Medium,Medium,0.8302449968085194,0.055686778464887655,False,,False,,,0.75,0.00012329998571658507,1778,6.0,180.0,0.0,173420,False,False,not_required,,False,True,False,4.0123299985716585,0.0,0,,synthetic-eval-v1
44,A1,Single agent,TCK-00038,High,High,0.8340939170430216,0.04808091317617835,False,,False,,,0.75,0.00012370000331429765,1778,6.0,168.0,0.0,178140,False,False,rejected,Synthetic reviewer rejected because the outage scope and recovery evidence need clarification.,False,False,True,5.01237000033143,1.0,0,28,synthetic-eval-v1
44,A1,Single agent,TCK-00039,Critical,Critical,0.8447307718116016,0.8447307718116016,False,,False,,,0.75,0.00014460000238614157,1778,6.0,180.0,0.0,182587,False,False,rejected,Synthetic reviewer rejected because impact evidence or the safe mitigation and rollback plan was incomplete.,False,False,False,6.014460000238614,0.0,1,1,synthetic-eval-v1
44,A1,Single agent,TCK-00040,Low,Low,0.8448260016704396,0.05055622348851225,False,,False,,,0.75,0.00012919999426230788,1778,6.0,168.0,0.0,187043,False,False,not_required,,False,True,False,7.012919999426231,0.0,0,,synthetic-eval-v1
44,A1,Single agent,TCK-00041,Medium,Medium,0.870913711698396,0.04391150409769402,False,,False,,,0.75,0.00011979999544564635,1778,6.0,180.0,0.0,191586,False,False,not_required,,False,True,False,8.011979999544565,0.0,0,,synthetic-eval-v1
44,A1,Single agent,TCK-00042,High,High,0.7820475979804007,0.06738273319551442,False,TCK-00038,True,1.0,1.0,0.75,0.0001449999981559813,1778,6.0,258.0,0.0,196202,False,False,rejected,Synthetic reviewer rejected because the outage scope and recovery evidence need clarification.,False,True,False,9.014499999815598,0.0,0,16,synthetic-eval-v1
44,A1,Single agent,TCK-00043,Critical,Critical,0.8521702334212479,0.8521702334212479,False,,False,,,0.75,0.00011939999967580661,1778,6.0,180.0,0.0,200571,True,False,accepted,"Synthetic reviewer accepted after confirming incident impact, mitigation scope, and a rollback owner.",False,True,False,10.01193999996758,0.0,0,40,synthetic-eval-v1
44,A1,Single agent,TCK-00044,Low,Low,0.8536754813717032,0.04803145236273112,False,,False,,,0.75,0.00011770000128308311,1778,6.0,168.0,0.0,205363,False,False,not_required,,False,True,False,0.05,0.0,0,,synthetic-eval-v1
44,A1,Single agent,TCK-00045,Medium,Medium,0.8536384872064985,0.05074913277162799,False,,False,,,0.75,0.00016809997759992257,1778,6.0,180.0,0.0,209811,False,False,not_required,,False,True,False,1.0168099977599923,0.0,0,,synthetic-eval-v1
44,A1,Single agent,TCK-00046,High,High,0.8522790261457084,0.04852419735112894,False,,False,,,0.75,0.0001283999954466708,1778,6.0,168.0,0.0,214219,False,False,rejected,Synthetic reviewer rejected because the outage scope and recovery evidence need clarification.,False,True,False,2.012839999544667,0.0,0,7,synthetic-eval-v1
44,A1,Single agent,TCK-00047,Critical,Critical,0.8460383036678318,0.8460383036678318,False,,False,,,0.75,0.00011860000086016953,1778,6.0,180.0,0.0,218667,True,False,accepted,"Synthetic reviewer accepted after confirming incident impact, mitigation scope, and a rollback owner.",False,True,False,3.011860000086017,0.0,0,24,synthetic-eval-v1
44,A1,Single agent,TCK-00048,Low,Low,0.8320726640542201,0.05136758902768673,False,,False,,,0.75,0.00018729999283095822,1778,6.0,168.0,0.0,223100,False,False,not_required,,False,True,False,4.018729999283096,0.0,0,,synthetic-eval-v1
44,A1,Single agent,TCK-00049,Medium,Medium,0.7968462282304168,0.06978263230341158,False,TCK-00045,True,1.0,0.5,0.75,0.0001340000017080456,1778,6.0,270.0,0.0,227640,False,False,not_required,,False,True,False,5.013400000170805,0.0,1,,synthetic-eval-v1
44,A1,Single agent,TCK-00050,High,High,0.8214200375531453,0.05603812993147339,False,,False,,,0.75,0.00011700000322889537,1778,6.0,168.0,0.0,231988,False,False,rejected,Synthetic reviewer rejected because the outage scope and recovery evidence need clarification.,False,True,False,6.0117000003228895,0.0,0,43,synthetic-eval-v1
44,A1,Single agent,TCK-00051,Critical,Critical,0.8413847349450839,0.8413847349450839,False,,False,,,0.75,0.00041130001773126423,1778,6.0,180.0,0.0,236779,True,False,accepted,"Synthetic reviewer accepted after confirming incident impact, mitigation scope, and a rollback owner.",False,True,False,7.041130001773126,0.0,0,27,synthetic-eval-v1
44,A1,Single agent,TCK-00052,Low,Low,0.8627196979848333,0.04560965952386578,False,,False,,,0.75,0.00015629999688826501,1778,6.0,168.0,0.0,241163,False,False,not_required,,False,True,False,8.015629999688827,0.0,0,,synthetic-eval-v1
44,A1,Single agent,TCK-00053,Medium,Medium,0.8550339058582135,0.04877728745588531,False,,False,,,0.75,0.00017919999663718045,1778,6.0,180.0,0.0,245659,False,False,not_required,,False,True,False,9.017919999663718,0.0,0,,synthetic-eval-v1
44,A1,Single agent,TCK-00054,High,High,0.8502515879959708,0.04811748632699093,False,,False,,,0.75,0.0001205000007757917,1778,6.0,168.0,0.0,250139,False,False,rejected,Synthetic reviewer rejected because the outage scope and recovery evidence need clarification.,False,True,False,10.01205000007758,0.0,0,49,synthetic-eval-v1
44,A1,Single agent,TCK-00055,Critical,Critical,0.8506929432976711,0.8506929432976711,False,,False,,,0.75,0.00013929999840911478,1778,6.0,180.0,0.0,254539,True,False,accepted,"Synthetic reviewer accepted after confirming incident impact, mitigation scope, and a rollback owner.",False,True,False,0.05,0.0,0,19,synthetic-eval-v1
44,A1,Single agent,TCK-00056,Low,Low,0.8066831136832687,0.06580063983283706,False,TCK-00052,True,1.0,1.0,0.75,0.00012740000966005027,1778,6.0,258.0,0.0,258984,False,False,not_required,,False,True,False,1.012740000966005,0.0,0,,synthetic-eval-v1
44,A1,Single agent,TCK-00057,Medium,Medium,0.8550336292844514,0.04877734799033435,False,,False,,,0.75,0.00023009999858913943,1778,6.0,180.0,0.0,263307,False,False,not_required,,False,True,False,2.023009999858914,0.0,0,,synthetic-eval-v1
44,A1,Single agent,TCK-00058,High,High,0.8559738875090223,0.05081758190955604,False,,False,,,0.75,0.0001399000029778108,1778,6.0,168.0,0.0,268115,False,False,rejected,Synthetic reviewer rejected because the outage scope and recovery evidence need clarification.,False,True,False,3.013990000297781,0.0,0,17,synthetic-eval-v1
44,A1,Single agent,TCK-00059,Critical,Critical,0.8563526953670116,0.8563526953670116,False,,False,,,0.75,0.00024289999419124797,1778,6.0,180.0,0.0,272515,True,False,accepted,"Synthetic reviewer accepted after confirming incident impact, mitigation scope, and a rollback owner.",False,True,False,4.024289999419125,0.0,1,9,synthetic-eval-v1
44,A1,Single agent,TCK-00060,Low,Low,0.8550226154040796,0.04821021783197946,False,,False,,,0.75,0.00016349999350495636,1778,6.0,168.0,0.0,276899,False,False,not_required,,False,True,False,5.016349999350496,0.0,0,,synthetic-eval-v1
44,A1,Single agent,TCK-00061,Medium,Medium,0.8380445825650428,0.05167643286886362,False,,False,,,0.75,0.00013519999629352242,1778,6.0,180.0,0.0,281300,False,False,not_required,,False,True,False,6.013519999629352,0.0,0,,synthetic-eval-v1
44,A1,Single agent,TCK-00062,High,High,0.8418316497072857,0.05226195761425113,False,,False,,,0.75,0.0001652000137255527,1778,6.0,168.0,0.0,285684,False,False,rejected,Synthetic reviewer rejected because the outage scope and recovery evidence need clarification.,False,True,False,7.016520001372555,0.0,0,3,synthetic-eval-v1
44,A1,Single agent,TCK-00063,Critical,Critical,0.8160182494698344,0.8160182494698344,False,TCK-00059,True,1.0,0.5,0.75,0.0006518000009236857,1778,6.0,270.0,0.0,290176,True,False,accepted,"Synthetic reviewer accepted after confirming incident impact, mitigation scope, and a rollback owner.",False,True,False,8.065180000092369,0.0,0,31,synthetic-eval-v1
44,A1,Single agent,TCK-00064,Low,Low,0.8404916480811977,0.05061421867246094,False,,False,,,0.75,0.00012959999003214762,1778,6.0,168.0,0.0,294476,False,False,not_required,,False,True,False,9.012959999003215,0.0,0,,synthetic-eval-v1
44,A1,Single agent,TCK-00065,Medium,Medium,0.870913711698396,0.04391150409769402,False,,False,,,0.75,0.0001812999980757013,1778,6.0,180.0,0.0,299010,False,False,not_required,,False,True,False,10.01812999980757,0.0,0,,synthetic-eval-v1
44,A1,Single agent,TCK-00066,High,High,0.86835143569663,0.043388409700056564,False,,False,,,0.75,0.00012570000399136916,1778,6.0,168.0,0.0,303938,False,False,rejected,Synthetic reviewer rejected because the outage scope and recovery evidence need clarification.,False,True,False,0.05,0.0,0,39,synthetic-eval-v1
44,A1,Single agent,TCK-00067,Critical,Critical,0.8506927320778535,0.8506927320778535,False,,False,,,0.75,0.00013469999976223335,1778,6.0,180.0,0.0,308315,False,False,rejected,Synthetic reviewer rejected because impact evidence or the safe mitigation and rollback plan was incomplete.,False,False,False,1.0134699999762233,0.0,0,30,synthetic-eval-v1
44,A1,Single agent,TCK-00068,Low,Low,0.8550225782452442,0.04821036171298052,False,,False,,,0.75,0.000137399991217535,1778,6.0,168.0,0.0,312699,False,False,not_required,,False,True,False,2.0137399991217535,0.0,0,,synthetic-eval-v1
44,A1,Single agent,TCK-00069,Medium,Medium,0.8549852560217516,0.04767788922468875,False,,False,,,0.75,0.00012589999823831022,1778,6.0,180.0,0.0,317099,False,False,not_required,,False,True,False,3.012589999823831,0.0,1,,synthetic-eval-v1
44,A1,Single agent,TCK-00070,High,High,0.8035544450710256,0.06660069553159852,True,TCK-00066,True,1.0,0.3333333333333333,0.75,0.00013580000086221844,1778,6.0,252.0,0.0,321566,False,False,rejected,Synthetic reviewer rejected because the outage scope and recovery evidence need clarification.,False,True,False,4.013580000086222,0.0,0,6,synthetic-eval-v1
44,A1,Single agent,TCK-00071,Critical,Critical,0.8634790154968873,0.8634790154968873,True,,False,,,0.75,0.0001196000084746629,1778,6.0,180.0,0.0,325891,True,False,accepted,"Synthetic reviewer accepted after confirming incident impact, mitigation scope, and a rollback owner.",False,False,True,5.011960000847466,1.75,0,32,synthetic-eval-v1
44,A1,Single agent,TCK-00072,Low,Low,0.8711308937707463,0.04317983299427514,True,,False,,,0.75,0.00013749999925494194,1778,6.0,168.0,0.0,330314,False,False,not_required,,False,True,False,6.013749999925494,0.0,0,,synthetic-eval-v1
44,A1,Single agent,TCK-00073,Medium,Medium,0.870913711698396,0.04391150409769402,True,,False,,,0.75,0.00012050001532770693,1778,6.0,180.0,0.0,334739,False,False,not_required,,False,True,False,7.012050001532771,0.0,0,,synthetic-eval-v1
44,A1,Single agent,TCK-00074,High,High,0.8392115511988075,0.04764978237122852,True,,False,,,0.75,0.000130899999930989,1778,6.0,168.0,0.0,339124,False,False,rejected,Synthetic reviewer rejected because the outage scope and recovery evidence need clarification.,False,True,False,8.013089999993099,0.0,0,37,synthetic-eval-v1
44,A1,Single agent,TCK-00075,Critical,Critical,0.8214562830122526,0.8214562830122526,True,,False,,,0.75,0.00012040000001434237,1778,6.0,180.0,0.0,343524,True,False,accepted,"Synthetic reviewer accepted after confirming incident impact, mitigation scope, and a rollback owner.",False,True,False,9.012040000001434,0.0,0,22,synthetic-eval-v1
44,A1,Single agent,TCK-00076,Low,Low,0.8466304215104343,0.05058361592570515,True,,False,,,0.75,0.00013380000746110454,1778,6.0,168.0,0.0,348420,False,False,not_required,,False,True,False,10.01338000074611,0.0,0,,synthetic-eval-v1
44,A1,Single agent,TCK-00077,Medium,Medium,0.8101792067051434,0.06668324620469335,True,TCK-00073,True,1.0,0.5,0.75,0.0001235000090673566,1778,6.0,270.0,0.0,353040,False,False,not_required,,False,True,False,0.05,0.0,0,,synthetic-eval-v1
44,A1,Single agent,TCK-00078,High,High,0.86835143569663,0.043388409700056564,True,,False,,,0.75,0.00013610000314656645,1778,6.0,168.0,0.0,357467,False,False,rejected,Synthetic reviewer rejected because the outage scope and recovery evidence need clarification.,False,True,False,1.0136100003146566,0.0,0,2,synthetic-eval-v1
44,A1,Single agent,TCK-00079,Critical,Critical,0.8634790154968873,0.8634790154968873,True,,False,,,0.75,0.0001199000034830533,1778,6.0,180.0,0.0,361883,False,False,rejected,Synthetic reviewer rejected because impact evidence or the safe mitigation and rollback plan was incomplete.,False,False,False,2.0119900003483053,0.0,1,11,synthetic-eval-v1
44,A1,Single agent,TCK-00080,Low,Low,0.8711308937707463,0.04317983299427514,True,,False,,,0.75,0.00013320001016836613,1778,6.0,168.0,0.0,366267,False,False,not_required,,False,True,False,3.0133200010168366,0.0,0,,synthetic-eval-v1
44,A1,Single agent,TCK-00081,Medium,Medium,0.8550336292844514,0.04877734799033435,True,,False,,,0.75,0.00011920000542886555,1778,6.0,180.0,0.0,370667,False,False,not_required,,False,True,False,4.0119200005428866,0.0,0,,synthetic-eval-v1
44,A1,Single agent,TCK-00082,High,High,0.8476792473051904,0.048056091023362245,True,,False,,,0.75,0.00013110000145388767,1778,6.0,168.0,0.0,375051,False,False,rejected,Synthetic reviewer rejected because the outage scope and recovery evidence need clarification.,False,False,True,5.013110000145389,1.5,0,23,synthetic-eval-v1
44,A1,Single agent,TCK-00083,Critical,Critical,0.8634790154968873,0.8634790154968873,True,,False,,,0.75,0.00011470000026747584,1778,6.0,180.0,0.0,379451,True,False,accepted,"Synthetic reviewer accepted after confirming incident impact, mitigation scope, and a rollback owner.",False,True,False,6.011470000026748,0.0,0,15,synthetic-eval-v1
44,A1,Single agent,TCK-00084,Low,Low,0.811671070626971,0.06555719156150458,True,TCK-00080,True,1.0,0.5,0.75,0.00012779999087797478,1778,6.0,258.0,0.0,383944,False,False,not_required,,False,True,False,7.0127799990877975,0.0,0,,synthetic-eval-v1
44,A1,Single agent,TCK-00085,Medium,Medium,0.8587351144940844,0.04982347598282405,True,,False,,,0.75,0.00011469999299151823,1778,6.0,180.0,0.0,388267,False,False,not_required,,False,True,False,8.011469999299152,0.0,0,,synthetic-eval-v1
44,A1,Single agent,TCK-00086,High,High,0.8519722657648575,0.04862603494045976,True,,False,,,0.75,0.0001406000228598714,1778,6.0,168.0,0.0,393267,False,False,rejected,Synthetic reviewer rejected because the outage scope and recovery evidence need clarification.,False,True,False,9.014060002285987,0.0,0,36,synthetic-eval-v1
44,A1,Single agent,TCK-00087,Critical,Critical,0.8354516845753106,0.8354516845753106,True,,False,,,0.75,0.00011420000373618677,1778,6.0,180.0,0.0,397668,True,False,accepted,"Synthetic reviewer accepted after confirming incident impact, mitigation scope, and a rollback owner.",False,True,False,10.011420000373619,0.0,0,14,synthetic-eval-v1
44,A1,Single agent,TCK-00088,Low,Low,0.8429210721171151,0.04947749650132674,True,,False,,,0.75,0.0001306000049225986,1778,6.0,168.0,0.0,402052,False,False,not_required,,False,True,False,0.05,0.0,0,,synthetic-eval-v1
44,A1,Single agent,TCK-00089,Medium,Medium,0.8207804985282067,0.05994806212419659,True,,False,,,0.75,0.00012240000069141388,1778,6.0,180.0,0.0,406428,False,False,not_required,,False,True,False,1.0122400000691414,0.0,1,,synthetic-eval-v1
44,A1,Single agent,TCK-00090,High,High,0.8483160500437888,0.04701790062352904,True,,False,,,0.75,0.00012770000466844067,1778,6.0,168.0,0.0,410812,False,False,rejected,Synthetic reviewer rejected because the outage scope and recovery evidence need clarification.,False,True,False,2.012770000466844,0.0,0,26,synthetic-eval-v1
44,A1,Single agent,TCK-00091,Critical,Critical,0.8013695072994986,0.8013695072994986,True,TCK-00087,True,1.0,0.3333333333333333,0.75,0.00011449998419266194,1778,6.0,270.0,0.0,415306,True,False,accepted,"Synthetic reviewer accepted after confirming incident impact, mitigation scope, and a rollback owner.",False,True,False,3.011449998419266,0.0,0,50,synthetic-eval-v1
44,A1,Single agent,TCK-00092,Low,Low,0.8711308937707463,0.04317983299427514,True,,False,,,0.75,0.0001286999904550612,1778,6.0,168.0,0.0,419603,False,False,not_required,,False,True,False,4.012869999045506,0.0,0,,synthetic-eval-v1
44,A1,Single agent,TCK-00093,Medium,Medium,0.8499174065263929,0.049194336216782035,True,,False,,,0.75,0.0001643000141484663,1778,6.0,180.0,0.0,424171,False,False,not_required,,False,True,False,5.016430001414847,0.0,0,,synthetic-eval-v1
44,A1,Single agent,TCK-00094,High,High,0.8500693583719513,0.045899754623949775,True,,False,,,0.75,0.00011420000373618677,1778,6.0,168.0,0.0,428683,False,False,rejected,Synthetic reviewer rejected because the outage scope and recovery evidence need clarification.,False,True,False,6.011420000373619,0.0,0,13,synthetic-eval-v1
44,A1,Single agent,TCK-00095,Critical,Critical,0.8634790154968873,0.8634790154968873,True,,False,,,0.75,0.00012989999231649563,1778,6.0,180.0,0.0,433083,True,False,accepted,"Synthetic reviewer accepted after confirming incident impact, mitigation scope, and a rollback owner.",False,True,False,7.01298999923165,0.0,0,12,synthetic-eval-v1
44,A1,Single agent,TCK-00096,Low,Low,0.8711308937707463,0.04317983299427514,True,,False,,,0.75,0.00011079999967478216,1778,6.0,168.0,0.0,437467,False,False,not_required,,False,True,False,8.011079999967478,0.0,0,,synthetic-eval-v1
44,A1,Single agent,TCK-00097,Medium,Medium,0.870913711698396,0.04391150409769402,True,,False,,,0.75,0.00012709999282378703,1778,6.0,180.0,0.0,441866,False,False,not_required,,False,True,False,9.012709999282379,0.0,0,,synthetic-eval-v1
44,A1,Single agent,TCK-00098,High,High,0.7867016837188167,0.06678218947732968,True,TCK-00094,True,1.0,0.25,0.75,0.0001112000027205795,1778,6.0,258.0,0.0,446976,False,False,rejected,Synthetic reviewer rejected because the outage scope and recovery evidence need clarification.,False,True,False,10.011120000272058,0.0,0,42,synthetic-eval-v1
44,A1,Single agent,TCK-00099,Critical,Critical,0.8634790154968873,0.8634790154968873,True,,False,,,0.75,0.00013610001042252406,1778,6.0,180.0,0.0,451299,True,False,accepted,"Synthetic reviewer accepted after confirming incident impact, mitigation scope, and a rollback owner.",False,True,False,0.05,0.0,1,45,synthetic-eval-v1
44,A2,Multi-agent with static agents,TCK-00000,Low,Low,0.8557774948287041,0.048246935027255265,False,,False,,,0.75,0.00016899999172892421,3556,12.0,168.0,0.0,4027,False,False,not_required,,False,True,False,0.05,0.0,0,,synthetic-eval-v1
44,A2,Multi-agent with static agents,TCK-00001,Medium,Medium,0.8542718548518411,0.0490906730622734,False,,False,,,0.75,0.0001365000061923638,3556,12.0,180.0,0.0,8227,False,False,not_required,,False,True,False,1.0136500006192364,0.0,0,,synthetic-eval-v1
44,A2,Multi-agent with static agents,TCK-00002,High,High,0.8519722657648575,0.04862603494045976,False,,False,,,0.75,0.0001176999940071255,3556,12.0,168.0,0.0,12299,False,False,rejected,Synthetic reviewer rejected because the outage scope and recovery evidence need clarification.,False,True,False,2.0117699994007125,0.0,0,44,synthetic-eval-v1
44,A2,Multi-agent with static agents,TCK-00003,Critical,Critical,0.8566763913811181,0.8566763913811181,False,,False,,,0.75,0.00011529998300829902,3556,12.0,180.0,0.0,16291,True,False,accepted,"Synthetic reviewer accepted after confirming incident impact, mitigation scope, and a rollback owner.",False,True,False,3.01152999830083,0.0,0,11,synthetic-eval-v1
44,A2,Multi-agent with static agents,TCK-00004,Low,Low,0.8501510140005325,0.051842880639958434,False,,False,,,0.75,0.00012120000610593706,3556,12.0,168.0,0.0,20331,False,False,not_required,,False,True,False,4.012120000610594,0.0,0,,synthetic-eval-v1
44,A2,Multi-agent with static agents,TCK-00005,Medium,Medium,0.8542719023835107,0.049090574031905865,False,,False,,,0.75,0.00013399998715613037,3556,12.0,180.0,0.0,24515,False,False,not_required,,False,True,False,5.013399998715613,0.0,0,,synthetic-eval-v1
44,A2,Multi-agent with static agents,TCK-00006,High,High,0.8446529982319751,0.04713645592731361,False,,False,,,0.75,0.00014749999536434188,3556,12.0,168.0,0.0,29027,False,False,rejected,Synthetic reviewer rejected because the outage scope and recovery evidence need clarification.,False,True,False,6.014749999536434,0.0,0,13,synthetic-eval-v1
44,A2,Multi-agent with static agents,TCK-00007,Critical,Critical,0.8195898850912139,0.8195898850912139,False,TCK-00003,True,1.0,1.0,0.75,0.00015130000247154385,3556,12.0,264.0,0.0,33518,True,False,accepted,"Synthetic reviewer accepted after confirming incident impact, mitigation scope, and a rollback owner.",False,True,False,7.015130000247154,0.0,0,36,synthetic-eval-v1
44,A2,Multi-agent with static agents,TCK-00008,Low,Low,0.8563104862459753,0.05053279405513303,False,,False,,,0.75,0.0001362000039080158,3556,12.0,168.0,0.0,37963,False,False,not_required,,False,True,False,8.013620000390802,0.0,1,,synthetic-eval-v1
44,A2,Multi-agent with static agents,TCK-00009,Medium,Medium,0.8280355366915219,0.053109365030864976,False,,False,,,0.75,0.0001303000026382506,3556,12.0,180.0,0.0,42444,False,False,not_required,,False,True,False,9.013030000263825,0.0,0,,synthetic-eval-v1
44,A2,Multi-agent with static agents,TCK-00010,High,High,0.8514129986511341,0.04912427428526011,False,,False,,,0.75,0.00012900000001536682,3556,12.0,168.0,0.0,47035,False,False,rejected,Synthetic reviewer rejected because the outage scope and recovery evidence need clarification.,False,True,False,10.012900000001537,0.0,0,6,synthetic-eval-v1
44,A2,Multi-agent with static agents,TCK-00011,Critical,Critical,0.8323725817275883,0.8323725817275883,False,,False,,,0.75,0.0001317999849561602,3556,12.0,180.0,0.0,51484,True,False,accepted,"Synthetic reviewer accepted after confirming incident impact, mitigation scope, and a rollback owner.",False,True,False,0.05,0.0,0,46,synthetic-eval-v1
44,A2,Multi-agent with static agents,TCK-00012,Low,Low,0.833530470831303,0.05453786956855435,False,,False,,,0.75,0.00014540000120177865,3556,12.0,168.0,0.0,56044,False,False,not_required,,False,True,False,1.0145400001201779,0.0,0,,synthetic-eval-v1
44,A2,Multi-agent with static agents,TCK-00013,Medium,Medium,0.8542716876005986,0.049090805958687644,False,,False,,,0.75,0.00013279999984661117,3556,12.0,180.0,0.0,60467,False,False,not_required,,False,True,False,2.013279999984661,0.0,0,,synthetic-eval-v1
44,A2,Multi-agent with static agents,TCK-00014,High,High,0.7971537634527729,0.06901717610145579,False,TCK-00010,True,1.0,1.0,0.75,0.00014109999756328762,3556,12.0,258.0,0.0,64984,False,False,rejected,Synthetic reviewer rejected because the outage scope and recovery evidence need clarification.,False,True,False,3.0141099997563288,0.0,0,50,synthetic-eval-v1
44,A2,Multi-agent with static agents,TCK-00015,Critical,Critical,0.8634790154968873,0.8634790154968873,False,,False,,,0.75,0.00012959999730810523,3556,12.0,180.0,0.0,69482,False,False,rejected,Synthetic reviewer rejected because impact evidence or the safe mitigation and rollback plan was incomplete.,False,False,False,4.0129599997308105,0.0,0,25,synthetic-eval-v1
44,A2,Multi-agent with static agents,TCK-00016,Low,Low,0.8536754813717032,0.04803145236273112,False,,False,,,0.75,0.0001585999852977693,3556,12.0,168.0,0.015625,73955,False,False,not_required,,False,True,False,5.015859998529777,0.0,0,,synthetic-eval-v1
44,A2,Multi-agent with static agents,TCK-00017,Medium,Medium,0.854583703813604,0.04571991878857623,False,,False,,,0.75,0.0001320999945164658,3556,12.0,180.0,0.0,78467,False,False,not_required,,False,True,False,6.013209999451647,0.0,0,,synthetic-eval-v1
44,A2,Multi-agent with static agents,TCK-00018,High,High,0.8434170321236442,0.05052302450802665,False,,False,,,0.75,0.00012930000229971483,3556,12.0,168.0,0.0,83123,False,False,rejected,Synthetic reviewer rejected because the outage scope and recovery evidence need clarification.,False,True,False,7.0129300002299715,0.0,1,1,synthetic-eval-v1
44,A2,Multi-agent with static agents,TCK-00019,Critical,Critical,0.8441473336555315,0.8441473336555315,False,,False,,,0.75,0.0001320999945164658,3556,12.0,180.0,0.0,87571,True,False,accepted,"Synthetic reviewer accepted after confirming incident impact, mitigation scope, and a rollback owner.",False,True,False,8.013209999451647,0.0,0,29,synthetic-eval-v1
44,A2,Multi-agent with static agents,TCK-00020,Low,Low,0.8557771724533554,0.0482469966856813,False,,False,,,0.75,0.0001424999936716631,3556,12.0,168.0,0.0,92003,False,False,not_required,,False,True,False,9.014249999367166,0.0,0,,synthetic-eval-v1
44,A2,Multi-agent with static agents,TCK-00021,Medium,Medium,0.7804543827846877,0.06859758768375122,False,TCK-00017,True,1.0,1.0,0.75,0.00014449999434873462,3556,12.0,270.0,0.0,96704,False,False,not_required,,False,True,False,10.014449999434873,0.0,0,,synthetic-eval-v1
44,A2,Multi-agent with static agents,TCK-00022,High,High,0.8210490558274556,0.05370774439876554,False,,False,,,0.75,0.00013089999265503138,3556,12.0,168.0,0.0,101052,False,False,rejected,Synthetic reviewer rejected because the outage scope and recovery evidence need clarification.,False,True,False,0.05,0.0,0,19,synthetic-eval-v1
44,A2,Multi-agent with static agents,TCK-00023,Critical,Critical,0.8312816795400749,0.8312816795400749,False,,False,,,0.75,0.00013049999688519165,3556,12.0,180.0,0.0,105540,True,False,accepted,"Synthetic reviewer accepted after confirming incident impact, mitigation scope, and a rollback owner.",False,True,False,1.0130499996885192,0.0,0,9,synthetic-eval-v1
44,A2,Multi-agent with static agents,TCK-00024,Low,Low,0.8330457144716994,0.0530867979360898,False,,False,,,0.75,0.00013410000246949494,3556,12.0,168.0,0.0,110140,False,False,not_required,,False,True,False,2.0134100002469495,0.0,0,,synthetic-eval-v1
44,A2,Multi-agent with static agents,TCK-00025,Medium,Medium,0.8334700617214653,0.05330606711879734,False,,False,,,0.75,0.00014739999460289255,3556,12.0,180.0,0.0,114652,False,False,not_required,,False,True,False,3.0147399994602893,0.0,0,,synthetic-eval-v1
44,A2,Multi-agent with static agents,TCK-00026,High,High,0.8522784410340383,0.048524315007222034,False,,False,,,0.75,0.0001306000049225986,3556,12.0,168.0,0.0,119147,False,False,rejected,Synthetic reviewer rejected because the outage scope and recovery evidence need clarification.,False,True,False,4.01306000049226,0.0,0,43,synthetic-eval-v1
44,A2,Multi-agent with static agents,TCK-00027,Critical,Critical,0.8516452004796248,0.8516452004796248,False,,False,,,0.75,0.00013890000263927504,3556,12.0,180.0,0.0,123595,True,False,accepted,"Synthetic reviewer accepted after confirming incident impact, mitigation scope, and a rollback owner.",False,True,False,5.0138900002639275,0.0,0,21,synthetic-eval-v1
44,A2,Multi-agent with static agents,TCK-00028,Low,Low,0.7885025149069528,0.07032671831408861,False,TCK-00024,True,1.0,1.0,0.75,0.0001483000087318942,3556,12.0,258.0,0.0,128338,False,False,not_required,,False,True,False,6.014830000873189,0.0,1,,synthetic-eval-v1
44,A2,Multi-agent with static agents,TCK-00029,Medium,Medium,0.8457234274398724,0.0516825799707178,False,,False,,,0.75,0.00013190001482143998,3556,12.0,180.0,0.0,132707,False,False,not_required,,False,True,False,7.013190001482144,0.0,0,,synthetic-eval-v1
44,A2,Multi-agent with static agents,TCK-00030,High,High,0.8522788531490125,0.04852413210217352,False,,False,,,0.75,0.00013110000872984529,3556,12.0,168.0,0.0,137179,False,False,rejected,Synthetic reviewer rejected because the outage scope and recovery evidence need clarification.,False,True,False,8.013110000872985,0.0,0,23,synthetic-eval-v1
44,A2,Multi-agent with static agents,TCK-00031,Critical,Critical,0.8572111277605682,0.8572111277605682,False,,False,,,0.75,0.00013600000966107473,3556,12.0,180.0,0.0,141627,True,False,accepted,"Synthetic reviewer accepted after confirming incident impact, mitigation scope, and a rollback owner.",False,True,False,9.013600000966107,0.0,0,26,synthetic-eval-v1
44,A2,Multi-agent with static agents,TCK-00032,Low,Low,0.8544284505392131,0.04855297595077537,False,,False,,,0.75,0.0001416000013705343,3556,12.0,168.0,0.0,146059,True,False,not_required,,False,True,False,10.014160000137053,0.0,0,,synthetic-eval-v1
44,A2,Multi-agent with static agents,TCK-00033,Medium,Medium,0.8553637560865631,0.048165825464147445,False,,False,,,0.75,0.0001314000110141933,3556,12.0,180.0,0.0,150827,False,False,not_required,,False,True,False,0.05,0.0,0,,synthetic-eval-v1
44,A2,Multi-agent with static agents,TCK-00034,High,High,0.8522788014525009,0.04852419236703198,False,,False,,,0.75,0.00013089998537907377,3556,12.0,168.0,0.0,155323,False,False,rejected,Synthetic reviewer rejected because the outage scope and recovery evidence need clarification.,False,True,False,1.0130899985379074,0.0,0,40,synthetic-eval-v1
44,A2,Multi-agent with static agents,TCK-00035,Critical,Critical,0.8123333416004819,0.8123333416004819,False,TCK-00031,True,1.0,0.5,0.75,0.00021920001017861068,3556,12.0,270.0,0.0,159840,True,False,accepted,"Synthetic reviewer accepted after confirming incident impact, mitigation scope, and a rollback owner.",False,True,False,2.021920001017861,0.0,0,20,synthetic-eval-v1
44,A2,Multi-agent with static agents,TCK-00036,Low,Low,0.8332060079876423,0.0530177653208585,False,,False,,,0.75,0.0003082000112044625,3556,12.0,168.0,0.0,164188,False,False,not_required,,False,True,False,3.0308200011204462,0.0,0,,synthetic-eval-v1
44,A2,Multi-agent with static agents,TCK-00037,Medium,Medium,0.8302449968085194,0.055686778464887655,False,,False,,,0.75,0.0004076999975950457,3556,12.0,180.0,0.0,168676,False,False,not_required,,False,True,False,4.040769999759505,0.0,0,,synthetic-eval-v1
44,A2,Multi-agent with static agents,TCK-00038,High,High,0.8340939170430216,0.04808091317617835,False,,False,,,0.75,0.0002500000045984052,3556,12.0,168.0,0.0,173396,False,False,rejected,Synthetic reviewer rejected because the outage scope and recovery evidence need clarification.,False,True,False,5.0250000004598405,0.0,1,45,synthetic-eval-v1
44,A2,Multi-agent with static agents,TCK-00039,Critical,Critical,0.8447307718116016,0.8447307718116016,False,,False,,,0.75,0.0001655999949434772,3556,12.0,180.0,0.0,177843,True,False,accepted,"Synthetic reviewer accepted after confirming incident impact, mitigation scope, and a rollback owner.",False,True,False,6.016559999494348,0.0,0,47,synthetic-eval-v1
44,A2,Multi-agent with static agents,TCK-00040,Low,Low,0.8448260016704396,0.05055622348851225,False,,False,,,0.75,0.00014779999037273228,3556,12.0,168.0,0.0,182275,False,False,not_required,,False,True,False,7.014779999037273,0.0,0,,synthetic-eval-v1
44,A2,Multi-agent with static agents,TCK-00041,Medium,Medium,0.870913711698396,0.04391150409769402,False,,False,,,0.75,0.00021569999807979912,3556,12.0,180.0,0.0,186818,False,False,not_required,,False,True,False,8.02156999980798,0.0,0,,synthetic-eval-v1
44,A2,Multi-agent with static agents,TCK-00042,High,High,0.7820475979804007,0.06738273319551442,False,TCK-00038,True,1.0,1.0,0.75,0.00036699999327538535,3556,12.0,258.0,0.0,191434,False,False,rejected,Synthetic reviewer rejected because the outage scope and recovery evidence need clarification.,False,False,True,9.036699999327539,0.5,0,17,synthetic-eval-v1
44,A2,Multi-agent with static agents,TCK-00043,Critical,Critical,0.8521702334212479,0.8521702334212479,False,,False,,,0.75,0.0001725999973132275,3556,12.0,180.0,0.0,195803,True,False,accepted,"Synthetic reviewer accepted after confirming incident impact, mitigation scope, and a rollback owner.",False,True,False,10.017259999731323,0.0,0,24,synthetic-eval-v1
44,A2,Multi-agent with static agents,TCK-00044,Low,Low,0.8536754813717032,0.04803145236273112,False,,False,,,0.75,0.00015559999155811965,3556,12.0,168.0,0.0,200619,False,False,not_required,,False,True,False,0.05,0.0,0,,synthetic-eval-v1
44,A2,Multi-agent with static agents,TCK-00045,Medium,Medium,0.8536384872064985,0.05074913277162799,False,,False,,,0.75,0.0001897000038297847,3556,12.0,180.0,0.0,205067,False,False,not_required,,False,True,False,1.0189700003829785,0.0,0,,synthetic-eval-v1
44,A2,Multi-agent with static agents,TCK-00046,High,High,0.8522790261457084,0.04852419735112894,False,,False,,,0.75,0.00039739999920129776,3556,12.0,168.0,0.0,209475,False,False,rejected,Synthetic reviewer rejected because the outage scope and recovery evidence need clarification.,False,True,False,2.0397399999201298,0.0,0,18,synthetic-eval-v1
44,A2,Multi-agent with static agents,TCK-00047,Critical,Critical,0.8460383036678318,0.8460383036678318,False,,False,,,0.75,0.0003541000041877851,3556,12.0,180.0,0.0,213923,True,False,accepted,"Synthetic reviewer accepted after confirming incident impact, mitigation scope, and a rollback owner.",False,True,False,3.0354100004187785,0.0,0,42,synthetic-eval-v1
44,A2,Multi-agent with static agents,TCK-00048,Low,Low,0.8320726640542201,0.05136758902768673,False,,False,,,0.75,0.0001694000093266368,3556,12.0,168.0,0.0,218356,False,False,not_required,,False,True,False,4.016940000932664,0.0,1,,synthetic-eval-v1
44,A2,Multi-agent with static agents,TCK-00049,Medium,Medium,0.7968462282304168,0.06978263230341158,False,TCK-00045,True,1.0,0.5,0.75,0.0001494999960414134,3556,12.0,270.0,0.0,222896,False,False,not_required,,False,True,False,5.014949999604141,0.0,0,,synthetic-eval-v1
44,A2,Multi-agent with static agents,TCK-00050,High,High,0.8214200375531453,0.05603812993147339,False,,False,,,0.75,0.00016540000069653615,3556,12.0,168.0,0.0,227244,False,False,rejected,Synthetic reviewer rejected because the outage scope and recovery evidence need clarification.,False,True,False,6.016540000069654,0.0,0,28,synthetic-eval-v1
44,A2,Multi-agent with static agents,TCK-00051,Critical,Critical,0.8413847349450839,0.8413847349450839,False,,False,,,0.75,0.00020370000129332766,3556,12.0,180.0,0.0,232035,True,False,accepted,"Synthetic reviewer accepted after confirming incident impact, mitigation scope, and a rollback owner.",False,True,False,7.020370000129333,0.0,0,31,synthetic-eval-v1
44,A2,Multi-agent with static agents,TCK-00052,Low,Low,0.8627196979848333,0.04560965952386578,False,,False,,,0.75,0.00018329998420085758,3556,12.0,168.0,0.0,236419,False,False,not_required,,False,True,False,8.018329998420086,0.0,0,,synthetic-eval-v1
44,A2,Multi-agent with static agents,TCK-00053,Medium,Medium,0.8550339058582135,0.04877728745588531,False,,False,,,0.75,0.00017050000315066427,3556,12.0,180.0,0.0,240915,False,False,not_required,,False,True,False,9.017050000315066,0.0,0,,synthetic-eval-v1
44,A2,Multi-agent with static agents,TCK-00054,High,High,0.8502515879959708,0.04811748632699093,False,,False,,,0.75,0.00017120000120485201,3556,12.0,168.0,0.0,245395,False,False,rejected,Synthetic reviewer rejected because the outage scope and recovery evidence need clarification.,False,True,False,10.017120000120485,0.0,0,12,synthetic-eval-v1
44,A2,Multi-agent with static agents,TCK-00055,Critical,Critical,0.8506929432976711,0.8506929432976711,False,,False,,,0.75,0.000364200008334592,3556,12.0,180.0,0.0,249795,False,False,rejected,Synthetic reviewer rejected because impact evidence or the safe mitigation and rollback plan was incomplete.,False,False,False,0.05,0.0,0,27,synthetic-eval-v1
44,A2,Multi-agent with static agents,TCK-00056,Low,Low,0.8066831136832687,0.06580063983283706,False,TCK-00052,True,1.0,1.0,0.75,0.00047709998762002215,3556,12.0,258.0,0.0,254240,True,False,not_required,,False,True,False,1.0477099987620022,0.0,0,,synthetic-eval-v1
44,A2,Multi-agent with static agents,TCK-00057,Medium,Medium,0.8550336292844514,0.04877734799033435,False,,False,,,0.75,0.0002336000179639086,3556,12.0,180.0,0.0,258563,False,False,not_required,,False,True,False,2.023360001796391,0.0,0,,synthetic-eval-v1
44,A2,Multi-agent with static agents,TCK-00058,High,High,0.8559738875090223,0.05081758190955604,False,,False,,,0.75,0.00022900000476511195,3556,12.0,168.0,0.0,263371,False,False,rejected,Synthetic reviewer rejected because the outage scope and recovery evidence need clarification.,False,True,False,3.022900000476511,0.0,1,16,synthetic-eval-v1
44,A2,Multi-agent with static agents,TCK-00059,Critical,Critical,0.8563526953670116,0.8563526953670116,False,,False,,,0.75,0.0002699000033317134,3556,12.0,180.0,0.0,267771,True,False,accepted,"Synthetic reviewer accepted after confirming incident impact, mitigation scope, and a rollback owner.",False,True,False,4.026990000333171,0.0,0,37,synthetic-eval-v1
44,A2,Multi-agent with static agents,TCK-00060,Low,Low,0.8550226154040796,0.04821021783197946,False,,False,,,0.75,0.0002684999999473803,3556,12.0,168.0,0.0,272155,False,False,not_required,,False,True,False,5.026849999994738,0.0,0,,synthetic-eval-v1
44,A2,Multi-agent with static agents,TCK-00061,Medium,Medium,0.8380445825650428,0.05167643286886362,False,,False,,,0.75,0.00015890000940999016,3556,12.0,180.0,0.0,276556,False,False,not_required,,False,True,False,6.015890000940999,0.0,0,,synthetic-eval-v1
44,A2,Multi-agent with static agents,TCK-00062,High,High,0.8418316497072857,0.05226195761425113,False,,False,,,0.75,0.00017049998132279143,3556,12.0,168.0,0.0,280940,False,False,rejected,Synthetic reviewer rejected because the outage scope and recovery evidence need clarification.,False,True,False,7.017049998132279,0.0,0,48,synthetic-eval-v1
44,A2,Multi-agent with static agents,TCK-00063,Critical,Critical,0.8160182494698344,0.8160182494698344,False,TCK-00059,True,1.0,0.5,0.75,0.0001889000050141476,3556,12.0,270.0,0.0,285432,True,False,accepted,"Synthetic reviewer accepted after confirming incident impact, mitigation scope, and a rollback owner.",False,True,False,8.018890000501415,0.0,0,33,synthetic-eval-v1
44,A2,Multi-agent with static agents,TCK-00064,Low,Low,0.8404916480811977,0.05061421867246094,False,,False,,,0.75,0.00021129999367985874,3556,12.0,168.0,0.0,289732,True,False,not_required,,False,True,False,9.021129999367986,0.0,0,,synthetic-eval-v1
44,A2,Multi-agent with static agents,TCK-00065,Medium,Medium,0.870913711698396,0.04391150409769402,False,,False,,,0.75,0.00017759999900590628,3556,12.0,180.0,0.0,294266,False,False,not_required,,False,True,False,10.01775999990059,0.0,0,,synthetic-eval-v1
44,A2,Multi-agent with static agents,TCK-00066,High,High,0.86835143569663,0.043388409700056564,False,,False,,,0.75,0.0003814000010606833,3556,12.0,168.0,0.0,299194,False,False,rejected,Synthetic reviewer rejected because the outage scope and recovery evidence need clarification.,False,True,False,0.05,0.0,0,5,synthetic-eval-v1
44,A2,Multi-agent with static agents,TCK-00067,Critical,Critical,0.8506927320778535,0.8506927320778535,False,,False,,,0.75,0.00042299999768147245,3556,12.0,180.0,0.0,303571,True,False,accepted,"Synthetic reviewer accepted after confirming incident impact, mitigation scope, and a rollback owner.",False,True,False,1.0422999997681472,0.0,0,30,synthetic-eval-v1
44,A2,Multi-agent with static agents,TCK-00068,Low,Low,0.8550225782452442,0.04821036171298052,False,,False,,,0.75,0.00018320000526728109,3556,12.0,168.0,0.0,307955,False,False,not_required,,False,True,False,2.018320000526728,0.0,1,,synthetic-eval-v1
44,A2,Multi-agent with static agents,TCK-00069,Medium,Medium,0.8549852560217516,0.04767788922468875,False,,False,,,0.75,0.00018549998640082777,3556,12.0,180.0,0.0,312355,False,False,not_required,,False,True,False,3.0185499986400828,0.0,0,,synthetic-eval-v1
44,A2,Multi-agent with static agents,TCK-00070,High,High,0.8035544450710256,0.06660069553159852,True,TCK-00066,True,1.0,0.3333333333333333,0.75,0.0001576999929966405,3556,12.0,252.0,0.0,316822,False,False,rejected,Synthetic reviewer rejected because the outage scope and recovery evidence need clarification.,False,True,False,4.015769999299664,0.0,0,49,synthetic-eval-v1
44,A2,Multi-agent with static agents,TCK-00071,Critical,Critical,0.8634790154968873,0.8634790154968873,True,,False,,,0.75,0.0002015999998548068,3556,12.0,180.0,0.0,321147,False,False,rejected,Synthetic reviewer rejected because impact evidence or the safe mitigation and rollback plan was incomplete.,False,False,False,5.020159999985481,0.0,0,39,synthetic-eval-v1
44,A2,Multi-agent with static agents,TCK-00072,Low,Low,0.8711308937707463,0.04317983299427514,True,,False,,,0.75,0.00015269999857991934,3556,12.0,168.0,0.0,325570,False,False,not_required,,False,True,False,6.015269999857992,0.0,0,,synthetic-eval-v1
44,A2,Multi-agent with static agents,TCK-00073,Medium,Medium,0.870913711698396,0.04391150409769402,True,,False,,,0.75,0.00016820000746520236,3556,12.0,180.0,0.0,329971,False,False,not_required,,False,True,False,7.01682000074652,0.0,0,,synthetic-eval-v1
44,A2,Multi-agent with static agents,TCK-00074,High,High,0.8392115511988075,0.04764978237122852,True,,False,,,0.75,0.0004639999970095232,3556,12.0,168.0,0.015625,334356,False,False,rejected,Synthetic reviewer rejected because the outage scope and recovery evidence need clarification.,False,False,True,8.046399999700952,1.0,0,3,synthetic-eval-v1
44,A2,Multi-agent with static agents,TCK-00075,Critical,Critical,0.8214562830122526,0.8214562830122526,True,,False,,,0.75,0.00039570000080857426,3556,12.0,180.0,0.0,338756,True,False,accepted,"Synthetic reviewer accepted after confirming incident impact, mitigation scope, and a rollback owner.",False,False,True,9.039570000080857,1.25,0,2,synthetic-eval-v1
44,A2,Multi-agent with static agents,TCK-00076,Low,Low,0.8466304215104343,0.05058361592570515,True,,False,,,0.75,0.0001627000092412345,3556,12.0,168.0,0.0,343676,False,False,not_required,,False,True,False,10.016270000924123,0.0,0,,synthetic-eval-v1
44,A2,Multi-agent with static agents,TCK-00077,Medium,Medium,0.8101792067051434,0.06668324620469335,True,TCK-00073,True,1.0,0.5,0.75,0.0001686000105109997,3556,12.0,270.0,0.0,348320,False,False,not_required,,False,True,False,0.05,0.0,0,,synthetic-eval-v1
44,A2,Multi-agent with static agents,TCK-00078,High,High,0.86835143569663,0.043388409700056564,True,,False,,,0.75,0.00018650000129127875,3556,12.0,168.0,0.0,352747,False,False,rejected,Synthetic reviewer rejected because the outage scope and recovery evidence need clarification.,False,False,True,1.0186500001291279,0.5,1,4,synthetic-eval-v1
44,A2,Multi-agent with static agents,TCK-00079,Critical,Critical,0.8634790154968873,0.8634790154968873,True,,False,,,0.75,0.0001714000027277507,3556,12.0,180.0,0.0,357163,True,False,accepted,"Synthetic reviewer accepted after confirming incident impact, mitigation scope, and a rollback owner.",False,False,True,2.017140000272775,0.75,0,41,synthetic-eval-v1
44,A2,Multi-agent with static agents,TCK-00080,Low,Low,0.8711308937707463,0.04317983299427514,True,,False,,,0.75,0.00016950001008808613,3556,12.0,168.0,0.0,361571,False,False,not_required,,False,True,False,3.0169500010088086,0.0,0,,synthetic-eval-v1
44,A2,Multi-agent with static agents,TCK-00081,Medium,Medium,0.8550336292844514,0.04877734799033435,True,,False,,,0.75,0.00015300001541618258,3556,12.0,180.0,0.0,365995,False,False,not_required,,False,True,False,4.015300001541618,0.0,0,,synthetic-eval-v1
44,A2,Multi-agent with static agents,TCK-00082,High,High,0.8476792473051904,0.048056091023362245,True,,False,,,0.75,0.00017469999147579074,3556,12.0,168.0,0.0,370379,False,False,rejected,Synthetic reviewer rejected because the outage scope and recovery evidence need clarification.,False,True,False,5.017469999147579,0.0,0,38,synthetic-eval-v1
44,A2,Multi-agent with static agents,TCK-00083,Critical,Critical,0.8634790154968873,0.8634790154968873,True,,False,,,0.75,0.0002393000031588599,3556,12.0,180.0,0.0,374779,True,False,accepted,"Synthetic reviewer accepted after confirming incident impact, mitigation scope, and a rollback owner.",False,True,False,6.023930000315886,0.0,0,14,synthetic-eval-v1
44,A2,Multi-agent with static agents,TCK-00084,Low,Low,0.811671070626971,0.06555719156150458,True,TCK-00080,True,1.0,0.5,0.75,0.00017049998859874904,3556,12.0,258.0,0.0,379248,True,False,not_required,,False,True,False,7.017049998859875,0.0,0,,synthetic-eval-v1
44,A2,Multi-agent with static agents,TCK-00085,Medium,Medium,0.8587351144940844,0.04982347598282405,True,,False,,,0.75,0.0002316000100108795,3556,12.0,180.0,0.0,383571,False,False,not_required,,False,True,False,8.023160001001088,0.0,0,,synthetic-eval-v1
44,A2,Multi-agent with static agents,TCK-00086,High,High,0.8519722657648575,0.04862603494045976,True,,False,,,0.75,0.00016089999553514645,3556,12.0,168.0,0.0,388571,False,False,rejected,Synthetic reviewer rejected because the outage scope and recovery evidence need clarification.,False,True,False,9.016089999553515,0.0,0,8,synthetic-eval-v1
44,A2,Multi-agent with static agents,TCK-00087,Critical,Critical,0.8354516845753106,0.8354516845753106,True,,False,,,0.75,0.00021660000493284315,3556,12.0,180.0,0.0,392972,True,False,accepted,"Synthetic reviewer accepted after confirming incident impact, mitigation scope, and a rollback owner.",False,True,False,10.021660000493284,0.0,0,7,synthetic-eval-v1
44,A2,Multi-agent with static agents,TCK-00088,Low,Low,0.8429210721171151,0.04947749650132674,True,,False,,,0.75,0.00017419998766854405,3556,12.0,168.0,0.0,397356,True,False,not_required,,False,True,False,0.05,0.0,1,,synthetic-eval-v1
44,A2,Multi-agent with static agents,TCK-00089,Medium,Medium,0.8207804985282067,0.05994806212419659,True,,False,,,0.75,0.0002744999874266796,3556,12.0,180.0,0.0,401732,False,False,not_required,,False,True,False,1.027449998742668,0.0,0,,synthetic-eval-v1
44,A2,Multi-agent with static agents,TCK-00090,High,High,0.8483160500437888,0.04701790062352904,True,,False,,,0.75,0.00016569999570492655,3556,12.0,168.0,0.0,406116,False,False,rejected,Synthetic reviewer rejected because the outage scope and recovery evidence need clarification.,False,True,False,2.0165699995704927,0.0,0,10,synthetic-eval-v1
44,A2,Multi-agent with static agents,TCK-00091,Critical,Critical,0.8013695072994986,0.8013695072994986,True,TCK-00087,True,1.0,0.3333333333333333,0.75,0.0003479000006336719,3556,12.0,270.0,0.0,410610,True,False,accepted,"Synthetic reviewer accepted after confirming incident impact, mitigation scope, and a rollback owner.",False,False,True,3.034790000063367,0.75,0,35,synthetic-eval-v1
44,A2,Multi-agent with static agents,TCK-00092,Low,Low,0.8711308937707463,0.04317983299427514,True,,False,,,0.75,0.0004174999994575046,3556,12.0,168.0,0.015625,414907,False,False,not_required,,False,True,False,4.0417499999457505,0.0,0,,synthetic-eval-v1
44,A2,Multi-agent with static agents,TCK-00093,Medium,Medium,0.8499174065263929,0.049194336216782035,True,,False,,,0.75,0.00027009999757865444,3556,12.0,180.0,0.0,419499,False,False,not_required,,False,True,False,5.027009999757865,0.0,0,,synthetic-eval-v1
44,A2,Multi-agent with static agents,TCK-00094,High,High,0.8500693583719513,0.045899754623949775,True,,False,,,0.75,0.00017129999469034374,3556,12.0,168.0,0.0,424011,False,False,rejected,Synthetic reviewer rejected because the outage scope and recovery evidence need clarification.,False,True,False,6.017129999469034,0.0,0,34,synthetic-eval-v1
44,A2,Multi-agent with static agents,TCK-00095,Critical,Critical,0.8634790154968873,0.8634790154968873,True,,False,,,0.75,0.00026109999453183264,3556,12.0,180.0,0.0,428411,True,False,accepted,"Synthetic reviewer accepted after confirming incident impact, mitigation scope, and a rollback owner.",False,False,True,7.026109999453183,1.75,0,15,synthetic-eval-v1
44,A2,Multi-agent with static agents,TCK-00096,Low,Low,0.8711308937707463,0.04317983299427514,True,,False,,,0.75,0.0001767999929143116,3556,12.0,168.0,0.0,432795,False,False,not_required,,False,True,False,8.017679999291431,0.0,0,,synthetic-eval-v1
44,A2,Multi-agent with static agents,TCK-00097,Medium,Medium,0.870913711698396,0.04391150409769402,True,,False,,,0.75,0.00017289999959757552,3556,12.0,180.0,0.0,437218,False,False,not_required,,False,True,False,9.017289999959758,0.0,0,,synthetic-eval-v1
44,A2,Multi-agent with static agents,TCK-00098,High,High,0.7867016837188167,0.06678218947732968,True,TCK-00094,True,1.0,0.25,0.75,0.00017740000475896522,3556,12.0,258.0,0.0,442328,False,False,rejected,Synthetic reviewer rejected because the outage scope and recovery evidence need clarification.,False,True,False,10.017740000475897,0.0,1,22,synthetic-eval-v1
44,A2,Multi-agent with static agents,TCK-00099,Critical,Critical,0.8634790154968873,0.8634790154968873,True,,False,,,0.75,0.0001883000004454516,3556,12.0,180.0,0.0,446651,True,False,accepted,"Synthetic reviewer accepted after confirming incident impact, mitigation scope, and a rollback owner.",False,True,False,0.05,0.0,0,32,synthetic-eval-v1
44,A3,Multi-agent with mobile agents,TCK-00000,Low,Low,0.8557774948287041,0.048246935027255265,False,,False,,,0.75,0.0003012000015587546,4161,13.0,168.0,0.0,4111,False,False,not_required,,False,True,False,0.05,0.0,0,,synthetic-eval-v1
44,A3,Multi-agent with mobile agents,TCK-00001,Medium,Medium,0.8542718548518411,0.0490906730622734,False,,False,,,0.75,0.0001756999918143265,4161,13.0,180.0,0.0,8395,False,False,not_required,,False,True,False,1.0175699991814326,0.0,0,,synthetic-eval-v1
44,A3,Multi-agent with mobile agents,TCK-00002,High,High,0.8519722657648575,0.04862603494045976,False,,False,,,0.75,0.00021120000019436702,4161,13.0,168.0,0.0,12551,False,True,rejected,Synthetic reviewer rejected because the outage scope and recovery evidence need clarification.,False,True,False,2.0211200000194367,0.0,0,4,synthetic-eval-v1
44,A3,Multi-agent with mobile agents,TCK-00003,Critical,Critical,0.8566763913811181,0.8566763913811181,False,,False,,,0.75,0.00028929999098181725,4161,13.0,180.0,0.0,16627,True,False,accepted,"Synthetic reviewer accepted after confirming incident impact, mitigation scope, and a rollback owner.",False,True,False,3.0289299990981817,0.0,0,35,synthetic-eval-v1
44,A3,Multi-agent with mobile agents,TCK-00004,Low,Low,0.8501510140005325,0.051842880639958434,False,,False,,,0.75,0.0001770999951986596,4161,13.0,168.0,0.0,20751,False,False,not_required,,False,True,False,4.017709999519866,0.0,0,,synthetic-eval-v1
44,A3,Multi-agent with mobile agents,TCK-00005,Medium,Medium,0.8542719023835107,0.049090574031905865,False,,False,,,0.75,0.00017090000619646162,4161,13.0,180.0,0.0,25019,True,False,not_required,,False,True,False,5.017090000619646,0.0,0,,synthetic-eval-v1
44,A3,Multi-agent with mobile agents,TCK-00006,High,High,0.8446529982319751,0.04713645592731361,False,,False,,,0.75,0.00019150000298395753,4161,13.0,168.0,0.0,29615,False,False,rejected,Synthetic reviewer rejected because the outage scope and recovery evidence need clarification.,False,False,True,6.019150000298396,0.5,0,46,synthetic-eval-v1
44,A3,Multi-agent with mobile agents,TCK-00007,Critical,Critical,0.8195898850912139,0.8195898850912139,False,TCK-00003,True,1.0,1.0,0.75,0.0002083999934257008,4161,13.0,264.0,0.0,34214,True,False,accepted,"Synthetic reviewer accepted after confirming incident impact, mitigation scope, and a rollback owner.",False,True,False,7.02083999934257,0.0,1,12,synthetic-eval-v1
44,A3,Multi-agent with mobile agents,TCK-00008,Low,Low,0.8563104862459753,0.05053279405513303,False,,False,,,0.75,0.00018549999367678538,4161,13.0,168.0,0.0,38743,False,True,not_required,,False,True,False,8.018549999367679,0.0,0,,synthetic-eval-v1
44,A3,Multi-agent with mobile agents,TCK-00009,Medium,Medium,0.8280355366915219,0.053109365030864976,False,,False,,,0.75,0.00018329998420085758,4161,13.0,180.0,0.0,43308,False,True,not_required,,False,True,False,9.018329998420086,0.0,0,,synthetic-eval-v1
44,A3,Multi-agent with mobile agents,TCK-00010,High,High,0.8514129986511341,0.04912427428526011,False,,False,,,0.75,0.0002510999911464751,4161,13.0,168.0,0.0,47983,False,False,rejected,Synthetic reviewer rejected because the outage scope and recovery evidence need clarification.,False,True,False,10.025109999114648,0.0,0,30,synthetic-eval-v1
44,A3,Multi-agent with mobile agents,TCK-00011,Critical,Critical,0.8323725817275883,0.8323725817275883,False,,False,,,0.75,0.00041900000360328704,4161,13.0,180.0,0.015625,52516,False,False,rejected,Synthetic reviewer rejected because impact evidence or the safe mitigation and rollback plan was incomplete.,False,False,False,0.05,0.0,0,40,synthetic-eval-v1
44,A3,Multi-agent with mobile agents,TCK-00012,Low,Low,0.833530470831303,0.05453786956855435,False,,False,,,0.75,0.00026950000028591603,4161,13.0,168.0,0.0,57160,False,False,not_required,,False,True,False,1.0269500000285916,0.0,0,,synthetic-eval-v1
44,A3,Multi-agent with mobile agents,TCK-00013,Medium,Medium,0.8542716876005986,0.049090805958687644,False,,False,,,0.75,0.0002401999954599887,4161,13.0,180.0,0.0,61667,False,False,not_required,,False,True,False,2.024019999545999,0.0,0,,synthetic-eval-v1
44,A3,Multi-agent with mobile agents,TCK-00014,High,High,0.7971537634527729,0.06901717610145579,False,TCK-00010,True,1.0,1.0,0.75,0.00020790000417036936,4161,13.0,258.0,0.0,66268,False,True,rejected,Synthetic reviewer rejected because the outage scope and recovery evidence need clarification.,False,True,False,3.020790000417037,0.0,0,32,synthetic-eval-v1
44,A3,Multi-agent with mobile agents,TCK-00015,Critical,Critical,0.8634790154968873,0.8634790154968873,False,,False,,,0.75,0.00020670000230893493,4161,13.0,180.0,0.0,70850,True,False,accepted,"Synthetic reviewer accepted after confirming incident impact, mitigation scope, and a rollback owner.",False,False,True,4.0206700002308935,1.25,0,15,synthetic-eval-v1
44,A3,Multi-agent with mobile agents,TCK-00016,Low,Low,0.8536754813717032,0.04803145236273112,False,,False,,,0.75,0.00035099998785881326,4161,13.0,168.0,0.0,75407,False,False,not_required,,False,True,False,5.035099998785881,0.0,0,,synthetic-eval-v1
44,A3,Multi-agent with mobile agents,TCK-00017,Medium,Medium,0.854583703813604,0.04571991878857623,False,,False,,,0.75,0.00017789999401429668,4161,13.0,180.0,0.0,80027,False,True,not_required,,False,True,False,6.01778999940143,0.0,1,,synthetic-eval-v1
44,A3,Multi-agent with mobile agents,TCK-00018,High,High,0.8434170321236442,0.05052302450802665,False,,False,,,0.75,0.00018500001169741154,4161,13.0,168.0,0.0,84767,False,True,rejected,Synthetic reviewer rejected because the outage scope and recovery evidence need clarification.,False,True,False,7.018500001169741,0.0,0,45,synthetic-eval-v1
44,A3,Multi-agent with mobile agents,TCK-00019,Critical,Critical,0.8441473336555315,0.8441473336555315,False,,False,,,0.75,0.0001832999914768152,4161,13.0,180.0,0.0,89299,False,False,rejected,Synthetic reviewer rejected because impact evidence or the safe mitigation and rollback plan was incomplete.,False,False,False,8.018329999147682,0.0,0,7,synthetic-eval-v1
44,A3,Multi-agent with mobile agents,TCK-00020,Low,Low,0.8557771724533554,0.0482469966856813,False,,False,,,0.75,0.00018419999832985923,4161,13.0,168.0,0.0,93815,False,True,not_required,,False,True,False,9.018419999832986,0.0,0,,synthetic-eval-v1
44,A3,Multi-agent with mobile agents,TCK-00021,Medium,Medium,0.7804543827846877,0.06859758768375122,False,TCK-00017,True,1.0,1.0,0.75,0.00018920000729849562,4161,13.0,270.0,0.0,98600,False,True,not_required,,False,True,False,10.01892000072985,0.0,0,,synthetic-eval-v1
44,A3,Multi-agent with mobile agents,TCK-00022,High,High,0.8210490558274556,0.05370774439876554,False,,False,,,0.75,0.00018310000450583175,4161,13.0,168.0,0.0,103032,False,True,rejected,Synthetic reviewer rejected because the outage scope and recovery evidence need clarification.,False,True,False,0.05,0.0,0,49,synthetic-eval-v1
44,A3,Multi-agent with mobile agents,TCK-00023,Critical,Critical,0.8312816795400749,0.8312816795400749,False,,False,,,0.75,0.00017079999815905467,4161,13.0,180.0,0.0,107604,True,False,accepted,"Synthetic reviewer accepted after confirming incident impact, mitigation scope, and a rollback owner.",False,True,False,1.0170799998159055,0.0,0,44,synthetic-eval-v1
44,A3,Multi-agent with mobile agents,TCK-00024,Low,Low,0.8330457144716994,0.0530867979360898,False,,False,,,0.75,0.00016869999672053382,4161,13.0,168.0,0.0,112288,False,False,not_required,,False,True,False,2.0168699996720534,0.0,0,,synthetic-eval-v1
44,A3,Multi-agent with mobile agents,TCK-00025,Medium,Medium,0.8334700617214653,0.05330606711879734,False,,False,,,0.75,0.000210599995625671,4161,13.0,180.0,0.0,116884,False,False,not_required,,False,True,False,3.021059999562567,0.0,0,,synthetic-eval-v1
44,A3,Multi-agent with mobile agents,TCK-00026,High,High,0.8522784410340383,0.048524315007222034,False,,False,,,0.75,0.00017069999012164772,4161,13.0,168.0,0.0,121463,False,True,rejected,Synthetic reviewer rejected because the outage scope and recovery evidence need clarification.,False,True,False,4.017069999012165,0.0,0,6,synthetic-eval-v1
44,A3,Multi-agent with mobile agents,TCK-00027,Critical,Critical,0.8516452004796248,0.8516452004796248,False,,False,,,0.75,0.0001697999978205189,4161,13.0,180.0,0.0,125995,False,False,rejected,Synthetic reviewer rejected because impact evidence or the safe mitigation and rollback plan was incomplete.,False,False,False,5.016979999782052,0.0,1,43,synthetic-eval-v1
44,A3,Multi-agent with mobile agents,TCK-00028,Low,Low,0.7885025149069528,0.07032671831408861,False,TCK-00024,True,1.0,1.0,0.75,0.00021439999545691535,4161,13.0,258.0,0.0,130822,False,False,not_required,,False,True,False,6.0214399995456915,0.0,0,,synthetic-eval-v1
44,A3,Multi-agent with mobile agents,TCK-00029,Medium,Medium,0.8457234274398724,0.0516825799707178,False,,False,,,0.75,0.0001725999900372699,4161,13.0,180.0,0.0,135275,False,True,not_required,,False,True,False,7.017259999003727,0.0,0,,synthetic-eval-v1
44,A3,Multi-agent with mobile agents,TCK-00030,High,High,0.8522788531490125,0.04852413210217352,False,,False,,,0.75,0.00016589999722782522,4161,13.0,168.0,0.0,139831,False,False,rejected,Synthetic reviewer rejected because the outage scope and recovery evidence need clarification.,False,True,False,8.016589999722783,0.0,0,9,synthetic-eval-v1
44,A3,Multi-agent with mobile agents,TCK-00031,Critical,Critical,0.8572111277605682,0.8572111277605682,False,,False,,,0.75,0.00021430000197142363,4161,13.0,180.0,0.0,144363,True,False,accepted,"Synthetic reviewer accepted after confirming incident impact, mitigation scope, and a rollback owner.",False,False,True,9.021430000197142,0.75,0,1,synthetic-eval-v1
44,A3,Multi-agent with mobile agents,TCK-00032,Low,Low,0.8544284505392131,0.04855297595077537,False,,False,,,0.75,0.00016409999079769477,4161,13.0,168.0,0.0,148879,False,True,not_required,,False,True,False,10.01640999907977,0.0,0,,synthetic-eval-v1
44,A3,Multi-agent with mobile agents,TCK-00033,Medium,Medium,0.8553637560865631,0.048165825464147445,False,,False,,,0.75,0.0001655000014579855,4161,13.0,180.0,0.0,153755,False,False,not_required,,False,True,False,0.05,0.0,0,,synthetic-eval-v1
44,A3,Multi-agent with mobile agents,TCK-00034,High,High,0.8522788014525009,0.04852419236703198,False,,False,,,0.75,0.00017779999325284734,4161,13.0,168.0,0.0,158335,False,False,rejected,Synthetic reviewer rejected because the outage scope and recovery evidence need clarification.,False,True,False,1.0177799993252847,0.0,0,29,synthetic-eval-v1
44,A3,Multi-agent with mobile agents,TCK-00035,Critical,Critical,0.8123333416004819,0.8123333416004819,False,TCK-00031,True,1.0,0.5,0.75,0.00016399999003624544,4161,13.0,270.0,0.0,162936,True,False,accepted,"Synthetic reviewer accepted after confirming incident impact, mitigation scope, and a rollback owner.",False,True,False,2.0163999990036245,0.0,0,27,synthetic-eval-v1
44,A3,Multi-agent with mobile agents,TCK-00036,Low,Low,0.8332060079876423,0.0530177653208585,False,,False,,,0.75,0.0001638000103412196,4161,13.0,168.0,0.0,167368,True,True,not_required,,True,True,False,3.016380001034122,0.0,0,,synthetic-eval-v1
44,A3,Multi-agent with mobile agents,TCK-00037,Medium,Medium,0.8302449968085194,0.055686778464887655,False,,False,,,0.75,0.00017920000391313806,4161,13.0,180.0,0.0,171940,False,False,not_required,,False,True,False,4.017920000391314,0.0,1,,synthetic-eval-v1
44,A3,Multi-agent with mobile agents,TCK-00038,High,High,0.8340939170430216,0.04808091317617835,False,,False,,,0.75,0.00016490000416524708,4161,13.0,168.0,0.0,176744,False,True,rejected,Synthetic reviewer rejected because the outage scope and recovery evidence need clarification.,False,True,False,5.016490000416525,0.0,0,20,synthetic-eval-v1
44,A3,Multi-agent with mobile agents,TCK-00039,Critical,Critical,0.8447307718116016,0.8447307718116016,False,,False,,,0.75,0.00022560000070370734,4161,13.0,180.0,0.0,181275,True,False,accepted,"Synthetic reviewer accepted after confirming incident impact, mitigation scope, and a rollback owner.",False,True,False,6.022560000070371,0.0,0,47,synthetic-eval-v1
44,A3,Multi-agent with mobile agents,TCK-00040,Low,Low,0.8448260016704396,0.05055622348851225,False,,False,,,0.75,0.00016319999849656597,4161,13.0,168.0,0.0,185791,False,True,not_required,,False,True,False,7.016319999849657,0.0,0,,synthetic-eval-v1
44,A3,Multi-agent with mobile agents,TCK-00041,Medium,Medium,0.870913711698396,0.04391150409769402,False,,False,,,0.75,0.00015730000450275838,4161,13.0,180.0,0.0,190418,False,False,not_required,,False,True,False,8.015730000450276,0.0,0,,synthetic-eval-v1
44,A3,Multi-agent with mobile agents,TCK-00042,High,High,0.7820475979804007,0.06738273319551442,False,TCK-00038,True,1.0,1.0,0.75,0.0001784999985829927,4161,13.0,258.0,0.0,195054,False,False,rejected,Synthetic reviewer rejected because the outage scope and recovery evidence need clarification.,False,True,False,9.0178499998583,0.0,0,48,synthetic-eval-v1
44,A3,Multi-agent with mobile agents,TCK-00043,Critical,Critical,0.8521702334212479,0.8521702334212479,False,,False,,,0.75,0.00015840000560274348,4161,13.0,180.0,0.0,199483,False,False,rejected,Synthetic reviewer rejected because impact evidence or the safe mitigation and rollback plan was incomplete.,False,False,False,10.015840000560274,0.0,0,23,synthetic-eval-v1
44,A3,Multi-agent with mobile agents,TCK-00044,Low,Low,0.8536754813717032,0.04803145236273112,False,,False,,,0.75,0.00021580001339316368,4161,13.0,168.0,0.0,204359,False,False,not_required,,False,True,False,0.05,0.0,0,,synthetic-eval-v1
44,A3,Multi-agent with mobile agents,TCK-00045,Medium,Medium,0.8536384872064985,0.05074913277162799,False,,False,,,0.75,0.00016039999900385737,4161,13.0,180.0,0.0,208891,False,False,not_required,,False,True,False,1.0160399999003857,0.0,0,,synthetic-eval-v1
44,A3,Multi-agent with mobile agents,TCK-00046,High,High,0.8522790261457084,0.04852419735112894,False,,False,,,0.75,0.0001584999990882352,4161,13.0,168.0,0.0,213383,False,True,rejected,Synthetic reviewer rejected because the outage scope and recovery evidence need clarification.,False,True,False,2.0158499999088235,0.0,0,42,synthetic-eval-v1
44,A3,Multi-agent with mobile agents,TCK-00047,Critical,Critical,0.8460383036678318,0.8460383036678318,False,,False,,,0.75,0.00017580000712769106,4161,13.0,180.0,0.0,217915,True,False,accepted,"Synthetic reviewer accepted after confirming incident impact, mitigation scope, and a rollback owner.",False,True,False,3.017580000712769,0.0,1,31,synthetic-eval-v1
44,A3,Multi-agent with mobile agents,TCK-00048,Low,Low,0.8320726640542201,0.05136758902768673,False,,False,,,0.75,0.0001610000035725534,4161,13.0,168.0,0.0,222432,False,False,not_required,,False,True,False,4.016100000357255,0.0,0,,synthetic-eval-v1
44,A3,Multi-agent with mobile agents,TCK-00049,Medium,Medium,0.7968462282304168,0.06978263230341158,False,TCK-00045,True,1.0,0.5,0.75,0.0002378999997745268,4161,13.0,270.0,0.0,227056,False,False,not_required,,False,True,False,5.023789999977453,0.0,0,,synthetic-eval-v1
44,A3,Multi-agent with mobile agents,TCK-00050,High,High,0.8214200375531453,0.05603812993147339,False,,False,,,0.75,0.00015639999764971435,4161,13.0,168.0,0.0,231488,False,False,rejected,Synthetic reviewer rejected because the outage scope and recovery evidence need clarification.,False,False,True,6.015639999764971,1.0,0,22,synthetic-eval-v1
44,A3,Multi-agent with mobile agents,TCK-00051,Critical,Critical,0.8413847349450839,0.8413847349450839,False,,False,,,0.75,0.00024390000180574134,4161,13.0,180.0,0.0,236363,True,False,accepted,"Synthetic reviewer accepted after confirming incident impact, mitigation scope, and a rollback owner.",False,False,True,7.024390000180574,1.25,0,11,synthetic-eval-v1
44,A3,Multi-agent with mobile agents,TCK-00052,Low,Low,0.8627196979848333,0.04560965952386578,False,,False,,,0.75,0.00017109999316744506,4161,13.0,168.0,0.015625,240855,False,False,not_required,,False,True,False,8.017109999316745,0.0,0,,synthetic-eval-v1
44,A3,Multi-agent with mobile agents,TCK-00053,Medium,Medium,0.8550339058582135,0.04877728745588531,False,,False,,,0.75,0.00015770000027259812,4161,13.0,180.0,0.0,245459,False,True,not_required,,False,True,False,9.01577000002726,0.0,0,,synthetic-eval-v1
44,A3,Multi-agent with mobile agents,TCK-00054,High,High,0.8502515879959708,0.04811748632699093,False,,False,,,0.75,0.00017219999426743016,4161,13.0,168.0,0.0,250023,False,False,rejected,Synthetic reviewer rejected because the outage scope and recovery evidence need clarification.,False,True,False,10.017219999426743,0.0,0,10,synthetic-eval-v1
44,A3,Multi-agent with mobile agents,TCK-00055,Critical,Critical,0.8506929432976711,0.8506929432976711,False,,False,,,0.75,0.0001559999873279594,4161,13.0,180.0,0.0,254507,True,False,accepted,"Synthetic reviewer accepted after confirming incident impact, mitigation scope, and a rollback owner.",False,True,False,0.05,0.0,0,39,synthetic-eval-v1
44,A3,Multi-agent with mobile agents,TCK-00056,Low,Low,0.8066831136832687,0.06580063983283706,False,TCK-00052,True,1.0,1.0,0.75,0.0001692999867373146,4161,13.0,258.0,0.0,259036,False,False,not_required,,False,True,False,1.0169299986737315,0.0,0,,synthetic-eval-v1
44,A3,Multi-agent with mobile agents,TCK-00057,Medium,Medium,0.8550336292844514,0.04877734799033435,False,,False,,,0.75,0.00015320000238716602,4161,13.0,180.0,0.0,263443,False,True,not_required,,False,True,False,2.0153200002387166,0.0,1,,synthetic-eval-v1
44,A3,Multi-agent with mobile agents,TCK-00058,High,High,0.8559738875090223,0.05081758190955604,False,,False,,,0.75,0.00017290000687353313,4161,13.0,168.0,0.0,268335,False,True,rejected,Synthetic reviewer rejected because the outage scope and recovery evidence need clarification.,False,True,False,3.0172900006873533,0.0,0,2,synthetic-eval-v1
44,A3,Multi-agent with mobile agents,TCK-00059,Critical,Critical,0.8563526953670116,0.8563526953670116,False,,False,,,0.75,0.0001570999957039021,4161,13.0,180.0,0.0,272819,True,False,accepted,"Synthetic reviewer accepted after confirming incident impact, mitigation scope, and a rollback owner.",False,False,True,4.01570999957039,1.75,0,41,synthetic-eval-v1
44,A3,Multi-agent with mobile agents,TCK-00060,Low,Low,0.8550226154040796,0.04821021783197946,False,,False,,,0.75,0.00018440000712871552,4161,13.0,168.0,0.0,277287,False,False,not_required,,False,True,False,5.0184400007128716,0.0,0,,synthetic-eval-v1
44,A3,Multi-agent with mobile agents,TCK-00061,Medium,Medium,0.8380445825650428,0.05167643286886362,False,,False,,,0.75,0.0001536999989184551,4161,13.0,180.0,0.0,281796,False,False,not_required,,False,True,False,6.0153699998918455,0.0,0,,synthetic-eval-v1
44,A3,Multi-agent with mobile agents,TCK-00062,High,High,0.8418316497072857,0.05226195761425113,False,,False,,,0.75,0.00018689999706111848,4161,13.0,168.0,0.0,286264,False,True,rejected,Synthetic reviewer rejected because the outage scope and recovery evidence need clarification.,False,True,False,7.018689999706112,0.0,0,37,synthetic-eval-v1
44,A3,Multi-agent with mobile agents,TCK-00063,Critical,Critical,0.8160182494698344,0.8160182494698344,False,TCK-00059,True,1.0,0.5,0.75,0.00016350000078091398,4161,13.0,270.0,0.0,290840,True,False,accepted,"Synthetic reviewer accepted after confirming incident impact, mitigation scope, and a rollback owner.",False,True,False,8.016350000078091,0.0,0,25,synthetic-eval-v1
44,A3,Multi-agent with mobile agents,TCK-00064,Low,Low,0.8404916480811977,0.05061421867246094,False,,False,,,0.75,0.00021209999977145344,4161,13.0,168.0,0.0,295224,False,False,not_required,,False,True,False,9.021209999977145,0.0,0,,synthetic-eval-v1
44,A3,Multi-agent with mobile agents,TCK-00065,Medium,Medium,0.870913711698396,0.04391150409769402,False,,False,,,0.75,0.00015469999925699085,4161,13.0,180.0,0.0,299842,False,False,not_required,,False,True,False,10.015469999925699,0.0,0,,synthetic-eval-v1
44,A3,Multi-agent with mobile agents,TCK-00066,High,High,0.86835143569663,0.043388409700056564,False,,False,,,0.75,0.0002043999993475154,4161,13.0,168.0,0.0,304854,False,False,rejected,Synthetic reviewer rejected because the outage scope and recovery evidence need clarification.,False,True,False,0.05,0.0,0,16,synthetic-eval-v1
44,A3,Multi-agent with mobile agents,TCK-00067,Critical,Critical,0.8506927320778535,0.8506927320778535,False,,False,,,0.75,0.0003775000004679896,4161,13.0,180.0,0.0,309315,False,False,rejected,Synthetic reviewer rejected because impact evidence or the safe mitigation and rollback plan was incomplete.,False,False,False,1.037750000046799,0.0,1,21,synthetic-eval-v1
44,A3,Multi-agent with mobile agents,TCK-00068,Low,Low,0.8550225782452442,0.04821036171298052,False,,False,,,0.75,0.00020319999021012336,4161,13.0,168.0,0.0,313783,False,True,not_required,,False,True,False,2.0203199990210123,0.0,0,,synthetic-eval-v1
44,A3,Multi-agent with mobile agents,TCK-00069,Medium,Medium,0.8549852560217516,0.04767788922468875,False,,False,,,0.75,0.00018320000526728109,4161,13.0,180.0,0.0,318267,False,False,not_required,,False,True,False,3.018320000526728,0.0,0,,synthetic-eval-v1
44,A3,Multi-agent with mobile agents,TCK-00070,High,High,0.8035544450710256,0.06660069553159852,True,TCK-00066,True,1.0,0.3333333333333333,0.75,0.00017740001203492284,4161,13.0,252.0,0.0,322818,False,True,rejected,Synthetic reviewer rejected because the outage scope and recovery evidence need clarification.,False,True,False,4.017740001203492,0.0,0,19,synthetic-eval-v1
44,A3,Multi-agent with mobile agents,TCK-00071,Critical,Critical,0.8634790154968873,0.8634790154968873,True,,False,,,0.75,0.00017929999739862978,4161,13.0,180.0,0.0,327227,True,False,accepted,"Synthetic reviewer accepted after confirming incident impact, mitigation scope, and a rollback owner.",False,False,True,5.017929999739863,1.75,0,38,synthetic-eval-v1
44,A3,Multi-agent with mobile agents,TCK-00072,Low,Low,0.8711308937707463,0.04317983299427514,True,,False,,,0.75,0.00020759999461006373,4161,13.0,168.0,0.0,331734,False,True,not_required,,False,True,False,6.020759999461006,0.0,0,,synthetic-eval-v1
44,A3,Multi-agent with mobile agents,TCK-00073,Medium,Medium,0.870913711698396,0.04391150409769402,True,,False,,,0.75,0.00018559999443823472,4161,13.0,180.0,0.0,336243,False,True,not_required,,False,True,False,7.0185599994438235,0.0,0,,synthetic-eval-v1
44,A3,Multi-agent with mobile agents,TCK-00074,High,High,0.8392115511988075,0.04764978237122852,True,,False,,,0.75,0.00017420000222045928,4161,13.0,168.0,0.0,340712,False,True,rejected,Synthetic reviewer rejected because the outage scope and recovery evidence need clarification.,False,True,False,8.017420000222046,0.0,0,36,synthetic-eval-v1
44,A3,Multi-agent with mobile agents,TCK-00075,Critical,Critical,0.8214562830122526,0.8214562830122526,True,,False,,,0.75,0.00018850000196835026,4161,13.0,180.0,0.0,345196,True,False,accepted,"Synthetic reviewer accepted after confirming incident impact, mitigation scope, and a rollback owner.",False,True,False,9.018850000196835,0.0,0,28,synthetic-eval-v1
44,A3,Multi-agent with mobile agents,TCK-00076,Low,Low,0.8466304215104343,0.05058361592570515,True,,False,,,0.75,0.00020130000484641641,4161,13.0,168.0,0.0,350176,True,False,not_required,,False,True,False,10.020130000484642,0.0,0,,synthetic-eval-v1
44,A3,Multi-agent with mobile agents,TCK-00077,Medium,Medium,0.8101792067051434,0.06668324620469335,True,TCK-00073,True,1.0,0.5,0.75,0.00022700000408804044,4161,13.0,270.0,0.0,354880,False,False,not_required,,False,True,False,0.05,0.0,1,,synthetic-eval-v1
44,A3,Multi-agent with mobile agents,TCK-00078,High,High,0.86835143569663,0.043388409700056564,True,,False,,,0.75,0.000162799988174811,4161,13.0,168.0,0.0,359391,False,True,rejected,Synthetic reviewer rejected because the outage scope and recovery evidence need clarification.,False,True,False,1.016279998817481,0.0,0,18,synthetic-eval-v1
44,A3,Multi-agent with mobile agents,TCK-00079,Critical,Critical,0.8634790154968873,0.8634790154968873,True,,False,,,0.75,0.00018479999562259763,4161,13.0,180.0,0.015625,363891,True,False,accepted,"Synthetic reviewer accepted after confirming incident impact, mitigation scope, and a rollback owner.",False,True,False,2.0184799995622598,0.0,0,8,synthetic-eval-v1
44,A3,Multi-agent with mobile agents,TCK-00080,Low,Low,0.8711308937707463,0.04317983299427514,True,,False,,,0.75,0.00019010000687558204,4161,13.0,168.0,0.0,368359,False,True,not_required,,False,True,False,3.019010000687558,0.0,0,,synthetic-eval-v1
44,A3,Multi-agent with mobile agents,TCK-00081,Medium,Medium,0.8550336292844514,0.04877734799033435,True,,False,,,0.75,0.0001756999990902841,4161,13.0,180.0,0.0,372843,False,False,not_required,,False,True,False,4.017569999909028,0.0,0,,synthetic-eval-v1
44,A3,Multi-agent with mobile agents,TCK-00082,High,High,0.8476792473051904,0.048056091023362245,True,,False,,,0.75,0.00031490000401390716,4161,13.0,168.0,0.0,377311,False,False,rejected,Synthetic reviewer rejected because the outage scope and recovery evidence need clarification.,False,True,False,5.031490000401391,0.0,0,5,synthetic-eval-v1
44,A3,Multi-agent with mobile agents,TCK-00083,Critical,Critical,0.8634790154968873,0.8634790154968873,True,,False,,,0.75,0.00017980000120587647,4161,13.0,180.0,0.0,381795,False,False,rejected,Synthetic reviewer rejected because impact evidence or the safe mitigation and rollback plan was incomplete.,False,False,False,6.017980000120588,0.0,0,26,synthetic-eval-v1
44,A3,Multi-agent with mobile agents,TCK-00084,Low,Low,0.811671070626971,0.06555719156150458,True,TCK-00080,True,1.0,0.5,0.75,0.00017669999942881986,4161,13.0,258.0,0.0,386348,False,False,not_required,,False,True,False,7.017669999942882,0.0,0,,synthetic-eval-v1
44,A3,Multi-agent with mobile agents,TCK-00085,Medium,Medium,0.8587351144940844,0.04982347598282405,True,,False,,,0.75,0.00017240000306628644,4161,13.0,180.0,0.0,390755,False,True,not_required,,False,True,False,8.017240000306629,0.0,0,,synthetic-eval-v1
44,A3,Multi-agent with mobile agents,TCK-00086,High,High,0.8519722657648575,0.04862603494045976,True,,False,,,0.75,0.00020979999681003392,4161,13.0,168.0,0.0,395839,True,False,accepted,"Synthetic reviewer accepted after confirming affected services, customer impact, and the recovery plan.",False,True,False,9.020979999681003,0.0,0,3,synthetic-eval-v1
44,A3,Multi-agent with mobile agents,TCK-00087,Critical,Critical,0.8354516845753106,0.8354516845753106,True,,False,,,0.75,0.00015929999790387228,4161,13.0,180.0,0.0,400324,True,False,accepted,"Synthetic reviewer accepted after confirming incident impact, mitigation scope, and a rollback owner.",False,True,False,10.015929999790387,0.0,1,34,synthetic-eval-v1
44,A3,Multi-agent with mobile agents,TCK-00088,Low,Low,0.8429210721171151,0.04947749650132674,True,,False,,,0.75,0.0001750999945215881,4161,13.0,168.0,0.0,404792,False,True,not_required,,False,True,False,0.05,0.0,0,,synthetic-eval-v1
44,A3,Multi-agent with mobile agents,TCK-00089,Medium,Medium,0.8207804985282067,0.05994806212419659,True,,False,,,0.75,0.00025599999935366213,4161,13.0,180.0,0.0,409252,False,False,not_required,,False,True,False,1.0255999999353662,0.0,0,,synthetic-eval-v1
44,A3,Multi-agent with mobile agents,TCK-00090,High,High,0.8483160500437888,0.04701790062352904,True,,False,,,0.75,0.00016630000027362257,4161,13.0,168.0,0.0,413720,False,False,rejected,Synthetic reviewer rejected because the outage scope and recovery evidence need clarification.,False,True,False,2.0166300000273623,0.0,0,33,synthetic-eval-v1
44,A3,Multi-agent with mobile agents,TCK-00091,Critical,Critical,0.8013695072994986,0.8013695072994986,True,TCK-00087,True,1.0,0.3333333333333333,0.75,0.00017750001279637218,4161,13.0,270.0,0.0,418298,True,False,accepted,"Synthetic reviewer accepted after confirming incident impact, mitigation scope, and a rollback owner.",False,True,False,3.017750001279637,0.0,0,24,synthetic-eval-v1
44,A3,Multi-agent with mobile agents,TCK-00092,Low,Low,0.8711308937707463,0.04317983299427514,True,,False,,,0.75,0.00017289999959757552,4161,13.0,168.0,0.0,422679,False,True,not_required,,False,True,False,4.0172899999597576,0.0,0,,synthetic-eval-v1
44,A3,Multi-agent with mobile agents,TCK-00093,Medium,Medium,0.8499174065263929,0.049194336216782035,True,,False,,,0.75,0.00017840000509750098,4161,13.0,180.0,0.0,427331,False,False,not_required,,False,True,False,5.01784000050975,0.0,0,,synthetic-eval-v1
44,A3,Multi-agent with mobile agents,TCK-00094,High,High,0.8500693583719513,0.045899754623949775,True,,False,,,0.75,0.0001599999886821024,4161,13.0,168.0,0.0,431927,False,False,rejected,Synthetic reviewer rejected because the outage scope and recovery evidence need clarification.,False,True,False,6.01599999886821,0.0,0,17,synthetic-eval-v1
44,A3,Multi-agent with mobile agents,TCK-00095,Critical,Critical,0.8634790154968873,0.8634790154968873,True,,False,,,0.75,0.00016980000509647653,4161,13.0,180.0,0.0,436411,True,False,accepted,"Synthetic reviewer accepted after confirming incident impact, mitigation scope, and a rollback owner.",False,True,False,7.016980000509648,0.0,0,13,synthetic-eval-v1
44,A3,Multi-agent with mobile agents,TCK-00096,Low,Low,0.8711308937707463,0.04317983299427514,True,,False,,,0.75,0.0001801000107661821,4161,13.0,168.0,0.0,440879,False,True,not_required,,False,True,False,8.018010001076618,0.0,0,,synthetic-eval-v1
44,A3,Multi-agent with mobile agents,TCK-00097,Medium,Medium,0.870913711698396,0.04391150409769402,True,,False,,,0.75,0.00015460001304745674,4161,13.0,180.0,0.0,445362,False,False,not_required,,False,True,False,9.015460001304746,0.0,1,,synthetic-eval-v1
44,A3,Multi-agent with mobile agents,TCK-00098,High,High,0.7867016837188167,0.06678218947732968,True,TCK-00094,True,1.0,0.25,0.75,0.00017120000120485201,4161,13.0,258.0,0.0,450556,True,False,accepted,"Synthetic reviewer accepted after confirming affected services, customer impact, and the recovery plan.",False,True,False,10.017120000120485,0.0,0,50,synthetic-eval-v1
44,A3,Multi-agent with mobile agents,TCK-00099,Critical,Critical,0.8634790154968873,0.8634790154968873,True,,False,,,0.75,0.00019789998623309657,4161,13.0,180.0,0.0,454963,False,False,rejected,Synthetic reviewer rejected because impact evidence or the safe mitigation and rollback plan was incomplete.,False,False,False,0.05,0.0,0,14,synthetic-eval-v1
45,A0,"Rule-based, single process",TCK-00000,Low,Low,0.857492932574714,0.04862728808117576,False,,False,,,0.49,8.570000500185415e-05,0,0.0,0.0,0.0,2842,False,False,not_required,,False,True,False,0.05,0.0,1,,synthetic-eval-v1
45,A0,"Rule-based, single process",TCK-00001,Medium,Medium,0.8566976541034682,0.04822526115525332,False,,False,,,0.49,5.989999772282317e-05,0,0.0,0.0,0.0,6290,False,False,not_required,,False,True,False,1.0059899997722823,0.0,0,,synthetic-eval-v1
45,A0,"Rule-based, single process",TCK-00002,High,High,0.8489406999486907,0.0523100433692146,False,,False,,,0.49,5.999999848427251e-05,0,0.0,0.0,0.0,9706,False,False,rejected,Synthetic reviewer rejected because the outage scope and recovery evidence need clarification.,False,True,False,2.0059999998484273,0.0,0,3,synthetic-eval-v1
45,A0,"Rule-based, single process",TCK-00003,Critical,Critical,0.8507773560183772,0.8507773560183772,False,,False,,,0.49,6.0599988501053303e-05,0,0.0,0.0,0.0,13058,True,False,accepted,"Synthetic reviewer accepted after confirming incident impact, mitigation scope, and a rollback owner.",False,True,False,3.0060599988501053,0.0,0,4,synthetic-eval-v1
45,A0,"Rule-based, single process",TCK-00004,Low,Low,0.8548404742000808,0.04742299319428069,False,,False,,,0.49,5.970000347588211e-05,0,0.0,0.0,0.0,16442,False,False,not_required,,False,True,False,4.005970000347588,0.0,0,,synthetic-eval-v1
45,A0,"Rule-based, single process",TCK-00005,Medium,Medium,0.8566975622329632,0.04822519050348998,False,,False,,,0.49,6.53000024612993e-05,0,0.0,0.0,0.0,19986,False,False,not_required,,False,True,False,5.00653000024613,0.0,0,,synthetic-eval-v1
45,A0,"Rule-based, single process",TCK-00006,High,High,0.8542417084209201,0.048198308012436936,False,,False,,,0.49,8.070000330917537e-05,0,0.0,0.0,0.0,23842,False,False,rejected,Synthetic reviewer rejected because the outage scope and recovery evidence need clarification.,False,True,False,6.0080700003309175,0.0,0,7,synthetic-eval-v1
45,A0,"Rule-based, single process",TCK-00007,Critical,Critical,0.8153907065451671,0.8153907065451671,False,TCK-00003,True,1.0,1.0,0.49,7.809999078745022e-05,0,0.0,0.0,0.0,27718,True,False,accepted,"Synthetic reviewer accepted after confirming incident impact, mitigation scope, and a rollback owner.",False,True,False,7.007809999078745,0.0,0,8,synthetic-eval-v1
45,A0,"Rule-based, single process",TCK-00008,Low,Low,0.8714481958177949,0.042665679343305764,False,,False,,,0.49,7.810001261532307e-05,0,0.0,0.0,0.0,31480,False,False,not_required,,False,True,False,8.007810001261532,0.0,0,,synthetic-eval-v1
45,A0,"Rule-based, single process",TCK-00009,Medium,Medium,0.8223707898765594,0.05598280177350943,False,,False,,,0.49,7.529999857069924e-05,0,0.0,0.0,0.0,35300,True,False,not_required,,False,True,False,9.00752999985707,0.0,0,,synthetic-eval-v1
45,A0,"Rule-based, single process",TCK-00010,High,High,0.8485226905901975,0.04966234056489561,False,,False,,,0.49,7.46000005165115e-05,0,0.0,0.0,0.0,39236,False,False,rejected,Synthetic reviewer rejected because the outage scope and recovery evidence need clarification.,False,True,False,10.007460000051651,0.0,1,11,synthetic-eval-v1
45,A0,"Rule-based, single process",TCK-00011,Critical,Critical,0.8370347414004108,0.8370347414004108,False,,False,,,0.49,0.00010329998622182757,0,0.0,0.0,0.0,43426,True,False,accepted,"Synthetic reviewer accepted after confirming incident impact, mitigation scope, and a rollback owner.",False,False,True,0.05,1.75,0,12,synthetic-eval-v1
45,A0,"Rule-based, single process",TCK-00012,Low,Low,0.8409312572112652,0.05074205004306479,False,,False,,,0.49,7.689999620197341e-05,0,0.0,0.0,0.0,47780,True,False,not_required,,False,True,False,1.0076899996201973,0.0,0,,synthetic-eval-v1
45,A0,"Rule-based, single process",TCK-00013,Medium,Medium,0.8566977022979394,0.04822534850761842,False,,False,,,0.49,9.720000525703654e-05,0,0.0,0.0,0.0,52034,False,False,not_required,,False,True,False,2.0097200005257037,0.0,0,,synthetic-eval-v1
45,A0,"Rule-based, single process",TCK-00014,High,High,0.8029759558351951,0.06640590117532563,False,TCK-00010,True,1.0,0.5,0.49,9.149999095825478e-05,0,0.0,0.0,0.0,56378,False,False,rejected,Synthetic reviewer rejected because the outage scope and recovery evidence need clarification.,False,False,True,3.0091499990958255,1.0,0,15,synthetic-eval-v1
45,A0,"Rule-based, single process",TCK-00015,Critical,Critical,0.8494437576532907,0.8494437576532907,False,,False,,,0.49,9.070000669453293e-05,0,0.0,0.0,0.015625,60650,True,False,accepted,"Synthetic reviewer accepted after confirming incident impact, mitigation scope, and a rollback owner.",False,True,False,4.009070000669453,0.0,0,16,synthetic-eval-v1
45,A0,"Rule-based, single process",TCK-00016,Low,Low,0.8563098284937883,0.04751000043928206,False,,False,,,0.49,7.719999848632142e-05,0,0.0,0.0,0.0,64938,False,False,not_required,,False,True,False,5.007719999848632,0.0,0,,synthetic-eval-v1
45,A0,"Rule-based, single process",TCK-00017,Medium,Medium,0.854326513431483,0.047958260619679526,False,,False,,,0.49,7.829999958630651e-05,0,0.0,0.0,0.0,69258,False,False,not_required,,False,True,False,6.007829999958631,0.0,0,,synthetic-eval-v1
45,A0,"Rule-based, single process",TCK-00018,High,High,0.8542421499924492,0.04819830658589147,False,,False,,,0.49,7.810001261532307e-05,0,0.0,0.0,0.0,73706,False,False,rejected,Synthetic reviewer rejected because the outage scope and recovery evidence need clarification.,False,True,False,7.007810001261532,0.0,0,19,synthetic-eval-v1
45,A0,"Rule-based, single process",TCK-00019,Critical,Critical,0.8620244478563679,0.8620244478563679,False,,False,,,0.49,7.710001227678731e-05,0,0.0,0.0,0.0,77960,True,False,accepted,"Synthetic reviewer accepted after confirming incident impact, mitigation scope, and a rollback owner.",False,True,False,8.007710001227679,0.0,0,20,synthetic-eval-v1
45,A0,"Rule-based, single process",TCK-00020,Low,Low,0.845573098058792,0.04989853466200422,False,,False,,,0.49,7.749999349471182e-05,0,0.0,0.0,0.0,82186,False,False,not_required,,False,True,False,9.007749999349471,0.0,1,,synthetic-eval-v1
45,A0,"Rule-based, single process",TCK-00021,Medium,Medium,0.7999291684891167,0.06781030834125305,False,TCK-00017,True,1.0,0.3333333333333333,0.49,7.789999654050916e-05,0,0.0,0.0,0.0,86720,False,False,not_required,,False,True,False,10.007789999654051,0.0,0,,synthetic-eval-v1
45,A0,"Rule-based, single process",TCK-00022,High,High,0.8392688759630844,0.048037540699626284,False,,False,,,0.49,7.779999577905983e-05,0,0.0,0.0,0.0,90834,False,False,rejected,Synthetic reviewer rejected because the outage scope and recovery evidence need clarification.,False,True,False,0.05,0.0,0,23,synthetic-eval-v1
45,A0,"Rule-based, single process",TCK-00023,Critical,Critical,0.8305491661186505,0.8305491661186505,False,,False,,,0.49,7.759999425616115e-05,0,0.0,0.0,0.0,95132,True,False,accepted,"Synthetic reviewer accepted after confirming incident impact, mitigation scope, and a rollback owner.",False,True,False,1.0077599994256161,0.0,0,24,synthetic-eval-v1
45,A0,"Rule-based, single process",TCK-00024,Low,Low,0.8362986130802171,0.0528658065570189,False,,False,,,0.49,7.709999044891447e-05,0,0.0,0.0,0.0,99524,False,False,not_required,,False,True,False,2.0077099990448914,0.0,0,,synthetic-eval-v1
45,A0,"Rule-based, single process",TCK-00025,Medium,Medium,0.8358854000779591,0.05216276968562312,False,,False,,,0.49,7.649999315617606e-05,0,0.0,0.0,0.0,103844,False,False,not_required,,False,True,False,3.0076499993156176,0.0,0,,synthetic-eval-v1
45,A0,"Rule-based, single process",TCK-00026,High,High,0.8541923971311925,0.04828307622015766,False,,False,,,0.49,7.729999197181314e-05,0,0.0,0.0,0.0,108130,False,False,rejected,Synthetic reviewer rejected because the outage scope and recovery evidence need clarification.,False,True,False,4.007729999197181,0.0,0,27,synthetic-eval-v1
45,A0,"Rule-based, single process",TCK-00027,Critical,Critical,0.8506268235611837,0.8506268235611837,False,,False,,,0.49,7.759999425616115e-05,0,0.0,0.0,0.0,112386,False,False,rejected,Synthetic reviewer rejected because impact evidence or the safe mitigation and rollback plan was incomplete.,False,False,False,5.007759999425616,0.0,0,28,synthetic-eval-v1
45,A0,"Rule-based, single process",TCK-00028,Low,Low,0.791038958728903,0.07064537605447456,False,TCK-00024,True,1.0,0.25,0.49,7.749999349471182e-05,0,0.0,0.0,0.0,116954,False,False,not_required,,False,True,False,6.007749999349471,0.0,0,,synthetic-eval-v1
45,A0,"Rule-based, single process",TCK-00029,Medium,Medium,0.8573070392863174,0.04822998320530522,False,,False,,,0.49,9.160000627161935e-05,0,0.0,0.0,0.0,121098,False,False,not_required,,False,True,False,7.009160000627162,0.0,0,,synthetic-eval-v1
45,A0,"Rule-based, single process",TCK-00030,High,High,0.854192528888425,0.048283140411437254,False,,False,,,0.49,9.180000779451802e-05,0,0.0,0.0,0.015625,125362,False,False,rejected,Synthetic reviewer rejected because the outage scope and recovery evidence need clarification.,False,True,False,8.009180000779452,0.0,1,31,synthetic-eval-v1
45,A0,"Rule-based, single process",TCK-00031,Critical,Critical,0.8567293028169504,0.8567293028169504,False,,False,,,0.49,7.82999923103489e-05,0,0.0,0.0,0.0,129618,False,False,rejected,Synthetic reviewer rejected because impact evidence or the safe mitigation and rollback plan was incomplete.,False,False,False,9.007829999231035,0.0,0,32,synthetic-eval-v1
45,A0,"Rule-based, single process",TCK-00032,Low,Low,0.8480572351201473,0.04760861664619532,False,,False,,,0.49,7.790000381646678e-05,0,0.0,0.0,0.0,133842,False,False,not_required,,False,True,False,10.007790000381647,0.0,0,,synthetic-eval-v1
45,A0,"Rule-based, single process",TCK-00033,Medium,Medium,0.8573071063569762,0.048229979166565386,False,,False,,,0.49,7.780001033097506e-05,0,0.0,0.0,0.0,138418,False,False,not_required,,False,True,False,0.05,0.0,0,,synthetic-eval-v1
45,A0,"Rule-based, single process",TCK-00034,High,High,0.8439551964948823,0.05004508674163533,False,,False,,,0.49,7.699999696342275e-05,0,0.0,0.0,0.0,142706,True,False,accepted,"Synthetic reviewer accepted after confirming affected services, customer impact, and the recovery plan.",False,True,False,1.0076999996963423,0.0,0,35,synthetic-eval-v1
45,A0,"Rule-based, single process",TCK-00035,Critical,Critical,0.8138199647290288,0.8138199647290288,False,TCK-00031,True,1.0,0.25,0.49,7.760000153211877e-05,0,0.0,0.0,0.0,147056,True,False,accepted,"Synthetic reviewer accepted after confirming incident impact, mitigation scope, and a rollback owner.",False,True,False,2.007760000153212,0.0,0,36,synthetic-eval-v1
45,A0,"Rule-based, single process",TCK-00036,Low,Low,0.834674596124346,0.05230445065440343,False,,False,,,0.49,7.669999467907473e-05,0,0.0,0.0,0.0,151172,False,False,not_required,,False,True,False,3.0076699994679075,0.0,0,,synthetic-eval-v1
45,A0,"Rule-based, single process",TCK-00037,Medium,Medium,0.8266320918605041,0.05386395455373067,False,,False,,,0.49,8.030000753933564e-05,0,0.0,0.0,0.0,155468,False,False,not_required,,False,True,False,4.008030000753934,0.0,0,,synthetic-eval-v1
45,A0,"Rule-based, single process",TCK-00038,High,High,0.8481875446709597,0.04776764146496095,False,,False,,,0.49,7.660000119358301e-05,0,0.0,0.0,0.0,159978,False,False,rejected,Synthetic reviewer rejected because the outage scope and recovery evidence need clarification.,False,True,False,5.007660000119358,0.0,0,39,synthetic-eval-v1
45,A0,"Rule-based, single process",TCK-00039,Critical,Critical,0.8620244478563679,0.8620244478563679,False,,False,,,0.49,7.720000576227903e-05,0,0.0,0.0,0.0,164232,True,False,accepted,"Synthetic reviewer accepted after confirming incident impact, mitigation scope, and a rollback owner.",False,True,False,6.007720000576228,0.0,0,40,synthetic-eval-v1
45,A0,"Rule-based, single process",TCK-00040,Low,Low,0.8549618507680532,0.04798785571471609,False,,False,,,0.49,8.250000246334821e-05,0,0.0,0.0,0.0,168458,False,False,not_required,,False,True,False,7.008250000246335,0.0,1,,synthetic-eval-v1
45,A0,"Rule-based, single process",TCK-00041,Medium,Medium,0.857459249151482,0.04709731659095975,False,,False,,,0.49,0.00016509999841218814,0,0.0,0.0,0.0,172810,False,False,not_required,,False,True,False,8.016509999841219,0.0,0,,synthetic-eval-v1
45,A0,"Rule-based, single process",TCK-00042,High,High,0.796156567716372,0.06703619636084719,False,TCK-00038,True,1.0,0.2,0.49,8.179998985724524e-05,0,0.0,0.0,0.0,177248,False,False,rejected,Synthetic reviewer rejected because the outage scope and recovery evidence need clarification.,False,False,True,9.008179998985725,0.5,0,43,synthetic-eval-v1
45,A0,"Rule-based, single process",TCK-00043,Critical,Critical,0.8507773560183772,0.8507773560183772,False,,False,,,0.49,7.919999188743532e-05,0,0.0,0.0,0.0,181394,False,False,rejected,Synthetic reviewer rejected because impact evidence or the safe mitigation and rollback plan was incomplete.,False,False,False,10.007919999188744,0.0,0,44,synthetic-eval-v1
45,A0,"Rule-based, single process",TCK-00044,Low,Low,0.8549617541373994,0.04798779922949364,False,,False,,,0.49,7.68999889260158e-05,0,0.0,0.0,0.0,186002,False,False,not_required,,False,True,False,0.05,0.0,0,,synthetic-eval-v1
45,A0,"Rule-based, single process",TCK-00045,Medium,Medium,0.8555671483453371,0.04829764688060482,False,,False,,,0.49,7.82000133767724e-05,0,0.0,0.0,0.0,190258,True,False,not_required,,False,True,False,1.0078200013376772,0.0,0,,synthetic-eval-v1
45,A0,"Rule-based, single process",TCK-00046,High,High,0.8483976991846305,0.0499970593415201,False,,False,,,0.49,7.660001574549824e-05,0,0.0,0.0,0.0,194458,False,False,rejected,Synthetic reviewer rejected because the outage scope and recovery evidence need clarification.,False,True,False,2.00766000157455,0.0,0,47,synthetic-eval-v1
45,A0,"Rule-based, single process",TCK-00047,Critical,Critical,0.8487158862750297,0.8487158862750297,False,,False,,,0.49,7.779998850310221e-05,0,0.0,0.0,0.0,198714,True,False,accepted,"Synthetic reviewer accepted after confirming incident impact, mitigation scope, and a rollback owner.",False,True,False,3.00777999885031,0.0,0,48,synthetic-eval-v1
45,A0,"Rule-based, single process",TCK-00048,Low,Low,0.823368494418743,0.0531156593012956,False,,False,,,0.49,7.680000271648169e-05,0,0.0,0.0,0.0,202940,False,False,not_required,,False,True,False,4.007680000271648,0.0,0,,synthetic-eval-v1
45,A0,"Rule-based, single process",TCK-00049,Medium,Medium,0.8026592828882269,0.06760367658059778,False,TCK-00045,True,0.0,0.16666666666666666,0.49,7.790000381646678e-05,0,0.0,0.0,0.0,207312,False,False,not_required,,False,True,False,5.007790000381647,0.0,0,,synthetic-eval-v1
45,A0,"Rule-based, single process",TCK-00050,High,High,0.8210145550138419,0.055799471014007666,False,,False,,,0.49,0.0001213000068673864,0,0.0,0.0,0.0,211428,False,False,rejected,Synthetic reviewer rejected because the outage scope and recovery evidence need clarification.,False,True,False,6.012130000686739,0.0,1,51,synthetic-eval-v1
45,A0,"Rule-based, single process",TCK-00051,Critical,Critical,0.8397650598290696,0.8397650598290696,False,,False,,,0.49,9.99000039882958e-05,0,0.0,0.0,0.0,216050,True,False,accepted,"Synthetic reviewer accepted after confirming incident impact, mitigation scope, and a rollback owner.",False,True,False,7.00999000039883,0.0,0,52,synthetic-eval-v1
45,A0,"Rule-based, single process",TCK-00052,Low,Low,0.8628470581499686,0.04514171004972642,False,,False,,,0.49,7.910001295385882e-05,0,0.0,0.0,0.0,220226,False,False,not_required,,False,True,False,8.007910001295386,0.0,0,,synthetic-eval-v1
45,A0,"Rule-based, single process",TCK-00053,Medium,Medium,0.8571099612084322,0.04812224273138901,False,,False,,,0.49,7.849999383324757e-05,0,0.0,0.0,0.0,224530,False,False,not_required,,False,True,False,9.007849999383325,0.0,0,,synthetic-eval-v1
45,A0,"Rule-based, single process",TCK-00054,High,High,0.8483976991846305,0.0499970593415201,False,,False,,,0.49,7.629999163327739e-05,0,0.0,0.0,0.0,228802,True,False,accepted,"Synthetic reviewer accepted after confirming affected services, customer impact, and the recovery plan.",False,True,False,10.007629999163328,0.0,0,55,synthetic-eval-v1
45,A0,"Rule-based, single process",TCK-00055,Critical,Critical,0.8495135626498934,0.8495135626498934,False,,False,,,0.49,7.740000728517771e-05,0,0.0,0.0,0.0,233010,True,False,accepted,"Synthetic reviewer accepted after confirming incident impact, mitigation scope, and a rollback owner.",False,True,False,0.05,0.0,0,56,synthetic-eval-v1
45,A0,"Rule-based, single process",TCK-00056,Low,Low,0.8065765119051173,0.06547871269554101,False,TCK-00052,True,0.0,0.14285714285714285,0.49,7.930000720079988e-05,0,0.0,0.0,0.0,237280,False,False,not_required,,False,True,False,1.00793000072008,0.0,0,,synthetic-eval-v1
45,A0,"Rule-based, single process",TCK-00057,Medium,Medium,0.8540963397757896,0.049116612819635835,False,,False,,,0.49,7.780001760693267e-05,0,0.0,0.0,0.0,241378,False,False,not_required,,False,True,False,2.0077800017606933,0.0,0,,synthetic-eval-v1
45,A0,"Rule-based, single process",TCK-00058,High,High,0.8456550373253151,0.04815455590270243,False,,False,,,0.49,8.090001210803166e-05,0,0.0,0.0,0.0,245978,False,False,rejected,Synthetic reviewer rejected because the outage scope and recovery evidence need clarification.,False,True,False,3.008090001210803,0.0,0,59,synthetic-eval-v1
45,A0,"Rule-based, single process",TCK-00059,Critical,Critical,0.855684371616024,0.855684371616024,False,,False,,,0.49,0.00013139999646227807,0,0.0,0.0,0.0,250186,False,False,rejected,Synthetic reviewer rejected because impact evidence or the safe mitigation and rollback plan was incomplete.,False,False,False,4.013139999646228,0.0,0,60,synthetic-eval-v1
45,A0,"Rule-based, single process",TCK-00060,Low,Low,0.8549787807631968,0.0478817561930548,False,,False,,,0.49,8.540000271750614e-05,0,0.0,0.0,0.0,254362,False,False,not_required,,False,True,False,5.008540000271751,0.0,1,,synthetic-eval-v1
45,A0,"Rule-based, single process",TCK-00061,Medium,Medium,0.8412870128429141,0.05129378937153534,False,,False,,,0.49,7.810000533936545e-05,0,0.0,0.0,0.0,258572,False,False,not_required,,False,True,False,6.0078100005339365,0.0,0,,synthetic-eval-v1
45,A0,"Rule-based, single process",TCK-00062,High,High,0.8430719841141112,0.051945032608527814,False,,False,,,0.49,7.709999044891447e-05,0,0.0,0.0,0.0,262748,False,False,rejected,Synthetic reviewer rejected because the outage scope and recovery evidence need clarification.,False,True,False,7.0077099990448914,0.0,0,63,synthetic-eval-v1
45,A0,"Rule-based, single process",TCK-00063,Critical,Critical,0.8132926666139059,0.8132926666139059,False,TCK-00059,True,0.0,0.1111111111111111,0.49,7.780000305501744e-05,0,0.0,0.0,0.0,267072,True,False,accepted,"Synthetic reviewer accepted after confirming incident impact, mitigation scope, and a rollback owner.",False,True,False,8.007780000305502,0.0,0,64,synthetic-eval-v1
45,A0,"Rule-based, single process",TCK-00064,Low,Low,0.8395821855110089,0.05087905672777407,False,,False,,,0.49,7.740000728517771e-05,0,0.0,0.0,0.0,271140,False,False,not_required,,False,True,False,9.007740000728518,0.0,0,,synthetic-eval-v1
45,A0,"Rule-based, single process",TCK-00065,Medium,Medium,0.8469154924757207,0.050345580364085644,False,,False,,,0.49,8.679999882588163e-05,0,0.0,0.0,0.0,275482,False,False,not_required,,False,True,False,10.008679999882588,0.0,0,,synthetic-eval-v1
45,A0,"Rule-based, single process",TCK-00066,High,High,0.845540853068285,0.04930456749282889,False,,False,,,0.49,0.00019549999706214294,0,0.0,0.0,0.0,280202,False,False,rejected,Synthetic reviewer rejected because the outage scope and recovery evidence need clarification.,False,True,False,0.05,0.0,0,67,synthetic-eval-v1
45,A0,"Rule-based, single process",TCK-00067,Critical,Critical,0.84951393120026,0.84951393120026,False,,False,,,0.49,9.730001329444349e-05,0,0.0,0.0,0.0,284386,True,False,accepted,"Synthetic reviewer accepted after confirming incident impact, mitigation scope, and a rollback owner.",False,True,False,1.0097300013294443,0.0,0,68,synthetic-eval-v1
45,A0,"Rule-based, single process",TCK-00068,Low,Low,0.8488589082895954,0.05530024483734084,False,,False,,,0.49,7.880001794546843e-05,0,0.0,0.0,0.0,288562,False,False,not_required,,False,True,False,2.007880001794547,0.0,0,,synthetic-eval-v1
45,A0,"Rule-based, single process",TCK-00069,Medium,Medium,0.857109821893714,0.04812227255208087,False,,False,,,0.49,7.849999383324757e-05,0,0.0,0.0,0.0,292770,False,False,not_required,,False,True,False,3.0078499993833248,0.0,0,,synthetic-eval-v1
45,A0,"Rule-based, single process",TCK-00070,High,High,0.7953024888050698,0.06881762238239018,True,TCK-00066,True,0.0,0.1,0.49,7.720000576227903e-05,0,0.0,0.0,0.0,297064,False,False,rejected,Synthetic reviewer rejected because the outage scope and recovery evidence need clarification.,False,True,False,4.007720000576228,0.0,1,71,synthetic-eval-v1
45,A0,"Rule-based, single process",TCK-00071,Critical,Critical,0.8455342856655591,0.8455342856655591,True,,False,,,0.49,7.869999535614625e-05,0,0.0,0.0,0.0,301162,True,False,accepted,"Synthetic reviewer accepted after confirming incident impact, mitigation scope, and a rollback owner.",False,True,False,5.007869999535615,0.0,0,72,synthetic-eval-v1
45,A0,"Rule-based, single process",TCK-00072,Low,Low,0.8714481958177949,0.042665679343305764,True,,False,,,0.49,7.719999848632142e-05,0,0.0,0.0,0.0,305376,False,False,not_required,,False,True,False,6.007719999848632,0.0,0,,synthetic-eval-v1
45,A0,"Rule-based, single process",TCK-00073,Medium,Medium,0.8734939265158226,0.04307126104454628,True,,False,,,0.49,0.00010490000568097457,0,0.0,0.0,0.0,309586,False,False,not_required,,False,True,False,7.0104900005680975,0.0,0,,synthetic-eval-v1
45,A0,"Rule-based, single process",TCK-00074,High,High,0.8392688759630844,0.048037540699626284,True,,False,,,0.49,8.549999620299786e-05,0,0.0,0.0,0.0,313764,False,False,rejected,Synthetic reviewer rejected because the outage scope and recovery evidence need clarification.,False,True,False,8.0085499996203,0.0,0,75,synthetic-eval-v1
45,A0,"Rule-based, single process",TCK-00075,Critical,Critical,0.8387804601566007,0.8387804601566007,True,,False,,,0.49,7.910000567790121e-05,0,0.0,0.0,0.0,317972,True,False,accepted,"Synthetic reviewer accepted after confirming incident impact, mitigation scope, and a rollback owner.",False,True,False,9.00791000056779,0.0,0,76,synthetic-eval-v1
45,A0,"Rule-based, single process",TCK-00076,Low,Low,0.8462692672757651,0.04813937856480837,True,,False,,,0.49,7.920000643935055e-05,0,0.0,0.0,0.0,322660,False,False,not_required,,False,True,False,10.007920000643935,0.0,0,,synthetic-eval-v1
45,A0,"Rule-based, single process",TCK-00077,Medium,Medium,0.8125057429855937,0.06590811661549116,True,TCK-00073,True,0.0,0.09090909090909091,0.49,7.860000914661214e-05,0,0.0,0.0,0.0,327112,False,False,not_required,,False,True,False,0.05,0.0,0,,synthetic-eval-v1
45,A0,"Rule-based, single process",TCK-00078,High,High,0.8541923971311925,0.04828307622015766,True,,False,,,0.49,7.800001185387373e-05,0,0.0,0.0,0.0,331306,True,False,accepted,"Synthetic reviewer accepted after confirming affected services, customer impact, and the recovery plan.",False,True,False,1.0078000011853874,0.0,0,79,synthetic-eval-v1
45,A0,"Rule-based, single process",TCK-00079,Critical,Critical,0.84467317333555,0.84467317333555,True,,False,,,0.49,0.00013920000492362306,0,0.0,0.0,0.0,335530,False,False,rejected,Synthetic reviewer rejected because impact evidence or the safe mitigation and rollback plan was incomplete.,False,False,False,2.0139200004923623,0.0,0,80,synthetic-eval-v1
45,A0,"Rule-based, single process",TCK-00080,Low,Low,0.8714481958177949,0.042665679343305764,True,,False,,,0.49,9.570001566316932e-05,0,0.0,0.0,0.0,339704,False,False,not_required,,False,True,False,3.009570001566317,0.0,1,,synthetic-eval-v1
45,A0,"Rule-based, single process",TCK-00081,Medium,Medium,0.8734939265158226,0.04307126104454628,True,,False,,,0.49,8.540000271750614e-05,0,0.0,0.0,0.0,343914,False,False,not_required,,False,True,False,4.008540000271751,0.0,0,,synthetic-eval-v1
45,A0,"Rule-based, single process",TCK-00082,High,High,0.8701079825740475,0.0432624038143104,True,,False,,,0.49,8.770000567892566e-05,0,0.0,0.0,0.0,348090,False,False,rejected,Synthetic reviewer rejected because the outage scope and recovery evidence need clarification.,False,True,False,5.008770000567893,0.0,0,83,synthetic-eval-v1
45,A0,"Rule-based, single process",TCK-00083,Critical,Critical,0.8463293034268226,0.8463293034268226,True,,False,,,0.49,7.779999577905983e-05,0,0.0,0.0,0.0,352298,True,False,accepted,"Synthetic reviewer accepted after confirming incident impact, mitigation scope, and a rollback owner.",False,True,False,6.007779999577906,0.0,0,84,synthetic-eval-v1
45,A0,"Rule-based, single process",TCK-00084,Low,Low,0.7939437467114078,0.06767727611668961,True,TCK-00080,True,0.0,0.08333333333333333,0.49,7.860000187065452e-05,0,0.0,0.0,0.0,356590,False,False,not_required,,False,True,False,7.0078600001870655,0.0,0,,synthetic-eval-v1
45,A0,"Rule-based, single process",TCK-00085,Medium,Medium,0.8469154924757207,0.050345580364085644,True,,False,,,0.49,9.080000018002465e-05,0,0.0,0.0,0.0,360690,False,False,not_required,,False,True,False,8.009080000018002,0.0,0,,synthetic-eval-v1
45,A0,"Rule-based, single process",TCK-00086,High,High,0.8507609280823214,0.05586445799646992,True,,False,,,0.49,9.810000483412296e-05,0,0.0,0.0,0.0,365482,False,False,rejected,Synthetic reviewer rejected because the outage scope and recovery evidence need clarification.,False,True,False,9.009810000483412,0.0,0,87,synthetic-eval-v1
45,A0,"Rule-based, single process",TCK-00087,Critical,Critical,0.8343406254294873,0.8343406254294873,True,,False,,,0.49,8.039999374886975e-05,0,0.0,0.0,0.0,369692,True,False,accepted,"Synthetic reviewer accepted after confirming incident impact, mitigation scope, and a rollback owner.",False,True,False,10.008039999374887,0.0,0,88,synthetic-eval-v1
45,A0,"Rule-based, single process",TCK-00088,Low,Low,0.8443605086148288,0.04879457013106736,True,,False,,,0.49,7.769999501761049e-05,0,0.0,0.0,0.0,373868,True,False,not_required,,False,True,False,0.05,0.0,0,,synthetic-eval-v1
45,A0,"Rule-based, single process",TCK-00089,Medium,Medium,0.8285798475623318,0.05321015944891367,True,,False,,,0.49,7.770000956952572e-05,0,0.0,0.0,0.0,378052,False,False,not_required,,False,True,False,1.0077700009569526,0.0,0,,synthetic-eval-v1
45,A0,"Rule-based, single process",TCK-00090,High,High,0.8307803393365351,0.055698556796113054,True,,False,,,0.49,7.730001379968598e-05,0,0.0,0.0,0.0,382228,False,False,rejected,Synthetic reviewer rejected because the outage scope and recovery evidence need clarification.,False,True,False,2.0077300013799686,0.0,1,91,synthetic-eval-v1
45,A0,"Rule-based, single process",TCK-00091,Critical,Critical,0.8010220336576962,0.8010220336576962,True,TCK-00087,True,0.0,0.08333333333333333,0.49,0.00010980001388816163,0,0.0,0.0,0.0,386554,True,False,accepted,"Synthetic reviewer accepted after confirming incident impact, mitigation scope, and a rollback owner.",False,True,False,3.010980001388816,0.0,0,92,synthetic-eval-v1
45,A0,"Rule-based, single process",TCK-00092,Low,Low,0.8591638542328429,0.04448160283196819,True,,False,,,0.49,7.959998765727505e-05,0,0.0,0.0,0.0,390618,False,False,not_required,,False,True,False,4.0079599987657275,0.0,0,,synthetic-eval-v1
45,A0,"Rule-based, single process",TCK-00093,Medium,Medium,0.8526194833043516,0.04789683956641969,True,,False,,,0.49,8.469999738736078e-05,0,0.0,0.0,0.0,394994,False,False,not_required,,False,True,False,5.008469999738736,0.0,0,,synthetic-eval-v1
45,A0,"Rule-based, single process",TCK-00094,High,High,0.8701079825740475,0.0432624038143104,True,,False,,,0.49,7.670001650694758e-05,0,0.0,0.0,0.0,399298,False,False,rejected,Synthetic reviewer rejected because the outage scope and recovery evidence need clarification.,False,True,False,6.007670001650695,0.0,0,95,synthetic-eval-v1
45,A0,"Rule-based, single process",TCK-00095,Critical,Critical,0.8620244478563679,0.8620244478563679,True,,False,,,0.49,8.490000618621707e-05,0,0.0,0.0,0.0,403506,True,False,accepted,"Synthetic reviewer accepted after confirming incident impact, mitigation scope, and a rollback owner.",False,True,False,7.008490000618622,0.0,0,96,synthetic-eval-v1
45,A0,"Rule-based, single process",TCK-00096,Low,Low,0.8714481958177949,0.042665679343305764,True,,False,,,0.49,7.730000652372837e-05,0,0.0,0.0,0.0,407682,False,False,not_required,,False,True,False,8.007730000652373,0.0,0,,synthetic-eval-v1
45,A0,"Rule-based, single process",TCK-00097,Medium,Medium,0.8508935673706702,0.04701934070948253,True,,False,,,0.49,9.509999654255807e-05,0,0.0,0.0,0.0,411890,False,False,not_required,,False,True,False,9.009509999654256,0.0,0,,synthetic-eval-v1
45,A0,"Rule-based, single process",TCK-00098,High,High,0.8046638638717319,0.06691129214564401,True,TCK-00094,True,0.0,0.07692307692307693,0.49,7.840000034775585e-05,0,0.0,0.0,0.0,416824,False,False,rejected,Synthetic reviewer rejected because the outage scope and recovery evidence need clarification.,False,True,False,10.007840000034776,0.0,0,99,synthetic-eval-v1
45,A0,"Rule-based, single process",TCK-00099,Critical,Critical,0.8620244478563679,0.8620244478563679,True,,False,,,0.49,7.79999973019585e-05,0,0.0,0.0,0.0,420922,True,False,accepted,"Synthetic reviewer accepted after confirming incident impact, mitigation scope, and a rollback owner.",False,True,False,0.05,0.0,0,100,synthetic-eval-v1
45,A1,Single agent,TCK-00000,Low,Low,0.857492932574714,0.04862728808117576,False,,False,,,0.75,9.800001134863123e-05,1778,6.0,168.0,0.0,4347,False,False,not_required,,False,True,False,0.05,0.0,0,,synthetic-eval-v1
45,A1,Single agent,TCK-00001,Medium,Medium,0.8566976541034682,0.04822526115525332,False,,False,,,0.75,9.239999781129882e-05,1778,6.0,180.0,0.0,8867,False,False,not_required,,False,True,False,1.0092399997811299,0.0,0,,synthetic-eval-v1
45,A1,Single agent,TCK-00002,High,High,0.8489406999486907,0.0523100433692146,False,,False,,,0.75,0.00010399999882793054,1778,6.0,168.0,0.0,13259,False,False,rejected,Synthetic reviewer rejected because the outage scope and recovery evidence need clarification.,False,True,False,2.010399999882793,0.0,0,21,synthetic-eval-v1
45,A1,Single agent,TCK-00003,Critical,Critical,0.8507773560183772,0.8507773560183772,False,,False,,,0.75,0.00010630000906530768,1778,6.0,180.0,0.0,17571,True,False,accepted,"Synthetic reviewer accepted after confirming incident impact, mitigation scope, and a rollback owner.",False,True,False,3.0106300009065308,0.0,0,44,synthetic-eval-v1
45,A1,Single agent,TCK-00004,Low,Low,0.8548404742000808,0.04742299319428069,False,,False,,,0.75,9.389999468112364e-05,1778,6.0,168.0,0.0,21931,False,False,not_required,,False,True,False,4.009389999468112,0.0,0,,synthetic-eval-v1
45,A1,Single agent,TCK-00005,Medium,Medium,0.8566975622329632,0.04822519050348998,False,,False,,,0.75,9.900000441120937e-05,1778,6.0,180.0,0.0,26435,False,False,not_required,,False,True,False,5.009900000441121,0.0,0,,synthetic-eval-v1
45,A1,Single agent,TCK-00006,High,High,0.8542417084209201,0.048198308012436936,False,,False,,,0.75,0.00011169999925186858,1778,6.0,168.0,0.0,31267,False,False,rejected,Synthetic reviewer rejected because the outage scope and recovery evidence need clarification.,False,True,False,6.011169999925187,0.0,0,11,synthetic-eval-v1
45,A1,Single agent,TCK-00007,Critical,Critical,0.8153907065451671,0.8153907065451671,False,TCK-00003,True,1.0,1.0,0.75,0.00011410000297473744,1778,6.0,264.0,0.0,36078,True,False,accepted,"Synthetic reviewer accepted after confirming incident impact, mitigation scope, and a rollback owner.",False,True,False,7.011410000297474,0.0,0,13,synthetic-eval-v1
45,A1,Single agent,TCK-00008,Low,Low,0.8714481958177949,0.042665679343305764,False,,False,,,0.75,0.00011089998588431627,1778,6.0,168.0,0.0,40842,False,False,not_required,,False,True,False,8.011089998588432,0.0,0,,synthetic-eval-v1
45,A1,Single agent,TCK-00009,Medium,Medium,0.8223707898765594,0.05598280177350943,False,,False,,,0.75,0.00010789999942062423,1778,6.0,180.0,0.0,45644,False,False,not_required,,False,True,False,9.010789999942062,0.0,1,,synthetic-eval-v1
45,A1,Single agent,TCK-00010,High,High,0.8485226905901975,0.04966234056489561,False,,False,,,0.75,0.00010949999705189839,1778,6.0,168.0,0.0,50556,True,False,accepted,"Synthetic reviewer accepted after confirming affected services, customer impact, and the recovery plan.",False,True,False,10.01094999970519,0.0,0,48,synthetic-eval-v1
45,A1,Single agent,TCK-00011,Critical,Critical,0.8370347414004108,0.8370347414004108,False,,False,,,0.75,0.0002069000038318336,1778,6.0,180.0,0.0,55323,True,False,accepted,"Synthetic reviewer accepted after confirming incident impact, mitigation scope, and a rollback owner.",False,True,False,0.05,0.0,0,39,synthetic-eval-v1
45,A1,Single agent,TCK-00012,Low,Low,0.8409312572112652,0.05074205004306479,False,,False,,,0.75,0.00011509999603731558,1778,6.0,168.0,0.0,60204,False,False,not_required,,False,True,False,1.0115099996037316,0.0,0,,synthetic-eval-v1
45,A1,Single agent,TCK-00013,Medium,Medium,0.8566977022979394,0.04822534850761842,False,,False,,,0.75,0.00011020000238204375,1778,6.0,180.0,0.0,64627,False,False,not_required,,False,True,False,2.0110200002382044,0.0,0,,synthetic-eval-v1
45,A1,Single agent,TCK-00014,High,High,0.8029759558351951,0.06640590117532563,False,TCK-00010,True,1.0,1.0,0.75,0.00011029999586753547,1778,6.0,258.0,0.0,69146,True,False,accepted,"Synthetic reviewer accepted after confirming affected services, customer impact, and the recovery plan.",False,True,False,3.0110299995867535,0.0,0,19,synthetic-eval-v1
45,A1,Single agent,TCK-00015,Critical,Critical,0.8494437576532907,0.8494437576532907,False,,False,,,0.75,0.00010999998630722985,1778,6.0,180.0,0.0,73643,True,False,accepted,"Synthetic reviewer accepted after confirming incident impact, mitigation scope, and a rollback owner.",False,True,False,4.010999998630723,0.0,0,1,synthetic-eval-v1
45,A1,Single agent,TCK-00016,Low,Low,0.8563098284937883,0.04751000043928206,False,,False,,,0.75,0.0001097999993362464,1778,6.0,168.0,0.0,78115,False,False,not_required,,False,True,False,5.010979999933625,0.0,0,,synthetic-eval-v1
45,A1,Single agent,TCK-00017,Medium,Medium,0.854326513431483,0.047958260619679526,False,,False,,,0.75,0.00015050001093186438,1778,6.0,180.0,0.0,82627,False,False,not_required,,False,True,False,6.015050001093186,0.0,0,,synthetic-eval-v1
45,A1,Single agent,TCK-00018,High,High,0.8542421499924492,0.04819830658589147,False,,False,,,0.75,0.00011680000170599669,1778,6.0,168.0,0.0,87283,False,False,rejected,Synthetic reviewer rejected because the outage scope and recovery evidence need clarification.,False,True,False,7.0116800001706,0.0,0,2,synthetic-eval-v1
45,A1,Single agent,TCK-00019,Critical,Critical,0.8620244478563679,0.8620244478563679,False,,False,,,0.75,0.00011359998461557552,1778,6.0,180.0,0.0,91730,True,False,accepted,"Synthetic reviewer accepted after confirming incident impact, mitigation scope, and a rollback owner.",False,True,False,8.011359998461558,0.0,1,47,synthetic-eval-v1
45,A1,Single agent,TCK-00020,Low,Low,0.845573098058792,0.04989853466200422,False,,False,,,0.75,0.00011010000162059441,1778,6.0,168.0,0.0,96163,False,False,not_required,,False,True,False,9.01101000016206,0.0,0,,synthetic-eval-v1
45,A1,Single agent,TCK-00021,Medium,Medium,0.7999291684891167,0.06781030834125305,False,TCK-00017,True,1.0,1.0,0.75,0.00011020000965800136,1778,6.0,270.0,0.0,100864,False,False,not_required,,False,True,False,10.0110200009658,0.0,0,,synthetic-eval-v1
45,A1,Single agent,TCK-00022,High,High,0.8392688759630844,0.048037540699626284,False,,False,,,0.75,0.00011919999815290794,1778,6.0,168.0,0.0,105211,False,False,rejected,Synthetic reviewer rejected because the outage scope and recovery evidence need clarification.,False,True,False,0.05,0.0,0,5,synthetic-eval-v1
45,A1,Single agent,TCK-00023,Critical,Critical,0.8305491661186505,0.8305491661186505,False,,False,,,0.75,0.00013860000035492703,1778,6.0,180.0,0.0,109700,False,False,rejected,Synthetic reviewer rejected because impact evidence or the safe mitigation and rollback plan was incomplete.,False,False,False,1.0138600000354927,0.0,0,40,synthetic-eval-v1
45,A1,Single agent,TCK-00024,Low,Low,0.8362986130802171,0.0528658065570189,False,,False,,,0.75,0.00010960001236526296,1778,6.0,168.0,0.0,114300,False,False,not_required,,False,True,False,2.0109600012365263,0.0,0,,synthetic-eval-v1
45,A1,Single agent,TCK-00025,Medium,Medium,0.8358854000779591,0.05216276968562312,False,,False,,,0.75,0.00011199999426025897,1778,6.0,180.0,0.0,118812,True,False,not_required,,False,True,False,3.011199999426026,0.0,0,,synthetic-eval-v1
45,A1,Single agent,TCK-00026,High,High,0.8541923971311925,0.04828307622015766,False,,False,,,0.75,0.00010710000060498714,1778,6.0,168.0,0.0,123307,False,False,rejected,Synthetic reviewer rejected because the outage scope and recovery evidence need clarification.,False,True,False,4.010710000060499,0.0,0,12,synthetic-eval-v1
45,A1,Single agent,TCK-00027,Critical,Critical,0.8506268235611837,0.8506268235611837,False,,False,,,0.75,0.00010889999248320237,1778,6.0,180.0,0.0,127755,False,False,rejected,Synthetic reviewer rejected because impact evidence or the safe mitigation and rollback plan was incomplete.,False,False,False,5.01088999924832,0.0,0,50,synthetic-eval-v1
45,A1,Single agent,TCK-00028,Low,Low,0.791038958728903,0.07064537605447456,False,TCK-00024,True,1.0,1.0,0.75,0.00011969999468419701,1778,6.0,258.0,0.0,132498,False,False,not_required,,False,True,False,6.01196999946842,0.0,0,,synthetic-eval-v1
45,A1,Single agent,TCK-00029,Medium,Medium,0.8573070392863174,0.04822998320530522,False,,False,,,0.75,0.00010630000178935006,1778,6.0,180.0,0.0,136867,False,False,not_required,,False,True,False,7.010630000178935,0.0,1,,synthetic-eval-v1
45,A1,Single agent,TCK-00030,High,High,0.854192528888425,0.048283140411437254,False,,False,,,0.75,0.00010739998833741993,1778,6.0,168.0,0.0,141339,False,False,rejected,Synthetic reviewer rejected because the outage scope and recovery evidence need clarification.,False,True,False,8.010739998833742,0.0,0,8,synthetic-eval-v1
45,A1,Single agent,TCK-00031,Critical,Critical,0.8567293028169504,0.8567293028169504,False,,False,,,0.75,0.00010670000483514741,1778,6.0,180.0,0.0,145787,False,False,rejected,Synthetic reviewer rejected because impact evidence or the safe mitigation and rollback plan was incomplete.,False,False,False,9.010670000483515,0.0,0,16,synthetic-eval-v1
45,A1,Single agent,TCK-00032,Low,Low,0.8480572351201473,0.04760861664619532,False,,False,,,0.75,0.00012370000331429765,1778,6.0,168.0,0.0,150219,False,False,not_required,,False,True,False,10.01237000033143,0.0,0,,synthetic-eval-v1
45,A1,Single agent,TCK-00033,Medium,Medium,0.8573071063569762,0.048229979166565386,False,,False,,,0.75,0.00010960000508930534,1778,6.0,180.0,0.0,154987,False,False,not_required,,False,True,False,0.05,0.0,0,,synthetic-eval-v1
45,A1,Single agent,TCK-00034,High,High,0.8439551964948823,0.05004508674163533,False,,False,,,0.75,0.00010610000026645139,1778,6.0,168.0,0.0,159483,False,False,rejected,Synthetic reviewer rejected because the outage scope and recovery evidence need clarification.,False,True,False,1.0106100000266451,0.0,0,27,synthetic-eval-v1
45,A1,Single agent,TCK-00035,Critical,Critical,0.8138199647290288,0.8138199647290288,False,TCK-00031,True,1.0,0.5,0.75,0.0001066999975591898,1778,6.0,270.0,0.0,164000,False,False,rejected,Synthetic reviewer rejected because impact evidence or the safe mitigation and rollback plan was incomplete.,False,False,False,2.010669999755919,0.0,0,31,synthetic-eval-v1
45,A1,Single agent,TCK-00036,Low,Low,0.834674596124346,0.05230445065440343,False,,False,,,0.75,0.00017019998631440103,1778,6.0,168.0,0.0,168348,False,False,not_required,,False,True,False,3.01701999863144,0.0,0,,synthetic-eval-v1
45,A1,Single agent,TCK-00037,Medium,Medium,0.8266320918605041,0.05386395455373067,False,,False,,,0.75,0.00011170000652782619,1778,6.0,180.0,0.0,172836,False,False,not_required,,False,True,False,4.011170000652783,0.0,0,,synthetic-eval-v1
45,A1,Single agent,TCK-00038,High,High,0.8481875446709597,0.04776764146496095,False,,False,,,0.75,0.00010730000212788582,1778,6.0,168.0,0.0,177555,True,False,accepted,"Synthetic reviewer accepted after confirming affected services, customer impact, and the recovery plan.",False,True,False,5.010730000212789,0.0,0,14,synthetic-eval-v1
45,A1,Single agent,TCK-00039,Critical,Critical,0.8620244478563679,0.8620244478563679,False,,False,,,0.75,0.00010619999375194311,1778,6.0,180.0,0.0,182002,True,False,accepted,"Synthetic reviewer accepted after confirming incident impact, mitigation scope, and a rollback owner.",False,True,False,6.010619999375194,0.0,1,23,synthetic-eval-v1
45,A1,Single agent,TCK-00040,Low,Low,0.8549618507680532,0.04798785571471609,False,,False,,,0.75,0.000130899999930989,1778,6.0,168.0,0.0,186435,False,False,not_required,,False,True,False,7.013089999993099,0.0,0,,synthetic-eval-v1
45,A1,Single agent,TCK-00041,Medium,Medium,0.857459249151482,0.04709731659095975,False,,False,,,0.75,0.00010739999561337754,1778,6.0,180.0,0.0,190979,False,False,not_required,,False,True,False,8.010739999561338,0.0,0,,synthetic-eval-v1
45,A1,Single agent,TCK-00042,High,High,0.796156567716372,0.06703619636084719,False,TCK-00038,True,1.0,1.0,0.75,0.0001069999925675802,1778,6.0,258.0,0.0,195592,False,False,rejected,Synthetic reviewer rejected because the outage scope and recovery evidence need clarification.,False,True,False,9.010699999256758,0.0,0,10,synthetic-eval-v1
45,A1,Single agent,TCK-00043,Critical,Critical,0.8507773560183772,0.8507773560183772,False,,False,,,0.75,0.00010710000788094476,1778,6.0,180.0,0.0,199963,True,False,accepted,"Synthetic reviewer accepted after confirming incident impact, mitigation scope, and a rollback owner.",False,True,False,10.010710000788094,0.0,0,30,synthetic-eval-v1
45,A1,Single agent,TCK-00044,Low,Low,0.8549617541373994,0.04798779922949364,False,,False,,,0.75,0.0001269000058528036,1778,6.0,168.0,0.0,204755,False,False,not_required,,False,True,False,0.05,0.0,0,,synthetic-eval-v1
45,A1,Single agent,TCK-00045,Medium,Medium,0.8555671483453371,0.04829764688060482,False,,False,,,0.75,0.00010900000052060932,1778,6.0,180.0,0.0,209203,False,False,not_required,,False,True,False,1.010900000052061,0.0,0,,synthetic-eval-v1
45,A1,Single agent,TCK-00046,High,High,0.8483976991846305,0.0499970593415201,False,,False,,,0.75,0.00011189999349880964,1778,6.0,168.0,0.0,213611,False,False,rejected,Synthetic reviewer rejected because the outage scope and recovery evidence need clarification.,False,True,False,2.011189999349881,0.0,0,26,synthetic-eval-v1
45,A1,Single agent,TCK-00047,Critical,Critical,0.8487158862750297,0.8487158862750297,False,,False,,,0.75,0.00012589999823831022,1778,6.0,180.0,0.0,218059,False,False,rejected,Synthetic reviewer rejected because impact evidence or the safe mitigation and rollback plan was incomplete.,False,False,False,3.012589999823831,0.0,0,38,synthetic-eval-v1
45,A1,Single agent,TCK-00048,Low,Low,0.823368494418743,0.0531156593012956,False,,False,,,0.75,0.00010760001168819144,1778,6.0,168.0,0.0,222492,False,False,not_required,,False,True,False,4.010760001168819,0.0,0,,synthetic-eval-v1
45,A1,Single agent,TCK-00049,Medium,Medium,0.8026592828882269,0.06760367658059778,False,TCK-00045,True,1.0,0.5,0.75,0.0001083999959519133,1778,6.0,270.0,0.0,227032,False,False,not_required,,False,True,False,5.010839999595191,0.0,1,,synthetic-eval-v1
45,A1,Single agent,TCK-00050,High,High,0.8210145550138419,0.055799471014007666,False,,False,,,0.75,0.0001283999954466708,1778,6.0,168.0,0.0,231380,False,False,rejected,Synthetic reviewer rejected because the outage scope and recovery evidence need clarification.,False,True,False,6.012839999544667,0.0,0,32,synthetic-eval-v1
45,A1,Single agent,TCK-00051,Critical,Critical,0.8397650598290696,0.8397650598290696,False,,False,,,0.75,0.00011059998359996825,1778,6.0,180.0,0.0,236171,True,False,accepted,"Synthetic reviewer accepted after confirming incident impact, mitigation scope, and a rollback owner.",False,True,False,7.011059998359997,0.0,0,34,synthetic-eval-v1
45,A1,Single agent,TCK-00052,Low,Low,0.8628470581499686,0.04514171004972642,False,,False,,,0.75,0.00011649999942164868,1778,6.0,168.0,0.0,240555,False,False,not_required,,False,True,False,8.011649999942165,0.0,0,,synthetic-eval-v1
45,A1,Single agent,TCK-00053,Medium,Medium,0.8571099612084322,0.04812224273138901,False,,False,,,0.75,0.0001374999847030267,1778,6.0,180.0,0.0,245051,False,False,not_required,,False,True,False,9.013749998470303,0.0,0,,synthetic-eval-v1
45,A1,Single agent,TCK-00054,High,High,0.8483976991846305,0.0499970593415201,False,,False,,,0.75,0.00010750000365078449,1778,6.0,168.0,0.0,249531,False,False,rejected,Synthetic reviewer rejected because the outage scope and recovery evidence need clarification.,False,True,False,10.010750000365078,0.0,0,36,synthetic-eval-v1
45,A1,Single agent,TCK-00055,Critical,Critical,0.8495135626498934,0.8495135626498934,False,,False,,,0.75,0.00011049999739043415,1778,6.0,180.0,0.0,253931,False,False,rejected,Synthetic reviewer rejected because impact evidence or the safe mitigation and rollback plan was incomplete.,False,False,False,0.05,0.0,0,18,synthetic-eval-v1
45,A1,Single agent,TCK-00056,Low,Low,0.8065765119051173,0.06547871269554101,False,TCK-00052,True,1.0,1.0,0.75,0.00013389999367063865,1778,6.0,258.0,0.0,258376,False,False,not_required,,False,True,False,1.0133899993670639,0.0,0,,synthetic-eval-v1
45,A1,Single agent,TCK-00057,Medium,Medium,0.8540963397757896,0.049116612819635835,False,,False,,,0.75,0.0001075999898603186,1778,6.0,180.0,0.0,262699,False,False,not_required,,False,True,False,2.010759998986032,0.0,0,,synthetic-eval-v1
45,A1,Single agent,TCK-00058,High,High,0.8456550373253151,0.04815455590270243,False,,False,,,0.75,0.00010670000483514741,1778,6.0,168.0,0.0,267507,True,False,accepted,"Synthetic reviewer accepted after confirming affected services, customer impact, and the recovery plan.",False,True,False,3.0106700004835147,0.0,0,17,synthetic-eval-v1
45,A1,Single agent,TCK-00059,Critical,Critical,0.855684371616024,0.855684371616024,False,,False,,,0.75,0.00013779999426333234,1778,6.0,180.0,0.0,271907,True,False,accepted,"Synthetic reviewer accepted after confirming incident impact, mitigation scope, and a rollback owner.",False,True,False,4.013779999426333,0.0,1,3,synthetic-eval-v1
45,A1,Single agent,TCK-00060,Low,Low,0.8549787807631968,0.0478817561930548,False,,False,,,0.75,0.00010599998495308682,1778,6.0,168.0,0.0,276291,True,False,not_required,,False,True,False,5.010599998495309,0.0,0,,synthetic-eval-v1
45,A1,Single agent,TCK-00061,Medium,Medium,0.8412870128429141,0.05129378937153534,False,,False,,,0.75,0.00010639998799888417,1778,6.0,180.0,0.0,280692,False,False,not_required,,False,True,False,6.010639998799888,0.0,0,,synthetic-eval-v1
45,A1,Single agent,TCK-00062,High,High,0.8430719841141112,0.051945032608527814,False,,False,,,0.75,0.0001247000036528334,1778,6.0,168.0,0.0,285076,False,False,rejected,Synthetic reviewer rejected because the outage scope and recovery evidence need clarification.,False,True,False,7.012470000365283,0.0,0,20,synthetic-eval-v1
45,A1,Single agent,TCK-00063,Critical,Critical,0.8132926666139059,0.8132926666139059,False,TCK-00059,True,1.0,0.5,0.75,0.00010770000517368317,1778,6.0,270.0,0.0,289568,True,False,accepted,"Synthetic reviewer accepted after confirming incident impact, mitigation scope, and a rollback owner.",False,True,False,8.010770000517368,0.0,0,37,synthetic-eval-v1
45,A1,Single agent,TCK-00064,Low,Low,0.8395821855110089,0.05087905672777407,False,,False,,,0.75,0.00019889999384758994,1778,6.0,168.0,0.0,293868,False,False,not_required,,False,True,False,9.019889999384759,0.0,0,,synthetic-eval-v1
45,A1,Single agent,TCK-00065,Medium,Medium,0.8469154924757207,0.050345580364085644,False,,False,,,0.75,0.00010779999865917489,1778,6.0,180.0,0.0,298403,False,False,not_required,,False,True,False,10.010779999865917,0.0,0,,synthetic-eval-v1
45,A1,Single agent,TCK-00066,High,High,0.845540853068285,0.04930456749282889,False,,False,,,0.75,0.00011749999976018444,1778,6.0,168.0,0.0,303331,False,False,rejected,Synthetic reviewer rejected because the outage scope and recovery evidence need clarification.,False,True,False,0.05,0.0,0,7,synthetic-eval-v1
45,A1,Single agent,TCK-00067,Critical,Critical,0.84951393120026,0.84951393120026,False,,False,,,0.75,0.0001295000038226135,1778,6.0,180.0,0.0,307707,False,False,rejected,Synthetic reviewer rejected because impact evidence or the safe mitigation and rollback plan was incomplete.,False,False,False,1.0129500003822614,0.0,0,15,synthetic-eval-v1
45,A1,Single agent,TCK-00068,Low,Low,0.8488589082895954,0.05530024483734084,False,,False,,,0.75,0.00011300000915070996,1778,6.0,168.0,0.0,312091,False,False,not_required,,False,True,False,2.011300000915071,0.0,0,,synthetic-eval-v1
45,A1,Single agent,TCK-00069,Medium,Medium,0.857109821893714,0.04812227255208087,False,,False,,,0.75,0.00013190000026952475,1778,6.0,180.0,0.0,316491,False,False,not_required,,False,True,False,3.0131900000269525,0.0,1,,synthetic-eval-v1
45,A1,Single agent,TCK-00070,High,High,0.7953024888050698,0.06881762238239018,True,TCK-00066,True,1.0,0.3333333333333333,0.75,0.00010860000475076959,1778,6.0,258.0,0.0,320960,False,False,rejected,Synthetic reviewer rejected because the outage scope and recovery evidence need clarification.,False,False,True,4.010860000475077,1.5,0,41,synthetic-eval-v1
45,A1,Single agent,TCK-00071,Critical,Critical,0.8455342856655591,0.8455342856655591,True,,False,,,0.75,0.00010900000779656693,1778,6.0,180.0,0.0,325283,False,False,rejected,Synthetic reviewer rejected because impact evidence or the safe mitigation and rollback plan was incomplete.,False,False,False,5.010900000779657,0.0,0,24,synthetic-eval-v1
45,A1,Single agent,TCK-00072,Low,Low,0.8714481958177949,0.042665679343305764,True,,False,,,0.75,0.0001218999968841672,1778,6.0,168.0,0.0,329730,False,False,not_required,,False,True,False,6.012189999688417,0.0,0,,synthetic-eval-v1
45,A1,Single agent,TCK-00073,Medium,Medium,0.8734939265158226,0.04307126104454628,True,,False,,,0.75,0.00010849998943740502,1778,6.0,180.0,0.0,334131,False,False,not_required,,False,True,False,7.0108499989437405,0.0,0,,synthetic-eval-v1
45,A1,Single agent,TCK-00074,High,High,0.8392688759630844,0.048037540699626284,True,,False,,,0.75,0.00012310000602155924,1778,6.0,168.0,0.0,338516,False,False,rejected,Synthetic reviewer rejected because the outage scope and recovery evidence need clarification.,False,True,False,8.012310000602156,0.0,0,45,synthetic-eval-v1
45,A1,Single agent,TCK-00075,Critical,Critical,0.8387804601566007,0.8387804601566007,True,,False,,,0.75,0.00011049999739043415,1778,6.0,180.0,0.0,342916,True,False,accepted,"Synthetic reviewer accepted after confirming incident impact, mitigation scope, and a rollback owner.",False,True,False,9.011049999739043,0.0,0,6,synthetic-eval-v1
45,A1,Single agent,TCK-00076,Low,Low,0.8462692672757651,0.04813937856480837,True,,False,,,0.75,0.00014070000179344788,1778,6.0,168.0,0.0,347812,False,False,not_required,,False,True,False,10.014070000179345,0.0,0,,synthetic-eval-v1
45,A1,Single agent,TCK-00077,Medium,Medium,0.8125057429855937,0.06590811661549116,True,TCK-00073,True,1.0,0.5,0.75,0.00012110000534448773,1778,6.0,270.0,0.0,352432,False,False,not_required,,False,True,False,0.05,0.0,0,,synthetic-eval-v1
45,A1,Single agent,TCK-00078,High,High,0.8541923971311925,0.04828307622015766,True,,False,,,0.75,0.00010850000398932025,1778,6.0,168.0,0.0,356859,False,False,rejected,Synthetic reviewer rejected because the outage scope and recovery evidence need clarification.,False,True,False,1.010850000398932,0.0,0,25,synthetic-eval-v1
45,A1,Single agent,TCK-00079,Critical,Critical,0.84467317333555,0.84467317333555,True,,False,,,0.75,0.00012510001397458836,1778,6.0,180.0,0.0,361275,True,False,accepted,"Synthetic reviewer accepted after confirming incident impact, mitigation scope, and a rollback owner.",False,True,False,2.012510001397459,0.0,1,29,synthetic-eval-v1
45,A1,Single agent,TCK-00080,Low,Low,0.8714481958177949,0.042665679343305764,True,,False,,,0.75,0.00010829999519046396,1778,6.0,168.0,0.0,365658,False,False,not_required,,False,True,False,3.0108299995190464,0.0,0,,synthetic-eval-v1
45,A1,Single agent,TCK-00081,Medium,Medium,0.8734939265158226,0.04307126104454628,True,,False,,,0.75,0.0001309000072069466,1778,6.0,180.0,0.0,370059,False,False,not_required,,False,True,False,4.013090000720695,0.0,0,,synthetic-eval-v1
45,A1,Single agent,TCK-00082,High,High,0.8701079825740475,0.0432624038143104,True,,False,,,0.75,0.0001140000022132881,1778,6.0,168.0,0.0,374443,False,False,rejected,Synthetic reviewer rejected because the outage scope and recovery evidence need clarification.,False,True,False,5.011400000221329,0.0,0,9,synthetic-eval-v1
45,A1,Single agent,TCK-00083,Critical,Critical,0.8463293034268226,0.8463293034268226,True,,False,,,0.75,0.00013779998698737472,1778,6.0,180.0,0.0,378843,True,False,accepted,"Synthetic reviewer accepted after confirming incident impact, mitigation scope, and a rollback owner.",False,True,False,6.0137799986987375,0.0,0,43,synthetic-eval-v1
45,A1,Single agent,TCK-00084,Low,Low,0.7939437467114078,0.06767727611668961,True,TCK-00080,True,1.0,0.5,0.75,0.0001176999940071255,1778,6.0,252.0,0.0,383310,False,False,not_required,,False,True,False,7.0117699994007125,0.0,0,,synthetic-eval-v1
45,A1,Single agent,TCK-00085,Medium,Medium,0.8469154924757207,0.050345580364085644,True,,False,,,0.75,0.00012309999874560162,1778,6.0,180.0,0.0,387635,False,False,not_required,,False,True,False,8.01230999987456,0.0,0,,synthetic-eval-v1
45,A1,Single agent,TCK-00086,High,High,0.8507609280823214,0.05586445799646992,True,,False,,,0.75,0.00012059999426128343,1778,6.0,168.0,0.0,392635,False,False,rejected,Synthetic reviewer rejected because the outage scope and recovery evidence need clarification.,False,False,True,9.012059999426128,1.0,0,28,synthetic-eval-v1
45,A1,Single agent,TCK-00087,Critical,Critical,0.8343406254294873,0.8343406254294873,True,,False,,,0.75,0.00012790000619133934,1778,6.0,180.0,0.0,397036,False,False,rejected,Synthetic reviewer rejected because impact evidence or the safe mitigation and rollback plan was incomplete.,False,False,False,10.012790000619134,0.0,0,49,synthetic-eval-v1
45,A1,Single agent,TCK-00088,Low,Low,0.8443605086148288,0.04879457013106736,True,,False,,,0.75,0.0001336999994236976,1778,6.0,168.0,0.0,401444,False,False,not_required,,False,True,False,0.05,0.0,0,,synthetic-eval-v1
45,A1,Single agent,TCK-00089,Medium,Medium,0.8285798475623318,0.05321015944891367,True,,False,,,0.75,0.00012689999130088836,1778,6.0,180.0,0.0,405820,False,False,not_required,,False,True,False,1.0126899991300888,0.0,1,,synthetic-eval-v1
45,A1,Single agent,TCK-00090,High,High,0.8307803393365351,0.055698556796113054,True,,False,,,0.75,0.00013449999823933467,1778,6.0,168.0,0.0,410204,False,False,rejected,Synthetic reviewer rejected because the outage scope and recovery evidence need clarification.,False,True,False,2.0134499998239335,0.0,0,22,synthetic-eval-v1
45,A1,Single agent,TCK-00091,Critical,Critical,0.8010220336576962,0.8010220336576962,True,TCK-00087,True,1.0,0.3333333333333333,0.75,0.00012240000069141388,1778,6.0,270.0,0.0,414698,False,False,rejected,Synthetic reviewer rejected because impact evidence or the safe mitigation and rollback plan was incomplete.,False,False,False,3.0122400000691414,0.0,0,46,synthetic-eval-v1
45,A1,Single agent,TCK-00092,Low,Low,0.8591638542328429,0.04448160283196819,True,,False,,,0.75,0.000152299995534122,1778,6.0,168.0,0.0,418995,False,False,not_required,,False,True,False,4.015229999553412,0.0,0,,synthetic-eval-v1
45,A1,Single agent,TCK-00093,Medium,Medium,0.8526194833043516,0.04789683956641969,True,,False,,,0.75,0.00011250001261942089,1778,6.0,180.0,0.0,423563,False,False,not_required,,False,True,False,5.011250001261942,0.0,0,,synthetic-eval-v1
45,A1,Single agent,TCK-00094,High,High,0.8701079825740475,0.0432624038143104,True,,False,,,0.75,0.0001289999927394092,1778,6.0,168.0,0.0,428075,False,False,rejected,Synthetic reviewer rejected because the outage scope and recovery evidence need clarification.,False,True,False,6.012899999273941,0.0,0,33,synthetic-eval-v1
45,A1,Single agent,TCK-00095,Critical,Critical,0.8620244478563679,0.8620244478563679,True,,False,,,0.75,0.00011210000229766592,1778,6.0,180.0,0.0,432475,True,False,accepted,"Synthetic reviewer accepted after confirming incident impact, mitigation scope, and a rollback owner.",False,False,True,7.011210000229767,1.75,0,35,synthetic-eval-v1
45,A1,Single agent,TCK-00096,Low,Low,0.8714481958177949,0.042665679343305764,True,,False,,,0.75,0.00012590000551426783,1778,6.0,168.0,0.0,436859,False,False,not_required,,False,True,False,8.012590000551427,0.0,0,,synthetic-eval-v1
45,A1,Single agent,TCK-00097,Medium,Medium,0.8508935673706702,0.04701934070948253,True,,False,,,0.75,0.00011139998241560534,1778,6.0,180.0,0.0,441283,False,False,not_required,,False,True,False,9.01113999824156,0.0,0,,synthetic-eval-v1
45,A1,Single agent,TCK-00098,High,High,0.8046638638717319,0.06691129214564401,True,TCK-00094,True,1.0,0.5,0.75,0.00012660000356845558,1778,6.0,258.0,0.0,446392,False,False,rejected,Synthetic reviewer rejected because the outage scope and recovery evidence need clarification.,False,True,False,10.012660000356846,0.0,0,4,synthetic-eval-v1
45,A1,Single agent,TCK-00099,Critical,Critical,0.8620244478563679,0.8620244478563679,True,,False,,,0.75,0.00011280000762781128,1778,6.0,180.0,0.0,450715,False,False,rejected,Synthetic reviewer rejected because impact evidence or the safe mitigation and rollback plan was incomplete.,False,False,False,0.05,0.0,1,42,synthetic-eval-v1
45,A2,Multi-agent with static agents,TCK-00000,Low,Low,0.857492932574714,0.04862728808117576,False,,False,,,0.75,0.0001305000187130645,3556,12.0,168.0,0.0,4027,False,False,not_required,,False,True,False,0.05,0.0,0,,synthetic-eval-v1
45,A2,Multi-agent with static agents,TCK-00001,Medium,Medium,0.8566976541034682,0.04822526115525332,False,,False,,,0.75,0.00011180000001331791,3556,12.0,180.0,0.0,8227,False,False,not_required,,False,True,False,1.0111800000013318,0.0,0,,synthetic-eval-v1
45,A2,Multi-agent with static agents,TCK-00002,High,High,0.8489406999486907,0.0523100433692146,False,,False,,,0.75,0.00011660000018309802,3556,12.0,168.0,0.0,12299,False,False,rejected,Synthetic reviewer rejected because the outage scope and recovery evidence need clarification.,False,True,False,2.01166000001831,0.0,0,31,synthetic-eval-v1
45,A2,Multi-agent with static agents,TCK-00003,Critical,Critical,0.8507773560183772,0.8507773560183772,False,,False,,,0.75,0.00014710000687045977,3556,12.0,180.0,0.0,16291,True,False,accepted,"Synthetic reviewer accepted after confirming incident impact, mitigation scope, and a rollback owner.",False,True,False,3.014710000687046,0.0,0,33,synthetic-eval-v1
45,A2,Multi-agent with static agents,TCK-00004,Low,Low,0.8548404742000808,0.04742299319428069,False,,False,,,0.75,0.00011489998723845929,3556,12.0,168.0,0.0,20331,False,False,not_required,,False,True,False,4.011489998723846,0.0,0,,synthetic-eval-v1
45,A2,Multi-agent with static agents,TCK-00005,Medium,Medium,0.8566975622329632,0.04822519050348998,False,,False,,,0.75,0.00012010000500595197,3556,12.0,180.0,0.0,24515,False,False,not_required,,False,True,False,5.012010000500595,0.0,0,,synthetic-eval-v1
45,A2,Multi-agent with static agents,TCK-00006,High,High,0.8542417084209201,0.048198308012436936,False,,False,,,0.75,0.00013249999756226316,3556,12.0,168.0,0.0,29027,True,False,accepted,"Synthetic reviewer accepted after confirming affected services, customer impact, and the recovery plan.",False,True,False,6.013249999756226,0.0,0,41,synthetic-eval-v1
45,A2,Multi-agent with static agents,TCK-00007,Critical,Critical,0.8153907065451671,0.8153907065451671,False,TCK-00003,True,1.0,1.0,0.75,0.00013240000407677144,3556,12.0,264.0,0.0,33518,True,False,accepted,"Synthetic reviewer accepted after confirming incident impact, mitigation scope, and a rollback owner.",False,True,False,7.013240000407677,0.0,0,42,synthetic-eval-v1
45,A2,Multi-agent with static agents,TCK-00008,Low,Low,0.8714481958177949,0.042665679343305764,False,,False,,,0.75,0.0001339000154985115,3556,12.0,168.0,0.0,37962,False,False,not_required,,False,True,False,8.013390001549851,0.0,1,,synthetic-eval-v1
45,A2,Multi-agent with static agents,TCK-00009,Medium,Medium,0.8223707898765594,0.05598280177350943,False,,False,,,0.75,0.0001436000020476058,3556,12.0,180.0,0.0,42444,False,False,not_required,,False,True,False,9.01436000020476,0.0,0,,synthetic-eval-v1
45,A2,Multi-agent with static agents,TCK-00010,High,High,0.8485226905901975,0.04966234056489561,False,,False,,,0.75,0.00012900002184323967,3556,12.0,168.0,0.0,47036,False,False,rejected,Synthetic reviewer rejected because the outage scope and recovery evidence need clarification.,False,True,False,10.012900002184324,0.0,0,13,synthetic-eval-v1
45,A2,Multi-agent with static agents,TCK-00011,Critical,Critical,0.8370347414004108,0.8370347414004108,False,,False,,,0.75,0.00013020000187680125,3556,12.0,180.0,0.0,51483,True,False,accepted,"Synthetic reviewer accepted after confirming incident impact, mitigation scope, and a rollback owner.",False,True,False,0.05,0.0,0,16,synthetic-eval-v1
45,A2,Multi-agent with static agents,TCK-00012,Low,Low,0.8409312572112652,0.05074205004306479,False,,False,,,0.75,0.00012459999561542645,3556,12.0,168.0,0.0,56044,False,False,not_required,,False,True,False,1.0124599995615426,0.0,0,,synthetic-eval-v1
45,A2,Multi-agent with static agents,TCK-00013,Medium,Medium,0.8566977022979394,0.04822534850761842,False,,False,,,0.75,0.00016010000399546698,3556,12.0,180.0,0.0,60467,False,False,not_required,,False,True,False,2.0160100003995467,0.0,0,,synthetic-eval-v1
45,A2,Multi-agent with static agents,TCK-00014,High,High,0.8029759558351951,0.06640590117532563,False,TCK-00010,True,1.0,1.0,0.75,0.00015449999773409218,3556,12.0,258.0,0.0,64986,False,False,rejected,Synthetic reviewer rejected because the outage scope and recovery evidence need clarification.,False,True,False,3.015449999773409,0.0,0,46,synthetic-eval-v1
45,A2,Multi-agent with static agents,TCK-00015,Critical,Critical,0.8494437576532907,0.8494437576532907,False,,False,,,0.75,0.00012710001465165988,3556,12.0,180.0,0.0,69483,True,False,accepted,"Synthetic reviewer accepted after confirming incident impact, mitigation scope, and a rollback owner.",False,True,False,4.012710001465166,0.0,0,4,synthetic-eval-v1
45,A2,Multi-agent with static agents,TCK-00016,Low,Low,0.8563098284937883,0.04751000043928206,False,,False,,,0.75,0.00012600001355167478,3556,12.0,168.0,0.0,73955,False,False,not_required,,False,True,False,5.0126000013551675,0.0,0,,synthetic-eval-v1
45,A2,Multi-agent with static agents,TCK-00017,Medium,Medium,0.854326513431483,0.047958260619679526,False,,False,,,0.75,0.00012790000619133934,3556,12.0,180.0,0.0,78467,False,False,not_required,,False,True,False,6.012790000619134,0.0,0,,synthetic-eval-v1
45,A2,Multi-agent with static agents,TCK-00018,High,High,0.8542421499924492,0.04819830658589147,False,,False,,,0.75,0.00013050000416114926,3556,12.0,168.0,0.0,83123,False,False,rejected,Synthetic reviewer rejected because the outage scope and recovery evidence need clarification.,False,True,False,7.013050000416115,0.0,1,3,synthetic-eval-v1
45,A2,Multi-agent with static agents,TCK-00019,Critical,Critical,0.8620244478563679,0.8620244478563679,False,,False,,,0.75,0.00014229998487280682,3556,12.0,180.0,0.0,87570,True,False,accepted,"Synthetic reviewer accepted after confirming incident impact, mitigation scope, and a rollback owner.",False,True,False,8.01422999848728,0.0,0,14,synthetic-eval-v1
45,A2,Multi-agent with static agents,TCK-00020,Low,Low,0.845573098058792,0.04989853466200422,False,,False,,,0.75,0.00012590000551426783,3556,12.0,168.0,0.0,92003,False,False,not_required,,False,True,False,9.012590000551427,0.0,0,,synthetic-eval-v1
45,A2,Multi-agent with static agents,TCK-00021,Medium,Medium,0.7999291684891167,0.06781030834125305,False,TCK-00017,True,1.0,1.0,0.75,0.00013440001930575818,3556,12.0,270.0,0.0,96704,False,False,not_required,,False,True,False,10.013440001930576,0.0,0,,synthetic-eval-v1
45,A2,Multi-agent with static agents,TCK-00022,High,High,0.8392688759630844,0.048037540699626284,False,,False,,,0.75,0.0001252000074600801,3556,12.0,168.0,0.0,101051,False,False,rejected,Synthetic reviewer rejected because the outage scope and recovery evidence need clarification.,False,True,False,0.05,0.0,0,43,synthetic-eval-v1
45,A2,Multi-agent with static agents,TCK-00023,Critical,Critical,0.8305491661186505,0.8305491661186505,False,,False,,,0.75,0.0001455999954487197,3556,12.0,180.0,0.0,105540,True,False,accepted,"Synthetic reviewer accepted after confirming incident impact, mitigation scope, and a rollback owner.",False,True,False,1.014559999544872,0.0,0,28,synthetic-eval-v1
45,A2,Multi-agent with static agents,TCK-00024,Low,Low,0.8362986130802171,0.0528658065570189,False,,False,,,0.75,0.0001252999936696142,3556,12.0,168.0,0.0,110140,False,False,not_required,,False,True,False,2.0125299993669614,0.0,0,,synthetic-eval-v1
45,A2,Multi-agent with static agents,TCK-00025,Medium,Medium,0.8358854000779591,0.05216276968562312,False,,False,,,0.75,0.00012589999823831022,3556,12.0,180.0,0.0,114652,True,False,not_required,,False,True,False,3.012589999823831,0.0,0,,synthetic-eval-v1
45,A2,Multi-agent with static agents,TCK-00026,High,High,0.8541923971311925,0.04828307622015766,False,,False,,,0.75,0.0001264000020455569,3556,12.0,168.0,0.0,119147,False,False,rejected,Synthetic reviewer rejected because the outage scope and recovery evidence need clarification.,False,True,False,4.012640000204556,0.0,0,26,synthetic-eval-v1
45,A2,Multi-agent with static agents,TCK-00027,Critical,Critical,0.8506268235611837,0.8506268235611837,False,,False,,,0.75,0.0001480999999330379,3556,12.0,180.0,0.0,123595,True,False,accepted,"Synthetic reviewer accepted after confirming incident impact, mitigation scope, and a rollback owner.",False,True,False,5.014809999993304,0.0,0,7,synthetic-eval-v1
45,A2,Multi-agent with static agents,TCK-00028,Low,Low,0.791038958728903,0.07064537605447456,False,TCK-00024,True,1.0,1.0,0.75,0.00012570000399136916,3556,12.0,258.0,0.0,128338,False,False,not_required,,False,True,False,6.012570000399137,0.0,1,,synthetic-eval-v1
45,A2,Multi-agent with static agents,TCK-00029,Medium,Medium,0.8573070392863174,0.04822998320530522,False,,False,,,0.75,0.00012679999053943902,3556,12.0,180.0,0.0,132707,False,False,not_required,,False,True,False,7.012679999053944,0.0,0,,synthetic-eval-v1
45,A2,Multi-agent with static agents,TCK-00030,High,High,0.854192528888425,0.048283140411437254,False,,False,,,0.75,0.00017559999832883477,3556,12.0,168.0,0.0,137179,False,False,rejected,Synthetic reviewer rejected because the outage scope and recovery evidence need clarification.,False,True,False,8.017559999832883,0.0,0,35,synthetic-eval-v1
45,A2,Multi-agent with static agents,TCK-00031,Critical,Critical,0.8567293028169504,0.8567293028169504,False,,False,,,0.75,0.0001286000115214847,3556,12.0,180.0,0.0,141627,False,False,rejected,Synthetic reviewer rejected because impact evidence or the safe mitigation and rollback plan was incomplete.,False,False,False,9.012860001152148,0.0,0,6,synthetic-eval-v1
45,A2,Multi-agent with static agents,TCK-00032,Low,Low,0.8480572351201473,0.04760861664619532,False,,False,,,0.75,0.00012679999053943902,3556,12.0,168.0,0.0,146059,False,False,not_required,,False,True,False,10.012679999053944,0.0,0,,synthetic-eval-v1
45,A2,Multi-agent with static agents,TCK-00033,Medium,Medium,0.8573071063569762,0.048229979166565386,False,,False,,,0.75,0.0001277999981539324,3556,12.0,180.0,0.0,150827,False,False,not_required,,False,True,False,0.05,0.0,0,,synthetic-eval-v1
45,A2,Multi-agent with static agents,TCK-00034,High,High,0.8439551964948823,0.05004508674163533,False,,False,,,0.75,0.0001410000113537535,3556,12.0,168.0,0.0,155323,False,False,rejected,Synthetic reviewer rejected because the outage scope and recovery evidence need clarification.,False,True,False,1.0141000011353754,0.0,0,12,synthetic-eval-v1
45,A2,Multi-agent with static agents,TCK-00035,Critical,Critical,0.8138199647290288,0.8138199647290288,False,TCK-00031,True,1.0,0.5,0.75,0.00013010000111535192,3556,12.0,270.0,0.0,159840,True,False,accepted,"Synthetic reviewer accepted after confirming incident impact, mitigation scope, and a rollback owner.",False,False,True,2.013010000111535,1.75,0,50,synthetic-eval-v1
45,A2,Multi-agent with static agents,TCK-00036,Low,Low,0.834674596124346,0.05230445065440343,False,,False,,,0.75,0.00012630000128410757,3556,12.0,168.0,0.0,164188,False,False,not_required,,False,True,False,3.0126300001284108,0.0,0,,synthetic-eval-v1
45,A2,Multi-agent with static agents,TCK-00037,Medium,Medium,0.8266320918605041,0.05386395455373067,False,,False,,,0.75,0.0001472999938414432,3556,12.0,180.0,0.0,168700,False,False,not_required,,False,True,False,4.014729999384144,0.0,0,,synthetic-eval-v1
45,A2,Multi-agent with static agents,TCK-00038,High,High,0.8481875446709597,0.04776764146496095,False,,False,,,0.75,0.00012540000898297876,3556,12.0,168.0,0.0,173419,True,False,accepted,"Synthetic reviewer accepted after confirming affected services, customer impact, and the recovery plan.",False,True,False,5.012540000898298,0.0,1,47,synthetic-eval-v1
45,A2,Multi-agent with static agents,TCK-00039,Critical,Critical,0.8620244478563679,0.8620244478563679,False,,False,,,0.75,0.0001283999954466708,3556,12.0,180.0,0.0,177866,True,False,accepted,"Synthetic reviewer accepted after confirming incident impact, mitigation scope, and a rollback owner.",False,True,False,6.012839999544667,0.0,0,2,synthetic-eval-v1
45,A2,Multi-agent with static agents,TCK-00040,Low,Low,0.8549618507680532,0.04798785571471609,False,,False,,,0.75,0.00015290000737877563,3556,12.0,168.0,0.0,182299,False,False,not_required,,False,True,False,7.015290000737878,0.0,0,,synthetic-eval-v1
45,A2,Multi-agent with static agents,TCK-00041,Medium,Medium,0.857459249151482,0.04709731659095975,False,,False,,,0.75,0.00012759999663103372,3556,12.0,180.0,0.0,186843,False,False,not_required,,False,True,False,8.012759999663103,0.0,0,,synthetic-eval-v1
45,A2,Multi-agent with static agents,TCK-00042,High,High,0.796156567716372,0.06703619636084719,False,TCK-00038,True,1.0,1.0,0.75,0.0001260999997612089,3556,12.0,258.0,0.0,191456,False,False,rejected,Synthetic reviewer rejected because the outage scope and recovery evidence need clarification.,False,True,False,9.012609999976121,0.0,0,32,synthetic-eval-v1
45,A2,Multi-agent with static agents,TCK-00043,Critical,Critical,0.8507773560183772,0.8507773560183772,False,,False,,,0.75,0.0001568000079714693,3556,12.0,180.0,0.0,195827,True,False,accepted,"Synthetic reviewer accepted after confirming incident impact, mitigation scope, and a rollback owner.",False,False,True,10.015680000797147,0.75,0,23,synthetic-eval-v1
45,A2,Multi-agent with static agents,TCK-00044,Low,Low,0.8549617541373994,0.04798779922949364,False,,False,,,0.75,0.00012630000856006518,3556,12.0,168.0,0.0,200619,False,False,not_required,,False,True,False,0.05,0.0,0,,synthetic-eval-v1
45,A2,Multi-agent with static agents,TCK-00045,Medium,Medium,0.8555671483453371,0.04829764688060482,False,,False,,,0.75,0.00012780001998180524,3556,12.0,180.0,0.0,205091,True,False,not_required,,False,True,False,1.0127800019981805,0.0,0,,synthetic-eval-v1
45,A2,Multi-agent with static agents,TCK-00046,High,High,0.8483976991846305,0.0499970593415201,False,,False,,,0.75,0.00013919999764766544,3556,12.0,168.0,0.0,209499,True,False,accepted,"Synthetic reviewer accepted after confirming affected services, customer impact, and the recovery plan.",False,True,False,2.0139199997647665,0.0,0,39,synthetic-eval-v1
45,A2,Multi-agent with static agents,TCK-00047,Critical,Critical,0.8487158862750297,0.8487158862750297,False,,False,,,0.75,0.00012570001126732677,3556,12.0,180.0,0.0,213947,True,False,accepted,"Synthetic reviewer accepted after confirming incident impact, mitigation scope, and a rollback owner.",False,True,False,3.0125700011267327,0.0,0,29,synthetic-eval-v1
45,A2,Multi-agent with static agents,TCK-00048,Low,Low,0.823368494418743,0.0531156593012956,False,,False,,,0.75,0.00013179999950807542,3556,12.0,168.0,0.0,218380,False,False,not_required,,False,True,False,4.0131799999508075,0.0,1,,synthetic-eval-v1
45,A2,Multi-agent with static agents,TCK-00049,Medium,Medium,0.8026592828882269,0.06760367658059778,False,TCK-00045,True,1.0,0.5,0.75,0.0003428999989409931,3556,12.0,270.0,0.0,222920,False,False,not_required,,False,True,False,5.034289999894099,0.0,0,,synthetic-eval-v1
45,A2,Multi-agent with static agents,TCK-00050,High,High,0.8210145550138419,0.055799471014007666,False,,False,,,0.75,0.00014320000627776608,3556,12.0,168.0,0.0,227268,True,False,accepted,"Synthetic reviewer accepted after confirming affected services, customer impact, and the recovery plan.",False,True,False,6.014320000627777,0.0,0,34,synthetic-eval-v1
45,A2,Multi-agent with static agents,TCK-00051,Critical,Critical,0.8397650598290696,0.8397650598290696,False,,False,,,0.75,0.00012679999781539664,3556,12.0,180.0,0.0,232059,True,False,accepted,"Synthetic reviewer accepted after confirming incident impact, mitigation scope, and a rollback owner.",False,False,True,7.01267999978154,1.25,0,36,synthetic-eval-v1
45,A2,Multi-agent with static agents,TCK-00052,Low,Low,0.8628470581499686,0.04514171004972642,False,,False,,,0.75,0.00018309999722987413,3556,12.0,168.0,0.0,236443,False,False,not_required,,False,True,False,8.018309999722987,0.0,0,,synthetic-eval-v1
45,A2,Multi-agent with static agents,TCK-00053,Medium,Medium,0.8571099612084322,0.04812224273138901,False,,False,,,0.75,0.00012850000348407775,3556,12.0,180.0,0.0,240963,False,False,not_required,,False,True,False,9.012850000348408,0.0,0,,synthetic-eval-v1
45,A2,Multi-agent with static agents,TCK-00054,High,High,0.8483976991846305,0.0499970593415201,False,,False,,,0.75,0.00013100001524435356,3556,12.0,168.0,0.0,245443,False,False,rejected,Synthetic reviewer rejected because the outage scope and recovery evidence need clarification.,False,False,True,10.013100001524435,0.5,0,8,synthetic-eval-v1
45,A2,Multi-agent with static agents,TCK-00055,Critical,Critical,0.8495135626498934,0.8495135626498934,False,,False,,,0.75,0.0001497999983257614,3556,12.0,180.0,0.0,249843,True,False,accepted,"Synthetic reviewer accepted after confirming incident impact, mitigation scope, and a rollback owner.",False,True,False,0.05,0.0,0,38,synthetic-eval-v1
45,A2,Multi-agent with static agents,TCK-00056,Low,Low,0.8065765119051173,0.06547871269554101,False,TCK-00052,True,1.0,1.0,0.75,0.00013989999570185319,3556,12.0,258.0,0.0,254312,False,False,not_required,,False,True,False,1.0139899995701853,0.0,0,,synthetic-eval-v1
45,A2,Multi-agent with static agents,TCK-00057,Medium,Medium,0.8540963397757896,0.049116612819635835,False,,False,,,0.75,0.00027349999436410144,3556,12.0,180.0,0.0,258635,False,False,not_required,,False,True,False,2.02734999943641,0.0,0,,synthetic-eval-v1
45,A2,Multi-agent with static agents,TCK-00058,High,High,0.8456550373253151,0.04815455590270243,False,,False,,,0.75,0.00029150000045774505,3556,12.0,168.0,0.015625,263443,False,False,rejected,Synthetic reviewer rejected because the outage scope and recovery evidence need clarification.,False,True,False,3.0291500000457745,0.0,1,5,synthetic-eval-v1
45,A2,Multi-agent with static agents,TCK-00059,Critical,Critical,0.855684371616024,0.855684371616024,False,,False,,,0.75,0.00025829999503912404,3556,12.0,180.0,0.0,267843,True,False,accepted,"Synthetic reviewer accepted after confirming incident impact, mitigation scope, and a rollback owner.",False,True,False,4.025829999503912,0.0,0,44,synthetic-eval-v1
45,A2,Multi-agent with static agents,TCK-00060,Low,Low,0.8549787807631968,0.0478817561930548,False,,False,,,0.75,0.00015079999866429716,3556,12.0,168.0,0.0,272227,False,False,not_required,,False,True,False,5.01507999986643,0.0,0,,synthetic-eval-v1
45,A2,Multi-agent with static agents,TCK-00061,Medium,Medium,0.8412870128429141,0.05129378937153534,False,,False,,,0.75,0.000133999994432088,3556,12.0,180.0,0.0,276628,False,False,not_required,,False,True,False,6.013399999443209,0.0,0,,synthetic-eval-v1
45,A2,Multi-agent with static agents,TCK-00062,High,High,0.8430719841141112,0.051945032608527814,False,,False,,,0.75,0.0001460999992559664,3556,12.0,168.0,0.0,281012,False,False,rejected,Synthetic reviewer rejected because the outage scope and recovery evidence need clarification.,False,True,False,7.014609999925597,0.0,0,18,synthetic-eval-v1
45,A2,Multi-agent with static agents,TCK-00063,Critical,Critical,0.8132926666139059,0.8132926666139059,False,TCK-00059,True,1.0,0.5,0.75,0.00013670000771526247,3556,12.0,270.0,0.0,285504,True,False,accepted,"Synthetic reviewer accepted after confirming incident impact, mitigation scope, and a rollback owner.",False,True,False,8.013670000771526,0.0,0,45,synthetic-eval-v1
45,A2,Multi-agent with static agents,TCK-00064,Low,Low,0.8395821855110089,0.05087905672777407,False,,False,,,0.75,0.00016069999401224777,3556,12.0,168.0,0.0,289804,False,False,not_required,,False,True,False,9.016069999401225,0.0,0,,synthetic-eval-v1
45,A2,Multi-agent with static agents,TCK-00065,Medium,Medium,0.8469154924757207,0.050345580364085644,False,,False,,,0.75,0.00013690000196220353,3556,12.0,180.0,0.0,294339,False,False,not_required,,False,True,False,10.01369000019622,0.0,0,,synthetic-eval-v1
45,A2,Multi-agent with static agents,TCK-00066,High,High,0.845540853068285,0.04930456749282889,False,,False,,,0.75,0.00015180001355474815,3556,12.0,168.0,0.0,299267,False,False,rejected,Synthetic reviewer rejected because the outage scope and recovery evidence need clarification.,False,True,False,0.05,0.0,0,22,synthetic-eval-v1
45,A2,Multi-agent with static agents,TCK-00067,Critical,Critical,0.84951393120026,0.84951393120026,False,,False,,,0.75,0.0001362999973935075,3556,12.0,180.0,0.0,303643,True,False,accepted,"Synthetic reviewer accepted after confirming incident impact, mitigation scope, and a rollback owner.",False,True,False,1.0136299997393508,0.0,0,37,synthetic-eval-v1
45,A2,Multi-agent with static agents,TCK-00068,Low,Low,0.8488589082895954,0.05530024483734084,False,,False,,,0.75,0.00015439999697264284,3556,12.0,168.0,0.0,308027,False,False,not_required,,False,True,False,2.0154399996972643,0.0,1,,synthetic-eval-v1
45,A2,Multi-agent with static agents,TCK-00069,Medium,Medium,0.857109821893714,0.04812227255208087,False,,False,,,0.75,0.00013780000153928995,3556,12.0,180.0,0.0,312427,False,False,not_required,,False,True,False,3.013780000153929,0.0,0,,synthetic-eval-v1
45,A2,Multi-agent with static agents,TCK-00070,High,High,0.7953024888050698,0.06881762238239018,True,TCK-00066,True,1.0,0.3333333333333333,0.75,0.00028960000054212287,3556,12.0,258.0,0.0,316896,False,False,rejected,Synthetic reviewer rejected because the outage scope and recovery evidence need clarification.,False,True,False,4.028960000054212,0.0,0,49,synthetic-eval-v1
45,A2,Multi-agent with static agents,TCK-00071,Critical,Critical,0.8455342856655591,0.8455342856655591,True,,False,,,0.75,0.00017970000044442713,3556,12.0,180.0,0.0,321219,False,False,rejected,Synthetic reviewer rejected because impact evidence or the safe mitigation and rollback plan was incomplete.,False,False,False,5.017970000044443,0.0,0,20,synthetic-eval-v1
45,A2,Multi-agent with static agents,TCK-00072,Low,Low,0.8714481958177949,0.042665679343305764,True,,False,,,0.75,0.00017250000382773578,3556,12.0,168.0,0.0,325642,True,False,not_required,,False,True,False,6.017250000382774,0.0,0,,synthetic-eval-v1
45,A2,Multi-agent with static agents,TCK-00073,Medium,Medium,0.8734939265158226,0.04307126104454628,True,,False,,,0.75,0.00015810000331839547,3556,12.0,180.0,0.0,330043,False,False,not_required,,False,True,False,7.0158100003318395,0.0,0,,synthetic-eval-v1
45,A2,Multi-agent with static agents,TCK-00074,High,High,0.8392688759630844,0.048037540699626284,True,,False,,,0.75,0.0001556999995955266,3556,12.0,168.0,0.0,334428,False,False,rejected,Synthetic reviewer rejected because the outage scope and recovery evidence need clarification.,False,True,False,8.015569999959553,0.0,0,17,synthetic-eval-v1
45,A2,Multi-agent with static agents,TCK-00075,Critical,Critical,0.8387804601566007,0.8387804601566007,True,,False,,,0.75,0.00028079999901819974,3556,12.0,180.0,0.0,338828,True,False,accepted,"Synthetic reviewer accepted after confirming incident impact, mitigation scope, and a rollback owner.",False,True,False,9.02807999990182,0.0,0,48,synthetic-eval-v1
45,A2,Multi-agent with static agents,TCK-00076,Low,Low,0.8462692672757651,0.04813937856480837,True,,False,,,0.75,0.00044380000326782465,3556,12.0,168.0,0.0,343724,False,False,not_required,,False,True,False,10.044380000326782,0.0,0,,synthetic-eval-v1
45,A2,Multi-agent with static agents,TCK-00077,Medium,Medium,0.8125057429855937,0.06590811661549116,True,TCK-00073,True,1.0,0.5,0.75,0.0003535999931045808,3556,12.0,270.0,0.0,348344,True,False,not_required,,False,True,False,0.05,0.0,0,,synthetic-eval-v1
45,A2,Multi-agent with static agents,TCK-00078,High,High,0.8541923971311925,0.04828307622015766,True,,False,,,0.75,0.00039400000969180837,3556,12.0,168.0,0.0,352771,False,False,rejected,Synthetic reviewer rejected because the outage scope and recovery evidence need clarification.,False,True,False,1.0394000009691808,0.0,1,9,synthetic-eval-v1
45,A2,Multi-agent with static agents,TCK-00079,Critical,Critical,0.84467317333555,0.84467317333555,True,,False,,,0.75,0.0002801000082399696,3556,12.0,180.0,0.0,357187,True,False,accepted,"Synthetic reviewer accepted after confirming incident impact, mitigation scope, and a rollback owner.",False,True,False,2.028010000823997,0.0,0,40,synthetic-eval-v1
45,A2,Multi-agent with static agents,TCK-00080,Low,Low,0.8714481958177949,0.042665679343305764,True,,False,,,0.75,0.00017109999316744506,3556,12.0,168.0,0.0,361570,False,False,not_required,,False,True,False,3.0171099993167445,0.0,0,,synthetic-eval-v1
45,A2,Multi-agent with static agents,TCK-00081,Medium,Medium,0.8734939265158226,0.04307126104454628,True,,False,,,0.75,0.00037510000402107835,3556,12.0,180.0,0.0,365971,False,False,not_required,,False,True,False,4.037510000402108,0.0,0,,synthetic-eval-v1
45,A2,Multi-agent with static agents,TCK-00082,High,High,0.8701079825740475,0.0432624038143104,True,,False,,,0.75,0.00026989999605575576,3556,12.0,168.0,0.0,370355,False,False,rejected,Synthetic reviewer rejected because the outage scope and recovery evidence need clarification.,False,False,True,5.026989999605576,1.5,0,1,synthetic-eval-v1
45,A2,Multi-agent with static agents,TCK-00083,Critical,Critical,0.8463293034268226,0.8463293034268226,True,,False,,,0.75,0.00018360000103712082,3556,12.0,180.0,0.0,374755,True,False,accepted,"Synthetic reviewer accepted after confirming incident impact, mitigation scope, and a rollback owner.",False,True,False,6.018360000103712,0.0,0,15,synthetic-eval-v1
45,A2,Multi-agent with static agents,TCK-00084,Low,Low,0.7939437467114078,0.06767727611668961,True,TCK-00080,True,1.0,0.5,0.75,0.00019209999300073832,3556,12.0,252.0,0.0,379246,False,False,not_required,,False,True,False,7.019209999300074,0.0,0,,synthetic-eval-v1
45,A2,Multi-agent with static agents,TCK-00085,Medium,Medium,0.8469154924757207,0.050345580364085644,True,,False,,,0.75,0.00025340000865980983,3556,12.0,180.0,0.0,383571,False,False,not_required,,False,True,False,8.025340000865981,0.0,0,,synthetic-eval-v1
45,A2,Multi-agent with static agents,TCK-00086,High,High,0.8507609280823214,0.05586445799646992,True,,False,,,0.75,0.00016120001237140968,3556,12.0,168.0,0.0,388571,False,False,rejected,Synthetic reviewer rejected because the outage scope and recovery evidence need clarification.,False,True,False,9.016120001237141,0.0,0,27,synthetic-eval-v1
45,A2,Multi-agent with static agents,TCK-00087,Critical,Critical,0.8343406254294873,0.8343406254294873,True,,False,,,0.75,0.00017490000755060464,3556,12.0,180.0,0.0,392972,False,False,rejected,Synthetic reviewer rejected because impact evidence or the safe mitigation and rollback plan was incomplete.,False,False,False,10.01749000075506,0.0,0,24,synthetic-eval-v1
45,A2,Multi-agent with static agents,TCK-00088,Low,Low,0.8443605086148288,0.04879457013106736,True,,False,,,0.75,0.00018829999316949397,3556,12.0,168.0,0.0,397356,False,False,not_required,,False,True,False,0.05,0.0,1,,synthetic-eval-v1
45,A2,Multi-agent with static agents,TCK-00089,Medium,Medium,0.8285798475623318,0.05321015944891367,True,,False,,,0.75,0.00016289999621221796,3556,12.0,180.0,0.0,401732,False,False,not_required,,False,True,False,1.0162899996212218,0.0,0,,synthetic-eval-v1
45,A2,Multi-agent with static agents,TCK-00090,High,High,0.8307803393365351,0.055698556796113054,True,,False,,,0.75,0.0001754000040818937,3556,12.0,168.0,0.0,406116,False,False,rejected,Synthetic reviewer rejected because the outage scope and recovery evidence need clarification.,False,False,True,2.0175400004081894,0.5,0,10,synthetic-eval-v1
45,A2,Multi-agent with static agents,TCK-00091,Critical,Critical,0.8010220336576962,0.8010220336576962,True,TCK-00087,True,1.0,0.3333333333333333,0.75,0.00037709999742219225,3556,12.0,270.0,0.0,410610,True,False,accepted,"Synthetic reviewer accepted after confirming incident impact, mitigation scope, and a rollback owner.",False,True,False,3.0377099997422192,0.0,0,25,synthetic-eval-v1
45,A2,Multi-agent with static agents,TCK-00092,Low,Low,0.8591638542328429,0.04448160283196819,True,,False,,,0.75,0.00017290001414949074,3556,12.0,168.0,0.0,414931,True,False,not_required,,False,True,False,4.017290001414949,0.0,0,,synthetic-eval-v1
45,A2,Multi-agent with static agents,TCK-00093,Medium,Medium,0.8526194833043516,0.04789683956641969,True,,False,,,0.75,0.00023360000341199338,3556,12.0,180.0,0.0,419499,False,False,not_required,,False,True,False,5.023360000341199,0.0,0,,synthetic-eval-v1
45,A2,Multi-agent with static agents,TCK-00094,High,High,0.8701079825740475,0.0432624038143104,True,,False,,,0.75,0.00015150000399444252,3556,12.0,168.0,0.0,424011,False,False,rejected,Synthetic reviewer rejected because the outage scope and recovery evidence need clarification.,False,True,False,6.015150000399444,0.0,0,21,synthetic-eval-v1
45,A2,Multi-agent with static agents,TCK-00095,Critical,Critical,0.8620244478563679,0.8620244478563679,True,,False,,,0.75,0.00016820000746520236,3556,12.0,180.0,0.0,428411,True,False,accepted,"Synthetic reviewer accepted after confirming incident impact, mitigation scope, and a rollback owner.",False,False,True,7.01682000074652,1.75,0,30,synthetic-eval-v1
45,A2,Multi-agent with static agents,TCK-00096,Low,Low,0.8714481958177949,0.042665679343305764,True,,False,,,0.75,0.00017829998978413641,3556,12.0,168.0,0.0,432795,False,False,not_required,,False,True,False,8.017829998978414,0.0,0,,synthetic-eval-v1
45,A2,Multi-agent with static agents,TCK-00097,Medium,Medium,0.8508935673706702,0.04701934070948253,True,,False,,,0.75,0.00022300001000985503,3556,12.0,180.0,0.0,437219,False,False,not_required,,False,True,False,9.022300001000986,0.0,0,,synthetic-eval-v1
45,A2,Multi-agent with static agents,TCK-00098,High,High,0.8046638638717319,0.06691129214564401,True,TCK-00094,True,1.0,0.5,0.75,0.0002423999976599589,3556,12.0,258.0,0.0,442328,True,False,accepted,"Synthetic reviewer accepted after confirming affected services, customer impact, and the recovery plan.",False,False,True,10.024239999765996,1.0,1,19,synthetic-eval-v1
45,A2,Multi-agent with static agents,TCK-00099,Critical,Critical,0.8620244478563679,0.8620244478563679,True,,False,,,0.75,0.00017339999612886459,3556,12.0,180.0,0.0,446651,False,False,rejected,Synthetic reviewer rejected because impact evidence or the safe mitigation and rollback plan was incomplete.,False,False,False,0.05,0.0,0,11,synthetic-eval-v1
45,A3,Multi-agent with mobile agents,TCK-00000,Low,Low,0.857492932574714,0.04862728808117576,False,,False,,,0.75,0.00016740000137360767,4161,13.0,168.0,0.0,4111,True,True,not_required,,True,True,False,0.05,0.0,0,,synthetic-eval-v1
45,A3,Multi-agent with mobile agents,TCK-00001,Medium,Medium,0.8566976541034682,0.04822526115525332,False,,False,,,0.75,0.00014630000805482268,4161,13.0,180.0,0.0,8395,True,False,not_required,,False,True,False,1.0146300008054823,0.0,0,,synthetic-eval-v1
45,A3,Multi-agent with mobile agents,TCK-00002,High,High,0.8489406999486907,0.0523100433692146,False,,False,,,0.75,0.00014430000737775117,4161,13.0,168.0,0.0,12551,False,False,rejected,Synthetic reviewer rejected because the outage scope and recovery evidence need clarification.,False,True,False,2.014430000737775,0.0,0,23,synthetic-eval-v1
45,A3,Multi-agent with mobile agents,TCK-00003,Critical,Critical,0.8507773560183772,0.8507773560183772,False,,False,,,0.75,0.0002556999970693141,4161,13.0,180.0,0.015625,16627,True,False,accepted,"Synthetic reviewer accepted after confirming incident impact, mitigation scope, and a rollback owner.",False,False,True,3.0255699997069314,1.25,0,28,synthetic-eval-v1
45,A3,Multi-agent with mobile agents,TCK-00004,Low,Low,0.8548404742000808,0.04742299319428069,False,,False,,,0.75,0.0001438999970559962,4161,13.0,168.0,0.0,20751,False,False,not_required,,False,True,False,4.0143899997056,0.0,0,,synthetic-eval-v1
45,A3,Multi-agent with mobile agents,TCK-00005,Medium,Medium,0.8566975622329632,0.04822519050348998,False,,False,,,0.75,0.00024279999342979863,4161,13.0,180.0,0.0,25043,False,True,not_required,,False,True,False,5.02427999934298,0.0,0,,synthetic-eval-v1
45,A3,Multi-agent with mobile agents,TCK-00006,High,High,0.8542417084209201,0.048198308012436936,False,,False,,,0.75,0.00023710000095888972,4161,13.0,168.0,0.0,29639,False,True,rejected,Synthetic reviewer rejected because the outage scope and recovery evidence need clarification.,False,True,False,6.023710000095889,0.0,0,41,synthetic-eval-v1
45,A3,Multi-agent with mobile agents,TCK-00007,Critical,Critical,0.8153907065451671,0.8153907065451671,False,TCK-00003,True,1.0,1.0,0.75,0.00025949999690055847,4161,13.0,264.0,0.0,34214,True,False,accepted,"Synthetic reviewer accepted after confirming incident impact, mitigation scope, and a rollback owner.",False,True,False,7.025949999690056,0.0,1,32,synthetic-eval-v1
45,A3,Multi-agent with mobile agents,TCK-00008,Low,Low,0.8714481958177949,0.042665679343305764,False,,False,,,0.75,0.00023049998708302155,4161,13.0,168.0,0.0,38742,False,True,not_required,,False,True,False,8.023049998708302,0.0,0,,synthetic-eval-v1
45,A3,Multi-agent with mobile agents,TCK-00009,Medium,Medium,0.8223707898765594,0.05598280177350943,False,,False,,,0.75,0.0002353000090806745,4161,13.0,180.0,0.0,43308,False,False,not_required,,False,True,False,9.023530000908067,0.0,0,,synthetic-eval-v1
45,A3,Multi-agent with mobile agents,TCK-00010,High,High,0.8485226905901975,0.04966234056489561,False,,False,,,0.75,0.0002699000033317134,4161,13.0,168.0,0.0,47984,False,False,rejected,Synthetic reviewer rejected because the outage scope and recovery evidence need clarification.,False,True,False,10.026990000333171,0.0,0,40,synthetic-eval-v1
45,A3,Multi-agent with mobile agents,TCK-00011,Critical,Critical,0.8370347414004108,0.8370347414004108,False,,False,,,0.75,0.00018170000839745626,4161,13.0,180.0,0.0,52515,True,False,accepted,"Synthetic reviewer accepted after confirming incident impact, mitigation scope, and a rollback owner.",False,True,False,0.05,0.0,0,16,synthetic-eval-v1
45,A3,Multi-agent with mobile agents,TCK-00012,Low,Low,0.8409312572112652,0.05074205004306479,False,,False,,,0.75,0.0001903999873320572,4161,13.0,168.0,0.0,57160,True,True,not_required,,True,True,False,1.0190399987332057,0.0,0,,synthetic-eval-v1
45,A3,Multi-agent with mobile agents,TCK-00013,Medium,Medium,0.8566977022979394,0.04822534850761842,False,,False,,,0.75,0.00036640000325860456,4161,13.0,180.0,0.0,61667,False,False,not_required,,False,True,False,2.0366400003258605,0.0,0,,synthetic-eval-v1
45,A3,Multi-agent with mobile agents,TCK-00014,High,High,0.8029759558351951,0.06640590117532563,False,TCK-00010,True,1.0,1.0,0.75,0.00018099998851539567,4161,13.0,258.0,0.0,66270,True,False,accepted,"Synthetic reviewer accepted after confirming affected services, customer impact, and the recovery plan.",False,True,False,3.0180999988515396,0.0,0,37,synthetic-eval-v1
45,A3,Multi-agent with mobile agents,TCK-00015,Critical,Critical,0.8494437576532907,0.8494437576532907,False,,False,,,0.75,0.0001753999968059361,4161,13.0,180.0,0.0,70851,True,False,accepted,"Synthetic reviewer accepted after confirming incident impact, mitigation scope, and a rollback owner.",False,False,True,4.017539999680594,1.25,0,10,synthetic-eval-v1
45,A3,Multi-agent with mobile agents,TCK-00016,Low,Low,0.8563098284937883,0.04751000043928206,False,,False,,,0.75,0.00030160001188050956,4161,13.0,168.0,0.0,75407,False,False,not_required,,False,True,False,5.030160001188051,0.0,0,,synthetic-eval-v1
45,A3,Multi-agent with mobile agents,TCK-00017,Medium,Medium,0.854326513431483,0.047958260619679526,False,,False,,,0.75,0.0003124999930150807,4161,13.0,180.0,0.0,80027,False,False,not_required,,False,True,False,6.031249999301508,0.0,1,,synthetic-eval-v1
45,A3,Multi-agent with mobile agents,TCK-00018,High,High,0.8542421499924492,0.04819830658589147,False,,False,,,0.75,0.00018710001313593239,4161,13.0,168.0,0.0,84767,False,False,rejected,Synthetic reviewer rejected because the outage scope and recovery evidence need clarification.,False,True,False,7.018710001313593,0.0,0,17,synthetic-eval-v1
45,A3,Multi-agent with mobile agents,TCK-00019,Critical,Critical,0.8620244478563679,0.8620244478563679,False,,False,,,0.75,0.00022620000527240336,4161,13.0,180.0,0.0,89298,True,False,accepted,"Synthetic reviewer accepted after confirming incident impact, mitigation scope, and a rollback owner.",False,True,False,8.02262000052724,0.0,0,39,synthetic-eval-v1
45,A3,Multi-agent with mobile agents,TCK-00020,Low,Low,0.845573098058792,0.04989853466200422,False,,False,,,0.75,0.00017639998986851424,4161,13.0,168.0,0.0,93815,False,False,not_required,,False,True,False,9.017639998986851,0.0,0,,synthetic-eval-v1
45,A3,Multi-agent with mobile agents,TCK-00021,Medium,Medium,0.7999291684891167,0.06781030834125305,False,TCK-00017,True,1.0,1.0,0.75,0.00018390000332146883,4161,13.0,270.0,0.0,98600,True,False,not_required,,False,True,False,10.018390000332147,0.0,0,,synthetic-eval-v1
45,A3,Multi-agent with mobile agents,TCK-00022,High,High,0.8392688759630844,0.048037540699626284,False,,False,,,0.75,0.00021020000713178888,4161,13.0,168.0,0.0,103031,False,True,rejected,Synthetic reviewer rejected because the outage scope and recovery evidence need clarification.,False,True,False,0.05,0.0,0,36,synthetic-eval-v1
45,A3,Multi-agent with mobile agents,TCK-00023,Critical,Critical,0.8305491661186505,0.8305491661186505,False,,False,,,0.75,0.00018129999079974368,4161,13.0,180.0,0.0,107604,False,False,rejected,Synthetic reviewer rejected because impact evidence or the safe mitigation and rollback plan was incomplete.,False,False,False,1.0181299990799744,0.0,0,13,synthetic-eval-v1
45,A3,Multi-agent with mobile agents,TCK-00024,Low,Low,0.8362986130802171,0.0528658065570189,False,,False,,,0.75,0.00021629999537253752,4161,13.0,168.0,0.0,112288,False,False,not_required,,False,True,False,2.0216299995372538,0.0,0,,synthetic-eval-v1
45,A3,Multi-agent with mobile agents,TCK-00025,Medium,Medium,0.8358854000779591,0.05216276968562312,False,,False,,,0.75,0.00020080000831512734,4161,13.0,180.0,0.0,116884,False,False,not_required,,False,True,False,3.0200800008315127,0.0,0,,synthetic-eval-v1
45,A3,Multi-agent with mobile agents,TCK-00026,High,High,0.8541923971311925,0.04828307622015766,False,,False,,,0.75,0.00017949999892152846,4161,13.0,168.0,0.0,121463,False,True,rejected,Synthetic reviewer rejected because the outage scope and recovery evidence need clarification.,False,True,False,4.017949999892153,0.0,0,20,synthetic-eval-v1
45,A3,Multi-agent with mobile agents,TCK-00027,Critical,Critical,0.8506268235611837,0.8506268235611837,False,,False,,,0.75,0.00016989998403005302,4161,13.0,180.0,0.0,125995,False,False,rejected,Synthetic reviewer rejected because impact evidence or the safe mitigation and rollback plan was incomplete.,False,False,False,5.016989998403005,0.0,1,29,synthetic-eval-v1
45,A3,Multi-agent with mobile agents,TCK-00028,Low,Low,0.791038958728903,0.07064537605447456,False,TCK-00024,True,1.0,1.0,0.75,0.00020170000061625615,4161,13.0,258.0,0.0,130822,False,True,not_required,,False,True,False,6.020170000061626,0.0,0,,synthetic-eval-v1
45,A3,Multi-agent with mobile agents,TCK-00029,Medium,Medium,0.8573070392863174,0.04822998320530522,False,,False,,,0.75,0.00016840000898810104,4161,13.0,180.0,0.0,135275,False,True,not_required,,False,True,False,7.01684000089881,0.0,0,,synthetic-eval-v1
45,A3,Multi-agent with mobile agents,TCK-00030,High,High,0.854192528888425,0.048283140411437254,False,,False,,,0.75,0.0002486000012140721,4161,13.0,168.0,0.0,139831,False,True,rejected,Synthetic reviewer rejected because the outage scope and recovery evidence need clarification.,False,True,False,8.024860000121407,0.0,0,15,synthetic-eval-v1
45,A3,Multi-agent with mobile agents,TCK-00031,Critical,Critical,0.8567293028169504,0.8567293028169504,False,,False,,,0.75,0.00017629999638302252,4161,13.0,180.0,0.0,144363,True,False,accepted,"Synthetic reviewer accepted after confirming incident impact, mitigation scope, and a rollback owner.",False,True,False,9.017629999638302,0.0,0,38,synthetic-eval-v1
45,A3,Multi-agent with mobile agents,TCK-00032,Low,Low,0.8480572351201473,0.04760861664619532,False,,False,,,0.75,0.0001663000075495802,4161,13.0,168.0,0.0,148879,False,False,not_required,,False,True,False,10.016630000754958,0.0,0,,synthetic-eval-v1
45,A3,Multi-agent with mobile agents,TCK-00033,Medium,Medium,0.8573071063569762,0.048229979166565386,False,,False,,,0.75,0.0002570000069681555,4161,13.0,180.0,0.0,153731,False,False,not_required,,False,True,False,0.05,0.0,0,,synthetic-eval-v1
45,A3,Multi-agent with mobile agents,TCK-00034,High,High,0.8439551964948823,0.05004508674163533,False,,False,,,0.75,0.0001709999851300381,4161,13.0,168.0,0.0,158311,True,True,accepted,"Synthetic reviewer accepted after confirming affected services, customer impact, and the recovery plan.",True,True,False,1.0170999985130038,0.0,0,24,synthetic-eval-v1
45,A3,Multi-agent with mobile agents,TCK-00035,Critical,Critical,0.8138199647290288,0.8138199647290288,False,TCK-00031,True,1.0,0.5,0.75,0.00016570000298088416,4161,13.0,270.0,0.0,162912,True,False,accepted,"Synthetic reviewer accepted after confirming incident impact, mitigation scope, and a rollback owner.",False,True,False,2.0165700002980884,0.0,0,48,synthetic-eval-v1
45,A3,Multi-agent with mobile agents,TCK-00036,Low,Low,0.834674596124346,0.05230445065440343,False,,False,,,0.75,0.0003818999830400571,4161,13.0,168.0,0.0,167344,False,True,not_required,,False,True,False,3.0381899983040057,0.0,0,,synthetic-eval-v1
45,A3,Multi-agent with mobile agents,TCK-00037,Medium,Medium,0.8266320918605041,0.05386395455373067,False,,False,,,0.75,0.0005893999914405867,4161,13.0,180.0,0.0,171916,False,True,not_required,,False,True,False,4.058939999144059,0.0,1,,synthetic-eval-v1
45,A3,Multi-agent with mobile agents,TCK-00038,High,High,0.8481875446709597,0.04776764146496095,False,,False,,,0.75,0.00018040002032648772,4161,13.0,168.0,0.0,176719,False,False,rejected,Synthetic reviewer rejected because the outage scope and recovery evidence need clarification.,False,True,False,5.018040002032649,0.0,0,26,synthetic-eval-v1
45,A3,Multi-agent with mobile agents,TCK-00039,Critical,Critical,0.8620244478563679,0.8620244478563679,False,,False,,,0.75,0.0002327999973203987,4161,13.0,180.0,0.0,181250,True,False,accepted,"Synthetic reviewer accepted after confirming incident impact, mitigation scope, and a rollback owner.",False,True,False,6.02327999973204,0.0,0,14,synthetic-eval-v1
45,A3,Multi-agent with mobile agents,TCK-00040,Low,Low,0.8549618507680532,0.04798785571471609,False,,False,,,0.75,0.0001717999912216328,4161,13.0,168.0,0.0,185767,False,True,not_required,,False,True,False,7.017179999122163,0.0,0,,synthetic-eval-v1
45,A3,Multi-agent with mobile agents,TCK-00041,Medium,Medium,0.857459249151482,0.04709731659095975,False,,False,,,0.75,0.00017660000594332814,4161,13.0,180.0,0.0,190395,False,False,not_required,,False,True,False,8.017660000594333,0.0,0,,synthetic-eval-v1
45,A3,Multi-agent with mobile agents,TCK-00042,High,High,0.796156567716372,0.06703619636084719,False,TCK-00038,True,1.0,1.0,0.75,0.0001815999930840917,4161,13.0,258.0,0.0,195092,False,False,rejected,Synthetic reviewer rejected because the outage scope and recovery evidence need clarification.,False,True,False,9.01815999930841,0.0,0,33,synthetic-eval-v1
45,A3,Multi-agent with mobile agents,TCK-00043,Critical,Critical,0.8507773560183772,0.8507773560183772,False,,False,,,0.75,0.00016420001338701695,4161,13.0,180.0,0.0,199547,True,False,accepted,"Synthetic reviewer accepted after confirming incident impact, mitigation scope, and a rollback owner.",False,True,False,10.016420001338702,0.0,0,34,synthetic-eval-v1
45,A3,Multi-agent with mobile agents,TCK-00044,Low,Low,0.8549617541373994,0.04798779922949364,False,,False,,,0.75,0.0001874999943538569,4161,13.0,168.0,0.0,204423,False,False,not_required,,False,True,False,0.05,0.0,0,,synthetic-eval-v1
45,A3,Multi-agent with mobile agents,TCK-00045,Medium,Medium,0.8555671483453371,0.04829764688060482,False,,False,,,0.75,0.00017420000222045928,4161,13.0,180.0,0.0,208955,True,False,not_required,,False,True,False,1.017420000222046,0.0,0,,synthetic-eval-v1
45,A3,Multi-agent with mobile agents,TCK-00046,High,High,0.8483976991846305,0.0499970593415201,False,,False,,,0.75,0.0001722999950288795,4161,13.0,168.0,0.0,213447,True,True,accepted,"Synthetic reviewer accepted after confirming affected services, customer impact, and the recovery plan.",True,True,False,2.017229999502888,0.0,0,27,synthetic-eval-v1
45,A3,Multi-agent with mobile agents,TCK-00047,Critical,Critical,0.8487158862750297,0.8487158862750297,False,,False,,,0.75,0.0001747999995131977,4161,13.0,180.0,0.0,217979,True,False,accepted,"Synthetic reviewer accepted after confirming incident impact, mitigation scope, and a rollback owner.",False,True,False,3.0174799999513198,0.0,1,8,synthetic-eval-v1
45,A3,Multi-agent with mobile agents,TCK-00048,Low,Low,0.823368494418743,0.0531156593012956,False,,False,,,0.75,0.00020030000450788066,4161,13.0,168.0,0.0,222496,False,False,not_required,,False,True,False,4.020030000450788,0.0,0,,synthetic-eval-v1
45,A3,Multi-agent with mobile agents,TCK-00049,Medium,Medium,0.8026592828882269,0.06760367658059778,False,TCK-00045,True,1.0,0.5,0.75,0.00018369999452261254,4161,13.0,270.0,0.0,227120,False,True,not_required,,False,True,False,5.018369999452261,0.0,0,,synthetic-eval-v1
45,A3,Multi-agent with mobile agents,TCK-00050,High,High,0.8210145550138419,0.055799471014007666,False,,False,,,0.75,0.00016319999849656597,4161,13.0,168.0,0.0,231552,False,False,rejected,Synthetic reviewer rejected because the outage scope and recovery evidence need clarification.,False,True,False,6.016319999849657,0.0,0,50,synthetic-eval-v1
45,A3,Multi-agent with mobile agents,TCK-00051,Critical,Critical,0.8397650598290696,0.8397650598290696,False,,False,,,0.75,0.00017980000848183408,4161,13.0,180.0,0.0,236427,True,False,accepted,"Synthetic reviewer accepted after confirming incident impact, mitigation scope, and a rollback owner.",False,True,False,7.017980000848183,0.0,0,12,synthetic-eval-v1
45,A3,Multi-agent with mobile agents,TCK-00052,Low,Low,0.8628470581499686,0.04514171004972642,False,,False,,,0.75,0.0001615000146557577,4161,13.0,168.0,0.0,240895,False,False,not_required,,False,True,False,8.016150001465576,0.0,0,,synthetic-eval-v1
45,A3,Multi-agent with mobile agents,TCK-00053,Medium,Medium,0.8571099612084322,0.04812224273138901,False,,False,,,0.75,0.0002223999981652014,4161,13.0,180.0,0.0,245475,False,False,not_required,,False,True,False,9.02223999981652,0.0,0,,synthetic-eval-v1
45,A3,Multi-agent with mobile agents,TCK-00054,High,High,0.8483976991846305,0.0499970593415201,False,,False,,,0.75,0.0001579000017954968,4161,13.0,168.0,0.0,250039,False,True,rejected,Synthetic reviewer rejected because the outage scope and recovery evidence need clarification.,False,True,False,10.01579000017955,0.0,0,31,synthetic-eval-v1
45,A3,Multi-agent with mobile agents,TCK-00055,Critical,Critical,0.8495135626498934,0.8495135626498934,False,,False,,,0.75,0.0001942999952007085,4161,13.0,180.0,0.0,254523,True,False,accepted,"Synthetic reviewer accepted after confirming incident impact, mitigation scope, and a rollback owner.",False,False,True,0.05,0.75,0,4,synthetic-eval-v1
45,A3,Multi-agent with mobile agents,TCK-00056,Low,Low,0.8065765119051173,0.06547871269554101,False,TCK-00052,True,1.0,1.0,0.75,0.00015910000365693122,4161,13.0,258.0,0.0,259076,False,False,not_required,,False,True,False,1.0159100003656931,0.0,0,,synthetic-eval-v1
45,A3,Multi-agent with mobile agents,TCK-00057,Medium,Medium,0.8540963397757896,0.049116612819635835,False,,False,,,0.75,0.0001587000078870915,4161,13.0,180.0,0.0,263483,False,True,not_required,,False,True,False,2.015870000788709,0.0,1,,synthetic-eval-v1
45,A3,Multi-agent with mobile agents,TCK-00058,High,High,0.8456550373253151,0.04815455590270243,False,,False,,,0.75,0.00017689999367576092,4161,13.0,168.0,0.0,268375,False,True,rejected,Synthetic reviewer rejected because the outage scope and recovery evidence need clarification.,False,True,False,3.017689999367576,0.0,0,44,synthetic-eval-v1
45,A3,Multi-agent with mobile agents,TCK-00059,Critical,Critical,0.855684371616024,0.855684371616024,False,,False,,,0.75,0.0001582000040798448,4161,13.0,180.0,0.0,272859,False,False,rejected,Synthetic reviewer rejected because impact evidence or the safe mitigation and rollback plan was incomplete.,False,False,False,4.0158200004079845,0.0,0,3,synthetic-eval-v1
45,A3,Multi-agent with mobile agents,TCK-00060,Low,Low,0.8549787807631968,0.0478817561930548,False,,False,,,0.75,0.00033429999893996865,4161,13.0,168.0,0.0,277327,False,False,not_required,,False,True,False,5.033429999893997,0.0,0,,synthetic-eval-v1
45,A3,Multi-agent with mobile agents,TCK-00061,Medium,Medium,0.8412870128429141,0.05129378937153534,False,,False,,,0.75,0.0002752999935182743,4161,13.0,180.0,0.0,281812,False,True,not_required,,False,True,False,6.027529999351827,0.0,0,,synthetic-eval-v1
45,A3,Multi-agent with mobile agents,TCK-00062,High,High,0.8430719841141112,0.051945032608527814,False,,False,,,0.75,0.0003346000157762319,4161,13.0,168.0,0.0,286280,False,False,rejected,Synthetic reviewer rejected because the outage scope and recovery evidence need clarification.,False,True,False,7.033460001577623,0.0,0,7,synthetic-eval-v1
45,A3,Multi-agent with mobile agents,TCK-00063,Critical,Critical,0.8132926666139059,0.8132926666139059,False,TCK-00059,True,1.0,0.5,0.75,0.00017769999976735562,4161,13.0,270.0,0.0,290856,True,False,accepted,"Synthetic reviewer accepted after confirming incident impact, mitigation scope, and a rollback owner.",False,True,False,8.017769999976736,0.0,0,42,synthetic-eval-v1
45,A3,Multi-agent with mobile agents,TCK-00064,Low,Low,0.8395821855110089,0.05087905672777407,False,,False,,,0.75,0.00022850000823382288,4161,13.0,168.0,0.0,295240,False,True,not_required,,False,True,False,9.022850000823382,0.0,0,,synthetic-eval-v1
45,A3,Multi-agent with mobile agents,TCK-00065,Medium,Medium,0.8469154924757207,0.050345580364085644,False,,False,,,0.75,0.00017320000915788114,4161,13.0,180.0,0.0,299859,False,False,not_required,,False,True,False,10.017320000915788,0.0,0,,synthetic-eval-v1
45,A3,Multi-agent with mobile agents,TCK-00066,High,High,0.845540853068285,0.04930456749282889,False,,False,,,0.75,0.00019669999892357737,4161,13.0,168.0,0.015625,304871,False,True,rejected,Synthetic reviewer rejected because the outage scope and recovery evidence need clarification.,False,True,False,0.05,0.0,0,45,synthetic-eval-v1
45,A3,Multi-agent with mobile agents,TCK-00067,Critical,Critical,0.84951393120026,0.84951393120026,False,,False,,,0.75,0.00018289999570697546,4161,13.0,180.0,0.0,309331,True,False,accepted,"Synthetic reviewer accepted after confirming incident impact, mitigation scope, and a rollback owner.",False,True,False,1.0182899995706975,0.0,1,19,synthetic-eval-v1
45,A3,Multi-agent with mobile agents,TCK-00068,Low,Low,0.8488589082895954,0.05530024483734084,False,,False,,,0.75,0.00025289999757660553,4161,13.0,168.0,0.0,313799,False,True,not_required,,False,True,False,2.0252899997576606,0.0,0,,synthetic-eval-v1
45,A3,Multi-agent with mobile agents,TCK-00069,Medium,Medium,0.857109821893714,0.04812227255208087,False,,False,,,0.75,0.00021720000222558156,4161,13.0,180.0,0.0,318283,True,False,not_required,,False,True,False,3.021720000222558,0.0,0,,synthetic-eval-v1
45,A3,Multi-agent with mobile agents,TCK-00070,High,High,0.7953024888050698,0.06881762238239018,True,TCK-00066,True,1.0,0.5,0.75,0.0001680000132182613,4161,13.0,258.0,0.0,322836,False,False,rejected,Synthetic reviewer rejected because the outage scope and recovery evidence need clarification.,False,True,False,4.016800001321826,0.0,0,47,synthetic-eval-v1
45,A3,Multi-agent with mobile agents,TCK-00071,Critical,Critical,0.8455342856655591,0.8455342856655591,True,,False,,,0.75,0.000198799985810183,4161,13.0,180.0,0.0,327243,True,False,accepted,"Synthetic reviewer accepted after confirming incident impact, mitigation scope, and a rollback owner.",False,False,True,5.019879998581018,1.75,0,35,synthetic-eval-v1
45,A3,Multi-agent with mobile agents,TCK-00072,Low,Low,0.8714481958177949,0.042665679343305764,True,,False,,,0.75,0.00016099999629659578,4161,13.0,168.0,0.0,331750,False,True,not_required,,False,True,False,6.01609999962966,0.0,0,,synthetic-eval-v1
45,A3,Multi-agent with mobile agents,TCK-00073,Medium,Medium,0.8734939265158226,0.04307126104454628,True,,False,,,0.75,0.00017860001389635727,4161,13.0,180.0,0.0,336259,True,True,not_required,,True,True,False,7.017860001389636,0.0,0,,synthetic-eval-v1
45,A3,Multi-agent with mobile agents,TCK-00074,High,High,0.8392688759630844,0.048037540699626284,True,,False,,,0.75,0.0002420999953756109,4161,13.0,168.0,0.0,340728,False,False,rejected,Synthetic reviewer rejected because the outage scope and recovery evidence need clarification.,False,True,False,8.024209999537561,0.0,0,30,synthetic-eval-v1
45,A3,Multi-agent with mobile agents,TCK-00075,Critical,Critical,0.8387804601566007,0.8387804601566007,True,,False,,,0.75,0.0001632999919820577,4161,13.0,180.0,0.0,345212,True,False,accepted,"Synthetic reviewer accepted after confirming incident impact, mitigation scope, and a rollback owner.",False,True,False,9.016329999198206,0.0,0,43,synthetic-eval-v1
45,A3,Multi-agent with mobile agents,TCK-00076,Low,Low,0.8462692672757651,0.04813937856480837,True,,False,,,0.75,0.00017610001668799669,4161,13.0,168.0,0.0,350192,False,True,not_required,,False,True,False,10.0176100016688,0.0,0,,synthetic-eval-v1
45,A3,Multi-agent with mobile agents,TCK-00077,Medium,Medium,0.8125057429855937,0.06590811661549116,True,TCK-00073,True,1.0,0.5,0.75,0.00015850000636419281,4161,13.0,270.0,0.0,354896,False,True,not_required,,False,True,False,0.05,0.0,1,,synthetic-eval-v1
45,A3,Multi-agent with mobile agents,TCK-00078,High,High,0.8541923971311925,0.04828307622015766,True,,False,,,0.75,0.00019410000095376745,4161,13.0,168.0,0.0,359407,False,False,rejected,Synthetic reviewer rejected because the outage scope and recovery evidence need clarification.,False,False,True,1.0194100000953767,0.5,0,5,synthetic-eval-v1
45,A3,Multi-agent with mobile agents,TCK-00079,Critical,Critical,0.84467317333555,0.84467317333555,True,,False,,,0.75,0.00022149999858811498,4161,13.0,180.0,0.0,363907,True,False,accepted,"Synthetic reviewer accepted after confirming incident impact, mitigation scope, and a rollback owner.",False,False,True,2.0221499998588115,0.75,0,9,synthetic-eval-v1
45,A3,Multi-agent with mobile agents,TCK-00080,Low,Low,0.8714481958177949,0.042665679343305764,True,,False,,,0.75,0.00016540000797249377,4161,13.0,168.0,0.0,368398,False,False,not_required,,False,True,False,3.0165400007972494,0.0,0,,synthetic-eval-v1
45,A3,Multi-agent with mobile agents,TCK-00081,Medium,Medium,0.8734939265158226,0.04307126104454628,True,,False,,,0.75,0.00017720000323606655,4161,13.0,180.0,0.0,372907,True,False,not_required,,False,True,False,4.017720000323607,0.0,0,,synthetic-eval-v1
45,A3,Multi-agent with mobile agents,TCK-00082,High,High,0.8701079825740475,0.0432624038143104,True,,False,,,0.75,0.0001596000001882203,4161,13.0,168.0,0.0,377375,False,True,rejected,Synthetic reviewer rejected because the outage scope and recovery evidence need clarification.,False,True,False,5.015960000018822,0.0,0,6,synthetic-eval-v1
45,A3,Multi-agent with mobile agents,TCK-00083,Critical,Critical,0.8463293034268226,0.8463293034268226,True,,False,,,0.75,0.00017910001042764634,4161,13.0,180.0,0.0,381859,False,False,rejected,Synthetic reviewer rejected because impact evidence or the safe mitigation and rollback plan was incomplete.,False,False,False,6.017910001042765,0.0,0,18,synthetic-eval-v1
45,A3,Multi-agent with mobile agents,TCK-00084,Low,Low,0.7939437467114078,0.06767727611668961,True,TCK-00080,True,1.0,0.3333333333333333,0.75,0.0002454999994370155,4161,13.0,252.0,0.0,386410,False,False,not_required,,False,True,False,7.0245499999437016,0.0,0,,synthetic-eval-v1
45,A3,Multi-agent with mobile agents,TCK-00085,Medium,Medium,0.8469154924757207,0.050345580364085644,True,,False,,,0.75,0.00016629999299766496,4161,13.0,180.0,0.0,390819,False,False,not_required,,False,True,False,8.016629999299766,0.0,0,,synthetic-eval-v1
45,A3,Multi-agent with mobile agents,TCK-00086,High,High,0.8507609280823214,0.05586445799646992,True,,False,,,0.75,0.00017399998614564538,4161,13.0,168.0,0.0,395903,False,True,rejected,Synthetic reviewer rejected because the outage scope and recovery evidence need clarification.,False,True,False,9.017399998614565,0.0,0,2,synthetic-eval-v1
45,A3,Multi-agent with mobile agents,TCK-00087,Critical,Critical,0.8343406254294873,0.8343406254294873,True,,False,,,0.75,0.0001548000072943978,4161,13.0,180.0,0.0,400388,True,False,accepted,"Synthetic reviewer accepted after confirming incident impact, mitigation scope, and a rollback owner.",False,True,False,10.01548000072944,0.0,1,21,synthetic-eval-v1
45,A3,Multi-agent with mobile agents,TCK-00088,Low,Low,0.8443605086148288,0.04879457013106736,True,,False,,,0.75,0.00016779998986748978,4161,13.0,168.0,0.0,404856,False,False,not_required,,False,True,False,0.05,0.0,0,,synthetic-eval-v1
45,A3,Multi-agent with mobile agents,TCK-00089,Medium,Medium,0.8285798475623318,0.05321015944891367,True,,False,,,0.75,0.00020199999562464654,4161,13.0,180.0,0.0,409316,False,False,not_required,,False,True,False,1.0201999995624647,0.0,0,,synthetic-eval-v1
45,A3,Multi-agent with mobile agents,TCK-00090,High,High,0.8307803393365351,0.055698556796113054,True,,False,,,0.75,0.00016960001084953547,4161,13.0,168.0,0.0,413784,False,False,rejected,Synthetic reviewer rejected because the outage scope and recovery evidence need clarification.,False,True,False,2.0169600010849535,0.0,0,46,synthetic-eval-v1
45,A3,Multi-agent with mobile agents,TCK-00091,Critical,Critical,0.8010220336576962,0.8010220336576962,True,TCK-00087,True,1.0,0.3333333333333333,0.75,0.0001747999995131977,4161,13.0,270.0,0.0,418362,True,False,accepted,"Synthetic reviewer accepted after confirming incident impact, mitigation scope, and a rollback owner.",False,True,False,3.0174799999513198,0.0,0,49,synthetic-eval-v1
45,A3,Multi-agent with mobile agents,TCK-00092,Low,Low,0.8591638542328429,0.04448160283196819,True,,False,,,0.75,0.00016209998284466565,4161,13.0,168.0,0.0,422743,False,False,not_required,,False,True,False,4.016209998284467,0.0,0,,synthetic-eval-v1
45,A3,Multi-agent with mobile agents,TCK-00093,Medium,Medium,0.8526194833043516,0.04789683956641969,True,,False,,,0.75,0.000167800004419405,4161,13.0,180.0,0.0,427395,False,False,not_required,,False,True,False,5.0167800004419405,0.0,0,,synthetic-eval-v1
45,A3,Multi-agent with mobile agents,TCK-00094,High,High,0.8701079825740475,0.0432624038143104,True,,False,,,0.75,0.00020199999562464654,4161,13.0,168.0,0.0,431991,False,False,rejected,Synthetic reviewer rejected because the outage scope and recovery evidence need clarification.,False,True,False,6.020199999562465,0.0,0,1,synthetic-eval-v1
45,A3,Multi-agent with mobile agents,TCK-00095,Critical,Critical,0.8620244478563679,0.8620244478563679,True,,False,,,0.75,0.00015309999434975907,4161,13.0,180.0,0.0,436475,True,False,accepted,"Synthetic reviewer accepted after confirming incident impact, mitigation scope, and a rollback owner.",False,True,False,7.015309999434976,0.0,0,22,synthetic-eval-v1
45,A3,Multi-agent with mobile agents,TCK-00096,Low,Low,0.8714481958177949,0.042665679343305764,True,,False,,,0.75,0.0001655000087339431,4161,13.0,168.0,0.0,440943,False,True,not_required,,False,True,False,8.016550000873394,0.0,0,,synthetic-eval-v1
45,A3,Multi-agent with mobile agents,TCK-00097,Medium,Medium,0.8508935673706702,0.04701934070948253,True,,False,,,0.75,0.00020710000535473228,4161,13.0,180.0,0.0,445427,False,False,not_required,,False,True,False,9.020710000535473,0.0,1,,synthetic-eval-v1
45,A3,Multi-agent with mobile agents,TCK-00098,High,High,0.8046638638717319,0.06691129214564401,True,TCK-00094,True,1.0,0.5,0.75,0.00015179999900283292,4161,13.0,258.0,0.0,450620,False,False,rejected,Synthetic reviewer rejected because the outage scope and recovery evidence need clarification.,False,True,False,10.015179999900283,0.0,0,25,synthetic-eval-v1
45,A3,Multi-agent with mobile agents,TCK-00099,Critical,Critical,0.8620244478563679,0.8620244478563679,True,,False,,,0.75,0.00017749999824445695,4161,13.0,180.0,0.0,455027,True,False,accepted,"Synthetic reviewer accepted after confirming incident impact, mitigation scope, and a rollback owner.",False,True,False,0.05,0.0,0,11,synthetic-eval-v1
46,A0,"Rule-based, single process",TCK-00000,Low,Low,0.8482234449857645,0.04635820819879957,False,,False,,,0.49,8.250000246334821e-05,0,0.0,0.0,0.0,2842,False,False,not_required,,False,True,False,0.05,0.0,1,,synthetic-eval-v1
46,A0,"Rule-based, single process",TCK-00001,Medium,Medium,0.84353363324816,0.050654057314168166,False,,False,,,0.49,5.970000347588211e-05,0,0.0,0.0,0.0,6290,False,False,not_required,,False,True,False,1.0059700003475882,0.0,0,,synthetic-eval-v1
46,A0,"Rule-based, single process",TCK-00002,High,High,0.8661615102783514,0.04422486626909189,False,,False,,,0.49,5.990000499878079e-05,0,0.0,0.0,0.0,9704,False,False,rejected,Synthetic reviewer rejected because the outage scope and recovery evidence need clarification.,False,True,False,2.005990000499878,0.0,0,3,synthetic-eval-v1
46,A0,"Rule-based, single process",TCK-00003,Critical,Critical,0.8543667880794574,0.8543667880794574,False,,False,,,0.49,6.0800004575867206e-05,0,0.0,0.0,0.0,13058,True,False,accepted,"Synthetic reviewer accepted after confirming incident impact, mitigation scope, and a rollback owner.",False,True,False,3.0060800004575867,0.0,0,4,synthetic-eval-v1
46,A0,"Rule-based, single process",TCK-00004,Low,Low,0.856568503669108,0.05087473162759542,False,,False,,,0.49,5.929999315412715e-05,0,0.0,0.0,0.0,16442,False,False,not_required,,False,True,False,4.005929999315413,0.0,0,,synthetic-eval-v1
46,A0,"Rule-based, single process",TCK-00005,Medium,Medium,0.853541645514456,0.04898284864133881,False,,False,,,0.49,6.58999924780801e-05,0,0.0,0.0,0.0,19986,True,False,not_required,,False,True,False,5.006589999247808,0.0,0,,synthetic-eval-v1
46,A0,"Rule-based, single process",TCK-00006,High,High,0.8508559414272101,0.04910688663813218,False,,False,,,0.49,7.879999611759558e-05,0,0.0,0.0,0.0,23842,False,False,rejected,Synthetic reviewer rejected because the outage scope and recovery evidence need clarification.,False,True,False,6.00787999961176,0.0,0,7,synthetic-eval-v1
46,A0,"Rule-based, single process",TCK-00007,Critical,Critical,0.8167345779653016,0.8167345779653016,False,TCK-00003,True,1.0,1.0,0.49,7.950000872369856e-05,0,0.0,0.0,0.0,27718,True,False,accepted,"Synthetic reviewer accepted after confirming incident impact, mitigation scope, and a rollback owner.",False,True,False,7.00795000087237,0.0,0,8,synthetic-eval-v1
46,A0,"Rule-based, single process",TCK-00008,Low,Low,0.8545967780166451,0.04798112850324567,False,,False,,,0.49,0.00010760001168819144,0,0.0,0.0,0.0,31482,False,False,not_required,,False,True,False,8.01076000116882,0.0,0,,synthetic-eval-v1
46,A0,"Rule-based, single process",TCK-00009,Medium,Medium,0.8270528441562234,0.05253223017970531,False,,False,,,0.49,0.00011449999874457717,0,0.0,0.0,0.0,35300,False,False,not_required,,False,True,False,9.011449999874458,0.0,0,,synthetic-eval-v1
46,A0,"Rule-based, single process",TCK-00010,High,High,0.8457772958707395,0.05037847092950124,False,,False,,,0.49,7.579999510198832e-05,0,0.0,0.0,0.0,39236,False,False,rejected,Synthetic reviewer rejected because the outage scope and recovery evidence need clarification.,False,False,True,10.007579999510199,1.5,1,11,synthetic-eval-v1
46,A0,"Rule-based, single process",TCK-00011,Critical,Critical,0.8309272875207836,0.8309272875207836,False,,False,,,0.49,7.700000423938036e-05,0,0.0,0.0,0.0,43428,False,False,rejected,Synthetic reviewer rejected because impact evidence or the safe mitigation and rollback plan was incomplete.,False,False,False,0.05,0.0,0,12,synthetic-eval-v1
46,A0,"Rule-based, single process",TCK-00012,Low,Low,0.8468972313879138,0.048967735316296196,False,,False,,,0.49,7.610000466229394e-05,0,0.0,0.0,0.0,47802,False,False,not_required,,False,True,False,1.0076100004662294,0.0,0,,synthetic-eval-v1
46,A0,"Rule-based, single process",TCK-00013,Medium,Medium,0.8700445019165345,0.043895861937446636,False,,False,,,0.49,7.650000043213367e-05,0,0.0,0.0,0.0,52032,True,False,not_required,,False,True,False,2.0076500000432134,0.0,0,,synthetic-eval-v1
46,A0,"Rule-based, single process",TCK-00014,High,High,0.7969339283098686,0.06896291601444718,False,TCK-00010,True,1.0,0.5,0.49,7.729999924777076e-05,0,0.0,0.0,0.0,56378,True,False,accepted,"Synthetic reviewer accepted after confirming affected services, customer impact, and the recovery plan.",False,True,False,3.007729999924777,0.0,0,15,synthetic-eval-v1
46,A0,"Rule-based, single process",TCK-00015,Critical,Critical,0.8614985368397363,0.8614985368397363,False,,False,,,0.49,7.760000880807638e-05,0,0.0,0.0,0.0,60648,True,False,accepted,"Synthetic reviewer accepted after confirming incident impact, mitigation scope, and a rollback owner.",False,True,False,4.007760000880808,0.0,0,16,synthetic-eval-v1
46,A0,"Rule-based, single process",TCK-00016,Low,Low,0.8545970304206004,0.047980951811589394,False,,False,,,0.49,7.570000161649659e-05,0,0.0,0.0,0.0,64914,False,False,not_required,,False,True,False,5.00757000016165,0.0,0,,synthetic-eval-v1
46,A0,"Rule-based, single process",TCK-00017,Medium,Medium,0.8614730678365828,0.04630380218458768,False,,False,,,0.49,7.779999577905983e-05,0,0.0,0.0,0.0,69234,False,False,not_required,,False,True,False,6.007779999577906,0.0,0,,synthetic-eval-v1
46,A0,"Rule-based, single process",TCK-00018,High,High,0.8661615102783514,0.04422486626909189,False,,False,,,0.49,7.490000280085951e-05,0,0.0,0.0,0.0,73680,False,False,rejected,Synthetic reviewer rejected because the outage scope and recovery evidence need clarification.,False,True,False,7.007490000280086,0.0,0,19,synthetic-eval-v1
46,A0,"Rule-based, single process",TCK-00019,Critical,Critical,0.8614985368397363,0.8614985368397363,False,,False,,,0.49,7.669999467907473e-05,0,0.0,0.0,0.0,77936,True,False,accepted,"Synthetic reviewer accepted after confirming incident impact, mitigation scope, and a rollback owner.",False,True,False,8.007669999467907,0.0,0,20,synthetic-eval-v1
46,A0,"Rule-based, single process",TCK-00020,Low,Low,0.8545966893787708,0.04798118625668901,False,,False,,,0.49,7.570000161649659e-05,0,0.0,0.0,0.0,82162,False,False,not_required,,False,True,False,9.00757000016165,0.0,1,,synthetic-eval-v1
46,A0,"Rule-based, single process",TCK-00021,Medium,Medium,0.8045434535964713,0.06687921977688248,False,TCK-00017,True,1.0,0.3333333333333333,0.49,7.660000119358301e-05,0,0.0,0.0,0.0,86696,False,False,not_required,,False,True,False,10.007660000119358,0.0,0,,synthetic-eval-v1
46,A0,"Rule-based, single process",TCK-00022,High,High,0.832163289522143,0.05164682663598593,False,,False,,,0.49,7.639999967068434e-05,0,0.0,0.0,0.0,90812,False,False,rejected,Synthetic reviewer rejected because the outage scope and recovery evidence need clarification.,False,True,False,0.05,0.0,0,23,synthetic-eval-v1
46,A0,"Rule-based, single process",TCK-00023,Critical,Critical,0.8287283519030287,0.8287283519030287,False,,False,,,0.49,7.71000050008297e-05,0,0.0,0.0,0.0,95108,True,False,accepted,"Synthetic reviewer accepted after confirming incident impact, mitigation scope, and a rollback owner.",False,True,False,1.007710000500083,0.0,0,24,synthetic-eval-v1
46,A0,"Rule-based, single process",TCK-00024,Low,Low,0.8406472767686015,0.05164244291160753,False,,False,,,0.49,7.619999814778566e-05,0,0.0,0.0,0.0,99500,True,False,not_required,,False,True,False,2.0076199998147786,0.0,0,,synthetic-eval-v1
46,A0,"Rule-based, single process",TCK-00025,Medium,Medium,0.8286077325896574,0.055438351728877004,False,,False,,,0.49,7.830000686226413e-05,0,0.0,0.0,0.0,103820,True,False,not_required,,False,True,False,3.0078300006862264,0.0,0,,synthetic-eval-v1
46,A0,"Rule-based, single process",TCK-00026,High,High,0.8421531889636729,0.04921166581671809,False,,False,,,0.49,9.020001016324386e-05,0,0.0,0.0,0.0,108106,True,False,accepted,"Synthetic reviewer accepted after confirming affected services, customer impact, and the recovery plan.",False,True,False,4.009020001016324,0.0,0,27,synthetic-eval-v1
46,A0,"Rule-based, single process",TCK-00027,Critical,Critical,0.8496938033181468,0.8496938033181468,False,,False,,,0.49,8.86999987415038e-05,0,0.0,0.0,0.0,112362,True,False,accepted,"Synthetic reviewer accepted after confirming incident impact, mitigation scope, and a rollback owner.",False,True,False,5.00886999987415,0.0,0,28,synthetic-eval-v1
46,A0,"Rule-based, single process",TCK-00028,Low,Low,0.7925099178916053,0.06961005036871981,False,TCK-00024,True,1.0,0.25,0.49,7.929999992484227e-05,0,0.0,0.0,0.0,116930,False,False,not_required,,False,True,False,6.007929999992484,0.0,0,,synthetic-eval-v1
46,A0,"Rule-based, single process",TCK-00029,Medium,Medium,0.8517667899380256,0.049363464880986176,False,,False,,,0.49,7.700001879129559e-05,0,0.0,0.0,0.0,121074,True,False,not_required,,False,True,False,7.00770000187913,0.0,0,,synthetic-eval-v1
46,A0,"Rule-based, single process",TCK-00030,High,High,0.8501753063417473,0.049300123513243865,False,,False,,,0.49,7.619999814778566e-05,0,0.0,0.0,0.0,125338,False,False,rejected,Synthetic reviewer rejected because the outage scope and recovery evidence need clarification.,False,False,True,8.007619999814779,0.5,1,31,synthetic-eval-v1
46,A0,"Rule-based, single process",TCK-00031,Critical,Critical,0.855511843100157,0.855511843100157,False,,False,,,0.49,7.589999586343765e-05,0,0.0,0.0,0.0,129594,True,False,accepted,"Synthetic reviewer accepted after confirming incident impact, mitigation scope, and a rollback owner.",False,False,True,9.007589999586344,0.75,0,32,synthetic-eval-v1
46,A0,"Rule-based, single process",TCK-00032,Low,Low,0.8534654536658551,0.04836094585691989,False,,False,,,0.49,7.679999544052407e-05,0,0.0,0.0,0.0,133842,False,False,not_required,,False,True,False,10.007679999544052,0.0,0,,synthetic-eval-v1
46,A0,"Rule-based, single process",TCK-00033,Medium,Medium,0.853769538500693,0.0491245984364829,False,,False,,,0.49,7.700000423938036e-05,0,0.0,0.0,0.0,138442,False,False,not_required,,False,True,False,0.05,0.0,0,,synthetic-eval-v1
46,A0,"Rule-based, single process",TCK-00034,High,High,0.8446967764158658,0.049834283626065234,False,,False,,,0.49,7.6299998909235e-05,0,0.0,0.0,0.0,142730,False,False,rejected,Synthetic reviewer rejected because the outage scope and recovery evidence need clarification.,False,True,False,1.0076299998909235,0.0,0,35,synthetic-eval-v1
46,A0,"Rule-based, single process",TCK-00035,Critical,Critical,0.8155346066194998,0.8155346066194998,False,TCK-00031,True,1.0,0.25,0.49,7.869999535614625e-05,0,0.0,0.0,0.0,147080,True,False,accepted,"Synthetic reviewer accepted after confirming incident impact, mitigation scope, and a rollback owner.",False,False,True,2.0078699995356146,1.75,0,36,synthetic-eval-v1
46,A0,"Rule-based, single process",TCK-00036,Low,Low,0.8310971466594991,0.052694967703809374,False,,False,,,0.49,7.71999912103638e-05,0,0.0,0.0,0.0,151196,False,False,not_required,,False,True,False,3.0077199991210364,0.0,0,,synthetic-eval-v1
46,A0,"Rule-based, single process",TCK-00037,Medium,Medium,0.8299994813591812,0.05532353705794676,False,,False,,,0.49,7.660000119358301e-05,0,0.0,0.0,0.0,155516,False,False,not_required,,False,True,False,4.007660000119358,0.0,0,,synthetic-eval-v1
46,A0,"Rule-based, single process",TCK-00038,High,High,0.8344314830146645,0.05181527520766344,False,,False,,,0.49,7.65999939176254e-05,0,0.0,0.0,0.0,160028,False,False,rejected,Synthetic reviewer rejected because the outage scope and recovery evidence need clarification.,False,False,True,5.0076599993917625,1.0,0,39,synthetic-eval-v1
46,A0,"Rule-based, single process",TCK-00039,Critical,Critical,0.8406125180790601,0.8406125180790601,False,,False,,,0.49,0.00012190001143608242,0,0.0,0.0,0.0,164282,True,False,accepted,"Synthetic reviewer accepted after confirming incident impact, mitigation scope, and a rollback owner.",False,True,False,6.012190001143608,0.0,0,40,synthetic-eval-v1
46,A0,"Rule-based, single process",TCK-00040,Low,Low,0.8534656054141627,0.0483609484457426,False,,False,,,0.49,7.789999654050916e-05,0,0.0,0.0,0.0,168530,False,False,not_required,,False,True,False,7.007789999654051,0.0,1,,synthetic-eval-v1
46,A0,"Rule-based, single process",TCK-00041,Medium,Medium,0.853769731403906,0.049124568932442415,False,,False,,,0.49,8.569999044993892e-05,0,0.0,0.0,0.0,172882,False,False,not_required,,False,True,False,8.008569999044994,0.0,0,,synthetic-eval-v1
46,A0,"Rule-based, single process",TCK-00042,High,High,0.7891166771925503,0.0690577738541247,False,TCK-00038,True,1.0,0.2,0.49,7.750000077066943e-05,0,0.0,0.0,0.0,177322,False,False,rejected,Synthetic reviewer rejected because the outage scope and recovery evidence need clarification.,False,False,True,9.007750000077067,0.5,0,43,synthetic-eval-v1
46,A0,"Rule-based, single process",TCK-00043,Critical,Critical,0.8496932443765096,0.8496932443765096,False,,False,,,0.49,7.82000133767724e-05,0,0.0,0.0,0.0,181466,False,False,rejected,Synthetic reviewer rejected because impact evidence or the safe mitigation and rollback plan was incomplete.,False,False,False,10.007820001337677,0.0,0,44,synthetic-eval-v1
46,A0,"Rule-based, single process",TCK-00044,Low,Low,0.8534654542558432,0.04836105665082029,False,,False,,,0.49,7.739999273326248e-05,0,0.0,0.0,0.0,186074,True,False,not_required,,False,True,False,0.05,0.0,0,,synthetic-eval-v1
46,A0,"Rule-based, single process",TCK-00045,Medium,Medium,0.8522546131260936,0.049160568859839104,False,,False,,,0.49,7.77000022935681e-05,0,0.0,0.0,0.0,190330,False,False,not_required,,False,True,False,1.0077700002293568,0.0,0,,synthetic-eval-v1
46,A0,"Rule-based, single process",TCK-00046,High,High,0.8447964747304909,0.049492949734678326,False,,False,,,0.49,7.71000050008297e-05,0,0.0,0.0,0.0,194530,False,False,rejected,Synthetic reviewer rejected because the outage scope and recovery evidence need clarification.,False,True,False,2.007710000500083,0.0,0,47,synthetic-eval-v1
46,A0,"Rule-based, single process",TCK-00047,Critical,Critical,0.8486841330229337,0.8486841330229337,False,,False,,,0.49,7.680000271648169e-05,0,0.0,0.0,0.0,198786,True,False,accepted,"Synthetic reviewer accepted after confirming incident impact, mitigation scope, and a rollback owner.",False,True,False,3.007680000271648,0.0,0,48,synthetic-eval-v1
46,A0,"Rule-based, single process",TCK-00048,Low,Low,0.8316153945348222,0.051044634339732935,False,,False,,,0.49,7.630000618519261e-05,0,0.0,0.0,0.0,203012,False,False,not_required,,False,True,False,4.007630000618519,0.0,0,,synthetic-eval-v1
46,A0,"Rule-based, single process",TCK-00049,Medium,Medium,0.7992882738074131,0.06843446383682876,False,TCK-00045,True,0.0,0.16666666666666666,0.49,0.00010080000356538221,0,0.0,0.0,0.0,207384,False,False,not_required,,False,True,False,5.010080000356538,0.0,0,,synthetic-eval-v1
46,A0,"Rule-based, single process",TCK-00050,High,High,0.8320032026204665,0.05396689796580815,False,,False,,,0.49,7.850000110920519e-05,0,0.0,0.0,0.0,211500,False,False,rejected,Synthetic reviewer rejected because the outage scope and recovery evidence need clarification.,False,True,False,6.0078500001109205,0.0,1,51,synthetic-eval-v1
46,A0,"Rule-based, single process",TCK-00051,Critical,Critical,0.8316131073271507,0.8316131073271507,False,,False,,,0.49,7.829999958630651e-05,0,0.0,0.0,0.0,216124,True,False,accepted,"Synthetic reviewer accepted after confirming incident impact, mitigation scope, and a rollback owner.",False,True,False,7.007829999958631,0.0,0,52,synthetic-eval-v1
46,A0,"Rule-based, single process",TCK-00052,Low,Low,0.8513498226748383,0.047864868130690325,False,,False,,,0.49,7.800000457791612e-05,0,0.0,0.0,0.0,220298,False,False,not_required,,False,True,False,8.007800000457792,0.0,0,,synthetic-eval-v1
46,A0,"Rule-based, single process",TCK-00053,Medium,Medium,0.8538065521375265,0.048922633461402965,False,,False,,,0.49,7.850000110920519e-05,0,0.0,0.0,0.0,224602,False,False,not_required,,False,True,False,9.00785000011092,0.0,0,,synthetic-eval-v1
46,A0,"Rule-based, single process",TCK-00054,High,High,0.8446967764158658,0.049834283626065234,False,,False,,,0.49,7.670000195503235e-05,0,0.0,0.0,0.0,228874,False,False,rejected,Synthetic reviewer rejected because the outage scope and recovery evidence need clarification.,False,True,False,10.007670000195503,0.0,0,55,synthetic-eval-v1
46,A0,"Rule-based, single process",TCK-00055,Critical,Critical,0.8441228612426679,0.8441228612426679,False,,False,,,0.49,7.680000271648169e-05,0,0.0,0.0,0.0,233082,True,False,accepted,"Synthetic reviewer accepted after confirming incident impact, mitigation scope, and a rollback owner.",False,True,False,0.05,0.0,0,56,synthetic-eval-v1
46,A0,"Rule-based, single process",TCK-00056,Low,Low,0.7930335785256949,0.06829192402168204,False,TCK-00052,True,0.0,0.14285714285714285,0.49,7.709999772487208e-05,0,0.0,0.0,0.0,237352,False,False,not_required,,False,True,False,1.0077099997724872,0.0,0,,synthetic-eval-v1
46,A0,"Rule-based, single process",TCK-00057,Medium,Medium,0.8538065295969451,0.04892261547949405,False,,False,,,0.49,8.199999865610152e-05,0,0.0,0.0,0.0,241450,True,False,not_required,,False,True,False,2.00819999986561,0.0,0,,synthetic-eval-v1
46,A0,"Rule-based, single process",TCK-00058,High,High,0.8527671080590582,0.04801123558412027,False,,False,,,0.49,9.419999696547166e-05,0,0.0,0.0,0.0,246050,False,False,rejected,Synthetic reviewer rejected because the outage scope and recovery evidence need clarification.,False,True,False,3.009419999696547,0.0,0,59,synthetic-eval-v1
46,A0,"Rule-based, single process",TCK-00059,Critical,Critical,0.8614985368397363,0.8614985368397363,False,,False,,,0.49,7.819999154889956e-05,0,0.0,0.0,0.0,250256,True,False,accepted,"Synthetic reviewer accepted after confirming incident impact, mitigation scope, and a rollback owner.",False,True,False,4.00781999915489,0.0,0,60,synthetic-eval-v1
46,A0,"Rule-based, single process",TCK-00060,Low,Low,0.8532235997442283,0.04824343910822312,False,,False,,,0.49,8.430000161752105e-05,0,0.0,0.0,0.0,254434,False,False,not_required,,False,True,False,5.008430000161752,0.0,1,,synthetic-eval-v1
46,A0,"Rule-based, single process",TCK-00061,Medium,Medium,0.8337410539632448,0.052858670441475596,False,,False,,,0.49,7.829999958630651e-05,0,0.0,0.0,0.0,258644,False,False,not_required,,False,True,False,6.007829999958631,0.0,0,,synthetic-eval-v1
46,A0,"Rule-based, single process",TCK-00062,High,High,0.8304327571580911,0.05786268937844961,False,,False,,,0.49,7.690001075388864e-05,0,0.0,0.0,0.0,262820,False,False,rejected,Synthetic reviewer rejected because the outage scope and recovery evidence need clarification.,False,True,False,7.007690001075389,0.0,0,63,synthetic-eval-v1
46,A0,"Rule-based, single process",TCK-00063,Critical,Critical,0.8165488166645684,0.8165488166645684,False,TCK-00059,True,0.0,0.1111111111111111,0.49,7.88000033935532e-05,0,0.0,0.0,0.0,267142,True,False,accepted,"Synthetic reviewer accepted after confirming incident impact, mitigation scope, and a rollback owner.",False,True,False,8.007880000339355,0.0,0,64,synthetic-eval-v1
46,A0,"Rule-based, single process",TCK-00064,Low,Low,0.8266939970642762,0.05430130513102546,False,,False,,,0.49,7.680000271648169e-05,0,0.0,0.0,0.0,271212,False,False,not_required,,False,True,False,9.007680000271648,0.0,0,,synthetic-eval-v1
46,A0,"Rule-based, single process",TCK-00065,Medium,Medium,0.8538064758930588,0.04892267130013165,False,,False,,,0.49,7.680000271648169e-05,0,0.0,0.0,0.0,275554,False,False,not_required,,False,True,False,10.007680000271648,0.0,0,,synthetic-eval-v1
46,A0,"Rule-based, single process",TCK-00066,High,High,0.8518842907067153,0.04880458923971883,False,,False,,,0.49,9.93999929050915e-05,0,0.0,0.0,0.0,280274,True,False,accepted,"Synthetic reviewer accepted after confirming affected services, customer impact, and the recovery plan.",False,True,False,0.05,0.0,0,67,synthetic-eval-v1
46,A0,"Rule-based, single process",TCK-00067,Critical,Critical,0.8486843654365014,0.8486843654365014,False,,False,,,0.49,8.280000474769622e-05,0,0.0,0.0,0.0,284458,True,False,accepted,"Synthetic reviewer accepted after confirming incident impact, mitigation scope, and a rollback owner.",False,True,False,1.0082800004747696,0.0,0,68,synthetic-eval-v1
46,A0,"Rule-based, single process",TCK-00068,Low,Low,0.854258057886768,0.047131838605735825,False,,False,,,0.49,7.689999620197341e-05,0,0.0,0.0,0.0,288162,True,False,not_required,,False,True,False,2.0076899996201973,0.0,0,,synthetic-eval-v1
46,A0,"Rule-based, single process",TCK-00069,Medium,Medium,0.8538065161167635,0.04892267246577186,False,,False,,,0.49,7.480000931536779e-05,0,0.0,0.0,0.0,291922,False,False,not_required,,False,True,False,3.007480000931537,0.0,0,,synthetic-eval-v1
46,A0,"Rule-based, single process",TCK-00070,High,High,0.7921435330117285,0.07241290617925228,True,TCK-00066,True,0.0,0.1,0.49,7.550000009359792e-05,0,0.0,0.0,0.0,295960,False,False,rejected,Synthetic reviewer rejected because the outage scope and recovery evidence need clarification.,False,True,False,4.00755000000936,0.0,1,71,synthetic-eval-v1
46,A0,"Rule-based, single process",TCK-00071,Critical,Critical,0.8614985368397363,0.8614985368397363,True,,False,,,0.49,7.60000039008446e-05,0,0.0,0.0,0.0,300058,True,False,accepted,"Synthetic reviewer accepted after confirming incident impact, mitigation scope, and a rollback owner.",False,True,False,5.0076000003900845,0.0,0,72,synthetic-eval-v1
46,A0,"Rule-based, single process",TCK-00072,Low,Low,0.837440932661034,0.04873219350630406,True,,False,,,0.49,0.00010369999654358253,0,0.0,0.0,0.0,304274,False,False,not_required,,False,True,False,6.010369999654358,0.0,0,,synthetic-eval-v1
46,A0,"Rule-based, single process",TCK-00073,Medium,Medium,0.8501519995884195,0.04596870424677121,True,,False,,,0.49,8.569999044993892e-05,0,0.0,0.0,0.0,308482,False,False,not_required,,False,True,False,7.008569999044994,0.0,0,,synthetic-eval-v1
46,A0,"Rule-based, single process",TCK-00074,High,High,0.8412552305611231,0.04800530164668262,True,,False,,,0.49,7.580000965390354e-05,0,0.0,0.0,0.0,312660,True,False,accepted,"Synthetic reviewer accepted after confirming affected services, customer impact, and the recovery plan.",False,False,True,8.00758000096539,1.0,0,75,synthetic-eval-v1
46,A0,"Rule-based, single process",TCK-00075,Critical,Critical,0.8369486015966192,0.8369486015966192,True,,False,,,0.49,7.609999738633633e-05,0,0.0,0.0,0.0,316868,False,False,rejected,Synthetic reviewer rejected because impact evidence or the safe mitigation and rollback plan was incomplete.,False,False,False,9.007609999738634,0.0,0,76,synthetic-eval-v1
46,A0,"Rule-based, single process",TCK-00076,Low,Low,0.8303124817300563,0.053708411875027375,True,,False,,,0.49,7.630000618519261e-05,0,0.0,0.0,0.0,321580,False,False,not_required,,False,True,False,10.00763000061852,0.0,0,,synthetic-eval-v1
46,A0,"Rule-based, single process",TCK-00077,Medium,Medium,0.7796390573042148,0.06921084690068266,True,TCK-00073,True,0.0,0.09090909090909091,0.49,7.789999654050916e-05,0,0.0,0.0,0.0,326032,True,False,not_required,,False,True,False,0.05,0.0,0,,synthetic-eval-v1
46,A0,"Rule-based, single process",TCK-00078,High,High,0.8421531889636729,0.04921166581671809,True,,False,,,0.49,7.530000584665686e-05,0,0.0,0.0,0.0,330226,False,False,rejected,Synthetic reviewer rejected because the outage scope and recovery evidence need clarification.,False,False,True,1.0075300005846657,0.5,0,79,synthetic-eval-v1
46,A0,"Rule-based, single process",TCK-00079,Critical,Critical,0.855511843100157,0.855511843100157,True,,False,,,0.49,0.00011359999189153314,0,0.0,0.0,0.0,334450,True,False,accepted,"Synthetic reviewer accepted after confirming incident impact, mitigation scope, and a rollback owner.",False,True,False,2.0113599991891533,0.0,0,80,synthetic-eval-v1
46,A0,"Rule-based, single process",TCK-00080,Low,Low,0.8702263442054318,0.04292237632388488,True,,False,,,0.49,8.95000048330985e-05,0,0.0,0.0,0.0,338650,False,False,not_required,,False,True,False,3.00895000048331,0.0,1,,synthetic-eval-v1
46,A0,"Rule-based, single process",TCK-00081,Medium,Medium,0.8479736046542982,0.04944697291524253,True,,False,,,0.49,7.559999357908964e-05,0,0.0,0.0,0.0,342858,True,False,not_required,,False,True,False,4.007559999357909,0.0,0,,synthetic-eval-v1
46,A0,"Rule-based, single process",TCK-00082,High,High,0.8661615102783514,0.04422486626909189,True,,False,,,0.49,7.420000474667177e-05,0,0.0,0.0,0.0,347032,False,False,rejected,Synthetic reviewer rejected because the outage scope and recovery evidence need clarification.,False,True,False,5.007420000474667,0.0,0,83,synthetic-eval-v1
46,A0,"Rule-based, single process",TCK-00083,Critical,Critical,0.8614985368397363,0.8614985368397363,True,,False,,,0.49,7.490001007681713e-05,0,0.0,0.0,0.0,351242,True,False,accepted,"Synthetic reviewer accepted after confirming incident impact, mitigation scope, and a rollback owner.",False,True,False,6.007490001007682,0.0,0,84,synthetic-eval-v1
46,A0,"Rule-based, single process",TCK-00084,Low,Low,0.8091607365461844,0.0654851266534436,True,TCK-00080,True,0.0,0.08333333333333333,0.49,7.600001117680222e-05,0,0.0,0.0,0.0,355536,False,False,not_required,,False,True,False,7.00760000111768,0.0,0,,synthetic-eval-v1
46,A0,"Rule-based, single process",TCK-00085,Medium,Medium,0.8700445019165345,0.043895861937446636,True,,False,,,0.49,0.00010019999899668619,0,0.0,0.0,0.015625,359634,False,False,not_required,,False,True,False,8.010019999899669,0.0,0,,synthetic-eval-v1
46,A0,"Rule-based, single process",TCK-00086,High,High,0.834644043013792,0.049820408533366535,True,,False,,,0.49,0.00022369999351212755,0,0.0,0.0,0.0,364426,False,False,rejected,Synthetic reviewer rejected because the outage scope and recovery evidence need clarification.,False,True,False,9.022369999351213,0.0,0,87,synthetic-eval-v1
46,A0,"Rule-based, single process",TCK-00087,Critical,Critical,0.8348053351456487,0.8348053351456487,True,,False,,,0.49,9.270000009564683e-05,0,0.0,0.0,0.0,368636,True,False,accepted,"Synthetic reviewer accepted after confirming incident impact, mitigation scope, and a rollback owner.",False,True,False,10.009270000009565,0.0,0,88,synthetic-eval-v1
46,A0,"Rule-based, single process",TCK-00088,Low,Low,0.8408696042517881,0.04905655365062036,True,,False,,,0.49,7.550000009359792e-05,0,0.0,0.0,0.0,372812,False,False,not_required,,False,True,False,0.05,0.0,0,,synthetic-eval-v1
46,A0,"Rule-based, single process",TCK-00089,Medium,Medium,0.8264679837121579,0.05553037050326487,True,,False,,,0.49,0.000264599992078729,0,0.0,0.0,0.0,376996,False,False,not_required,,False,True,False,1.026459999207873,0.0,0,,synthetic-eval-v1
46,A0,"Rule-based, single process",TCK-00090,High,High,0.8262071721591157,0.05444781309862936,True,,False,,,0.49,9.690000297268853e-05,0,0.0,0.0,0.0,381172,False,False,rejected,Synthetic reviewer rejected because the outage scope and recovery evidence need clarification.,False,True,False,2.009690000297269,0.0,1,91,synthetic-eval-v1
46,A0,"Rule-based, single process",TCK-00091,Critical,Critical,0.7996564731295592,0.7996564731295592,True,TCK-00087,True,0.0,0.08333333333333333,0.49,0.00021540001034736633,0,0.0,0.0,0.0,385498,False,False,rejected,Synthetic reviewer rejected because impact evidence or the safe mitigation and rollback plan was incomplete.,False,False,False,3.0215400010347366,0.0,0,92,synthetic-eval-v1
46,A0,"Rule-based, single process",TCK-00092,Low,Low,0.8634000023291151,0.045279996110200706,True,,False,,,0.49,0.00023929998133098707,0,0.0,0.0,0.0,389562,False,False,not_required,,False,True,False,4.023929998133099,0.0,0,,synthetic-eval-v1
46,A0,"Rule-based, single process",TCK-00093,Medium,Medium,0.8700445019165345,0.043895861937446636,True,,False,,,0.49,9.100000897888094e-05,0,0.0,0.0,0.0,393938,True,False,not_required,,False,True,False,5.009100000897888,0.0,0,,synthetic-eval-v1
46,A0,"Rule-based, single process",TCK-00094,High,High,0.8661615102783514,0.04422486626909189,True,,False,,,0.49,0.00011330000415910035,0,0.0,0.0,0.0,398242,False,False,rejected,Synthetic reviewer rejected because the outage scope and recovery evidence need clarification.,False,True,False,6.01133000041591,0.0,0,95,synthetic-eval-v1
46,A0,"Rule-based, single process",TCK-00095,Critical,Critical,0.8614985368397363,0.8614985368397363,True,,False,,,0.49,7.950000872369856e-05,0,0.0,0.0,0.0,402450,True,False,accepted,"Synthetic reviewer accepted after confirming incident impact, mitigation scope, and a rollback owner.",False,True,False,7.00795000087237,0.0,0,96,synthetic-eval-v1
46,A0,"Rule-based, single process",TCK-00096,Low,Low,0.8492468874965522,0.04801674220422122,True,,False,,,0.49,0.00010170000314246863,0,0.0,0.0,0.0,406626,True,False,not_required,,False,True,False,8.010170000314247,0.0,0,,synthetic-eval-v1
46,A0,"Rule-based, single process",TCK-00097,Medium,Medium,0.8501519995884195,0.04596870424677121,True,,False,,,0.49,8.630000957055017e-05,0,0.0,0.0,0.0,410834,False,False,not_required,,False,True,False,9.008630000957055,0.0,0,,synthetic-eval-v1
46,A0,"Rule-based, single process",TCK-00098,High,High,0.7998965500049211,0.06998085357517113,True,TCK-00094,True,0.0,0.07692307692307693,0.49,8.529999468009919e-05,0,0.0,0.0,0.0,415768,False,False,rejected,Synthetic reviewer rejected because the outage scope and recovery evidence need clarification.,False,True,False,10.00852999946801,0.0,0,99,synthetic-eval-v1
46,A0,"Rule-based, single process",TCK-00099,Critical,Critical,0.8614985368397363,0.8614985368397363,True,,False,,,0.49,8.53999808896333e-05,0,0.0,0.0,0.0,419866,True,False,accepted,"Synthetic reviewer accepted after confirming incident impact, mitigation scope, and a rollback owner.",False,True,False,0.05,0.0,0,100,synthetic-eval-v1
46,A1,Single agent,TCK-00000,Low,Low,0.8482234449857645,0.04635820819879957,False,,False,,,0.75,0.00023299999156733975,1778,6.0,168.0,0.0,4347,False,False,not_required,,False,True,False,0.05,0.0,0,,synthetic-eval-v1
46,A1,Single agent,TCK-00001,Medium,Medium,0.84353363324816,0.050654057314168166,False,,False,,,0.75,0.0002448000086587854,1778,6.0,180.0,0.0,8867,False,False,not_required,,False,True,False,1.0244800008658785,0.0,0,,synthetic-eval-v1
46,A1,Single agent,TCK-00002,High,High,0.8661615102783514,0.04422486626909189,False,,False,,,0.75,0.00022760000138077885,1778,6.0,168.0,0.0,13258,False,False,rejected,Synthetic reviewer rejected because the outage scope and recovery evidence need clarification.,False,True,False,2.022760000138078,0.0,0,36,synthetic-eval-v1
46,A1,Single agent,TCK-00003,Critical,Critical,0.8543667880794574,0.8543667880794574,False,,False,,,0.75,0.00010679999832063913,1778,6.0,180.0,0.0,17571,True,False,accepted,"Synthetic reviewer accepted after confirming incident impact, mitigation scope, and a rollback owner.",False,True,False,3.010679999832064,0.0,0,11,synthetic-eval-v1
46,A1,Single agent,TCK-00004,Low,Low,0.856568503669108,0.05087473162759542,False,,False,,,0.75,9.830000635702163e-05,1778,6.0,168.0,0.0,21931,False,False,not_required,,False,True,False,4.009830000635702,0.0,0,,synthetic-eval-v1
46,A1,Single agent,TCK-00005,Medium,Medium,0.853541645514456,0.04898284864133881,False,,False,,,0.75,0.0001075000109267421,1778,6.0,180.0,0.0,26435,False,False,not_required,,False,True,False,5.010750001092674,0.0,0,,synthetic-eval-v1
46,A1,Single agent,TCK-00006,High,High,0.8508559414272101,0.04910688663813218,False,,False,,,0.75,0.00018569999519968405,1778,6.0,168.0,0.0,31267,False,False,rejected,Synthetic reviewer rejected because the outage scope and recovery evidence need clarification.,False,True,False,6.018569999519968,0.0,0,44,synthetic-eval-v1
46,A1,Single agent,TCK-00007,Critical,Critical,0.8167345779653016,0.8167345779653016,False,TCK-00003,True,1.0,1.0,0.75,0.00012909999350085855,1778,6.0,264.0,0.0,36078,True,False,accepted,"Synthetic reviewer accepted after confirming incident impact, mitigation scope, and a rollback owner.",False,True,False,7.012909999350086,0.0,0,38,synthetic-eval-v1
46,A1,Single agent,TCK-00008,Low,Low,0.8545967780166451,0.04798112850324567,False,,False,,,0.75,0.00012230000720592216,1778,6.0,168.0,0.0,40843,False,False,not_required,,False,True,False,8.012230000720592,0.0,0,,synthetic-eval-v1
46,A1,Single agent,TCK-00009,Medium,Medium,0.8270528441562234,0.05253223017970531,False,,False,,,0.75,0.00011339999764459208,1778,6.0,180.0,0.0,45644,False,False,not_required,,False,True,False,9.01133999976446,0.0,1,,synthetic-eval-v1
46,A1,Single agent,TCK-00010,High,High,0.8457772958707395,0.05037847092950124,False,,False,,,0.75,0.00011689999519148842,1778,6.0,168.0,0.0,50556,False,False,rejected,Synthetic reviewer rejected because the outage scope and recovery evidence need clarification.,False,True,False,10.011689999519149,0.0,0,16,synthetic-eval-v1
46,A1,Single agent,TCK-00011,Critical,Critical,0.8309272875207836,0.8309272875207836,False,,False,,,0.75,0.00011339999764459208,1778,6.0,180.0,0.0,55324,True,False,accepted,"Synthetic reviewer accepted after confirming incident impact, mitigation scope, and a rollback owner.",False,False,True,0.05,1.75,0,12,synthetic-eval-v1
46,A1,Single agent,TCK-00012,Low,Low,0.8468972313879138,0.048967735316296196,False,,False,,,0.75,0.00014379999629454687,1778,6.0,168.0,0.0,60203,False,False,not_required,,False,True,False,1.0143799996294547,0.0,0,,synthetic-eval-v1
46,A1,Single agent,TCK-00013,Medium,Medium,0.8700445019165345,0.043895861937446636,False,,False,,,0.75,0.00013120000949129462,1778,6.0,180.0,0.0,64970,False,False,not_required,,False,True,False,2.0131200009491295,0.0,0,,synthetic-eval-v1
46,A1,Single agent,TCK-00014,High,High,0.7969339283098686,0.06896291601444718,False,TCK-00010,True,1.0,1.0,0.75,0.00012140001490479335,1778,6.0,258.0,0.0,69682,False,False,rejected,Synthetic reviewer rejected because the outage scope and recovery evidence need clarification.,False,True,False,3.0121400014904793,0.0,0,35,synthetic-eval-v1
46,A1,Single agent,TCK-00015,Critical,Critical,0.8614985368397363,0.8614985368397363,False,,False,,,0.75,0.00011469999299151823,1778,6.0,180.0,0.0,74178,True,False,accepted,"Synthetic reviewer accepted after confirming incident impact, mitigation scope, and a rollback owner.",False,True,False,4.011469999299152,0.0,0,26,synthetic-eval-v1
46,A1,Single agent,TCK-00016,Low,Low,0.8545970304206004,0.047980951811589394,False,,False,,,0.75,0.00011660001473501325,1778,6.0,168.0,0.0,78651,False,False,not_required,,False,True,False,5.011660001473501,0.0,0,,synthetic-eval-v1
46,A1,Single agent,TCK-00017,Medium,Medium,0.8614730678365828,0.04630380218458768,False,,False,,,0.75,0.00011860000813612714,1778,6.0,180.0,0.0,83163,False,False,not_required,,False,True,False,6.011860000813613,0.0,0,,synthetic-eval-v1
46,A1,Single agent,TCK-00018,High,High,0.8661615102783514,0.04422486626909189,False,,False,,,0.75,0.0001975999985006638,1778,6.0,168.0,0.0,87818,False,False,rejected,Synthetic reviewer rejected because the outage scope and recovery evidence need clarification.,False,True,False,7.019759999850066,0.0,0,31,synthetic-eval-v1
46,A1,Single agent,TCK-00019,Critical,Critical,0.8614985368397363,0.8614985368397363,False,,False,,,0.75,0.00018360000103712082,1778,6.0,180.0,0.0,92266,False,False,rejected,Synthetic reviewer rejected because impact evidence or the safe mitigation and rollback plan was incomplete.,False,False,False,8.018360000103712,0.0,1,47,synthetic-eval-v1
46,A1,Single agent,TCK-00020,Low,Low,0.8545966893787708,0.04798118625668901,False,,False,,,0.75,0.00014430000737775117,1778,6.0,168.0,0.0,96699,False,False,not_required,,False,True,False,9.014430000737775,0.0,0,,synthetic-eval-v1
46,A1,Single agent,TCK-00021,Medium,Medium,0.8045434535964713,0.06687921977688248,False,TCK-00017,True,1.0,1.0,0.75,0.00011469999299151823,1778,6.0,270.0,0.0,101400,False,False,not_required,,False,True,False,10.011469999299152,0.0,0,,synthetic-eval-v1
46,A1,Single agent,TCK-00022,High,High,0.832163289522143,0.05164682663598593,False,,False,,,0.75,0.00012289998994674534,1778,6.0,168.0,0.0,105748,False,False,rejected,Synthetic reviewer rejected because the outage scope and recovery evidence need clarification.,False,True,False,0.05,0.0,0,3,synthetic-eval-v1
46,A1,Single agent,TCK-00023,Critical,Critical,0.8287283519030287,0.8287283519030287,False,,False,,,0.75,0.0001325000121141784,1778,6.0,180.0,0.0,110236,True,False,accepted,"Synthetic reviewer accepted after confirming incident impact, mitigation scope, and a rollback owner.",False,True,False,1.0132500012114178,0.0,0,5,synthetic-eval-v1
46,A1,Single agent,TCK-00024,Low,Low,0.8406472767686015,0.05164244291160753,False,,False,,,0.75,0.00011770000855904073,1778,6.0,168.0,0.0,114836,False,False,not_required,,False,True,False,2.011770000855904,0.0,0,,synthetic-eval-v1
46,A1,Single agent,TCK-00025,Medium,Medium,0.8286077325896574,0.055438351728877004,False,,False,,,0.75,0.0001171000039903447,1778,6.0,180.0,0.0,119348,False,False,not_required,,False,True,False,3.0117100003990345,0.0,0,,synthetic-eval-v1
46,A1,Single agent,TCK-00026,High,High,0.8421531889636729,0.04921166581671809,False,,False,,,0.75,0.0008433000039076433,1778,6.0,168.0,0.0,123843,False,False,rejected,Synthetic reviewer rejected because the outage scope and recovery evidence need clarification.,False,True,False,4.084330000390764,0.0,0,6,synthetic-eval-v1
46,A1,Single agent,TCK-00027,Critical,Critical,0.8496938033181468,0.8496938033181468,False,,False,,,0.75,0.0002534999803174287,1778,6.0,180.0,0.0,128291,True,False,accepted,"Synthetic reviewer accepted after confirming incident impact, mitigation scope, and a rollback owner.",False,True,False,5.025349998031743,0.0,0,20,synthetic-eval-v1
46,A1,Single agent,TCK-00028,Low,Low,0.7925099178916053,0.06961005036871981,False,TCK-00024,True,1.0,1.0,0.75,0.00013330000365385786,1778,6.0,258.0,0.0,133034,False,False,not_required,,False,True,False,6.013330000365386,0.0,0,,synthetic-eval-v1
46,A1,Single agent,TCK-00029,Medium,Medium,0.8517667899380256,0.049363464880986176,False,,False,,,0.75,0.00014509999164147303,1778,6.0,180.0,0.0,137403,False,False,not_required,,False,True,False,7.014509999164147,0.0,1,,synthetic-eval-v1
46,A1,Single agent,TCK-00030,High,High,0.8501753063417473,0.049300123513243865,False,,False,,,0.75,0.00012660000356845558,1778,6.0,168.0,0.0,141875,False,False,rejected,Synthetic reviewer rejected because the outage scope and recovery evidence need clarification.,False,True,False,8.012660000356846,0.0,0,1,synthetic-eval-v1
46,A1,Single agent,TCK-00031,Critical,Critical,0.855511843100157,0.855511843100157,False,,False,,,0.75,0.0001221000129589811,1778,6.0,180.0,0.0,146323,True,False,accepted,"Synthetic reviewer accepted after confirming incident impact, mitigation scope, and a rollback owner.",False,False,True,9.012210001295898,0.75,0,42,synthetic-eval-v1
46,A1,Single agent,TCK-00032,Low,Low,0.8534654536658551,0.04836094585691989,False,,False,,,0.75,0.00019950000569224358,1778,6.0,168.0,0.0,150755,False,False,not_required,,False,True,False,10.019950000569224,0.0,0,,synthetic-eval-v1
46,A1,Single agent,TCK-00033,Medium,Medium,0.853769538500693,0.0491245984364829,False,,False,,,0.75,0.00014139999984763563,1778,6.0,180.0,0.0,155547,False,False,not_required,,False,True,False,0.05,0.0,0,,synthetic-eval-v1
46,A1,Single agent,TCK-00034,High,High,0.8446967764158658,0.049834283626065234,False,,False,,,0.75,0.00015419999544974416,1778,6.0,168.0,0.0,160043,False,False,rejected,Synthetic reviewer rejected because the outage scope and recovery evidence need clarification.,False,True,False,1.0154199995449744,0.0,0,14,synthetic-eval-v1
46,A1,Single agent,TCK-00035,Critical,Critical,0.8155346066194998,0.8155346066194998,False,TCK-00031,True,1.0,0.5,0.75,0.0002558999985922128,1778,6.0,270.0,0.0,164560,True,False,accepted,"Synthetic reviewer accepted after confirming incident impact, mitigation scope, and a rollback owner.",False,True,False,2.0255899998592213,0.0,0,39,synthetic-eval-v1
46,A1,Single agent,TCK-00036,Low,Low,0.8310971466594991,0.052694967703809374,False,,False,,,0.75,0.0002147000122931786,1778,6.0,168.0,0.0,168908,False,False,not_required,,False,True,False,3.021470001229318,0.0,0,,synthetic-eval-v1
46,A1,Single agent,TCK-00037,Medium,Medium,0.8299994813591812,0.05532353705794676,False,,False,,,0.75,0.00031609999132342637,1778,6.0,180.0,0.0,173396,False,False,not_required,,False,True,False,4.031609999132343,0.0,0,,synthetic-eval-v1
46,A1,Single agent,TCK-00038,High,High,0.8344314830146645,0.05181527520766344,False,,False,,,0.75,0.0005227000001468696,1778,6.0,168.0,0.0,178116,False,False,rejected,Synthetic reviewer rejected because the outage scope and recovery evidence need clarification.,False,False,True,5.052270000014687,1.0,0,46,synthetic-eval-v1
46,A1,Single agent,TCK-00039,Critical,Critical,0.8406125180790601,0.8406125180790601,False,,False,,,0.75,0.00029709999944316223,1778,6.0,180.0,0.0,182563,True,False,accepted,"Synthetic reviewer accepted after confirming incident impact, mitigation scope, and a rollback owner.",False,True,False,6.029709999944316,0.0,1,8,synthetic-eval-v1
46,A1,Single agent,TCK-00040,Low,Low,0.8534656054141627,0.0483609484457426,False,,False,,,0.75,0.0002590000003692694,1778,6.0,168.0,0.0,187019,False,False,not_required,,False,True,False,7.025900000036927,0.0,0,,synthetic-eval-v1
46,A1,Single agent,TCK-00041,Medium,Medium,0.853769731403906,0.049124568932442415,False,,False,,,0.75,0.0001714000100037083,1778,6.0,180.0,0.015625,191563,False,False,not_required,,False,True,False,8.01714000100037,0.0,0,,synthetic-eval-v1
46,A1,Single agent,TCK-00042,High,High,0.7891166771925503,0.0690577738541247,False,TCK-00038,True,1.0,1.0,0.75,0.00015020000137155876,1778,6.0,258.0,0.0,196178,False,False,rejected,Synthetic reviewer rejected because the outage scope and recovery evidence need clarification.,False,True,False,9.015020000137156,0.0,0,25,synthetic-eval-v1
46,A1,Single agent,TCK-00043,Critical,Critical,0.8496932443765096,0.8496932443765096,False,,False,,,0.75,0.0001596000001882203,1778,6.0,180.0,0.0,200547,True,False,accepted,"Synthetic reviewer accepted after confirming incident impact, mitigation scope, and a rollback owner.",False,True,False,10.015960000018822,0.0,0,19,synthetic-eval-v1
46,A1,Single agent,TCK-00044,Low,Low,0.8534654542558432,0.04836105665082029,False,,False,,,0.75,0.00019159998919349164,1778,6.0,168.0,0.0,205339,False,False,not_required,,False,True,False,0.05,0.0,0,,synthetic-eval-v1
46,A1,Single agent,TCK-00045,Medium,Medium,0.8522546131260936,0.049160568859839104,False,,False,,,0.75,0.00017400000797351822,1778,6.0,180.0,0.0,209787,True,False,not_required,,False,True,False,1.0174000007973518,0.0,0,,synthetic-eval-v1
46,A1,Single agent,TCK-00046,High,High,0.8447964747304909,0.049492949734678326,False,,False,,,0.75,0.00020980000408599153,1778,6.0,168.0,0.015625,214195,False,False,rejected,Synthetic reviewer rejected because the outage scope and recovery evidence need clarification.,False,False,True,2.020980000408599,1.5,0,10,synthetic-eval-v1
46,A1,Single agent,TCK-00047,Critical,Critical,0.8486841330229337,0.8486841330229337,False,,False,,,0.75,0.0002897000013035722,1778,6.0,180.0,0.0,218643,False,False,rejected,Synthetic reviewer rejected because impact evidence or the safe mitigation and rollback plan was incomplete.,False,False,False,3.028970000130357,0.0,0,15,synthetic-eval-v1
46,A1,Single agent,TCK-00048,Low,Low,0.8316153945348222,0.051044634339732935,False,,False,,,0.75,0.0003530999892973341,1778,6.0,168.0,0.0,223100,False,False,not_required,,False,True,False,4.035309998929733,0.0,0,,synthetic-eval-v1
46,A1,Single agent,TCK-00049,Medium,Medium,0.7992882738074131,0.06843446383682876,False,TCK-00045,True,1.0,0.5,0.75,0.00014830000145593658,1778,6.0,270.0,0.0,227640,False,False,not_required,,False,True,False,5.014830000145594,0.0,1,,synthetic-eval-v1
46,A1,Single agent,TCK-00050,High,High,0.8320032026204665,0.05396689796580815,False,,False,,,0.75,0.00027740000223275274,1778,6.0,168.0,0.0,231988,False,False,rejected,Synthetic reviewer rejected because the outage scope and recovery evidence need clarification.,False,True,False,6.027740000223275,0.0,0,40,synthetic-eval-v1
46,A1,Single agent,TCK-00051,Critical,Critical,0.8316131073271507,0.8316131073271507,False,,False,,,0.75,0.0014715000070282258,1778,6.0,180.0,0.0,236780,True,False,accepted,"Synthetic reviewer accepted after confirming incident impact, mitigation scope, and a rollback owner.",False,True,False,7.147150000702823,0.0,0,41,synthetic-eval-v1
46,A1,Single agent,TCK-00052,Low,Low,0.8513498226748383,0.047864868130690325,False,,False,,,0.75,0.00013570000737672672,1778,6.0,168.0,0.0,241163,False,False,not_required,,False,True,False,8.013570000737673,0.0,0,,synthetic-eval-v1
46,A1,Single agent,TCK-00053,Medium,Medium,0.8538065521375265,0.048922633461402965,False,,False,,,0.75,0.0001598999951966107,1778,6.0,180.0,0.0,245659,False,False,not_required,,False,True,False,9.015989999519661,0.0,0,,synthetic-eval-v1
46,A1,Single agent,TCK-00054,High,High,0.8446967764158658,0.049834283626065234,False,,False,,,0.75,0.00014819999341852963,1778,6.0,168.0,0.0,250139,False,False,rejected,Synthetic reviewer rejected because the outage scope and recovery evidence need clarification.,False,True,False,10.014819999341853,0.0,0,24,synthetic-eval-v1
46,A1,Single agent,TCK-00055,Critical,Critical,0.8441228612426679,0.8441228612426679,False,,False,,,0.75,0.00018659998750081286,1778,6.0,180.0,0.0,254539,True,False,accepted,"Synthetic reviewer accepted after confirming incident impact, mitigation scope, and a rollback owner.",False,True,False,0.05,0.0,0,27,synthetic-eval-v1
46,A1,Single agent,TCK-00056,Low,Low,0.7930335785256949,0.06829192402168204,False,TCK-00052,True,1.0,1.0,0.75,0.00014959999680286273,1778,6.0,258.0,0.0,258984,False,False,not_required,,False,True,False,1.0149599996802863,0.0,0,,synthetic-eval-v1
46,A1,Single agent,TCK-00057,Medium,Medium,0.8538065295969451,0.04892261547949405,False,,False,,,0.75,0.00016969999705906957,1778,6.0,180.0,0.0,263307,False,False,not_required,,False,True,False,2.016969999705907,0.0,0,,synthetic-eval-v1
46,A1,Single agent,TCK-00058,High,High,0.8527671080590582,0.04801123558412027,False,,False,,,0.75,0.00014749999536434188,1778,6.0,168.0,0.0,268115,False,False,rejected,Synthetic reviewer rejected because the outage scope and recovery evidence need clarification.,False,True,False,3.014749999536434,0.0,0,7,synthetic-eval-v1
46,A1,Single agent,TCK-00059,Critical,Critical,0.8614985368397363,0.8614985368397363,False,,False,,,0.75,0.00013409999519353732,1778,6.0,180.0,0.0,272514,True,False,accepted,"Synthetic reviewer accepted after confirming incident impact, mitigation scope, and a rollback owner.",False,True,False,4.013409999519354,0.0,1,34,synthetic-eval-v1
46,A1,Single agent,TCK-00060,Low,Low,0.8532235997442283,0.04824343910822312,False,,False,,,0.75,0.00025469999673077837,1778,6.0,168.0,0.0,276899,False,False,not_required,,False,True,False,5.025469999673078,0.0,0,,synthetic-eval-v1
46,A1,Single agent,TCK-00061,Medium,Medium,0.8337410539632448,0.052858670441475596,False,,False,,,0.75,0.00015050000365590677,1778,6.0,180.0,0.0,281300,True,False,not_required,,False,True,False,6.015050000365591,0.0,0,,synthetic-eval-v1
46,A1,Single agent,TCK-00062,High,High,0.8304327571580911,0.05786268937844961,False,,False,,,0.75,0.00014709999959450215,1778,6.0,168.0,0.0,285684,False,False,rejected,Synthetic reviewer rejected because the outage scope and recovery evidence need clarification.,False,True,False,7.01470999995945,0.0,0,28,synthetic-eval-v1
46,A1,Single agent,TCK-00063,Critical,Critical,0.8165488166645684,0.8165488166645684,False,TCK-00059,True,1.0,0.5,0.75,0.00012870001228293404,1778,6.0,264.0,0.0,290174,True,False,accepted,"Synthetic reviewer accepted after confirming incident impact, mitigation scope, and a rollback owner.",False,True,False,8.012870001228293,0.0,0,50,synthetic-eval-v1
46,A1,Single agent,TCK-00064,Low,Low,0.8266939970642762,0.05430130513102546,False,,False,,,0.75,0.00014260000898502767,1778,6.0,168.0,0.0,294476,False,False,not_required,,False,True,False,9.014260000898503,0.0,0,,synthetic-eval-v1
46,A1,Single agent,TCK-00065,Medium,Medium,0.8538064758930588,0.04892267130013165,False,,False,,,0.75,0.00013740000576945022,1778,6.0,180.0,0.0,299011,False,False,not_required,,False,True,False,10.013740000576945,0.0,0,,synthetic-eval-v1
46,A1,Single agent,TCK-00066,High,High,0.8518842907067153,0.04880458923971883,False,,False,,,0.75,0.0001669000121182762,1778,6.0,168.0,0.015625,303939,False,False,rejected,Synthetic reviewer rejected because the outage scope and recovery evidence need clarification.,False,True,False,0.05,0.0,0,22,synthetic-eval-v1
46,A1,Single agent,TCK-00067,Critical,Critical,0.8486843654365014,0.8486843654365014,False,,False,,,0.75,0.0001373000122839585,1778,6.0,180.0,0.0,308315,True,False,accepted,"Synthetic reviewer accepted after confirming incident impact, mitigation scope, and a rollback owner.",False,True,False,1.0137300012283958,0.0,0,4,synthetic-eval-v1
46,A1,Single agent,TCK-00068,Low,Low,0.854258057886768,0.047131838605735825,False,,False,,,0.75,0.00016119999781949446,1778,6.0,168.0,0.0,312699,False,False,not_required,,False,True,False,2.0161199997819494,0.0,0,,synthetic-eval-v1
46,A1,Single agent,TCK-00069,Medium,Medium,0.8538065161167635,0.04892267246577186,False,,False,,,0.75,0.0002825999981723726,1778,6.0,180.0,0.0,317099,False,False,not_required,,False,True,False,3.0282599998172373,0.0,1,,synthetic-eval-v1
46,A1,Single agent,TCK-00070,High,High,0.7921435330117285,0.07241290617925228,True,TCK-00066,True,1.0,0.3333333333333333,0.75,0.000764199998229742,1778,6.0,258.0,0.0,321568,False,False,rejected,Synthetic reviewer rejected because the outage scope and recovery evidence need clarification.,False,False,True,4.076419999822974,1.5,0,48,synthetic-eval-v1
46,A1,Single agent,TCK-00071,Critical,Critical,0.8614985368397363,0.8614985368397363,True,,False,,,0.75,0.00014519999240292236,1778,6.0,180.0,0.0,325891,True,False,accepted,"Synthetic reviewer accepted after confirming incident impact, mitigation scope, and a rollback owner.",False,True,False,5.014519999240292,0.0,0,29,synthetic-eval-v1
46,A1,Single agent,TCK-00072,Low,Low,0.837440932661034,0.04873219350630406,True,,False,,,0.75,0.00015470001380890608,1778,6.0,168.0,0.0,330339,False,False,not_required,,False,True,False,6.015470001380891,0.0,0,,synthetic-eval-v1
46,A1,Single agent,TCK-00073,Medium,Medium,0.8501519995884195,0.04596870424677121,True,,False,,,0.75,0.00013659999967785552,1778,6.0,180.0,0.0,334739,False,False,not_required,,False,True,False,7.0136599999677856,0.0,0,,synthetic-eval-v1
46,A1,Single agent,TCK-00074,High,High,0.8412552305611231,0.04800530164668262,True,,False,,,0.75,0.00023470000451197848,1778,6.0,168.0,0.0,339124,False,False,rejected,Synthetic reviewer rejected because the outage scope and recovery evidence need clarification.,False,True,False,8.023470000451198,0.0,0,30,synthetic-eval-v1
46,A1,Single agent,TCK-00075,Critical,Critical,0.8369486015966192,0.8369486015966192,True,,False,,,0.75,0.00016789999790489674,1778,6.0,180.0,0.0,343524,True,False,accepted,"Synthetic reviewer accepted after confirming incident impact, mitigation scope, and a rollback owner.",False,True,False,9.01678999979049,0.0,0,2,synthetic-eval-v1
46,A1,Single agent,TCK-00076,Low,Low,0.8303124817300563,0.053708411875027375,True,,False,,,0.75,0.00013810001109959558,1778,6.0,168.0,0.0,348420,False,False,not_required,,False,True,False,10.01381000110996,0.0,0,,synthetic-eval-v1
46,A1,Single agent,TCK-00077,Medium,Medium,0.7796390573042148,0.06921084690068266,True,TCK-00073,True,1.0,0.5,0.75,0.0001475999888498336,1778,6.0,270.0,0.0,353040,False,False,not_required,,False,True,False,0.05,0.0,0,,synthetic-eval-v1
46,A1,Single agent,TCK-00078,High,High,0.8421531889636729,0.04921166581671809,True,,False,,,0.75,0.000160400006279815,1778,6.0,168.0,0.0,357467,False,False,rejected,Synthetic reviewer rejected because the outage scope and recovery evidence need clarification.,False,True,False,1.0160400006279815,0.0,0,18,synthetic-eval-v1
46,A1,Single agent,TCK-00079,Critical,Critical,0.855511843100157,0.855511843100157,True,,False,,,0.75,0.0001560999808134511,1778,6.0,180.0,0.0,361883,True,False,accepted,"Synthetic reviewer accepted after confirming incident impact, mitigation scope, and a rollback owner.",False,True,False,2.015609998081345,0.0,1,9,synthetic-eval-v1
46,A1,Single agent,TCK-00080,Low,Low,0.8702263442054318,0.04292237632388488,True,,False,,,0.75,0.0001483999876654707,1778,6.0,168.0,0.0,366267,True,False,not_required,,False,True,False,3.014839998766547,0.0,0,,synthetic-eval-v1
46,A1,Single agent,TCK-00081,Medium,Medium,0.8479736046542982,0.04944697291524253,True,,False,,,0.75,0.00012770001194439828,1778,6.0,180.0,0.0,370667,True,False,not_required,,False,True,False,4.01277000119444,0.0,0,,synthetic-eval-v1
46,A1,Single agent,TCK-00082,High,High,0.8661615102783514,0.04422486626909189,True,,False,,,0.75,0.00013979999494040385,1778,6.0,168.0,0.0,375050,False,False,rejected,Synthetic reviewer rejected because the outage scope and recovery evidence need clarification.,False,True,False,5.01397999949404,0.0,0,17,synthetic-eval-v1
46,A1,Single agent,TCK-00083,Critical,Critical,0.8614985368397363,0.8614985368397363,True,,False,,,0.75,0.0001250999848707579,1778,6.0,180.0,0.0,379451,True,False,accepted,"Synthetic reviewer accepted after confirming incident impact, mitigation scope, and a rollback owner.",False,True,False,6.012509998487076,0.0,0,32,synthetic-eval-v1
46,A1,Single agent,TCK-00084,Low,Low,0.8091607365461844,0.0654851266534436,True,TCK-00080,True,1.0,0.5,0.75,0.00013729999773204327,1778,6.0,258.0,0.0,383920,False,False,not_required,,False,True,False,7.013729999773204,0.0,0,,synthetic-eval-v1
46,A1,Single agent,TCK-00085,Medium,Medium,0.8700445019165345,0.043895861937446636,True,,False,,,0.75,0.00012460000289138407,1778,6.0,180.0,0.0,388243,True,False,not_required,,False,True,False,8.012460000289138,0.0,0,,synthetic-eval-v1
46,A1,Single agent,TCK-00086,High,High,0.834644043013792,0.049820408533366535,True,,False,,,0.75,0.0001388999808114022,1778,6.0,168.0,0.0,393243,False,False,rejected,Synthetic reviewer rejected because the outage scope and recovery evidence need clarification.,False,True,False,9.01388999808114,0.0,0,13,synthetic-eval-v1
46,A1,Single agent,TCK-00087,Critical,Critical,0.8348053351456487,0.8348053351456487,True,,False,,,0.75,0.00020440000662347302,1778,6.0,180.0,0.0,397644,True,False,accepted,"Synthetic reviewer accepted after confirming incident impact, mitigation scope, and a rollback owner.",False,True,False,10.020440000662347,0.0,0,23,synthetic-eval-v1
46,A1,Single agent,TCK-00088,Low,Low,0.8408696042517881,0.04905655365062036,True,,False,,,0.75,0.00011950000043725595,1778,6.0,168.0,0.0,402028,False,False,not_required,,False,True,False,0.05,0.0,0,,synthetic-eval-v1
46,A1,Single agent,TCK-00089,Medium,Medium,0.8264679837121579,0.05553037050326487,True,,False,,,0.75,0.00013619999663205817,1778,6.0,180.0,0.0,406404,False,False,not_required,,False,True,False,1.0136199996632058,0.0,1,,synthetic-eval-v1
46,A1,Single agent,TCK-00090,High,High,0.8262071721591157,0.05444781309862936,True,,False,,,0.75,0.00013069999840809032,1778,6.0,168.0,0.0,410788,False,False,rejected,Synthetic reviewer rejected because the outage scope and recovery evidence need clarification.,False,True,False,2.013069999840809,0.0,0,33,synthetic-eval-v1
46,A1,Single agent,TCK-00091,Critical,Critical,0.7996564731295592,0.7996564731295592,True,TCK-00087,True,1.0,0.3333333333333333,0.75,0.00013630000466946512,1778,6.0,270.0,0.0,415282,True,False,accepted,"Synthetic reviewer accepted after confirming incident impact, mitigation scope, and a rollback owner.",False,True,False,3.0136300004669465,0.0,0,21,synthetic-eval-v1
46,A1,Single agent,TCK-00092,Low,Low,0.8634000023291151,0.045279996110200706,True,,False,,,0.75,0.00011980000272160396,1778,6.0,168.0,0.0,419579,False,False,not_required,,False,True,False,4.01198000027216,0.0,0,,synthetic-eval-v1
46,A1,Single agent,TCK-00093,Medium,Medium,0.8700445019165345,0.043895861937446636,True,,False,,,0.75,0.00013380000746110454,1778,6.0,180.0,0.0,424147,False,False,not_required,,False,True,False,5.0133800007461105,0.0,0,,synthetic-eval-v1
46,A1,Single agent,TCK-00094,High,High,0.8661615102783514,0.04422486626909189,True,,False,,,0.75,0.00014489999011857435,1778,6.0,168.0,0.0,428659,False,False,rejected,Synthetic reviewer rejected because the outage scope and recovery evidence need clarification.,False,True,False,6.014489999011857,0.0,0,43,synthetic-eval-v1
46,A1,Single agent,TCK-00095,Critical,Critical,0.8614985368397363,0.8614985368397363,True,,False,,,0.75,0.00011530000483617187,1778,6.0,180.0,0.0,433059,False,False,rejected,Synthetic reviewer rejected because impact evidence or the safe mitigation and rollback plan was incomplete.,False,False,False,7.011530000483617,0.0,0,45,synthetic-eval-v1
46,A1,Single agent,TCK-00096,Low,Low,0.8492468874965522,0.04801674220422122,True,,False,,,0.75,0.00012940001033712178,1778,6.0,168.0,0.0,437443,True,False,not_required,,False,True,False,8.012940001033712,0.0,0,,synthetic-eval-v1
46,A1,Single agent,TCK-00097,Medium,Medium,0.8501519995884195,0.04596870424677121,True,,False,,,0.75,0.00011640000593615696,1778,6.0,180.0,0.0,441843,False,False,not_required,,False,True,False,9.011640000593616,0.0,0,,synthetic-eval-v1
46,A1,Single agent,TCK-00098,High,High,0.7998965500049211,0.06998085357517113,True,TCK-00094,True,1.0,0.5,0.75,0.0001281000004382804,1778,6.0,258.0,0.0,446952,False,False,rejected,Synthetic reviewer rejected because the outage scope and recovery evidence need clarification.,False,True,False,10.012810000043828,0.0,0,49,synthetic-eval-v1
46,A1,Single agent,TCK-00099,Critical,Critical,0.8614985368397363,0.8614985368397363,True,,False,,,0.75,0.00011879999510711059,1778,6.0,180.0,0.0,451275,False,False,rejected,Synthetic reviewer rejected because impact evidence or the safe mitigation and rollback plan was incomplete.,False,False,False,0.05,0.0,1,37,synthetic-eval-v1
46,A2,Multi-agent with static agents,TCK-00000,Low,Low,0.8482234449857645,0.04635820819879957,False,,False,,,0.75,0.0001384999995934777,3556,12.0,168.0,0.0,4027,False,False,not_required,,False,True,False,0.05,0.0,0,,synthetic-eval-v1
46,A2,Multi-agent with static agents,TCK-00001,Medium,Medium,0.84353363324816,0.050654057314168166,False,,False,,,0.75,0.00011610000365180895,3556,12.0,180.0,0.0,8227,False,False,not_required,,False,True,False,1.011610000365181,0.0,0,,synthetic-eval-v1
46,A2,Multi-agent with static agents,TCK-00002,High,High,0.8661615102783514,0.04422486626909189,False,,False,,,0.75,0.00011629999789875001,3556,12.0,168.0,0.0,12298,False,False,rejected,Synthetic reviewer rejected because the outage scope and recovery evidence need clarification.,False,True,False,2.011629999789875,0.0,0,20,synthetic-eval-v1
46,A2,Multi-agent with static agents,TCK-00003,Critical,Critical,0.8543667880794574,0.8543667880794574,False,,False,,,0.75,0.0001784999985829927,3556,12.0,180.0,0.0,16291,True,False,accepted,"Synthetic reviewer accepted after confirming incident impact, mitigation scope, and a rollback owner.",False,True,False,3.0178499998582993,0.0,0,26,synthetic-eval-v1
46,A2,Multi-agent with static agents,TCK-00004,Low,Low,0.856568503669108,0.05087473162759542,False,,False,,,0.75,0.00011910000466741621,3556,12.0,168.0,0.0,20331,False,False,not_required,,False,True,False,4.011910000466742,0.0,0,,synthetic-eval-v1
46,A2,Multi-agent with static agents,TCK-00005,Medium,Medium,0.853541645514456,0.04898284864133881,False,,False,,,0.75,0.000122799989185296,3556,12.0,180.0,0.0,24515,False,False,not_required,,False,True,False,5.01227999891853,0.0,0,,synthetic-eval-v1
46,A2,Multi-agent with static agents,TCK-00006,High,High,0.8508559414272101,0.04910688663813218,False,,False,,,0.75,0.00013860000035492703,3556,12.0,168.0,0.0,29027,False,False,rejected,Synthetic reviewer rejected because the outage scope and recovery evidence need clarification.,False,True,False,6.013860000035493,0.0,0,10,synthetic-eval-v1
46,A2,Multi-agent with static agents,TCK-00007,Critical,Critical,0.8167345779653016,0.8167345779653016,False,TCK-00003,True,1.0,1.0,0.75,0.00014089999604038894,3556,12.0,264.0,0.0,33518,False,False,rejected,Synthetic reviewer rejected because impact evidence or the safe mitigation and rollback plan was incomplete.,False,False,False,7.014089999604039,0.0,0,17,synthetic-eval-v1
46,A2,Multi-agent with static agents,TCK-00008,Low,Low,0.8545967780166451,0.04798112850324567,False,,False,,,0.75,0.00018460000137565657,3556,12.0,168.0,0.0,37963,False,False,not_required,,False,True,False,8.018460000137566,0.0,1,,synthetic-eval-v1
46,A2,Multi-agent with static agents,TCK-00009,Medium,Medium,0.8270528441562234,0.05253223017970531,False,,False,,,0.75,0.00016459998732898384,3556,12.0,180.0,0.0,42444,False,False,not_required,,False,True,False,9.016459998732898,0.0,0,,synthetic-eval-v1
46,A2,Multi-agent with static agents,TCK-00010,High,High,0.8457772958707395,0.05037847092950124,False,,False,,,0.75,0.0001418999963789247,3556,12.0,168.0,0.0,47036,False,False,rejected,Synthetic reviewer rejected because the outage scope and recovery evidence need clarification.,False,True,False,10.014189999637892,0.0,0,11,synthetic-eval-v1
46,A2,Multi-agent with static agents,TCK-00011,Critical,Critical,0.8309272875207836,0.8309272875207836,False,,False,,,0.75,0.00014609998470405117,3556,12.0,180.0,0.0,51484,True,False,accepted,"Synthetic reviewer accepted after confirming incident impact, mitigation scope, and a rollback owner.",False,True,False,0.05,0.0,0,6,synthetic-eval-v1
46,A2,Multi-agent with static agents,TCK-00012,Low,Low,0.8468972313879138,0.048967735316296196,False,,False,,,0.75,0.0001508999994257465,3556,12.0,168.0,0.0,56043,False,False,not_required,,False,True,False,1.0150899999425747,0.0,0,,synthetic-eval-v1
46,A2,Multi-agent with static agents,TCK-00013,Medium,Medium,0.8700445019165345,0.043895861937446636,False,,False,,,0.75,0.00024270000722026452,3556,12.0,180.0,0.0,60466,False,False,not_required,,False,True,False,2.0242700007220265,0.0,0,,synthetic-eval-v1
46,A2,Multi-agent with static agents,TCK-00014,High,High,0.7969339283098686,0.06896291601444718,False,TCK-00010,True,1.0,1.0,0.75,0.00016820000746520236,3556,12.0,258.0,0.0,64986,False,False,rejected,Synthetic reviewer rejected because the outage scope and recovery evidence need clarification.,False,True,False,3.0168200007465202,0.0,0,34,synthetic-eval-v1
46,A2,Multi-agent with static agents,TCK-00015,Critical,Critical,0.8614985368397363,0.8614985368397363,False,,False,,,0.75,0.00019909999537048861,3556,12.0,180.0,0.0,69482,True,False,accepted,"Synthetic reviewer accepted after confirming incident impact, mitigation scope, and a rollback owner.",False,True,False,4.019909999537049,0.0,0,46,synthetic-eval-v1
46,A2,Multi-agent with static agents,TCK-00016,Low,Low,0.8545970304206004,0.047980951811589394,False,,False,,,0.75,0.0002584999892860651,3556,12.0,168.0,0.0,73955,False,False,not_required,,False,True,False,5.0258499989286065,0.0,0,,synthetic-eval-v1
46,A2,Multi-agent with static agents,TCK-00017,Medium,Medium,0.8614730678365828,0.04630380218458768,False,,False,,,0.75,0.00024249999842140824,3556,12.0,180.0,0.0,78467,False,False,not_required,,False,True,False,6.024249999842141,0.0,0,,synthetic-eval-v1
46,A2,Multi-agent with static agents,TCK-00018,High,High,0.8661615102783514,0.04422486626909189,False,,False,,,0.75,0.00015899999561952427,3556,12.0,168.0,0.0,83122,False,False,rejected,Synthetic reviewer rejected because the outage scope and recovery evidence need clarification.,False,True,False,7.015899999561952,0.0,1,42,synthetic-eval-v1
46,A2,Multi-agent with static agents,TCK-00019,Critical,Critical,0.8614985368397363,0.8614985368397363,False,,False,,,0.75,0.0002232000042567961,3556,12.0,180.0,0.0,87570,True,False,accepted,"Synthetic reviewer accepted after confirming incident impact, mitigation scope, and a rollback owner.",False,True,False,8.02232000042568,0.0,0,3,synthetic-eval-v1
46,A2,Multi-agent with static agents,TCK-00020,Low,Low,0.8545966893787708,0.04798118625668901,False,,False,,,0.75,0.00014669998199678957,3556,12.0,168.0,0.0,92003,False,False,not_required,,False,True,False,9.014669998199679,0.0,0,,synthetic-eval-v1
46,A2,Multi-agent with static agents,TCK-00021,Medium,Medium,0.8045434535964713,0.06687921977688248,False,TCK-00017,True,1.0,1.0,0.75,0.0001536999989184551,3556,12.0,270.0,0.0,96704,False,False,not_required,,False,True,False,10.015369999891846,0.0,0,,synthetic-eval-v1
46,A2,Multi-agent with static agents,TCK-00022,High,High,0.832163289522143,0.05164682663598593,False,,False,,,0.75,0.00015559999883407727,3556,12.0,168.0,0.0,101052,False,False,rejected,Synthetic reviewer rejected because the outage scope and recovery evidence need clarification.,False,True,False,0.05,0.0,0,30,synthetic-eval-v1
46,A2,Multi-agent with static agents,TCK-00023,Critical,Critical,0.8287283519030287,0.8287283519030287,False,,False,,,0.75,0.00019129999418510124,3556,12.0,180.0,0.0,105540,False,False,rejected,Synthetic reviewer rejected because impact evidence or the safe mitigation and rollback plan was incomplete.,False,False,False,1.0191299994185101,0.0,0,28,synthetic-eval-v1
46,A2,Multi-agent with static agents,TCK-00024,Low,Low,0.8406472767686015,0.05164244291160753,False,,False,,,0.75,0.00019529998826328665,3556,12.0,168.0,0.0,110140,True,False,not_required,,False,True,False,2.0195299988263287,0.0,0,,synthetic-eval-v1
46,A2,Multi-agent with static agents,TCK-00025,Medium,Medium,0.8286077325896574,0.055438351728877004,False,,False,,,0.75,0.00016159998631337658,3556,12.0,180.0,0.0,114652,True,False,not_required,,False,True,False,3.0161599986313377,0.0,0,,synthetic-eval-v1
46,A2,Multi-agent with static agents,TCK-00026,High,High,0.8421531889636729,0.04921166581671809,False,,False,,,0.75,0.0001630000042496249,3556,12.0,168.0,0.0,119147,False,False,rejected,Synthetic reviewer rejected because the outage scope and recovery evidence need clarification.,False,True,False,4.0163000004249625,0.0,0,18,synthetic-eval-v1
46,A2,Multi-agent with static agents,TCK-00027,Critical,Critical,0.8496938033181468,0.8496938033181468,False,,False,,,0.75,0.00014659999578725547,3556,12.0,180.0,0.0,123595,True,False,accepted,"Synthetic reviewer accepted after confirming incident impact, mitigation scope, and a rollback owner.",False,False,True,5.0146599995787255,1.25,0,19,synthetic-eval-v1
46,A2,Multi-agent with static agents,TCK-00028,Low,Low,0.7925099178916053,0.06961005036871981,False,TCK-00024,True,1.0,1.0,0.75,0.0001584000128787011,3556,12.0,258.0,0.0,128338,False,False,not_required,,False,True,False,6.01584000128787,0.0,1,,synthetic-eval-v1
46,A2,Multi-agent with static agents,TCK-00029,Medium,Medium,0.8517667899380256,0.049363464880986176,False,,False,,,0.75,0.00016599999798927456,3556,12.0,180.0,0.0,132731,False,False,not_required,,False,True,False,7.0165999997989275,0.0,0,,synthetic-eval-v1
46,A2,Multi-agent with static agents,TCK-00030,High,High,0.8501753063417473,0.049300123513243865,False,,False,,,0.75,0.00014240000018617138,3556,12.0,168.0,0.0,137203,False,False,rejected,Synthetic reviewer rejected because the outage scope and recovery evidence need clarification.,False,True,False,8.014240000018617,0.0,0,29,synthetic-eval-v1
46,A2,Multi-agent with static agents,TCK-00031,Critical,Critical,0.855511843100157,0.855511843100157,False,,False,,,0.75,0.00014399999781744555,3556,12.0,180.0,0.0,141651,True,False,accepted,"Synthetic reviewer accepted after confirming incident impact, mitigation scope, and a rollback owner.",False,True,False,9.014399999781745,0.0,0,33,synthetic-eval-v1
46,A2,Multi-agent with static agents,TCK-00032,Low,Low,0.8534654536658551,0.04836094585691989,False,,False,,,0.75,0.0001813000053516589,3556,12.0,168.0,0.0,146083,False,False,not_required,,False,True,False,10.018130000535166,0.0,0,,synthetic-eval-v1
46,A2,Multi-agent with static agents,TCK-00033,Medium,Medium,0.853769538500693,0.0491245984364829,False,,False,,,0.75,0.0001486000037402846,3556,12.0,180.0,0.0,150851,False,False,not_required,,False,True,False,0.05,0.0,0,,synthetic-eval-v1
46,A2,Multi-agent with static agents,TCK-00034,High,High,0.8446967764158658,0.049834283626065234,False,,False,,,0.75,0.00014280000323196873,3556,12.0,168.0,0.0,155347,False,False,rejected,Synthetic reviewer rejected because the outage scope and recovery evidence need clarification.,False,True,False,1.0142800003231969,0.0,0,41,synthetic-eval-v1
46,A2,Multi-agent with static agents,TCK-00035,Critical,Critical,0.8155346066194998,0.8155346066194998,False,TCK-00031,True,1.0,0.5,0.75,0.0001666999960434623,3556,12.0,270.0,0.0,159864,True,False,accepted,"Synthetic reviewer accepted after confirming incident impact, mitigation scope, and a rollback owner.",False,True,False,2.0166699996043462,0.0,0,22,synthetic-eval-v1
46,A2,Multi-agent with static agents,TCK-00036,Low,Low,0.8310971466594991,0.052694967703809374,False,,False,,,0.75,0.00013929999840911478,3556,12.0,168.0,0.0,164212,True,False,not_required,,False,True,False,3.0139299998409115,0.0,0,,synthetic-eval-v1
46,A2,Multi-agent with static agents,TCK-00037,Medium,Medium,0.8299994813591812,0.05532353705794676,False,,False,,,0.75,0.00014819999341852963,3556,12.0,180.0,0.0,168700,False,False,not_required,,False,True,False,4.014819999341853,0.0,0,,synthetic-eval-v1
46,A2,Multi-agent with static agents,TCK-00038,High,High,0.8344314830146645,0.05181527520766344,False,,False,,,0.75,0.000152900000102818,3556,12.0,168.0,0.0,173420,False,False,rejected,Synthetic reviewer rejected because the outage scope and recovery evidence need clarification.,False,True,False,5.015290000010282,0.0,1,35,synthetic-eval-v1
46,A2,Multi-agent with static agents,TCK-00039,Critical,Critical,0.8406125180790601,0.8406125180790601,False,,False,,,0.75,0.00015189999976428226,3556,12.0,180.0,0.0,177867,True,False,accepted,"Synthetic reviewer accepted after confirming incident impact, mitigation scope, and a rollback owner.",False,True,False,6.015189999976428,0.0,0,40,synthetic-eval-v1
46,A2,Multi-agent with static agents,TCK-00040,Low,Low,0.8534656054141627,0.0483609484457426,False,,False,,,0.75,0.00014129999181022868,3556,12.0,168.0,0.0,182299,True,False,not_required,,False,True,False,7.014129999181023,0.0,0,,synthetic-eval-v1
46,A2,Multi-agent with static agents,TCK-00041,Medium,Medium,0.853769731403906,0.049124568932442415,False,,False,,,0.75,0.00015980000898707658,3556,12.0,180.0,0.0,186843,False,False,not_required,,False,True,False,8.015980000898708,0.0,0,,synthetic-eval-v1
46,A2,Multi-agent with static agents,TCK-00042,High,High,0.7891166771925503,0.0690577738541247,False,TCK-00038,True,1.0,1.0,0.75,0.00014630000077886507,3556,12.0,258.0,0.0,191458,True,False,accepted,"Synthetic reviewer accepted after confirming affected services, customer impact, and the recovery plan.",False,False,True,9.014630000077887,0.5,0,16,synthetic-eval-v1
46,A2,Multi-agent with static agents,TCK-00043,Critical,Critical,0.8496932443765096,0.8496932443765096,False,,False,,,0.75,0.00017759999900590628,3556,12.0,180.0,0.0,195827,True,False,accepted,"Synthetic reviewer accepted after confirming incident impact, mitigation scope, and a rollback owner.",False,True,False,10.01775999990059,0.0,0,7,synthetic-eval-v1
46,A2,Multi-agent with static agents,TCK-00044,Low,Low,0.8534654542558432,0.04836105665082029,False,,False,,,0.75,0.00015169999096542597,3556,12.0,168.0,0.0,200643,False,False,not_required,,False,True,False,0.05,0.0,0,,synthetic-eval-v1
46,A2,Multi-agent with static agents,TCK-00045,Medium,Medium,0.8522546131260936,0.049160568859839104,False,,False,,,0.75,0.00014049998571863398,3556,12.0,180.0,0.0,205091,False,False,not_required,,False,True,False,1.0140499985718634,0.0,0,,synthetic-eval-v1
46,A2,Multi-agent with static agents,TCK-00046,High,High,0.8447964747304909,0.049492949734678326,False,,False,,,0.75,0.00015660000644857064,3556,12.0,168.0,0.0,209499,False,False,rejected,Synthetic reviewer rejected because the outage scope and recovery evidence need clarification.,False,True,False,2.015660000644857,0.0,0,14,synthetic-eval-v1
46,A2,Multi-agent with static agents,TCK-00047,Critical,Critical,0.8486841330229337,0.8486841330229337,False,,False,,,0.75,0.00013989999570185319,3556,12.0,180.0,0.0,213947,True,False,accepted,"Synthetic reviewer accepted after confirming incident impact, mitigation scope, and a rollback owner.",False,True,False,3.0139899995701853,0.0,0,48,synthetic-eval-v1
46,A2,Multi-agent with static agents,TCK-00048,Low,Low,0.8316153945348222,0.051044634339732935,False,,False,,,0.75,0.0001725999973132275,3556,12.0,168.0,0.0,218380,False,False,not_required,,False,True,False,4.017259999731323,0.0,1,,synthetic-eval-v1
46,A2,Multi-agent with static agents,TCK-00049,Medium,Medium,0.7992882738074131,0.06843446383682876,False,TCK-00045,True,1.0,0.5,0.75,0.00014420001389225945,3556,12.0,270.0,0.0,222920,False,False,not_required,,False,True,False,5.014420001389226,0.0,0,,synthetic-eval-v1
46,A2,Multi-agent with static agents,TCK-00050,High,High,0.8320032026204665,0.05396689796580815,False,,False,,,0.75,0.0001393000056850724,3556,12.0,168.0,0.0,227268,False,False,rejected,Synthetic reviewer rejected because the outage scope and recovery evidence need clarification.,False,True,False,6.013930000568507,0.0,0,39,synthetic-eval-v1
46,A2,Multi-agent with static agents,TCK-00051,Critical,Critical,0.8316131073271507,0.8316131073271507,False,,False,,,0.75,0.00016679998952895403,3556,12.0,180.0,0.0,232060,True,False,accepted,"Synthetic reviewer accepted after confirming incident impact, mitigation scope, and a rollback owner.",False,True,False,7.016679998952895,0.0,0,21,synthetic-eval-v1
46,A2,Multi-agent with static agents,TCK-00052,Low,Low,0.8513498226748383,0.047864868130690325,False,,False,,,0.75,0.00014000000373926014,3556,12.0,168.0,0.0,236443,False,False,not_required,,False,True,False,8.014000000373926,0.0,0,,synthetic-eval-v1
46,A2,Multi-agent with static agents,TCK-00053,Medium,Medium,0.8538065521375265,0.048922633461402965,False,,False,,,0.75,0.0002077000099234283,3556,12.0,180.0,0.0,240939,False,False,not_required,,False,True,False,9.020770000992343,0.0,0,,synthetic-eval-v1
46,A2,Multi-agent with static agents,TCK-00054,High,High,0.8446967764158658,0.049834283626065234,False,,False,,,0.75,0.0001418999963789247,3556,12.0,168.0,0.015625,245419,True,False,accepted,"Synthetic reviewer accepted after confirming affected services, customer impact, and the recovery plan.",False,True,False,10.014189999637892,0.0,0,13,synthetic-eval-v1
46,A2,Multi-agent with static agents,TCK-00055,Critical,Critical,0.8441228612426679,0.8441228612426679,False,,False,,,0.75,0.00015789998724358156,3556,12.0,180.0,0.0,249819,True,False,accepted,"Synthetic reviewer accepted after confirming incident impact, mitigation scope, and a rollback owner.",False,True,False,0.05,0.0,0,45,synthetic-eval-v1
46,A2,Multi-agent with static agents,TCK-00056,Low,Low,0.7930335785256949,0.06829192402168204,False,TCK-00052,True,1.0,1.0,0.75,0.0001370999962091446,3556,12.0,258.0,0.0,254264,False,False,not_required,,False,True,False,1.0137099996209145,0.0,0,,synthetic-eval-v1
46,A2,Multi-agent with static agents,TCK-00057,Medium,Medium,0.8538065295969451,0.04892261547949405,False,,False,,,0.75,0.00014070000179344788,3556,12.0,180.0,0.0,258587,False,False,not_required,,False,True,False,2.014070000179345,0.0,0,,synthetic-eval-v1
46,A2,Multi-agent with static agents,TCK-00058,High,High,0.8527671080590582,0.04801123558412027,False,,False,,,0.75,0.00016000001050997525,3556,12.0,168.0,0.0,263395,False,False,rejected,Synthetic reviewer rejected because the outage scope and recovery evidence need clarification.,False,False,True,3.0160000010509975,1.5,1,49,synthetic-eval-v1
46,A2,Multi-agent with static agents,TCK-00059,Critical,Critical,0.8614985368397363,0.8614985368397363,False,,False,,,0.75,0.000141399992571678,3556,12.0,180.0,0.0,267794,True,False,accepted,"Synthetic reviewer accepted after confirming incident impact, mitigation scope, and a rollback owner.",False,True,False,4.014139999257168,0.0,0,1,synthetic-eval-v1
46,A2,Multi-agent with static agents,TCK-00060,Low,Low,0.8532235997442283,0.04824343910822312,False,,False,,,0.75,0.00015070000517880544,3556,12.0,168.0,0.0,272203,False,False,not_required,,False,True,False,5.0150700005178805,0.0,0,,synthetic-eval-v1
46,A2,Multi-agent with static agents,TCK-00061,Medium,Medium,0.8337410539632448,0.052858670441475596,False,,False,,,0.75,0.00013610000314656645,3556,12.0,180.0,0.0,276604,False,False,not_required,,False,True,False,6.013610000314657,0.0,0,,synthetic-eval-v1
46,A2,Multi-agent with static agents,TCK-00062,High,High,0.8304327571580911,0.05786268937844961,False,,False,,,0.75,0.00016240001423284411,3556,12.0,168.0,0.0,280988,False,False,rejected,Synthetic reviewer rejected because the outage scope and recovery evidence need clarification.,False,False,True,7.016240001423284,1.0,0,38,synthetic-eval-v1
46,A2,Multi-agent with static agents,TCK-00063,Critical,Critical,0.8165488166645684,0.8165488166645684,False,TCK-00059,True,1.0,0.5,0.75,0.00014619999274145812,3556,12.0,264.0,0.0,285478,False,False,rejected,Synthetic reviewer rejected because impact evidence or the safe mitigation and rollback plan was incomplete.,False,False,False,8.014619999274146,0.0,0,9,synthetic-eval-v1
46,A2,Multi-agent with static agents,TCK-00064,Low,Low,0.8266939970642762,0.05430130513102546,False,,False,,,0.75,0.00015919999714242294,3556,12.0,168.0,0.0,289804,False,False,not_required,,False,True,False,9.015919999714242,0.0,0,,synthetic-eval-v1
46,A2,Multi-agent with static agents,TCK-00065,Medium,Medium,0.8538064758930588,0.04892267130013165,False,,False,,,0.75,0.00013590000162366778,3556,12.0,180.0,0.0,294339,False,False,not_required,,False,True,False,10.013590000162367,0.0,0,,synthetic-eval-v1
46,A2,Multi-agent with static agents,TCK-00066,High,High,0.8518842907067153,0.04880458923971883,False,,False,,,0.75,0.0003136000013910234,3556,12.0,168.0,0.0,299267,False,False,rejected,Synthetic reviewer rejected because the outage scope and recovery evidence need clarification.,False,True,False,0.05,0.0,0,4,synthetic-eval-v1
46,A2,Multi-agent with static agents,TCK-00067,Critical,Critical,0.8486843654365014,0.8486843654365014,False,,False,,,0.75,0.00032809999538585544,3556,12.0,180.0,0.0,303643,True,False,accepted,"Synthetic reviewer accepted after confirming incident impact, mitigation scope, and a rollback owner.",False,True,False,1.0328099995385855,0.0,0,37,synthetic-eval-v1
46,A2,Multi-agent with static agents,TCK-00068,Low,Low,0.854258057886768,0.047131838605735825,False,,False,,,0.75,0.0001587000151630491,3556,12.0,168.0,0.0,308027,False,False,not_required,,False,True,False,2.015870001516305,0.0,1,,synthetic-eval-v1
46,A2,Multi-agent with static agents,TCK-00069,Medium,Medium,0.8538065161167635,0.04892267246577186,False,,False,,,0.75,0.00016089999553514645,3556,12.0,180.0,0.0,312427,False,False,not_required,,False,True,False,3.0160899995535146,0.0,0,,synthetic-eval-v1
46,A2,Multi-agent with static agents,TCK-00070,High,High,0.7921435330117285,0.07241290617925228,True,TCK-00066,True,1.0,0.5,0.75,0.00015250000433297828,3556,12.0,258.0,0.0,316896,False,False,rejected,Synthetic reviewer rejected because the outage scope and recovery evidence need clarification.,False,True,False,4.015250000433298,0.0,0,12,synthetic-eval-v1
46,A2,Multi-agent with static agents,TCK-00071,Critical,Critical,0.8614985368397363,0.8614985368397363,True,,False,,,0.75,0.00034189999132649973,3556,12.0,180.0,0.0,321219,True,False,accepted,"Synthetic reviewer accepted after confirming incident impact, mitigation scope, and a rollback owner.",False,True,False,5.03418999913265,0.0,0,23,synthetic-eval-v1
46,A2,Multi-agent with static agents,TCK-00072,Low,Low,0.837440932661034,0.04873219350630406,True,,False,,,0.75,0.00025960001221392304,3556,12.0,168.0,0.0,325643,False,False,not_required,,False,True,False,6.025960001221392,0.0,0,,synthetic-eval-v1
46,A2,Multi-agent with static agents,TCK-00073,Medium,Medium,0.8501519995884195,0.04596870424677121,True,,False,,,0.75,0.00019359998987056315,3556,12.0,180.0,0.0,330043,False,False,not_required,,False,True,False,7.019359998987056,0.0,0,,synthetic-eval-v1
46,A2,Multi-agent with static agents,TCK-00074,High,High,0.8412552305611231,0.04800530164668262,True,,False,,,0.75,0.00015649999113520607,3556,12.0,168.0,0.0,334428,False,False,rejected,Synthetic reviewer rejected because the outage scope and recovery evidence need clarification.,False,True,False,8.01564999911352,0.0,0,44,synthetic-eval-v1
46,A2,Multi-agent with static agents,TCK-00075,Critical,Critical,0.8369486015966192,0.8369486015966192,True,,False,,,0.75,0.00017490000755060464,3556,12.0,180.0,0.0,338828,True,False,accepted,"Synthetic reviewer accepted after confirming incident impact, mitigation scope, and a rollback owner.",False,True,False,9.01749000075506,0.0,0,5,synthetic-eval-v1
46,A2,Multi-agent with static agents,TCK-00076,Low,Low,0.8303124817300563,0.053708411875027375,True,,False,,,0.75,0.00016950001008808613,3556,12.0,168.0,0.0,343724,True,False,not_required,,False,True,False,10.016950001008809,0.0,0,,synthetic-eval-v1
46,A2,Multi-agent with static agents,TCK-00077,Medium,Medium,0.7796390573042148,0.06921084690068266,True,TCK-00073,True,1.0,0.5,0.75,0.00016429999232059345,3556,12.0,270.0,0.0,348344,False,False,not_required,,False,True,False,0.05,0.0,0,,synthetic-eval-v1
46,A2,Multi-agent with static agents,TCK-00078,High,High,0.8421531889636729,0.04921166581671809,True,,False,,,0.75,0.00020170000061625615,3556,12.0,168.0,0.0,352771,False,False,rejected,Synthetic reviewer rejected because the outage scope and recovery evidence need clarification.,False,True,False,1.0201700000616256,0.0,1,50,synthetic-eval-v1
46,A2,Multi-agent with static agents,TCK-00079,Critical,Critical,0.855511843100157,0.855511843100157,True,,False,,,0.75,0.00015529999654972926,3556,12.0,180.0,0.0,357187,False,False,rejected,Synthetic reviewer rejected because impact evidence or the safe mitigation and rollback plan was incomplete.,False,False,False,2.015529999654973,0.0,0,8,synthetic-eval-v1
46,A2,Multi-agent with static agents,TCK-00080,Low,Low,0.8702263442054318,0.04292237632388488,True,,False,,,0.75,0.00016340000729542226,3556,12.0,168.0,0.0,361571,False,False,not_required,,False,True,False,3.0163400007295422,0.0,0,,synthetic-eval-v1
46,A2,Multi-agent with static agents,TCK-00081,Medium,Medium,0.8479736046542982,0.04944697291524253,True,,False,,,0.75,0.00020740000036312267,3556,12.0,180.0,0.0,365971,False,False,not_required,,False,True,False,4.020740000036312,0.0,0,,synthetic-eval-v1
46,A2,Multi-agent with static agents,TCK-00082,High,High,0.8661615102783514,0.04422486626909189,True,,False,,,0.75,0.00015749999874969944,3556,12.0,168.0,0.0,370354,False,False,rejected,Synthetic reviewer rejected because the outage scope and recovery evidence need clarification.,False,True,False,5.01574999987497,0.0,0,32,synthetic-eval-v1
46,A2,Multi-agent with static agents,TCK-00083,Critical,Critical,0.8614985368397363,0.8614985368397363,True,,False,,,0.75,0.0001638999965507537,3556,12.0,180.0,0.0,374755,True,False,accepted,"Synthetic reviewer accepted after confirming incident impact, mitigation scope, and a rollback owner.",False,False,True,6.016389999655075,1.75,0,24,synthetic-eval-v1
46,A2,Multi-agent with static agents,TCK-00084,Low,Low,0.8091607365461844,0.0654851266534436,True,TCK-00080,True,1.0,0.5,0.75,0.00016910000704228878,3556,12.0,258.0,0.0,379224,False,False,not_required,,False,True,False,7.016910000704229,0.0,0,,synthetic-eval-v1
46,A2,Multi-agent with static agents,TCK-00085,Medium,Medium,0.8700445019165345,0.043895861937446636,True,,False,,,0.75,0.0001469999915570952,3556,12.0,180.0,0.0,383571,False,False,not_required,,False,True,False,8.01469999915571,0.0,0,,synthetic-eval-v1
46,A2,Multi-agent with static agents,TCK-00086,High,High,0.834644043013792,0.049820408533366535,True,,False,,,0.75,0.00016089998825918883,3556,12.0,168.0,0.0,388571,False,False,rejected,Synthetic reviewer rejected because the outage scope and recovery evidence need clarification.,False,True,False,9.016089998825919,0.0,0,31,synthetic-eval-v1
46,A2,Multi-agent with static agents,TCK-00087,Critical,Critical,0.8348053351456487,0.8348053351456487,True,,False,,,0.75,0.00016139999934239313,3556,12.0,180.0,0.0,392972,True,False,accepted,"Synthetic reviewer accepted after confirming incident impact, mitigation scope, and a rollback owner.",False,False,True,10.01613999993424,1.25,0,25,synthetic-eval-v1
46,A2,Multi-agent with static agents,TCK-00088,Low,Low,0.8408696042517881,0.04905655365062036,True,,False,,,0.75,0.00014210000517778099,3556,12.0,168.0,0.0,397356,True,False,not_required,,False,True,False,0.05,0.0,1,,synthetic-eval-v1
46,A2,Multi-agent with static agents,TCK-00089,Medium,Medium,0.8264679837121579,0.05553037050326487,True,,False,,,0.75,0.00015809998876648024,3556,12.0,180.0,0.0,401756,False,False,not_required,,False,True,False,1.015809998876648,0.0,0,,synthetic-eval-v1
46,A2,Multi-agent with static agents,TCK-00090,High,High,0.8262071721591157,0.05444781309862936,True,,False,,,0.75,0.00014530000771628693,3556,12.0,168.0,0.0,406140,False,False,rejected,Synthetic reviewer rejected because the outage scope and recovery evidence need clarification.,False,True,False,2.0145300007716287,0.0,0,27,synthetic-eval-v1
46,A2,Multi-agent with static agents,TCK-00091,Critical,Critical,0.7996564731295592,0.7996564731295592,True,TCK-00087,True,1.0,0.3333333333333333,0.75,0.0001571000029798597,3556,12.0,270.0,0.0,410634,True,False,accepted,"Synthetic reviewer accepted after confirming incident impact, mitigation scope, and a rollback owner.",False,True,False,3.015710000297986,0.0,0,47,synthetic-eval-v1
46,A2,Multi-agent with static agents,TCK-00092,Low,Low,0.8634000023291151,0.045279996110200706,True,,False,,,0.75,0.00017949999892152846,3556,12.0,168.0,0.0,414931,False,False,not_required,,False,True,False,4.017949999892153,0.0,0,,synthetic-eval-v1
46,A2,Multi-agent with static agents,TCK-00093,Medium,Medium,0.8700445019165345,0.043895861937446636,True,,False,,,0.75,0.00016529999993508682,3556,12.0,180.0,0.0,419499,False,False,not_required,,False,True,False,5.016529999993509,0.0,0,,synthetic-eval-v1
46,A2,Multi-agent with static agents,TCK-00094,High,High,0.8661615102783514,0.04422486626909189,True,,False,,,0.75,0.00028419998852768913,3556,12.0,168.0,0.0,424011,True,False,accepted,"Synthetic reviewer accepted after confirming affected services, customer impact, and the recovery plan.",False,True,False,6.028419998852769,0.0,0,2,synthetic-eval-v1
46,A2,Multi-agent with static agents,TCK-00095,Critical,Critical,0.8614985368397363,0.8614985368397363,True,,False,,,0.75,0.00022369998623616993,3556,12.0,180.0,0.0,428411,True,False,accepted,"Synthetic reviewer accepted after confirming incident impact, mitigation scope, and a rollback owner.",False,True,False,7.022369998623617,0.0,0,43,synthetic-eval-v1
46,A2,Multi-agent with static agents,TCK-00096,Low,Low,0.8492468874965522,0.04801674220422122,True,,False,,,0.75,0.00017180000577354804,3556,12.0,168.0,0.0,432795,False,False,not_required,,False,True,False,8.017180000577355,0.0,0,,synthetic-eval-v1
46,A2,Multi-agent with static agents,TCK-00097,Medium,Medium,0.8501519995884195,0.04596870424677121,True,,False,,,0.75,0.00018590000399854034,3556,12.0,180.0,0.0,437195,False,False,not_required,,False,True,False,9.018590000399854,0.0,0,,synthetic-eval-v1
46,A2,Multi-agent with static agents,TCK-00098,High,High,0.7998965500049211,0.06998085357517113,True,TCK-00094,True,1.0,0.5,0.75,0.0003538999881129712,3556,12.0,258.0,0.0,442304,False,False,rejected,Synthetic reviewer rejected because the outage scope and recovery evidence need clarification.,False,True,False,10.035389998811297,0.0,1,36,synthetic-eval-v1
46,A2,Multi-agent with static agents,TCK-00099,Critical,Critical,0.8614985368397363,0.8614985368397363,True,,False,,,0.75,0.00016659998800605536,3556,12.0,180.0,0.0,446627,False,False,rejected,Synthetic reviewer rejected because impact evidence or the safe mitigation and rollback plan was incomplete.,False,False,False,0.05,0.0,0,15,synthetic-eval-v1
46,A3,Multi-agent with mobile agents,TCK-00000,Low,Low,0.8482234449857645,0.04635820819879957,False,,False,,,0.75,0.00020030000450788066,4161,13.0,168.0,0.0,4111,False,False,not_required,,False,True,False,0.05,0.0,0,,synthetic-eval-v1
46,A3,Multi-agent with mobile agents,TCK-00001,Medium,Medium,0.84353363324816,0.050654057314168166,False,,False,,,0.75,0.00019780000002356246,4161,13.0,180.0,0.0,8395,False,True,not_required,,False,True,False,1.0197800000023562,0.0,0,,synthetic-eval-v1
46,A3,Multi-agent with mobile agents,TCK-00002,High,High,0.8661615102783514,0.04422486626909189,False,,False,,,0.75,0.0001500999860581942,4161,13.0,168.0,0.0,12550,False,False,rejected,Synthetic reviewer rejected because the outage scope and recovery evidence need clarification.,False,True,False,2.0150099986058194,0.0,0,7,synthetic-eval-v1
46,A3,Multi-agent with mobile agents,TCK-00003,Critical,Critical,0.8543667880794574,0.8543667880794574,False,,False,,,0.75,0.00029769999673590064,4161,13.0,180.0,0.0,16627,False,False,rejected,Synthetic reviewer rejected because impact evidence or the safe mitigation and rollback plan was incomplete.,False,False,False,3.02976999967359,0.0,0,22,synthetic-eval-v1
46,A3,Multi-agent with mobile agents,TCK-00004,Low,Low,0.856568503669108,0.05087473162759542,False,,False,,,0.75,0.00021469999774126336,4161,13.0,168.0,0.0,20751,False,False,not_required,,False,True,False,4.021469999774126,0.0,0,,synthetic-eval-v1
46,A3,Multi-agent with mobile agents,TCK-00005,Medium,Medium,0.853541645514456,0.04898284864133881,False,,False,,,0.75,0.00017379999917466193,4161,13.0,180.0,0.0,25019,False,True,not_required,,False,True,False,5.017379999917466,0.0,0,,synthetic-eval-v1
46,A3,Multi-agent with mobile agents,TCK-00006,High,High,0.8508559414272101,0.04910688663813218,False,,False,,,0.75,0.00021750000450992957,4161,13.0,168.0,0.0,29615,False,False,rejected,Synthetic reviewer rejected because the outage scope and recovery evidence need clarification.,False,True,False,6.021750000450993,0.0,0,27,synthetic-eval-v1
46,A3,Multi-agent with mobile agents,TCK-00007,Critical,Critical,0.8167345779653016,0.8167345779653016,False,TCK-00003,True,1.0,1.0,0.75,0.00023579999833600596,4161,13.0,264.0,0.0,34190,True,False,accepted,"Synthetic reviewer accepted after confirming incident impact, mitigation scope, and a rollback owner.",False,True,False,7.023579999833601,0.0,1,32,synthetic-eval-v1
46,A3,Multi-agent with mobile agents,TCK-00008,Low,Low,0.8545967780166451,0.04798112850324567,False,,False,,,0.75,0.00016659999528201297,4161,13.0,168.0,0.0,38719,False,False,not_required,,False,True,False,8.016659999528201,0.0,0,,synthetic-eval-v1
46,A3,Multi-agent with mobile agents,TCK-00009,Medium,Medium,0.8270528441562234,0.05253223017970531,False,,False,,,0.75,0.0001627000092412345,4161,13.0,180.0,0.0,43284,False,False,not_required,,False,True,False,9.016270000924123,0.0,0,,synthetic-eval-v1
46,A3,Multi-agent with mobile agents,TCK-00010,High,High,0.8457772958707395,0.05037847092950124,False,,False,,,0.75,0.00016200001118704677,4161,13.0,168.0,0.0,47960,True,False,accepted,"Synthetic reviewer accepted after confirming affected services, customer impact, and the recovery plan.",False,True,False,10.016200001118705,0.0,0,38,synthetic-eval-v1
46,A3,Multi-agent with mobile agents,TCK-00011,Critical,Critical,0.8309272875207836,0.8309272875207836,False,,False,,,0.75,0.0002058000027318485,4161,13.0,180.0,0.0,52492,False,False,rejected,Synthetic reviewer rejected because impact evidence or the safe mitigation and rollback plan was incomplete.,False,False,False,0.05,0.0,0,15,synthetic-eval-v1
46,A3,Multi-agent with mobile agents,TCK-00012,Low,Low,0.8468972313879138,0.048967735316296196,False,,False,,,0.75,0.00016480000340379775,4161,13.0,168.0,0.0,57135,False,False,not_required,,False,True,False,1.0164800003403798,0.0,0,,synthetic-eval-v1
46,A3,Multi-agent with mobile agents,TCK-00013,Medium,Medium,0.8700445019165345,0.043895861937446636,False,,False,,,0.75,0.00016909999976633117,4161,13.0,180.0,0.0,61642,False,False,not_required,,False,True,False,2.016909999976633,0.0,0,,synthetic-eval-v1
46,A3,Multi-agent with mobile agents,TCK-00014,High,High,0.7969339283098686,0.06896291601444718,False,TCK-00010,True,1.0,1.0,0.75,0.0001624999931664206,4161,13.0,258.0,0.0,66246,False,False,rejected,Synthetic reviewer rejected because the outage scope and recovery evidence need clarification.,False,True,False,3.016249999316642,0.0,0,49,synthetic-eval-v1
46,A3,Multi-agent with mobile agents,TCK-00015,Critical,Critical,0.8614985368397363,0.8614985368397363,False,,False,,,0.75,0.0003356000015628524,4161,13.0,180.0,0.0,70826,True,False,accepted,"Synthetic reviewer accepted after confirming incident impact, mitigation scope, and a rollback owner.",False,True,False,4.033560000156285,0.0,0,18,synthetic-eval-v1
46,A3,Multi-agent with mobile agents,TCK-00016,Low,Low,0.8545970304206004,0.047980951811589394,False,,False,,,0.75,0.00016540000069653615,4161,13.0,168.0,0.0,75383,False,False,not_required,,False,True,False,5.016540000069654,0.0,0,,synthetic-eval-v1
46,A3,Multi-agent with mobile agents,TCK-00017,Medium,Medium,0.8614730678365828,0.04630380218458768,False,,False,,,0.75,0.0001640999980736524,4161,13.0,180.0,0.0,79979,False,False,not_required,,False,True,False,6.016409999807365,0.0,1,,synthetic-eval-v1
46,A3,Multi-agent with mobile agents,TCK-00018,High,High,0.8661615102783514,0.04422486626909189,False,,False,,,0.75,0.00020679998851846904,4161,13.0,168.0,0.0,84718,False,True,rejected,Synthetic reviewer rejected because the outage scope and recovery evidence need clarification.,False,True,False,7.020679998851847,0.0,0,13,synthetic-eval-v1
46,A3,Multi-agent with mobile agents,TCK-00019,Critical,Critical,0.8614985368397363,0.8614985368397363,False,,False,,,0.75,0.0001658000037423335,4161,13.0,180.0,0.0,89250,True,False,accepted,"Synthetic reviewer accepted after confirming incident impact, mitigation scope, and a rollback owner.",False,True,False,8.016580000374233,0.0,0,9,synthetic-eval-v1
46,A3,Multi-agent with mobile agents,TCK-00020,Low,Low,0.8545966893787708,0.04798118625668901,False,,False,,,0.75,0.00016110001160996035,4161,13.0,168.0,0.0,93767,False,True,not_required,,False,True,False,9.016110001160996,0.0,0,,synthetic-eval-v1
46,A3,Multi-agent with mobile agents,TCK-00021,Medium,Medium,0.8045434535964713,0.06687921977688248,False,TCK-00017,True,1.0,1.0,0.75,0.00016869999672053382,4161,13.0,270.0,0.0,98552,False,False,not_required,,False,True,False,10.016869999672053,0.0,0,,synthetic-eval-v1
46,A3,Multi-agent with mobile agents,TCK-00022,High,High,0.832163289522143,0.05164682663598593,False,,False,,,0.75,0.00017619998834561557,4161,13.0,168.0,0.0,102984,True,False,accepted,"Synthetic reviewer accepted after confirming affected services, customer impact, and the recovery plan.",False,True,False,0.05,0.0,0,20,synthetic-eval-v1
46,A3,Multi-agent with mobile agents,TCK-00023,Critical,Critical,0.8287283519030287,0.8287283519030287,False,,False,,,0.75,0.00016900000628083944,4161,13.0,180.0,0.0,107556,True,False,accepted,"Synthetic reviewer accepted after confirming incident impact, mitigation scope, and a rollback owner.",False,True,False,1.016900000628084,0.0,0,8,synthetic-eval-v1
46,A3,Multi-agent with mobile agents,TCK-00024,Low,Low,0.8406472767686015,0.05164244291160753,False,,False,,,0.75,0.00015789999451953918,4161,13.0,168.0,0.0,112240,False,True,not_required,,False,True,False,2.015789999451954,0.0,0,,synthetic-eval-v1
46,A3,Multi-agent with mobile agents,TCK-00025,Medium,Medium,0.8286077325896574,0.055438351728877004,False,,False,,,0.75,0.00018379999528406188,4161,13.0,180.0,0.0,116836,False,False,not_required,,False,True,False,3.018379999528406,0.0,0,,synthetic-eval-v1
46,A3,Multi-agent with mobile agents,TCK-00026,High,High,0.8421531889636729,0.04921166581671809,False,,False,,,0.75,0.00016120000509545207,4161,13.0,168.0,0.0,121415,False,False,rejected,Synthetic reviewer rejected because the outage scope and recovery evidence need clarification.,False,True,False,4.016120000509545,0.0,0,34,synthetic-eval-v1
46,A3,Multi-agent with mobile agents,TCK-00027,Critical,Critical,0.8496938033181468,0.8496938033181468,False,,False,,,0.75,0.00016739999409765005,4161,13.0,180.0,0.0,125947,True,False,accepted,"Synthetic reviewer accepted after confirming incident impact, mitigation scope, and a rollback owner.",False,True,False,5.016739999409765,0.0,1,3,synthetic-eval-v1
46,A3,Multi-agent with mobile agents,TCK-00028,Low,Low,0.7925099178916053,0.06961005036871981,False,TCK-00024,True,1.0,1.0,0.75,0.00020080000831512734,4161,13.0,258.0,0.0,130774,False,True,not_required,,False,True,False,6.020080000831513,0.0,0,,synthetic-eval-v1
46,A3,Multi-agent with mobile agents,TCK-00029,Medium,Medium,0.8517667899380256,0.049363464880986176,False,,False,,,0.75,0.0001747999995131977,4161,13.0,180.0,0.0,135227,False,False,not_required,,False,True,False,7.01747999995132,0.0,0,,synthetic-eval-v1
46,A3,Multi-agent with mobile agents,TCK-00030,High,High,0.8501753063417473,0.049300123513243865,False,,False,,,0.75,0.00015940000594127923,4161,13.0,168.0,0.0,139783,False,False,rejected,Synthetic reviewer rejected because the outage scope and recovery evidence need clarification.,False,True,False,8.015940000594128,0.0,0,42,synthetic-eval-v1
46,A3,Multi-agent with mobile agents,TCK-00031,Critical,Critical,0.855511843100157,0.855511843100157,False,,False,,,0.75,0.00017629999638302252,4161,13.0,180.0,0.0,144315,True,False,accepted,"Synthetic reviewer accepted after confirming incident impact, mitigation scope, and a rollback owner.",False,True,False,9.017629999638302,0.0,0,23,synthetic-eval-v1
46,A3,Multi-agent with mobile agents,TCK-00032,Low,Low,0.8534654536658551,0.04836094585691989,False,,False,,,0.75,0.0001655000014579855,4161,13.0,168.0,0.0,148831,False,False,not_required,,False,True,False,10.016550000145799,0.0,0,,synthetic-eval-v1
46,A3,Multi-agent with mobile agents,TCK-00033,Medium,Medium,0.853769538500693,0.0491245984364829,False,,False,,,0.75,0.0001604999997653067,4161,13.0,180.0,0.0,153683,False,True,not_required,,False,True,False,0.05,0.0,0,,synthetic-eval-v1
46,A3,Multi-agent with mobile agents,TCK-00034,High,High,0.8446967764158658,0.049834283626065234,False,,False,,,0.75,0.00016850000974955037,4161,13.0,168.0,0.0,158263,False,True,rejected,Synthetic reviewer rejected because the outage scope and recovery evidence need clarification.,False,True,False,1.016850000974955,0.0,0,37,synthetic-eval-v1
46,A3,Multi-agent with mobile agents,TCK-00035,Critical,Critical,0.8155346066194998,0.8155346066194998,False,TCK-00031,True,1.0,0.5,0.75,0.00016539999342057854,4161,13.0,270.0,0.0,162864,True,False,accepted,"Synthetic reviewer accepted after confirming incident impact, mitigation scope, and a rollback owner.",False,False,True,2.016539999342058,1.75,0,46,synthetic-eval-v1
46,A3,Multi-agent with mobile agents,TCK-00036,Low,Low,0.8310971466594991,0.052694967703809374,False,,False,,,0.75,0.00015360000543296337,4161,13.0,168.0,0.0,167296,False,False,not_required,,False,True,False,3.0153600005432963,0.0,0,,synthetic-eval-v1
46,A3,Multi-agent with mobile agents,TCK-00037,Medium,Medium,0.8299994813591812,0.05532353705794676,False,,False,,,0.75,0.0002676999938557856,4161,13.0,180.0,0.0,171892,True,False,not_required,,False,True,False,4.026769999385579,0.0,1,,synthetic-eval-v1
46,A3,Multi-agent with mobile agents,TCK-00038,High,High,0.8344314830146645,0.05181527520766344,False,,False,,,0.75,0.00016519999917363748,4161,13.0,168.0,0.0,176696,False,False,rejected,Synthetic reviewer rejected because the outage scope and recovery evidence need clarification.,False,False,True,5.016519999917364,1.0,0,31,synthetic-eval-v1
46,A3,Multi-agent with mobile agents,TCK-00039,Critical,Critical,0.8406125180790601,0.8406125180790601,False,,False,,,0.75,0.00015579999308101833,4161,13.0,180.0,0.0,181227,True,False,accepted,"Synthetic reviewer accepted after confirming incident impact, mitigation scope, and a rollback owner.",False,True,False,6.015579999308102,0.0,0,19,synthetic-eval-v1
46,A3,Multi-agent with mobile agents,TCK-00040,Low,Low,0.8534656054141627,0.0483609484457426,False,,False,,,0.75,0.00017139998817583546,4161,13.0,168.0,0.0,185767,True,False,not_required,,False,True,False,7.0171399988175835,0.0,0,,synthetic-eval-v1
46,A3,Multi-agent with mobile agents,TCK-00041,Medium,Medium,0.853769731403906,0.049124568932442415,False,,False,,,0.75,0.00016179998783627525,4161,13.0,180.0,0.0,190395,False,True,not_required,,False,True,False,8.016179998783628,0.0,0,,synthetic-eval-v1
46,A3,Multi-agent with mobile agents,TCK-00042,High,High,0.7891166771925503,0.0690577738541247,False,TCK-00038,True,1.0,1.0,0.75,0.00018770000315271318,4161,13.0,258.0,0.0,195094,False,True,rejected,Synthetic reviewer rejected because the outage scope and recovery evidence need clarification.,False,True,False,9.018770000315271,0.0,0,48,synthetic-eval-v1
46,A3,Multi-agent with mobile agents,TCK-00043,Critical,Critical,0.8496932443765096,0.8496932443765096,False,,False,,,0.75,0.0001703000089037232,4161,13.0,180.0,0.0,199547,True,False,accepted,"Synthetic reviewer accepted after confirming incident impact, mitigation scope, and a rollback owner.",False,True,False,10.017030000890372,0.0,0,41,synthetic-eval-v1
46,A3,Multi-agent with mobile agents,TCK-00044,Low,Low,0.8534654542558432,0.04836105665082029,False,,False,,,0.75,0.0001539999939268455,4161,13.0,168.0,0.0,204423,False,False,not_required,,False,True,False,0.05,0.0,0,,synthetic-eval-v1
46,A3,Multi-agent with mobile agents,TCK-00045,Medium,Medium,0.8522546131260936,0.049160568859839104,False,,False,,,0.75,0.00018059999274555594,4161,13.0,180.0,0.0,208955,False,True,not_required,,False,True,False,1.0180599992745556,0.0,0,,synthetic-eval-v1
46,A3,Multi-agent with mobile agents,TCK-00046,High,High,0.8447964747304909,0.049492949734678326,False,,False,,,0.75,0.0001534000111860223,4161,13.0,168.0,0.0,213447,False,False,rejected,Synthetic reviewer rejected because the outage scope and recovery evidence need clarification.,False,True,False,2.0153400011186022,0.0,0,5,synthetic-eval-v1
46,A3,Multi-agent with mobile agents,TCK-00047,Critical,Critical,0.8486841330229337,0.8486841330229337,False,,False,,,0.75,0.00015279999934136868,4161,13.0,180.0,0.0,217979,True,False,accepted,"Synthetic reviewer accepted after confirming incident impact, mitigation scope, and a rollback owner.",False,True,False,3.015279999934137,0.0,1,39,synthetic-eval-v1
46,A3,Multi-agent with mobile agents,TCK-00048,Low,Low,0.8316153945348222,0.051044634339732935,False,,False,,,0.75,0.00017440000374335796,4161,13.0,168.0,0.0,222496,False,False,not_required,,False,True,False,4.017440000374336,0.0,0,,synthetic-eval-v1
46,A3,Multi-agent with mobile agents,TCK-00049,Medium,Medium,0.7992882738074131,0.06843446383682876,False,TCK-00045,True,1.0,0.5,0.75,0.0001542999962111935,4161,13.0,270.0,0.0,227120,False,False,not_required,,False,True,False,5.015429999621119,0.0,0,,synthetic-eval-v1
46,A3,Multi-agent with mobile agents,TCK-00050,High,High,0.8320032026204665,0.05396689796580815,False,,False,,,0.75,0.00017209999350598082,4161,13.0,168.0,0.0,231552,False,False,rejected,Synthetic reviewer rejected because the outage scope and recovery evidence need clarification.,False,True,False,6.017209999350598,0.0,0,44,synthetic-eval-v1
46,A3,Multi-agent with mobile agents,TCK-00051,Critical,Critical,0.8316131073271507,0.8316131073271507,False,,False,,,0.75,0.0001545999984955415,4161,13.0,180.0,0.0,236428,True,False,accepted,"Synthetic reviewer accepted after confirming incident impact, mitigation scope, and a rollback owner.",False,True,False,7.015459999849554,0.0,0,16,synthetic-eval-v1
46,A3,Multi-agent with mobile agents,TCK-00052,Low,Low,0.8513498226748383,0.047864868130690325,False,,False,,,0.75,0.0002846000061254017,4161,13.0,168.0,0.0,240895,False,False,not_required,,False,True,False,8.02846000061254,0.0,0,,synthetic-eval-v1
46,A3,Multi-agent with mobile agents,TCK-00053,Medium,Medium,0.8538065521375265,0.048922633461402965,False,,False,,,0.75,0.00020129999029450119,4161,13.0,180.0,0.0,245475,False,True,not_required,,False,True,False,9.02012999902945,0.0,0,,synthetic-eval-v1
46,A3,Multi-agent with mobile agents,TCK-00054,High,High,0.8446967764158658,0.049834283626065234,False,,False,,,0.75,0.00019920000340789557,4161,13.0,168.0,0.0,250039,False,False,rejected,Synthetic reviewer rejected because the outage scope and recovery evidence need clarification.,False,False,True,10.01992000034079,0.5,0,35,synthetic-eval-v1
46,A3,Multi-agent with mobile agents,TCK-00055,Critical,Critical,0.8441228612426679,0.8441228612426679,False,,False,,,0.75,0.0001664000010350719,4161,13.0,180.0,0.0,254523,True,False,accepted,"Synthetic reviewer accepted after confirming incident impact, mitigation scope, and a rollback owner.",False,True,False,0.05,0.0,0,26,synthetic-eval-v1
46,A3,Multi-agent with mobile agents,TCK-00056,Low,Low,0.7930335785256949,0.06829192402168204,False,TCK-00052,True,1.0,1.0,0.75,0.00014989999908721074,4161,13.0,258.0,0.0,259076,False,True,not_required,,False,True,False,1.014989999908721,0.0,0,,synthetic-eval-v1
46,A3,Multi-agent with mobile agents,TCK-00057,Medium,Medium,0.8538065295969451,0.04892261547949405,False,,False,,,0.75,0.00016529999993508682,4161,13.0,180.0,0.0,263483,False,False,not_required,,False,True,False,2.0165299999935087,0.0,1,,synthetic-eval-v1
46,A3,Multi-agent with mobile agents,TCK-00058,High,High,0.8527671080590582,0.04801123558412027,False,,False,,,0.75,0.00014909999299561605,4161,13.0,168.0,0.0,268375,False,True,rejected,Synthetic reviewer rejected because the outage scope and recovery evidence need clarification.,False,True,False,3.0149099992995616,0.0,0,6,synthetic-eval-v1
46,A3,Multi-agent with mobile agents,TCK-00059,Critical,Critical,0.8614985368397363,0.8614985368397363,False,,False,,,0.75,0.00016540000069653615,4161,13.0,180.0,0.0,272858,True,False,accepted,"Synthetic reviewer accepted after confirming incident impact, mitigation scope, and a rollback owner.",False,True,False,4.016540000069654,0.0,0,24,synthetic-eval-v1
46,A3,Multi-agent with mobile agents,TCK-00060,Low,Low,0.8532235997442283,0.04824343910822312,False,,False,,,0.75,0.00015100000746315345,4161,13.0,168.0,0.0,277327,False,False,not_required,,False,True,False,5.015100000746315,0.0,0,,synthetic-eval-v1
46,A3,Multi-agent with mobile agents,TCK-00061,Medium,Medium,0.8337410539632448,0.052858670441475596,False,,False,,,0.75,0.00021460000425577164,4161,13.0,180.0,0.0,281812,False,False,not_required,,False,True,False,6.021460000425577,0.0,0,,synthetic-eval-v1
46,A3,Multi-agent with mobile agents,TCK-00062,High,High,0.8304327571580911,0.05786268937844961,False,,False,,,0.75,0.0001483000087318942,4161,13.0,168.0,0.0,286280,False,True,rejected,Synthetic reviewer rejected because the outage scope and recovery evidence need clarification.,False,True,False,7.014830000873189,0.0,0,10,synthetic-eval-v1
46,A3,Multi-agent with mobile agents,TCK-00063,Critical,Critical,0.8165488166645684,0.8165488166645684,False,TCK-00059,True,1.0,0.5,0.75,0.00025769999774638563,4161,13.0,264.0,0.0,290854,False,False,rejected,Synthetic reviewer rejected because impact evidence or the safe mitigation and rollback plan was incomplete.,False,False,False,8.025769999774639,0.0,0,21,synthetic-eval-v1
46,A3,Multi-agent with mobile agents,TCK-00064,Low,Low,0.8266939970642762,0.05430130513102546,False,,False,,,0.75,0.00015070000517880544,4161,13.0,168.0,0.0,295240,False,False,not_required,,False,True,False,9.01507000051788,0.0,0,,synthetic-eval-v1
46,A3,Multi-agent with mobile agents,TCK-00065,Medium,Medium,0.8538064758930588,0.04892267130013165,False,,False,,,0.75,0.00021039999410277233,4161,13.0,180.0,0.0,299859,False,True,not_required,,False,True,False,10.021039999410277,0.0,0,,synthetic-eval-v1
46,A3,Multi-agent with mobile agents,TCK-00066,High,High,0.8518842907067153,0.04880458923971883,False,,False,,,0.75,0.00015219999477267265,4161,13.0,168.0,0.0,304871,False,False,rejected,Synthetic reviewer rejected because the outage scope and recovery evidence need clarification.,False,False,True,0.05,0.5,0,12,synthetic-eval-v1
46,A3,Multi-agent with mobile agents,TCK-00067,Critical,Critical,0.8486843654365014,0.8486843654365014,False,,False,,,0.75,0.00015839999105082825,4161,13.0,180.0,0.0,309355,False,False,rejected,Synthetic reviewer rejected because impact evidence or the safe mitigation and rollback plan was incomplete.,False,False,False,1.0158399991050828,0.0,1,30,synthetic-eval-v1
46,A3,Multi-agent with mobile agents,TCK-00068,Low,Low,0.854258057886768,0.047131838605735825,False,,False,,,0.75,0.0001672999860602431,4161,13.0,168.0,0.0,313823,False,True,not_required,,False,True,False,2.0167299986060243,0.0,0,,synthetic-eval-v1
46,A3,Multi-agent with mobile agents,TCK-00069,Medium,Medium,0.8538065161167635,0.04892267246577186,False,,False,,,0.75,0.00016770000365795568,4161,13.0,180.0,0.0,318307,False,True,not_required,,False,True,False,3.0167700003657956,0.0,0,,synthetic-eval-v1
46,A3,Multi-agent with mobile agents,TCK-00070,High,High,0.7921435330117285,0.07241290617925228,True,TCK-00066,True,1.0,0.3333333333333333,0.75,0.0001576000067871064,4161,13.0,258.0,0.0,322860,False,False,rejected,Synthetic reviewer rejected because the outage scope and recovery evidence need clarification.,False,True,False,4.015760000678711,0.0,0,50,synthetic-eval-v1
46,A3,Multi-agent with mobile agents,TCK-00071,Critical,Critical,0.8614985368397363,0.8614985368397363,True,,False,,,0.75,0.00020249999943189323,4161,13.0,180.0,0.0,327267,True,False,accepted,"Synthetic reviewer accepted after confirming incident impact, mitigation scope, and a rollback owner.",False,True,False,5.020249999943189,0.0,0,2,synthetic-eval-v1
46,A3,Multi-agent with mobile agents,TCK-00072,Low,Low,0.837440932661034,0.04873219350630406,True,,False,,,0.75,0.00015829999756533653,4161,13.0,168.0,0.0,331775,False,False,not_required,,False,True,False,6.015829999756534,0.0,0,,synthetic-eval-v1
46,A3,Multi-agent with mobile agents,TCK-00073,Medium,Medium,0.8501519995884195,0.04596870424677121,True,,False,,,0.75,0.00024000000121304765,4161,13.0,180.0,0.0,336259,False,False,not_required,,False,True,False,7.024000000121305,0.0,0,,synthetic-eval-v1
46,A3,Multi-agent with mobile agents,TCK-00074,High,High,0.8412552305611231,0.04800530164668262,True,,False,,,0.75,0.00017710000975057483,4161,13.0,168.0,0.0,340728,False,False,rejected,Synthetic reviewer rejected because the outage scope and recovery evidence need clarification.,False,True,False,8.017710000975057,0.0,0,25,synthetic-eval-v1
46,A3,Multi-agent with mobile agents,TCK-00075,Critical,Critical,0.8369486015966192,0.8369486015966192,True,,False,,,0.75,0.000167800004419405,4161,13.0,180.0,0.0,345212,True,False,accepted,"Synthetic reviewer accepted after confirming incident impact, mitigation scope, and a rollback owner.",False,True,False,9.01678000044194,0.0,0,40,synthetic-eval-v1
46,A3,Multi-agent with mobile agents,TCK-00076,Low,Low,0.8303124817300563,0.053708411875027375,True,,False,,,0.75,0.00016529999993508682,4161,13.0,168.0,0.0,350192,False,False,not_required,,False,True,False,10.016529999993509,0.0,0,,synthetic-eval-v1
46,A3,Multi-agent with mobile agents,TCK-00077,Medium,Medium,0.7796390573042148,0.06921084690068266,True,TCK-00073,True,1.0,0.5,0.75,0.0001661000060266815,4161,13.0,270.0,0.0,354896,False,False,not_required,,False,True,False,0.05,0.0,1,,synthetic-eval-v1
46,A3,Multi-agent with mobile agents,TCK-00078,High,High,0.8421531889636729,0.04921166581671809,True,,False,,,0.75,0.00015090000670170411,4161,13.0,168.0,0.0,359407,False,False,rejected,Synthetic reviewer rejected because the outage scope and recovery evidence need clarification.,False,True,False,1.0150900006701704,0.0,0,17,synthetic-eval-v1
46,A3,Multi-agent with mobile agents,TCK-00079,Critical,Critical,0.855511843100157,0.855511843100157,True,,False,,,0.75,0.00016840000171214342,4161,13.0,180.0,0.0,363907,False,False,rejected,Synthetic reviewer rejected because impact evidence or the safe mitigation and rollback plan was incomplete.,False,False,False,2.0168400001712143,0.0,0,29,synthetic-eval-v1
46,A3,Multi-agent with mobile agents,TCK-00080,Low,Low,0.8702263442054318,0.04292237632388488,True,,False,,,0.75,0.00014429999282583594,4161,13.0,168.0,0.0,368375,True,False,not_required,,False,True,False,3.0144299992825836,0.0,0,,synthetic-eval-v1
46,A3,Multi-agent with mobile agents,TCK-00081,Medium,Medium,0.8479736046542982,0.04944697291524253,True,,False,,,0.75,0.00016340000001946464,4161,13.0,180.0,0.0,372859,False,True,not_required,,False,True,False,4.0163400000019465,0.0,0,,synthetic-eval-v1
46,A3,Multi-agent with mobile agents,TCK-00082,High,High,0.8661615102783514,0.04422486626909189,True,,False,,,0.75,0.00014640001609222963,4161,13.0,168.0,0.0,377326,False,True,rejected,Synthetic reviewer rejected because the outage scope and recovery evidence need clarification.,False,True,False,5.014640001609223,0.0,0,1,synthetic-eval-v1
46,A3,Multi-agent with mobile agents,TCK-00083,Critical,Critical,0.8614985368397363,0.8614985368397363,True,,False,,,0.75,0.0001596999863977544,4161,13.0,180.0,0.0,381811,True,False,accepted,"Synthetic reviewer accepted after confirming incident impact, mitigation scope, and a rollback owner.",False,True,False,6.015969998639775,0.0,0,4,synthetic-eval-v1
46,A3,Multi-agent with mobile agents,TCK-00084,Low,Low,0.8091607365461844,0.0654851266534436,True,TCK-00080,True,1.0,0.5,0.75,0.00021809999452671036,4161,13.0,258.0,0.0,386364,False,True,not_required,,False,True,False,7.021809999452671,0.0,0,,synthetic-eval-v1
46,A3,Multi-agent with mobile agents,TCK-00085,Medium,Medium,0.8700445019165345,0.043895861937446636,True,,False,,,0.75,0.00014510000619338825,4161,13.0,180.0,0.0,390771,False,True,not_required,,False,True,False,8.014510000619339,0.0,0,,synthetic-eval-v1
46,A3,Multi-agent with mobile agents,TCK-00086,High,High,0.834644043013792,0.049820408533366535,True,,False,,,0.75,0.00016259997937595472,4161,13.0,168.0,0.0,395855,False,False,rejected,Synthetic reviewer rejected because the outage scope and recovery evidence need clarification.,False,True,False,9.016259997937595,0.0,0,36,synthetic-eval-v1
46,A3,Multi-agent with mobile agents,TCK-00087,Critical,Critical,0.8348053351456487,0.8348053351456487,True,,False,,,0.75,0.00014479999663308263,4161,13.0,180.0,0.0,400340,True,False,accepted,"Synthetic reviewer accepted after confirming incident impact, mitigation scope, and a rollback owner.",False,True,False,10.014479999663308,0.0,1,47,synthetic-eval-v1
46,A3,Multi-agent with mobile agents,TCK-00088,Low,Low,0.8408696042517881,0.04905655365062036,True,,False,,,0.75,0.00015859999257372692,4161,13.0,168.0,0.0,404808,False,False,not_required,,False,True,False,0.05,0.0,0,,synthetic-eval-v1
46,A3,Multi-agent with mobile agents,TCK-00089,Medium,Medium,0.8264679837121579,0.05553037050326487,True,,False,,,0.75,0.0001446999958716333,4161,13.0,180.0,0.0,409268,False,False,not_required,,False,True,False,1.0144699995871633,0.0,0,,synthetic-eval-v1
46,A3,Multi-agent with mobile agents,TCK-00090,High,High,0.8262071721591157,0.05444781309862936,True,,False,,,0.75,0.00016220000543398783,4161,13.0,168.0,0.0,413736,False,False,rejected,Synthetic reviewer rejected because the outage scope and recovery evidence need clarification.,False,True,False,2.016220000543399,0.0,0,45,synthetic-eval-v1
46,A3,Multi-agent with mobile agents,TCK-00091,Critical,Critical,0.7996564731295592,0.7996564731295592,True,TCK-00087,True,1.0,0.3333333333333333,0.75,0.00016929999401327223,4161,13.0,270.0,0.0,418314,True,False,accepted,"Synthetic reviewer accepted after confirming incident impact, mitigation scope, and a rollback owner.",False,True,False,3.0169299994013272,0.0,0,43,synthetic-eval-v1
46,A3,Multi-agent with mobile agents,TCK-00092,Low,Low,0.8634000023291151,0.045279996110200706,True,,False,,,0.75,0.00014680000458611175,4161,13.0,168.0,0.0,422695,False,False,not_required,,False,True,False,4.014680000458611,0.0,0,,synthetic-eval-v1
46,A3,Multi-agent with mobile agents,TCK-00093,Medium,Medium,0.8700445019165345,0.043895861937446636,True,,False,,,0.75,0.00016239999240497127,4161,13.0,180.0,0.0,427347,False,False,not_required,,False,True,False,5.016239999240497,0.0,0,,synthetic-eval-v1
46,A3,Multi-agent with mobile agents,TCK-00094,High,High,0.8661615102783514,0.04422486626909189,True,,False,,,0.75,0.00014579999697161838,4161,13.0,168.0,0.0,431943,False,False,rejected,Synthetic reviewer rejected because the outage scope and recovery evidence need clarification.,False,True,False,6.014579999697162,0.0,0,14,synthetic-eval-v1
46,A3,Multi-agent with mobile agents,TCK-00095,Critical,Critical,0.8614985368397363,0.8614985368397363,True,,False,,,0.75,0.00015949999942677096,4161,13.0,180.0,0.0,436427,True,False,accepted,"Synthetic reviewer accepted after confirming incident impact, mitigation scope, and a rollback owner.",False,True,False,7.015949999942677,0.0,0,11,synthetic-eval-v1
46,A3,Multi-agent with mobile agents,TCK-00096,Low,Low,0.8492468874965522,0.04801674220422122,True,,False,,,0.75,0.00019570001313695684,4161,13.0,168.0,0.0,440895,False,False,not_required,,False,True,False,8.019570001313696,0.0,0,,synthetic-eval-v1
46,A3,Multi-agent with mobile agents,TCK-00097,Medium,Medium,0.8501519995884195,0.04596870424677121,True,,False,,,0.75,0.00014630000077886507,4161,13.0,180.0,0.0,445379,False,False,not_required,,False,True,False,9.014630000077887,0.0,1,,synthetic-eval-v1
46,A3,Multi-agent with mobile agents,TCK-00098,High,High,0.7998965500049211,0.06998085357517113,True,TCK-00094,True,1.0,0.5,0.75,0.00018529999942984432,4161,13.0,258.0,0.0,450572,False,False,rejected,Synthetic reviewer rejected because the outage scope and recovery evidence need clarification.,False,True,False,10.018529999942984,0.0,0,33,synthetic-eval-v1
46,A3,Multi-agent with mobile agents,TCK-00099,Critical,Critical,0.8614985368397363,0.8614985368397363,True,,False,,,0.75,0.00015559999883407727,4161,13.0,180.0,0.0,454979,False,False,rejected,Synthetic reviewer rejected because impact evidence or the safe mitigation and rollback plan was incomplete.,False,False,False,0.05,0.0,0,28,synthetic-eval-v1
