seed,arm,ticket_id,stage,wall_time_s,network_bytes,messages,llm_tokens_estimated,cpu_seconds,peak_memory_bytes,bytes_source,token_source,dataset_version
42,A0,TCK-00000,triage,0.0009529999952064827,0,0,0,0.0,788,ACL serializer; MobileAgentRuntime bundle serializer for A3,none,synthetic-eval-v1
42,A0,TCK-00000,assignment,3.139999898849055e-05,0,0,0,0.0,1474,ACL serializer; MobileAgentRuntime bundle serializer for A3,none,synthetic-eval-v1
42,A0,TCK-00000,investigation,2.25000039790757e-05,0,0,0,0.0,1956,ACL serializer; MobileAgentRuntime bundle serializer for A3,none,synthetic-eval-v1
42,A0,TCK-00000,implementation,2.2799998987466097e-05,0,0,0,0.0,2434,ACL serializer; MobileAgentRuntime bundle serializer for A3,none,synthetic-eval-v1
42,A0,TCK-00000,qa,2.529999619582668e-05,0,0,0,0.0,2892,ACL serializer; MobileAgentRuntime bundle serializer for A3,none,synthetic-eval-v1
42,A0,TCK-00000,deployment,2.1800005924887955e-05,0,0,0,0.0,3410,ACL serializer; MobileAgentRuntime bundle serializer for A3,none,synthetic-eval-v1
42,A0,TCK-00001,triage,1.7099999240599573e-05,0,0,0,0.0,4688,ACL serializer; MobileAgentRuntime bundle serializer for A3,none,synthetic-eval-v1
42,A0,TCK-00001,assignment,2.5000001187436283e-05,0,0,0,0.0,5290,ACL serializer; MobileAgentRuntime bundle serializer for A3,none,synthetic-eval-v1
42,A0,TCK-00001,investigation,2.1399995603132993e-05,0,0,0,0.0,5772,ACL serializer; MobileAgentRuntime bundle serializer for A3,none,synthetic-eval-v1
42,A0,TCK-00001,implementation,2.1399995603132993e-05,0,0,0,0.0,6314,ACL serializer; MobileAgentRuntime bundle serializer for A3,none,synthetic-eval-v1
42,A0,TCK-00001,qa,2.3699998564552516e-05,0,0,0,0.0,6836,ACL serializer; MobileAgentRuntime bundle serializer for A3,none,synthetic-eval-v1
42,A0,TCK-00001,deployment,2.2199994418770075e-05,0,0,0,0.0,7386,ACL serializer; MobileAgentRuntime bundle serializer for A3,none,synthetic-eval-v1
42,A0,TCK-00002,triage,5.059999966761097e-05,0,0,0,0.0,9094,ACL serializer; MobileAgentRuntime bundle serializer for A3,none,synthetic-eval-v1
42,A0,TCK-00002,assignment,5.1399998483248055e-05,0,0,0,0.0,9672,ACL serializer; MobileAgentRuntime bundle serializer for A3,none,synthetic-eval-v1
42,A0,TCK-00002,investigation,1.7300000763498247e-05,0,0,0,0.0,10218,ACL serializer; MobileAgentRuntime bundle serializer for A3,none,synthetic-eval-v1
42,A0,TCK-00002,implementation,1.5799996617715806e-05,0,0,0,0.0,10760,ACL serializer; MobileAgentRuntime bundle serializer for A3,none,synthetic-eval-v1
42,A0,TCK-00002,qa,1.630000042496249e-05,0,0,0,0.0,11282,ACL serializer; MobileAgentRuntime bundle serializer for A3,none,synthetic-eval-v1
42,A0,TCK-00002,deployment,1.5499994333367795e-05,0,0,0,0.0,11896,ACL serializer; MobileAgentRuntime bundle serializer for A3,none,synthetic-eval-v1
42,A0,TCK-00003,triage,7.560000085504726e-05,0,0,0,0.0,13408,ACL serializer; MobileAgentRuntime bundle serializer for A3,none,synthetic-eval-v1
42,A0,TCK-00003,assignment,5.6400000175926834e-05,0,0,0,0.0,13938,ACL serializer; MobileAgentRuntime bundle serializer for A3,none,synthetic-eval-v1
42,A0,TCK-00003,investigation,3.0000002880115062e-05,0,0,0,0.0,14484,ACL serializer; MobileAgentRuntime bundle serializer for A3,none,synthetic-eval-v1
42,A0,TCK-00003,implementation,2.1100000594742596e-05,0,0,0,0.0,15026,ACL serializer; MobileAgentRuntime bundle serializer for A3,none,synthetic-eval-v1
42,A0,TCK-00003,qa,1.5600002370774746e-05,0,0,0,0.0,15548,ACL serializer; MobileAgentRuntime bundle serializer for A3,none,synthetic-eval-v1
42,A0,TCK-00003,deployment,2.1399995603132993e-05,0,0,0,0.0,16098,ACL serializer; MobileAgentRuntime bundle serializer for A3,none,synthetic-eval-v1
42,A0,TCK-00004,triage,1.9699997210409492e-05,0,0,0,0.0,17624,ACL serializer; MobileAgentRuntime bundle serializer for A3,none,synthetic-eval-v1
42,A0,TCK-00004,assignment,1.7499995010439306e-05,0,0,0,0.0,18170,ACL serializer; MobileAgentRuntime bundle serializer for A3,none,synthetic-eval-v1
42,A0,TCK-00004,investigation,1.569999585626647e-05,0,0,0,0.0,18716,ACL serializer; MobileAgentRuntime bundle serializer for A3,none,synthetic-eval-v1
42,A0,TCK-00004,implementation,1.5400000847876072e-05,0,0,0,0.0,19258,ACL serializer; MobileAgentRuntime bundle serializer for A3,none,synthetic-eval-v1
42,A0,TCK-00004,qa,1.5200006600935012e-05,0,0,0,0.0,19780,ACL serializer; MobileAgentRuntime bundle serializer for A3,none,synthetic-eval-v1
42,A0,TCK-00004,deployment,1.4999997802078724e-05,0,0,0,0.0,20330,ACL serializer; MobileAgentRuntime bundle serializer for A3,none,synthetic-eval-v1
42,A0,TCK-00005,triage,1.809999957913533e-05,0,0,0,0.0,21968,ACL serializer; MobileAgentRuntime bundle serializer for A3,none,synthetic-eval-v1
42,A0,TCK-00005,assignment,1.4400000509340316e-05,0,0,0,0.0,22402,ACL serializer; MobileAgentRuntime bundle serializer for A3,none,synthetic-eval-v1
42,A0,TCK-00005,investigation,1.5199999324977398e-05,0,0,0,0.0,22948,ACL serializer; MobileAgentRuntime bundle serializer for A3,none,synthetic-eval-v1
42,A0,TCK-00005,implementation,1.5300000086426735e-05,0,0,0,0.0,23554,ACL serializer; MobileAgentRuntime bundle serializer for A3,none,synthetic-eval-v1
42,A0,TCK-00005,qa,1.5599995094817132e-05,0,0,0,0.0,24076,ACL serializer; MobileAgentRuntime bundle serializer for A3,none,synthetic-eval-v1
42,A0,TCK-00005,deployment,1.739999424898997e-05,0,0,0,0.0,24626,ACL serializer; MobileAgentRuntime bundle serializer for A3,none,synthetic-eval-v1
42,A0,TCK-00006,triage,1.7899998056236655e-05,0,0,0,0.0,26280,ACL serializer; MobileAgentRuntime bundle serializer for A3,none,synthetic-eval-v1
42,A0,TCK-00006,assignment,1.4299999747890979e-05,0,0,0,0.0,26714,ACL serializer; MobileAgentRuntime bundle serializer for A3,none,synthetic-eval-v1
42,A0,TCK-00006,investigation,1.3799995940644294e-05,0,0,0,0.0,27212,ACL serializer; MobileAgentRuntime bundle serializer for A3,none,synthetic-eval-v1
42,A0,TCK-00006,implementation,1.5099998563528061e-05,0,0,0,0.0,27754,ACL serializer; MobileAgentRuntime bundle serializer for A3,none,synthetic-eval-v1
42,A0,TCK-00006,qa,2.819999644998461e-05,0,0,0,0.0,28276,ACL serializer; MobileAgentRuntime bundle serializer for A3,none,synthetic-eval-v1
42,A0,TCK-00006,deployment,1.5300000086426735e-05,0,0,0,0.0,28922,ACL serializer; MobileAgentRuntime bundle serializer for A3,none,synthetic-eval-v1
42,A0,TCK-00007,triage,1.750000228639692e-05,0,0,0,0.0,30732,ACL serializer; MobileAgentRuntime bundle serializer for A3,none,synthetic-eval-v1
42,A0,TCK-00007,assignment,1.4499993994832039e-05,0,0,0,0.0,31166,ACL serializer; MobileAgentRuntime bundle serializer for A3,none,synthetic-eval-v1
42,A0,TCK-00007,investigation,1.3899996702093631e-05,0,0,0,0.0,31664,ACL serializer; MobileAgentRuntime bundle serializer for A3,none,synthetic-eval-v1
42,A0,TCK-00007,implementation,1.3700002455152571e-05,0,0,0,0.0,32158,ACL serializer; MobileAgentRuntime bundle serializer for A3,none,synthetic-eval-v1
42,A0,TCK-00007,qa,1.5300000086426735e-05,0,0,0,0.0,32680,ACL serializer; MobileAgentRuntime bundle serializer for A3,none,synthetic-eval-v1
42,A0,TCK-00007,deployment,1.5099998563528061e-05,0,0,0,0.0,33230,ACL serializer; MobileAgentRuntime bundle serializer for A3,none,synthetic-eval-v1
42,A0,TCK-00008,triage,1.7400001524947584e-05,0,0,0,0.0,34840,ACL serializer; MobileAgentRuntime bundle serializer for A3,none,synthetic-eval-v1
42,A0,TCK-00008,assignment,1.4199998986441642e-05,0,0,0,0.0,35274,ACL serializer; MobileAgentRuntime bundle serializer for A3,none,synthetic-eval-v1
42,A0,TCK-00008,investigation,1.3500000932253897e-05,0,0,0,0.0,35772,ACL serializer; MobileAgentRuntime bundle serializer for A3,none,synthetic-eval-v1
42,A0,TCK-00008,implementation,1.3500000932253897e-05,0,0,0,0.0,36266,ACL serializer; MobileAgentRuntime bundle serializer for A3,none,synthetic-eval-v1
42,A0,TCK-00008,qa,1.4700002793688327e-05,0,0,0,0.0,36788,ACL serializer; MobileAgentRuntime bundle serializer for A3,none,synthetic-eval-v1
42,A0,TCK-00008,deployment,1.4900004316587001e-05,0,0,0,0.0,37434,ACL serializer; MobileAgentRuntime bundle serializer for A3,none,synthetic-eval-v1
42,A0,TCK-00009,triage,1.7400001524947584e-05,0,0,0,0.0,39290,ACL serializer; MobileAgentRuntime bundle serializer for A3,none,synthetic-eval-v1
42,A0,TCK-00009,assignment,1.4999997802078724e-05,0,0,0,0.0,39724,ACL serializer; MobileAgentRuntime bundle serializer for A3,none,synthetic-eval-v1
42,A0,TCK-00009,investigation,1.3600001693703234e-05,0,0,0,0.0,40222,ACL serializer; MobileAgentRuntime bundle serializer for A3,none,synthetic-eval-v1
42,A0,TCK-00009,implementation,1.3700002455152571e-05,0,0,0,0.0,40716,ACL serializer; MobileAgentRuntime bundle serializer for A3,none,synthetic-eval-v1
42,A0,TCK-00009,qa,1.3600001693703234e-05,0,0,0,0.0,41190,ACL serializer; MobileAgentRuntime bundle serializer for A3,none,synthetic-eval-v1
42,A0,TCK-00009,deployment,1.3299999409355223e-05,0,0,0,0.0,41692,ACL serializer; MobileAgentRuntime bundle serializer for A3,none,synthetic-eval-v1
42,A0,TCK-00010,triage,1.6999998479150236e-05,0,0,0,0.0,43570,ACL serializer; MobileAgentRuntime bundle serializer for A3,none,synthetic-eval-v1
42,A0,TCK-00010,assignment,1.3999997463542968e-05,0,0,0,0.0,44004,ACL serializer; MobileAgentRuntime bundle serializer for A3,none,synthetic-eval-v1
42,A0,TCK-00010,investigation,1.3500000932253897e-05,0,0,0,0.0,44502,ACL serializer; MobileAgentRuntime bundle serializer for A3,none,synthetic-eval-v1
42,A0,TCK-00010,implementation,1.340000017080456e-05,0,0,0,0.0,44996,ACL serializer; MobileAgentRuntime bundle serializer for A3,none,synthetic-eval-v1
42,A0,TCK-00010,qa,1.309999788645655e-05,0,0,0,0.0,45470,ACL serializer; MobileAgentRuntime bundle serializer for A3,none,synthetic-eval-v1
42,A0,TCK-00010,deployment,1.340000017080456e-05,0,0,0,0.0,46068,ACL serializer; MobileAgentRuntime bundle serializer for A3,none,synthetic-eval-v1
42,A0,TCK-00011,triage,1.739999424898997e-05,0,0,0,0.0,47914,ACL serializer; MobileAgentRuntime bundle serializer for A3,none,synthetic-eval-v1
42,A0,TCK-00011,assignment,1.3899996702093631e-05,0,0,0,0.0,48348,ACL serializer; MobileAgentRuntime bundle serializer for A3,none,synthetic-eval-v1
42,A0,TCK-00011,investigation,1.3500000932253897e-05,0,0,0,0.0,48846,ACL serializer; MobileAgentRuntime bundle serializer for A3,none,synthetic-eval-v1
42,A0,TCK-00011,implementation,1.3299999409355223e-05,0,0,0,0.0,49340,ACL serializer; MobileAgentRuntime bundle serializer for A3,none,synthetic-eval-v1
42,A0,TCK-00011,qa,1.3199998647905886e-05,0,0,0,0.0,49814,ACL serializer; MobileAgentRuntime bundle serializer for A3,none,synthetic-eval-v1
42,A0,TCK-00011,deployment,1.3100005162414163e-05,0,0,0,0.0,50316,ACL serializer; MobileAgentRuntime bundle serializer for A3,none,synthetic-eval-v1
42,A0,TCK-00012,triage,1.7499995010439306e-05,0,0,0,0.0,52130,ACL serializer; MobileAgentRuntime bundle serializer for A3,none,synthetic-eval-v1
42,A0,TCK-00012,assignment,1.3999997463542968e-05,0,0,0,0.0,52564,ACL serializer; MobileAgentRuntime bundle serializer for A3,none,synthetic-eval-v1
42,A0,TCK-00012,investigation,1.3299999409355223e-05,0,0,0,0.0,53062,ACL serializer; MobileAgentRuntime bundle serializer for A3,none,synthetic-eval-v1
42,A0,TCK-00012,implementation,1.32000059238635e-05,0,0,0,0.0,53556,ACL serializer; MobileAgentRuntime bundle serializer for A3,none,synthetic-eval-v1
42,A0,TCK-00012,qa,1.340000017080456e-05,0,0,0,0.0,54030,ACL serializer; MobileAgentRuntime bundle serializer for A3,none,synthetic-eval-v1
42,A0,TCK-00012,deployment,1.3299999409355223e-05,0,0,0,0.0,54660,ACL serializer; MobileAgentRuntime bundle serializer for A3,none,synthetic-eval-v1
42,A0,TCK-00013,triage,1.68999977177009e-05,0,0,0,0.0,56480,ACL serializer; MobileAgentRuntime bundle serializer for A3,none,synthetic-eval-v1
42,A0,TCK-00013,assignment,1.4099998224992305e-05,0,0,0,0.0,56914,ACL serializer; MobileAgentRuntime bundle serializer for A3,none,synthetic-eval-v1
42,A0,TCK-00013,investigation,1.340000017080456e-05,0,0,0,0.0,57412,ACL serializer; MobileAgentRuntime bundle serializer for A3,none,synthetic-eval-v1
42,A0,TCK-00013,implementation,1.3199998647905886e-05,0,0,0,0.0,57906,ACL serializer; MobileAgentRuntime bundle serializer for A3,none,synthetic-eval-v1
42,A0,TCK-00013,qa,1.3299999409355223e-05,0,0,0,0.0,58380,ACL serializer; MobileAgentRuntime bundle serializer for A3,none,synthetic-eval-v1
42,A0,TCK-00013,deployment,1.3299999409355223e-05,0,0,0,0.0,58882,ACL serializer; MobileAgentRuntime bundle serializer for A3,none,synthetic-eval-v1
42,A0,TCK-00014,triage,1.7599995771888644e-05,0,0,0,0.0,60816,ACL serializer; MobileAgentRuntime bundle serializer for A3,none,synthetic-eval-v1
42,A0,TCK-00014,assignment,1.3900003978051245e-05,0,0,0,0.0,61250,ACL serializer; MobileAgentRuntime bundle serializer for A3,none,synthetic-eval-v1
42,A0,TCK-00014,investigation,1.340000017080456e-05,0,0,0,0.0,61748,ACL serializer; MobileAgentRuntime bundle serializer for A3,none,synthetic-eval-v1
42,A0,TCK-00014,implementation,1.3500000932253897e-05,0,0,0,0.0,62242,ACL serializer; MobileAgentRuntime bundle serializer for A3,none,synthetic-eval-v1
42,A0,TCK-00014,qa,1.3299999409355223e-05,0,0,0,0.0,62716,ACL serializer; MobileAgentRuntime bundle serializer for A3,none,synthetic-eval-v1
42,A0,TCK-00014,deployment,1.3199998647905886e-05,0,0,0,0.0,63218,ACL serializer; MobileAgentRuntime bundle serializer for A3,none,synthetic-eval-v1
42,A0,TCK-00015,triage,1.720000000204891e-05,0,0,0,0.0,64944,ACL serializer; MobileAgentRuntime bundle serializer for A3,none,synthetic-eval-v1
42,A0,TCK-00015,assignment,1.4099998224992305e-05,0,0,0,0.0,65378,ACL serializer; MobileAgentRuntime bundle serializer for A3,none,synthetic-eval-v1
42,A0,TCK-00015,investigation,1.3500000932253897e-05,0,0,0,0.0,65876,ACL serializer; MobileAgentRuntime bundle serializer for A3,none,synthetic-eval-v1
42,A0,TCK-00015,implementation,1.3199998647905886e-05,0,0,0,0.0,66498,ACL serializer; MobileAgentRuntime bundle serializer for A3,none,synthetic-eval-v1
42,A0,TCK-00015,qa,1.340000017080456e-05,0,0,0,0.0,66972,ACL serializer; MobileAgentRuntime bundle serializer for A3,none,synthetic-eval-v1
42,A0,TCK-00015,deployment,1.3199998647905886e-05,0,0,0,0.0,67474,ACL serializer; MobileAgentRuntime bundle serializer for A3,none,synthetic-eval-v1
42,A0,TCK-00016,triage,1.7499995010439306e-05,0,0,0,0.0,69328,ACL serializer; MobileAgentRuntime bundle serializer for A3,none,synthetic-eval-v1
42,A0,TCK-00016,assignment,1.3999997463542968e-05,0,0,0,0.0,69762,ACL serializer; MobileAgentRuntime bundle serializer for A3,none,synthetic-eval-v1
42,A0,TCK-00016,investigation,1.3500000932253897e-05,0,0,0,0.0,70260,ACL serializer; MobileAgentRuntime bundle serializer for A3,none,synthetic-eval-v1
42,A0,TCK-00016,implementation,1.340000017080456e-05,0,0,0,0.0,70754,ACL serializer; MobileAgentRuntime bundle serializer for A3,none,synthetic-eval-v1
42,A0,TCK-00016,qa,1.32000059238635e-05,0,0,0,0.0,71228,ACL serializer; MobileAgentRuntime bundle serializer for A3,none,synthetic-eval-v1
42,A0,TCK-00016,deployment,1.3299999409355223e-05,0,0,0,0.0,71730,ACL serializer; MobileAgentRuntime bundle serializer for A3,none,synthetic-eval-v1
42,A0,TCK-00017,triage,1.6900004993658513e-05,0,0,0,0.0,73664,ACL serializer; MobileAgentRuntime bundle serializer for A3,none,synthetic-eval-v1
42,A0,TCK-00017,assignment,1.4099998224992305e-05,0,0,0,0.0,74098,ACL serializer; MobileAgentRuntime bundle serializer for A3,none,synthetic-eval-v1
42,A0,TCK-00017,investigation,1.3500000932253897e-05,0,0,0,0.0,74596,ACL serializer; MobileAgentRuntime bundle serializer for A3,none,synthetic-eval-v1
42,A0,TCK-00017,implementation,1.3299999409355223e-05,0,0,0,0.0,75090,ACL serializer; MobileAgentRuntime bundle serializer for A3,none,synthetic-eval-v1
42,A0,TCK-00017,qa,1.3899996702093631e-05,0,0,0,0.0,75564,ACL serializer; MobileAgentRuntime bundle serializer for A3,none,synthetic-eval-v1
42,A0,TCK-00017,deployment,1.3199998647905886e-05,0,0,0,0.0,76066,ACL serializer; MobileAgentRuntime bundle serializer for A3,none,synthetic-eval-v1
42,A0,TCK-00018,triage,1.7300000763498247e-05,0,0,0,0.0,77942,ACL serializer; MobileAgentRuntime bundle serializer for A3,none,synthetic-eval-v1
42,A0,TCK-00018,assignment,1.3800003216601908e-05,0,0,0,0.0,78536,ACL serializer; MobileAgentRuntime bundle serializer for A3,none,synthetic-eval-v1
42,A0,TCK-00018,investigation,1.3699995179194957e-05,0,0,0,0.0,79034,ACL serializer; MobileAgentRuntime bundle serializer for A3,none,synthetic-eval-v1
42,A0,TCK-00018,implementation,1.3299999409355223e-05,0,0,0,0.0,79528,ACL serializer; MobileAgentRuntime bundle serializer for A3,none,synthetic-eval-v1
42,A0,TCK-00018,qa,1.2999997125007212e-05,0,0,0,0.0,80002,ACL serializer; MobileAgentRuntime bundle serializer for A3,none,synthetic-eval-v1
42,A0,TCK-00018,deployment,1.309999788645655e-05,0,0,0,0.0,80504,ACL serializer; MobileAgentRuntime bundle serializer for A3,none,synthetic-eval-v1
42,A0,TCK-00019,triage,1.6999998479150236e-05,0,0,0,0.0,82350,ACL serializer; MobileAgentRuntime bundle serializer for A3,none,synthetic-eval-v1
42,A0,TCK-00019,assignment,1.3900003978051245e-05,0,0,0,0.0,82784,ACL serializer; MobileAgentRuntime bundle serializer for A3,none,synthetic-eval-v1
42,A0,TCK-00019,investigation,1.3600001693703234e-05,0,0,0,0.0,83282,ACL serializer; MobileAgentRuntime bundle serializer for A3,none,synthetic-eval-v1
42,A0,TCK-00019,implementation,1.340000017080456e-05,0,0,0,0.0,83776,ACL serializer; MobileAgentRuntime bundle serializer for A3,none,synthetic-eval-v1
42,A0,TCK-00019,qa,1.3299999409355223e-05,0,0,0,0.0,84250,ACL serializer; MobileAgentRuntime bundle serializer for A3,none,synthetic-eval-v1
42,A0,TCK-00019,deployment,1.3299999409355223e-05,0,0,0,0.0,84752,ACL serializer; MobileAgentRuntime bundle serializer for A3,none,synthetic-eval-v1
42,A0,TCK-00020,triage,2.1400002879090607e-05,0,0,0,0.0,86568,ACL serializer; MobileAgentRuntime bundle serializer for A3,none,synthetic-eval-v1
42,A0,TCK-00020,assignment,1.4400000509340316e-05,0,0,0,0.0,87002,ACL serializer; MobileAgentRuntime bundle serializer for A3,none,synthetic-eval-v1
42,A0,TCK-00020,investigation,1.3600001693703234e-05,0,0,0,0.0,87500,ACL serializer; MobileAgentRuntime bundle serializer for A3,none,synthetic-eval-v1
42,A0,TCK-00020,implementation,1.340000017080456e-05,0,0,0,0.0,87994,ACL serializer; MobileAgentRuntime bundle serializer for A3,none,synthetic-eval-v1
42,A0,TCK-00020,qa,1.309999788645655e-05,0,0,0,0.0,88468,ACL serializer; MobileAgentRuntime bundle serializer for A3,none,synthetic-eval-v1
42,A0,TCK-00020,deployment,1.3299999409355223e-05,0,0,0,0.0,88970,ACL serializer; MobileAgentRuntime bundle serializer for A3,none,synthetic-eval-v1
42,A0,TCK-00021,triage,3.360000118846074e-05,0,0,0,0.0,90934,ACL serializer; MobileAgentRuntime bundle serializer for A3,none,synthetic-eval-v1
42,A0,TCK-00021,assignment,1.5300000086426735e-05,0,0,0,0.0,91368,ACL serializer; MobileAgentRuntime bundle serializer for A3,none,synthetic-eval-v1
42,A0,TCK-00021,investigation,3.3700001949910074e-05,0,0,0,0.0,91866,ACL serializer; MobileAgentRuntime bundle serializer for A3,none,synthetic-eval-v1
42,A0,TCK-00021,implementation,2.1100000594742596e-05,0,0,0,0.0,92520,ACL serializer; MobileAgentRuntime bundle serializer for A3,none,synthetic-eval-v1
42,A0,TCK-00021,qa,2.9800001357216388e-05,0,0,0,0.0,92994,ACL serializer; MobileAgentRuntime bundle serializer for A3,none,synthetic-eval-v1
42,A0,TCK-00021,deployment,1.3999997463542968e-05,0,0,0,0.0,93496,ACL serializer; MobileAgentRuntime bundle serializer for A3,none,synthetic-eval-v1
42,A0,TCK-00022,triage,1.8200000340584666e-05,0,0,0,0.0,95210,ACL serializer; MobileAgentRuntime bundle serializer for A3,none,synthetic-eval-v1
42,A0,TCK-00022,assignment,1.4499993994832039e-05,0,0,0,0.0,95644,ACL serializer; MobileAgentRuntime bundle serializer for A3,none,synthetic-eval-v1
42,A0,TCK-00022,investigation,1.3700002455152571e-05,0,0,0,0.0,96142,ACL serializer; MobileAgentRuntime bundle serializer for A3,none,synthetic-eval-v1
42,A0,TCK-00022,implementation,1.3700002455152571e-05,0,0,0,0.0,96636,ACL serializer; MobileAgentRuntime bundle serializer for A3,none,synthetic-eval-v1
42,A0,TCK-00022,qa,1.340000017080456e-05,0,0,0,0.0,97110,ACL serializer; MobileAgentRuntime bundle serializer for A3,none,synthetic-eval-v1
42,A0,TCK-00022,deployment,1.340000017080456e-05,0,0,0,0.0,97612,ACL serializer; MobileAgentRuntime bundle serializer for A3,none,synthetic-eval-v1
42,A0,TCK-00023,triage,1.799999881768599e-05,0,0,0,0.0,99506,ACL serializer; MobileAgentRuntime bundle serializer for A3,none,synthetic-eval-v1
42,A0,TCK-00023,assignment,1.4000004739500582e-05,0,0,0,0.0,99940,ACL serializer; MobileAgentRuntime bundle serializer for A3,none,synthetic-eval-v1
42,A0,TCK-00023,investigation,1.340000017080456e-05,0,0,0,0.0,100438,ACL serializer; MobileAgentRuntime bundle serializer for A3,none,synthetic-eval-v1
42,A0,TCK-00023,implementation,1.340000017080456e-05,0,0,0,0.0,100932,ACL serializer; MobileAgentRuntime bundle serializer for A3,none,synthetic-eval-v1
42,A0,TCK-00023,qa,1.340000017080456e-05,0,0,0,0.0,101406,ACL serializer; MobileAgentRuntime bundle serializer for A3,none,synthetic-eval-v1
42,A0,TCK-00023,deployment,1.309999788645655e-05,0,0,0,0.0,101908,ACL serializer; MobileAgentRuntime bundle serializer for A3,none,synthetic-eval-v1
42,A0,TCK-00024,triage,1.68999977177009e-05,0,0,0,0.0,103706,ACL serializer; MobileAgentRuntime bundle serializer for A3,none,synthetic-eval-v1
42,A0,TCK-00024,assignment,1.4199998986441642e-05,0,0,0,0.0,104140,ACL serializer; MobileAgentRuntime bundle serializer for A3,none,synthetic-eval-v1
42,A0,TCK-00024,investigation,1.4000004739500582e-05,0,0,0,0.0,104638,ACL serializer; MobileAgentRuntime bundle serializer for A3,none,synthetic-eval-v1
42,A0,TCK-00024,implementation,1.3700002455152571e-05,0,0,0,0.0,105132,ACL serializer; MobileAgentRuntime bundle serializer for A3,none,synthetic-eval-v1
42,A0,TCK-00024,qa,1.3299999409355223e-05,0,0,0,0.0,105606,ACL serializer; MobileAgentRuntime bundle serializer for A3,none,synthetic-eval-v1
42,A0,TCK-00024,deployment,1.3199998647905886e-05,0,0,0,0.0,106300,ACL serializer; MobileAgentRuntime bundle serializer for A3,none,synthetic-eval-v1
42,A0,TCK-00025,triage,1.8500002624932677e-05,0,0,0,0.0,108218,ACL serializer; MobileAgentRuntime bundle serializer for A3,none,synthetic-eval-v1
42,A0,TCK-00025,assignment,1.4199998986441642e-05,0,0,0,0.0,108652,ACL serializer; MobileAgentRuntime bundle serializer for A3,none,synthetic-eval-v1
42,A0,TCK-00025,investigation,1.3600001693703234e-05,0,0,0,0.0,109150,ACL serializer; MobileAgentRuntime bundle serializer for A3,none,synthetic-eval-v1
42,A0,TCK-00025,implementation,1.340000017080456e-05,0,0,0,0.0,109644,ACL serializer; MobileAgentRuntime bundle serializer for A3,none,synthetic-eval-v1
42,A0,TCK-00025,qa,1.3500000932253897e-05,0,0,0,0.0,110118,ACL serializer; MobileAgentRuntime bundle serializer for A3,none,synthetic-eval-v1
42,A0,TCK-00025,deployment,1.340000017080456e-05,0,0,0,0.0,110620,ACL serializer; MobileAgentRuntime bundle serializer for A3,none,synthetic-eval-v1
42,A0,TCK-00026,triage,1.720000000204891e-05,0,0,0,0.0,112502,ACL serializer; MobileAgentRuntime bundle serializer for A3,none,synthetic-eval-v1
42,A0,TCK-00026,assignment,1.3700002455152571e-05,0,0,0,0.0,112936,ACL serializer; MobileAgentRuntime bundle serializer for A3,none,synthetic-eval-v1
42,A0,TCK-00026,investigation,1.4199998986441642e-05,0,0,0,0.0,113434,ACL serializer; MobileAgentRuntime bundle serializer for A3,none,synthetic-eval-v1
42,A0,TCK-00026,implementation,2.2000000171829015e-05,0,0,0,0.0,113928,ACL serializer; MobileAgentRuntime bundle serializer for A3,none,synthetic-eval-v1
42,A0,TCK-00026,qa,1.3700002455152571e-05,0,0,0,0.0,114402,ACL serializer; MobileAgentRuntime bundle serializer for A3,none,synthetic-eval-v1
42,A0,TCK-00026,deployment,1.309999788645655e-05,0,0,0,0.0,114904,ACL serializer; MobileAgentRuntime bundle serializer for A3,none,synthetic-eval-v1
42,A0,TCK-00027,triage,1.7499995010439306e-05,0,0,0,0.0,116760,ACL serializer; MobileAgentRuntime bundle serializer for A3,none,synthetic-eval-v1
42,A0,TCK-00027,assignment,1.3900003978051245e-05,0,0,0,0.0,117194,ACL serializer; MobileAgentRuntime bundle serializer for A3,none,synthetic-eval-v1
42,A0,TCK-00027,investigation,1.3500000932253897e-05,0,0,0,0.0,117692,ACL serializer; MobileAgentRuntime bundle serializer for A3,none,synthetic-eval-v1
42,A0,TCK-00027,implementation,1.340000017080456e-05,0,0,0,0.0,118186,ACL serializer; MobileAgentRuntime bundle serializer for A3,none,synthetic-eval-v1
42,A0,TCK-00027,qa,1.3899996702093631e-05,0,0,0,0.0,118660,ACL serializer; MobileAgentRuntime bundle serializer for A3,none,synthetic-eval-v1
42,A0,TCK-00027,deployment,1.3600001693703234e-05,0,0,0,0.0,119162,ACL serializer; MobileAgentRuntime bundle serializer for A3,none,synthetic-eval-v1
42,A0,TCK-00028,triage,1.7700003809295595e-05,0,0,0,0.0,121104,ACL serializer; MobileAgentRuntime bundle serializer for A3,none,synthetic-eval-v1
42,A0,TCK-00028,assignment,1.4000004739500582e-05,0,0,0,0.0,121538,ACL serializer; MobileAgentRuntime bundle serializer for A3,none,synthetic-eval-v1
42,A0,TCK-00028,investigation,1.3500000932253897e-05,0,0,0,0.0,122036,ACL serializer; MobileAgentRuntime bundle serializer for A3,none,synthetic-eval-v1
42,A0,TCK-00028,implementation,1.3500000932253897e-05,0,0,0,0.0,122530,ACL serializer; MobileAgentRuntime bundle serializer for A3,none,synthetic-eval-v1
42,A0,TCK-00028,qa,1.3299999409355223e-05,0,0,0,0.0,123004,ACL serializer; MobileAgentRuntime bundle serializer for A3,none,synthetic-eval-v1
42,A0,TCK-00028,deployment,1.3499993656296283e-05,0,0,0,0.0,123730,ACL serializer; MobileAgentRuntime bundle serializer for A3,none,synthetic-eval-v1
42,A0,TCK-00029,triage,1.7400001524947584e-05,0,0,0,0.0,125496,ACL serializer; MobileAgentRuntime bundle serializer for A3,none,synthetic-eval-v1
42,A0,TCK-00029,assignment,1.410000550094992e-05,0,0,0,0.0,125930,ACL serializer; MobileAgentRuntime bundle serializer for A3,none,synthetic-eval-v1
42,A0,TCK-00029,investigation,1.3900003978051245e-05,0,0,0,0.0,126428,ACL serializer; MobileAgentRuntime bundle serializer for A3,none,synthetic-eval-v1
42,A0,TCK-00029,implementation,1.3299999409355223e-05,0,0,0,0.0,126922,ACL serializer; MobileAgentRuntime bundle serializer for A3,none,synthetic-eval-v1
42,A0,TCK-00029,qa,1.3300006685312837e-05,0,0,0,0.0,127396,ACL serializer; MobileAgentRuntime bundle serializer for A3,none,synthetic-eval-v1
42,A0,TCK-00029,deployment,1.4500001270789653e-05,0,0,0,0.0,127898,ACL serializer; MobileAgentRuntime bundle serializer for A3,none,synthetic-eval-v1
42,A0,TCK-00030,triage,1.68999977177009e-05,0,0,0,0.0,129760,ACL serializer; MobileAgentRuntime bundle serializer for A3,none,synthetic-eval-v1
42,A0,TCK-00030,assignment,1.4199998986441642e-05,0,0,0,0.0,130194,ACL serializer; MobileAgentRuntime bundle serializer for A3,none,synthetic-eval-v1
42,A0,TCK-00030,investigation,1.3299999409355223e-05,0,0,0,0.0,130692,ACL serializer; MobileAgentRuntime bundle serializer for A3,none,synthetic-eval-v1
42,A0,TCK-00030,implementation,1.32000059238635e-05,0,0,0,0.0,131186,ACL serializer; MobileAgentRuntime bundle serializer for A3,none,synthetic-eval-v1
42,A0,TCK-00030,qa,1.3000004400964826e-05,0,0,0,0.0,131660,ACL serializer; MobileAgentRuntime bundle serializer for A3,none,synthetic-eval-v1
42,A0,TCK-00030,deployment,1.3300006685312837e-05,0,0,0,0.0,132162,ACL serializer; MobileAgentRuntime bundle serializer for A3,none,synthetic-eval-v1
42,A0,TCK-00031,triage,1.799999881768599e-05,0,0,0,0.0,134016,ACL serializer; MobileAgentRuntime bundle serializer for A3,none,synthetic-eval-v1
42,A0,TCK-00031,assignment,1.3900003978051245e-05,0,0,0,0.0,134450,ACL serializer; MobileAgentRuntime bundle serializer for A3,none,synthetic-eval-v1
42,A0,TCK-00031,investigation,1.3600001693703234e-05,0,0,0,0.0,134948,ACL serializer; MobileAgentRuntime bundle serializer for A3,none,synthetic-eval-v1
42,A0,TCK-00031,implementation,1.340000017080456e-05,0,0,0,0.0,135442,ACL serializer; MobileAgentRuntime bundle serializer for A3,none,synthetic-eval-v1
42,A0,TCK-00031,qa,1.3299999409355223e-05,0,0,0,0.0,135916,ACL serializer; MobileAgentRuntime bundle serializer for A3,none,synthetic-eval-v1
42,A0,TCK-00031,deployment,1.32000059238635e-05,0,0,0,0.0,136418,ACL serializer; MobileAgentRuntime bundle serializer for A3,none,synthetic-eval-v1
42,A0,TCK-00032,triage,1.6999998479150236e-05,0,0,0,0.0,138264,ACL serializer; MobileAgentRuntime bundle serializer for A3,none,synthetic-eval-v1
42,A0,TCK-00032,assignment,1.4000004739500582e-05,0,0,0,0.0,138698,ACL serializer; MobileAgentRuntime bundle serializer for A3,none,synthetic-eval-v1
42,A0,TCK-00032,investigation,1.3500000932253897e-05,0,0,0,0.0,139196,ACL serializer; MobileAgentRuntime bundle serializer for A3,none,synthetic-eval-v1
42,A0,TCK-00032,implementation,1.4199998986441642e-05,0,0,0,0.0,139690,ACL serializer; MobileAgentRuntime bundle serializer for A3,none,synthetic-eval-v1
42,A0,TCK-00032,qa,1.3500000932253897e-05,0,0,0,0.0,140164,ACL serializer; MobileAgentRuntime bundle serializer for A3,none,synthetic-eval-v1
42,A0,TCK-00032,deployment,1.290000363951549e-05,0,0,0,0.0,140666,ACL serializer; MobileAgentRuntime bundle serializer for A3,none,synthetic-eval-v1
42,A0,TCK-00033,triage,2.0499996026046574e-05,0,0,0,0.0,142584,ACL serializer; MobileAgentRuntime bundle serializer for A3,none,synthetic-eval-v1
42,A0,TCK-00033,assignment,1.3999997463542968e-05,0,0,0,0.0,143018,ACL serializer; MobileAgentRuntime bundle serializer for A3,none,synthetic-eval-v1
42,A0,TCK-00033,investigation,1.3199998647905886e-05,0,0,0,0.0,143516,ACL serializer; MobileAgentRuntime bundle serializer for A3,none,synthetic-eval-v1
42,A0,TCK-00033,implementation,1.309999788645655e-05,0,0,0,0.0,144266,ACL serializer; MobileAgentRuntime bundle serializer for A3,none,synthetic-eval-v1
42,A0,TCK-00033,qa,3.579999611247331e-05,0,0,0,0.0,144740,ACL serializer; MobileAgentRuntime bundle serializer for A3,none,synthetic-eval-v1
42,A0,TCK-00033,deployment,3.079999441979453e-05,0,0,0,0.0,145242,ACL serializer; MobileAgentRuntime bundle serializer for A3,none,synthetic-eval-v1
42,A0,TCK-00034,triage,3.54999938281253e-05,0,0,0,0.0,147128,ACL serializer; MobileAgentRuntime bundle serializer for A3,none,synthetic-eval-v1
42,A0,TCK-00034,assignment,1.6400001186411828e-05,0,0,0,0.0,147562,ACL serializer; MobileAgentRuntime bundle serializer for A3,none,synthetic-eval-v1
42,A0,TCK-00034,investigation,1.3800003216601908e-05,0,0,0,0.0,148060,ACL serializer; MobileAgentRuntime bundle serializer for A3,none,synthetic-eval-v1
42,A0,TCK-00034,implementation,1.3299999409355223e-05,0,0,0,0.0,148554,ACL serializer; MobileAgentRuntime bundle serializer for A3,none,synthetic-eval-v1
42,A0,TCK-00034,qa,1.2799995602108538e-05,0,0,0,0.0,149028,ACL serializer; MobileAgentRuntime bundle serializer for A3,none,synthetic-eval-v1
42,A0,TCK-00034,deployment,1.460000203223899e-05,0,0,0,0.0,149530,ACL serializer; MobileAgentRuntime bundle serializer for A3,none,synthetic-eval-v1
42,A0,TCK-00035,triage,1.720000000204891e-05,0,0,0,0.0,151478,ACL serializer; MobileAgentRuntime bundle serializer for A3,none,synthetic-eval-v1
42,A0,TCK-00035,assignment,1.4099998224992305e-05,0,0,0,0.0,151912,ACL serializer; MobileAgentRuntime bundle serializer for A3,none,synthetic-eval-v1
42,A0,TCK-00035,investigation,1.3299999409355223e-05,0,0,0,0.0,152410,ACL serializer; MobileAgentRuntime bundle serializer for A3,none,synthetic-eval-v1
42,A0,TCK-00035,implementation,1.2999997125007212e-05,0,0,0,0.0,152904,ACL serializer; MobileAgentRuntime bundle serializer for A3,none,synthetic-eval-v1
42,A0,TCK-00035,qa,1.3899996702093631e-05,0,0,0,0.0,153378,ACL serializer; MobileAgentRuntime bundle serializer for A3,none,synthetic-eval-v1
42,A0,TCK-00035,deployment,1.290000363951549e-05,0,0,0,0.0,153880,ACL serializer; MobileAgentRuntime bundle serializer for A3,none,synthetic-eval-v1
42,A0,TCK-00036,triage,1.7599995771888644e-05,0,0,0,0.0,155618,ACL serializer; MobileAgentRuntime bundle serializer for A3,none,synthetic-eval-v1
42,A0,TCK-00036,assignment,1.3600001693703234e-05,0,0,0,0.0,156052,ACL serializer; MobileAgentRuntime bundle serializer for A3,none,synthetic-eval-v1
42,A0,TCK-00036,investigation,1.3299999409355223e-05,0,0,0,0.0,156550,ACL serializer; MobileAgentRuntime bundle serializer for A3,none,synthetic-eval-v1
42,A0,TCK-00036,implementation,1.3100005162414163e-05,0,0,0,0.0,157044,ACL serializer; MobileAgentRuntime bundle serializer for A3,none,synthetic-eval-v1
42,A0,TCK-00036,qa,1.2799995602108538e-05,0,0,0,0.0,157518,ACL serializer; MobileAgentRuntime bundle serializer for A3,none,synthetic-eval-v1
42,A0,TCK-00036,deployment,1.2699994840659201e-05,0,0,0,0.0,158020,ACL serializer; MobileAgentRuntime bundle serializer for A3,none,synthetic-eval-v1
42,A0,TCK-00037,triage,1.7299993487540632e-05,0,0,0,0.0,159914,ACL serializer; MobileAgentRuntime bundle serializer for A3,none,synthetic-eval-v1
42,A0,TCK-00037,assignment,1.359999441774562e-05,0,0,0,0.0,160348,ACL serializer; MobileAgentRuntime bundle serializer for A3,none,synthetic-eval-v1
42,A0,TCK-00037,investigation,1.3199998647905886e-05,0,0,0,0.0,160846,ACL serializer; MobileAgentRuntime bundle serializer for A3,none,synthetic-eval-v1
42,A0,TCK-00037,implementation,1.309999788645655e-05,0,0,0,0.0,161340,ACL serializer; MobileAgentRuntime bundle serializer for A3,none,synthetic-eval-v1
42,A0,TCK-00037,qa,1.340000017080456e-05,0,0,0,0.0,161814,ACL serializer; MobileAgentRuntime bundle serializer for A3,none,synthetic-eval-v1
42,A0,TCK-00037,deployment,1.290000363951549e-05,0,0,0,0.0,162316,ACL serializer; MobileAgentRuntime bundle serializer for A3,none,synthetic-eval-v1
42,A0,TCK-00038,triage,1.6699996194802225e-05,0,0,0,0.0,164138,ACL serializer; MobileAgentRuntime bundle serializer for A3,none,synthetic-eval-v1
42,A0,TCK-00038,assignment,1.3900003978051245e-05,0,0,0,0.0,164572,ACL serializer; MobileAgentRuntime bundle serializer for A3,none,synthetic-eval-v1
42,A0,TCK-00038,investigation,1.3199998647905886e-05,0,0,0,0.0,165070,ACL serializer; MobileAgentRuntime bundle serializer for A3,none,synthetic-eval-v1
42,A0,TCK-00038,implementation,1.3000004400964826e-05,0,0,0,0.0,165564,ACL serializer; MobileAgentRuntime bundle serializer for A3,none,synthetic-eval-v1
42,A0,TCK-00038,qa,1.2699994840659201e-05,0,0,0,0.0,166038,ACL serializer; MobileAgentRuntime bundle serializer for A3,none,synthetic-eval-v1
42,A0,TCK-00038,deployment,1.309999788645655e-05,0,0,0,0.0,166828,ACL serializer; MobileAgentRuntime bundle serializer for A3,none,synthetic-eval-v1
42,A0,TCK-00039,triage,2.2400003217626363e-05,0,0,0,0.0,168680,ACL serializer; MobileAgentRuntime bundle serializer for A3,none,synthetic-eval-v1
42,A0,TCK-00039,assignment,1.4199998986441642e-05,0,0,0,0.0,169114,ACL serializer; MobileAgentRuntime bundle serializer for A3,none,synthetic-eval-v1
42,A0,TCK-00039,investigation,1.340000017080456e-05,0,0,0,0.0,169612,ACL serializer; MobileAgentRuntime bundle serializer for A3,none,synthetic-eval-v1
42,A0,TCK-00039,implementation,1.3199998647905886e-05,0,0,0,0.0,170106,ACL serializer; MobileAgentRuntime bundle serializer for A3,none,synthetic-eval-v1
42,A0,TCK-00039,qa,1.3199998647905886e-05,0,0,0,0.0,170580,ACL serializer; MobileAgentRuntime bundle serializer for A3,none,synthetic-eval-v1
42,A0,TCK-00039,deployment,1.309999788645655e-05,0,0,0,0.0,171082,ACL serializer; MobileAgentRuntime bundle serializer for A3,none,synthetic-eval-v1
42,A0,TCK-00040,triage,1.7400001524947584e-05,0,0,0,0.0,172902,ACL serializer; MobileAgentRuntime bundle serializer for A3,none,synthetic-eval-v1
42,A0,TCK-00040,assignment,1.3299999409355223e-05,0,0,0,0.0,173336,ACL serializer; MobileAgentRuntime bundle serializer for A3,none,synthetic-eval-v1
42,A0,TCK-00040,investigation,1.3299999409355223e-05,0,0,0,0.0,173834,ACL serializer; MobileAgentRuntime bundle serializer for A3,none,synthetic-eval-v1
42,A0,TCK-00040,implementation,1.3199998647905886e-05,0,0,0,0.0,174328,ACL serializer; MobileAgentRuntime bundle serializer for A3,none,synthetic-eval-v1
42,A0,TCK-00040,qa,1.309999788645655e-05,0,0,0,0.0,174802,ACL serializer; MobileAgentRuntime bundle serializer for A3,none,synthetic-eval-v1
42,A0,TCK-00040,deployment,1.2799995602108538e-05,0,0,0,0.0,175304,ACL serializer; MobileAgentRuntime bundle serializer for A3,none,synthetic-eval-v1
42,A0,TCK-00041,triage,1.750000228639692e-05,0,0,0,0.0,177256,ACL serializer; MobileAgentRuntime bundle serializer for A3,none,synthetic-eval-v1
42,A0,TCK-00041,assignment,1.3800003216601908e-05,0,0,0,0.0,177690,ACL serializer; MobileAgentRuntime bundle serializer for A3,none,synthetic-eval-v1
42,A0,TCK-00041,investigation,1.340000017080456e-05,0,0,0,0.0,178188,ACL serializer; MobileAgentRuntime bundle serializer for A3,none,synthetic-eval-v1
42,A0,TCK-00041,implementation,1.309999788645655e-05,0,0,0,0.0,178682,ACL serializer; MobileAgentRuntime bundle serializer for A3,none,synthetic-eval-v1
42,A0,TCK-00041,qa,1.2999997125007212e-05,0,0,0,0.0,179156,ACL serializer; MobileAgentRuntime bundle serializer for A3,none,synthetic-eval-v1
42,A0,TCK-00041,deployment,1.3000004400964826e-05,0,0,0,0.0,179658,ACL serializer; MobileAgentRuntime bundle serializer for A3,none,synthetic-eval-v1
42,A0,TCK-00042,triage,1.7499995010439306e-05,0,0,0,0.0,181696,ACL serializer; MobileAgentRuntime bundle serializer for A3,none,synthetic-eval-v1
42,A0,TCK-00042,assignment,1.3600001693703234e-05,0,0,0,0.0,182130,ACL serializer; MobileAgentRuntime bundle serializer for A3,none,synthetic-eval-v1
42,A0,TCK-00042,investigation,1.3000004400964826e-05,0,0,0,0.0,182628,ACL serializer; MobileAgentRuntime bundle serializer for A3,none,synthetic-eval-v1
42,A0,TCK-00042,implementation,1.340000017080456e-05,0,0,0,0.0,183122,ACL serializer; MobileAgentRuntime bundle serializer for A3,none,synthetic-eval-v1
42,A0,TCK-00042,qa,1.3199998647905886e-05,0,0,0,0.0,183596,ACL serializer; MobileAgentRuntime bundle serializer for A3,none,synthetic-eval-v1
42,A0,TCK-00042,deployment,1.2800002878066152e-05,0,0,0,0.0,184098,ACL serializer; MobileAgentRuntime bundle serializer for A3,none,synthetic-eval-v1
42,A0,TCK-00043,triage,1.7799997294787318e-05,0,0,0,0.0,185840,ACL serializer; MobileAgentRuntime bundle serializer for A3,none,synthetic-eval-v1
42,A0,TCK-00043,assignment,1.3899996702093631e-05,0,0,0,0.0,186274,ACL serializer; MobileAgentRuntime bundle serializer for A3,none,synthetic-eval-v1
42,A0,TCK-00043,investigation,2.8800001018680632e-05,0,0,0,0.0,186772,ACL serializer; MobileAgentRuntime bundle serializer for A3,none,synthetic-eval-v1
42,A0,TCK-00043,implementation,3.6299999919719994e-05,0,0,0,0.0,187266,ACL serializer; MobileAgentRuntime bundle serializer for A3,none,synthetic-eval-v1
42,A0,TCK-00043,qa,1.9099999917671084e-05,0,0,0,0.0,187740,ACL serializer; MobileAgentRuntime bundle serializer for A3,none,synthetic-eval-v1
42,A0,TCK-00043,deployment,1.3500000932253897e-05,0,0,0,0.0,188242,ACL serializer; MobileAgentRuntime bundle serializer for A3,none,synthetic-eval-v1
42,A0,TCK-00044,triage,2.7599999157246202e-05,0,0,0,0.0,190104,ACL serializer; MobileAgentRuntime bundle serializer for A3,none,synthetic-eval-v1
42,A0,TCK-00044,assignment,1.4299999747890979e-05,0,0,0,0.0,190538,ACL serializer; MobileAgentRuntime bundle serializer for A3,none,synthetic-eval-v1
42,A0,TCK-00044,investigation,1.3500000932253897e-05,0,0,0,0.0,191036,ACL serializer; MobileAgentRuntime bundle serializer for A3,none,synthetic-eval-v1
42,A0,TCK-00044,implementation,1.3700002455152571e-05,0,0,0,0.0,191530,ACL serializer; MobileAgentRuntime bundle serializer for A3,none,synthetic-eval-v1
42,A0,TCK-00044,qa,1.2700002116616815e-05,0,0,0,0.0,192004,ACL serializer; MobileAgentRuntime bundle serializer for A3,none,synthetic-eval-v1
42,A0,TCK-00044,deployment,1.3199998647905886e-05,0,0,0,0.0,192826,ACL serializer; MobileAgentRuntime bundle serializer for A3,none,synthetic-eval-v1
42,A0,TCK-00045,triage,1.6900004993658513e-05,0,0,0,0.0,194680,ACL serializer; MobileAgentRuntime bundle serializer for A3,none,synthetic-eval-v1
42,A0,TCK-00045,assignment,1.3600001693703234e-05,0,0,0,0.0,195114,ACL serializer; MobileAgentRuntime bundle serializer for A3,none,synthetic-eval-v1
42,A0,TCK-00045,investigation,2.2499996703118086e-05,0,0,0,0.0,195612,ACL serializer; MobileAgentRuntime bundle serializer for A3,none,synthetic-eval-v1
42,A0,TCK-00045,implementation,1.3199998647905886e-05,0,0,0,0.0,196106,ACL serializer; MobileAgentRuntime bundle serializer for A3,none,synthetic-eval-v1
42,A0,TCK-00045,qa,1.3100005162414163e-05,0,0,0,0.0,196580,ACL serializer; MobileAgentRuntime bundle serializer for A3,none,synthetic-eval-v1
42,A0,TCK-00045,deployment,1.2899996363557875e-05,0,0,0,0.0,197082,ACL serializer; MobileAgentRuntime bundle serializer for A3,none,synthetic-eval-v1
42,A0,TCK-00046,triage,1.630000042496249e-05,0,0,0,0.0,198880,ACL serializer; MobileAgentRuntime bundle serializer for A3,none,synthetic-eval-v1
42,A0,TCK-00046,assignment,1.3899996702093631e-05,0,0,0,0.0,199314,ACL serializer; MobileAgentRuntime bundle serializer for A3,none,synthetic-eval-v1
42,A0,TCK-00046,investigation,1.3299999409355223e-05,0,0,0,0.0,199812,ACL serializer; MobileAgentRuntime bundle serializer for A3,none,synthetic-eval-v1
42,A0,TCK-00046,implementation,1.290000363951549e-05,0,0,0,0.0,200306,ACL serializer; MobileAgentRuntime bundle serializer for A3,none,synthetic-eval-v1
42,A0,TCK-00046,qa,1.2700002116616815e-05,0,0,0,0.0,200780,ACL serializer; MobileAgentRuntime bundle serializer for A3,none,synthetic-eval-v1
42,A0,TCK-00046,deployment,1.2899996363557875e-05,0,0,0,0.0,201282,ACL serializer; MobileAgentRuntime bundle serializer for A3,none,synthetic-eval-v1
42,A0,TCK-00047,triage,1.720000000204891e-05,0,0,0,0.0,203136,ACL serializer; MobileAgentRuntime bundle serializer for A3,none,synthetic-eval-v1
42,A0,TCK-00047,assignment,1.3499993656296283e-05,0,0,0,0.0,203570,ACL serializer; MobileAgentRuntime bundle serializer for A3,none,synthetic-eval-v1
42,A0,TCK-00047,investigation,1.3299999409355223e-05,0,0,0,0.0,204068,ACL serializer; MobileAgentRuntime bundle serializer for A3,none,synthetic-eval-v1
42,A0,TCK-00047,implementation,1.2899996363557875e-05,0,0,0,0.0,204562,ACL serializer; MobileAgentRuntime bundle serializer for A3,none,synthetic-eval-v1
42,A0,TCK-00047,qa,1.340000017080456e-05,0,0,0,0.0,205036,ACL serializer; MobileAgentRuntime bundle serializer for A3,none,synthetic-eval-v1
42,A0,TCK-00047,deployment,1.290000363951549e-05,0,0,0,0.0,205538,ACL serializer; MobileAgentRuntime bundle serializer for A3,none,synthetic-eval-v1
42,A0,TCK-00048,triage,1.7599995771888644e-05,0,0,0,0.0,207362,ACL serializer; MobileAgentRuntime bundle serializer for A3,none,synthetic-eval-v1
42,A0,TCK-00048,assignment,1.359999441774562e-05,0,0,0,0.0,207796,ACL serializer; MobileAgentRuntime bundle serializer for A3,none,synthetic-eval-v1
42,A0,TCK-00048,investigation,1.3199998647905886e-05,0,0,0,0.0,208294,ACL serializer; MobileAgentRuntime bundle serializer for A3,none,synthetic-eval-v1
42,A0,TCK-00048,implementation,1.3100005162414163e-05,0,0,0,0.0,208788,ACL serializer; MobileAgentRuntime bundle serializer for A3,none,synthetic-eval-v1
42,A0,TCK-00048,qa,1.2800002878066152e-05,0,0,0,0.0,209262,ACL serializer; MobileAgentRuntime bundle serializer for A3,none,synthetic-eval-v1
42,A0,TCK-00048,deployment,1.2899996363557875e-05,0,0,0,0.0,209764,ACL serializer; MobileAgentRuntime bundle serializer for A3,none,synthetic-eval-v1
42,A0,TCK-00049,triage,1.750000228639692e-05,0,0,0,0.0,211734,ACL serializer; MobileAgentRuntime bundle serializer for A3,none,synthetic-eval-v1
42,A0,TCK-00049,assignment,1.4099998224992305e-05,0,0,0,0.0,212168,ACL serializer; MobileAgentRuntime bundle serializer for A3,none,synthetic-eval-v1
42,A0,TCK-00049,investigation,1.3199998647905886e-05,0,0,0,0.0,212666,ACL serializer; MobileAgentRuntime bundle serializer for A3,none,synthetic-eval-v1
42,A0,TCK-00049,implementation,1.3199998647905886e-05,0,0,0,0.0,213160,ACL serializer; MobileAgentRuntime bundle serializer for A3,none,synthetic-eval-v1
42,A0,TCK-00049,qa,1.290000363951549e-05,0,0,0,0.0,213634,ACL serializer; MobileAgentRuntime bundle serializer for A3,none,synthetic-eval-v1
42,A0,TCK-00049,deployment,1.309999788645655e-05,0,0,0,0.0,214136,ACL serializer; MobileAgentRuntime bundle serializer for A3,none,synthetic-eval-v1
42,A0,TCK-00050,triage,1.7499995010439306e-05,0,0,0,0.0,215850,ACL serializer; MobileAgentRuntime bundle serializer for A3,none,synthetic-eval-v1
42,A0,TCK-00050,assignment,1.3900003978051245e-05,0,0,0,0.0,216284,ACL serializer; MobileAgentRuntime bundle serializer for A3,none,synthetic-eval-v1
42,A0,TCK-00050,investigation,1.340000017080456e-05,0,0,0,0.0,216782,ACL serializer; MobileAgentRuntime bundle serializer for A3,none,synthetic-eval-v1
42,A0,TCK-00050,implementation,1.309999788645655e-05,0,0,0,0.0,217276,ACL serializer; MobileAgentRuntime bundle serializer for A3,none,synthetic-eval-v1
42,A0,TCK-00050,qa,1.2899996363557875e-05,0,0,0,0.0,217750,ACL serializer; MobileAgentRuntime bundle serializer for A3,none,synthetic-eval-v1
42,A0,TCK-00050,deployment,1.2999997125007212e-05,0,0,0,0.0,218252,ACL serializer; MobileAgentRuntime bundle serializer for A3,none,synthetic-eval-v1
42,A0,TCK-00051,triage,1.7600003047846258e-05,0,0,0,0.0,220122,ACL serializer; MobileAgentRuntime bundle serializer for A3,none,synthetic-eval-v1
42,A0,TCK-00051,assignment,1.3700002455152571e-05,0,0,0,0.0,220556,ACL serializer; MobileAgentRuntime bundle serializer for A3,none,synthetic-eval-v1
42,A0,TCK-00051,investigation,1.340000017080456e-05,0,0,0,0.0,221054,ACL serializer; MobileAgentRuntime bundle serializer for A3,none,synthetic-eval-v1
42,A0,TCK-00051,implementation,1.32000059238635e-05,0,0,0,0.0,221900,ACL serializer; MobileAgentRuntime bundle serializer for A3,none,synthetic-eval-v1
42,A0,TCK-00051,qa,1.3000004400964826e-05,0,0,0,0.0,222374,ACL serializer; MobileAgentRuntime bundle serializer for A3,none,synthetic-eval-v1
42,A0,TCK-00051,deployment,1.309999788645655e-05,0,0,0,0.0,222876,ACL serializer; MobileAgentRuntime bundle serializer for A3,none,synthetic-eval-v1
42,A0,TCK-00052,triage,5.059999966761097e-05,0,0,0,0.0,224672,ACL serializer; MobileAgentRuntime bundle serializer for A3,none,synthetic-eval-v1
42,A0,TCK-00052,assignment,3.650000144261867e-05,0,0,0,0.0,225106,ACL serializer; MobileAgentRuntime bundle serializer for A3,none,synthetic-eval-v1
42,A0,TCK-00052,investigation,3.529999958118424e-05,0,0,0,0.0,225604,ACL serializer; MobileAgentRuntime bundle serializer for A3,none,synthetic-eval-v1
42,A0,TCK-00052,implementation,3.0800001695752144e-05,0,0,0,0.0,226098,ACL serializer; MobileAgentRuntime bundle serializer for A3,none,synthetic-eval-v1
42,A0,TCK-00052,qa,1.8799997633323073e-05,0,0,0,0.0,226572,ACL serializer; MobileAgentRuntime bundle serializer for A3,none,synthetic-eval-v1
42,A0,TCK-00052,deployment,1.3899996702093631e-05,0,0,0,0.0,227074,ACL serializer; MobileAgentRuntime bundle serializer for A3,none,synthetic-eval-v1
42,A0,TCK-00053,triage,2.1699997887481004e-05,0,0,0,0.0,228976,ACL serializer; MobileAgentRuntime bundle serializer for A3,none,synthetic-eval-v1
42,A0,TCK-00053,assignment,1.4099998224992305e-05,0,0,0,0.0,229410,ACL serializer; MobileAgentRuntime bundle serializer for A3,none,synthetic-eval-v1
42,A0,TCK-00053,investigation,1.3699995179194957e-05,0,0,0,0.0,229908,ACL serializer; MobileAgentRuntime bundle serializer for A3,none,synthetic-eval-v1
42,A0,TCK-00053,implementation,1.3199998647905886e-05,0,0,0,0.0,230402,ACL serializer; MobileAgentRuntime bundle serializer for A3,none,synthetic-eval-v1
42,A0,TCK-00053,qa,1.3199998647905886e-05,0,0,0,0.0,230876,ACL serializer; MobileAgentRuntime bundle serializer for A3,none,synthetic-eval-v1
42,A0,TCK-00053,deployment,2.3800006601959467e-05,0,0,0,0.0,231378,ACL serializer; MobileAgentRuntime bundle serializer for A3,none,synthetic-eval-v1
42,A0,TCK-00054,triage,1.6999998479150236e-05,0,0,0,0.0,233248,ACL serializer; MobileAgentRuntime bundle serializer for A3,none,synthetic-eval-v1
42,A0,TCK-00054,assignment,1.410000550094992e-05,0,0,0,0.0,233682,ACL serializer; MobileAgentRuntime bundle serializer for A3,none,synthetic-eval-v1
42,A0,TCK-00054,investigation,2.1500003640539944e-05,0,0,0,0.0,234180,ACL serializer; MobileAgentRuntime bundle serializer for A3,none,synthetic-eval-v1
42,A0,TCK-00054,implementation,1.340000017080456e-05,0,0,0,0.0,234674,ACL serializer; MobileAgentRuntime bundle serializer for A3,none,synthetic-eval-v1
42,A0,TCK-00054,qa,1.309999788645655e-05,0,0,0,0.0,235148,ACL serializer; MobileAgentRuntime bundle serializer for A3,none,synthetic-eval-v1
42,A0,TCK-00054,deployment,2.2899999748915434e-05,0,0,0,0.0,235650,ACL serializer; MobileAgentRuntime bundle serializer for A3,none,synthetic-eval-v1
42,A0,TCK-00055,triage,2.42000023717992e-05,0,0,0,0.0,237456,ACL serializer; MobileAgentRuntime bundle serializer for A3,none,synthetic-eval-v1
42,A0,TCK-00055,assignment,1.3999997463542968e-05,0,0,0,0.0,237890,ACL serializer; MobileAgentRuntime bundle serializer for A3,none,synthetic-eval-v1
42,A0,TCK-00055,investigation,1.359999441774562e-05,0,0,0,0.0,238388,ACL serializer; MobileAgentRuntime bundle serializer for A3,none,synthetic-eval-v1
42,A0,TCK-00055,implementation,1.3600001693703234e-05,0,0,0,0.0,238882,ACL serializer; MobileAgentRuntime bundle serializer for A3,none,synthetic-eval-v1
42,A0,TCK-00055,qa,1.4099998224992305e-05,0,0,0,0.0,239356,ACL serializer; MobileAgentRuntime bundle serializer for A3,none,synthetic-eval-v1
42,A0,TCK-00055,deployment,1.340000017080456e-05,0,0,0,0.0,239858,ACL serializer; MobileAgentRuntime bundle serializer for A3,none,synthetic-eval-v1
42,A0,TCK-00056,triage,1.799999881768599e-05,0,0,0,0.0,241726,ACL serializer; MobileAgentRuntime bundle serializer for A3,none,synthetic-eval-v1
42,A0,TCK-00056,assignment,1.3899996702093631e-05,0,0,0,0.0,242160,ACL serializer; MobileAgentRuntime bundle serializer for A3,none,synthetic-eval-v1
42,A0,TCK-00056,investigation,1.4599994756281376e-05,0,0,0,0.0,242658,ACL serializer; MobileAgentRuntime bundle serializer for A3,none,synthetic-eval-v1
42,A0,TCK-00056,implementation,1.3299999409355223e-05,0,0,0,0.0,243152,ACL serializer; MobileAgentRuntime bundle serializer for A3,none,synthetic-eval-v1
42,A0,TCK-00056,qa,1.2999997125007212e-05,0,0,0,0.0,243626,ACL serializer; MobileAgentRuntime bundle serializer for A3,none,synthetic-eval-v1
42,A0,TCK-00056,deployment,1.2600001355167478e-05,0,0,0,0.0,244128,ACL serializer; MobileAgentRuntime bundle serializer for A3,none,synthetic-eval-v1
42,A0,TCK-00057,triage,1.8300001102034003e-05,0,0,0,0.0,245824,ACL serializer; MobileAgentRuntime bundle serializer for A3,none,synthetic-eval-v1
42,A0,TCK-00057,assignment,1.3700002455152571e-05,0,0,0,0.0,246258,ACL serializer; MobileAgentRuntime bundle serializer for A3,none,synthetic-eval-v1
42,A0,TCK-00057,investigation,1.340000017080456e-05,0,0,0,0.0,246756,ACL serializer; MobileAgentRuntime bundle serializer for A3,none,synthetic-eval-v1
42,A0,TCK-00057,implementation,1.3000004400964826e-05,0,0,0,0.0,247250,ACL serializer; MobileAgentRuntime bundle serializer for A3,none,synthetic-eval-v1
42,A0,TCK-00057,qa,1.359999441774562e-05,0,0,0,0.0,247724,ACL serializer; MobileAgentRuntime bundle serializer for A3,none,synthetic-eval-v1
42,A0,TCK-00057,deployment,1.290000363951549e-05,0,0,0,0.0,248226,ACL serializer; MobileAgentRuntime bundle serializer for A3,none,synthetic-eval-v1
42,A0,TCK-00058,triage,1.6999998479150236e-05,0,0,0,0.0,250040,ACL serializer; MobileAgentRuntime bundle serializer for A3,none,synthetic-eval-v1
42,A0,TCK-00058,assignment,1.359999441774562e-05,0,0,0,0.0,250474,ACL serializer; MobileAgentRuntime bundle serializer for A3,none,synthetic-eval-v1
42,A0,TCK-00058,investigation,1.3000004400964826e-05,0,0,0,0.0,250972,ACL serializer; MobileAgentRuntime bundle serializer for A3,none,synthetic-eval-v1
42,A0,TCK-00058,implementation,1.309999788645655e-05,0,0,0,0.0,251466,ACL serializer; MobileAgentRuntime bundle serializer for A3,none,synthetic-eval-v1
42,A0,TCK-00058,qa,1.2700002116616815e-05,0,0,0,0.0,251940,ACL serializer; MobileAgentRuntime bundle serializer for A3,none,synthetic-eval-v1
42,A0,TCK-00058,deployment,1.5599995094817132e-05,0,0,0,0.0,252826,ACL serializer; MobileAgentRuntime bundle serializer for A3,none,synthetic-eval-v1
42,A0,TCK-00059,triage,2.2799998987466097e-05,0,0,0,0.0,254440,ACL serializer; MobileAgentRuntime bundle serializer for A3,none,synthetic-eval-v1
42,A0,TCK-00059,assignment,1.4400000509340316e-05,0,0,0,0.0,254874,ACL serializer; MobileAgentRuntime bundle serializer for A3,none,synthetic-eval-v1
42,A0,TCK-00059,investigation,1.3800003216601908e-05,0,0,0,0.0,255308,ACL serializer; MobileAgentRuntime bundle serializer for A3,none,synthetic-eval-v1
42,A0,TCK-00059,implementation,1.32000059238635e-05,0,0,0,0.0,255738,ACL serializer; MobileAgentRuntime bundle serializer for A3,none,synthetic-eval-v1
42,A0,TCK-00059,qa,1.340000017080456e-05,0,0,0,0.0,256148,ACL serializer; MobileAgentRuntime bundle serializer for A3,none,synthetic-eval-v1
42,A0,TCK-00059,deployment,1.32000059238635e-05,0,0,0,0.0,256586,ACL serializer; MobileAgentRuntime bundle serializer for A3,none,synthetic-eval-v1
42,A0,TCK-00060,triage,5.1899995014537126e-05,0,0,0,0.0,258168,ACL serializer; MobileAgentRuntime bundle serializer for A3,none,synthetic-eval-v1
42,A0,TCK-00060,assignment,2.729999687289819e-05,0,0,0,0.0,258602,ACL serializer; MobileAgentRuntime bundle serializer for A3,none,synthetic-eval-v1
42,A0,TCK-00060,investigation,2.5399996957276016e-05,0,0,0,0.0,259036,ACL serializer; MobileAgentRuntime bundle serializer for A3,none,synthetic-eval-v1
42,A0,TCK-00060,implementation,2.630000381032005e-05,0,0,0,0.0,259466,ACL serializer; MobileAgentRuntime bundle serializer for A3,none,synthetic-eval-v1
42,A0,TCK-00060,qa,2.600000152597204e-05,0,0,0,0.0,259940,ACL serializer; MobileAgentRuntime bundle serializer for A3,none,synthetic-eval-v1
42,A0,TCK-00060,deployment,2.59000007645227e-05,0,0,0,0.0,260442,ACL serializer; MobileAgentRuntime bundle serializer for A3,none,synthetic-eval-v1
42,A0,TCK-00061,triage,4.400000034365803e-05,0,0,0,0.0,262250,ACL serializer; MobileAgentRuntime bundle serializer for A3,none,synthetic-eval-v1
42,A0,TCK-00061,assignment,3.119999746559188e-05,0,0,0,0.0,262684,ACL serializer; MobileAgentRuntime bundle serializer for A3,none,synthetic-eval-v1
42,A0,TCK-00061,investigation,2.7599999157246202e-05,0,0,0,0.0,263182,ACL serializer; MobileAgentRuntime bundle serializer for A3,none,synthetic-eval-v1
42,A0,TCK-00061,implementation,2.8100002964492887e-05,0,0,0,0.0,263676,ACL serializer; MobileAgentRuntime bundle serializer for A3,none,synthetic-eval-v1
42,A0,TCK-00061,qa,2.6599998818710446e-05,0,0,0,0.0,264150,ACL serializer; MobileAgentRuntime bundle serializer for A3,none,synthetic-eval-v1
42,A0,TCK-00061,deployment,3.109999670414254e-05,0,0,0,0.0,264652,ACL serializer; MobileAgentRuntime bundle serializer for A3,none,synthetic-eval-v1
42,A0,TCK-00062,triage,2.3699998564552516e-05,0,0,0,0.0,266424,ACL serializer; MobileAgentRuntime bundle serializer for A3,none,synthetic-eval-v1
42,A0,TCK-00062,assignment,1.4499993994832039e-05,0,0,0,0.0,266858,ACL serializer; MobileAgentRuntime bundle serializer for A3,none,synthetic-eval-v1
42,A0,TCK-00062,investigation,1.3799995940644294e-05,0,0,0,0.0,267356,ACL serializer; MobileAgentRuntime bundle serializer for A3,none,synthetic-eval-v1
42,A0,TCK-00062,implementation,1.3199998647905886e-05,0,0,0,0.0,267850,ACL serializer; MobileAgentRuntime bundle serializer for A3,none,synthetic-eval-v1
42,A0,TCK-00062,qa,1.3500000932253897e-05,0,0,0,0.0,268324,ACL serializer; MobileAgentRuntime bundle serializer for A3,none,synthetic-eval-v1
42,A0,TCK-00062,deployment,1.309999788645655e-05,0,0,0,0.0,268826,ACL serializer; MobileAgentRuntime bundle serializer for A3,none,synthetic-eval-v1
42,A0,TCK-00063,triage,2.6599998818710446e-05,0,0,0,0.0,270750,ACL serializer; MobileAgentRuntime bundle serializer for A3,none,synthetic-eval-v1
42,A0,TCK-00063,assignment,1.4599994756281376e-05,0,0,0,0.0,271184,ACL serializer; MobileAgentRuntime bundle serializer for A3,none,synthetic-eval-v1
42,A0,TCK-00063,investigation,1.3700002455152571e-05,0,0,0,0.0,271682,ACL serializer; MobileAgentRuntime bundle serializer for A3,none,synthetic-eval-v1
42,A0,TCK-00063,implementation,1.359999441774562e-05,0,0,0,0.0,272176,ACL serializer; MobileAgentRuntime bundle serializer for A3,none,synthetic-eval-v1
42,A0,TCK-00063,qa,1.32000059238635e-05,0,0,0,0.0,272650,ACL serializer; MobileAgentRuntime bundle serializer for A3,none,synthetic-eval-v1
42,A0,TCK-00063,deployment,1.3299999409355223e-05,0,0,0,0.0,273152,ACL serializer; MobileAgentRuntime bundle serializer for A3,none,synthetic-eval-v1
42,A0,TCK-00064,triage,3.899999865097925e-05,0,0,0,0.0,274818,ACL serializer; MobileAgentRuntime bundle serializer for A3,none,synthetic-eval-v1
42,A0,TCK-00064,assignment,1.479999627918005e-05,0,0,0,0.0,275252,ACL serializer; MobileAgentRuntime bundle serializer for A3,none,synthetic-eval-v1
42,A0,TCK-00064,investigation,1.3799995940644294e-05,0,0,0,0.0,275750,ACL serializer; MobileAgentRuntime bundle serializer for A3,none,synthetic-eval-v1
42,A0,TCK-00064,implementation,1.3600001693703234e-05,0,0,0,0.0,276244,ACL serializer; MobileAgentRuntime bundle serializer for A3,none,synthetic-eval-v1
42,A0,TCK-00064,qa,1.2700002116616815e-05,0,0,0,0.0,276718,ACL serializer; MobileAgentRuntime bundle serializer for A3,none,synthetic-eval-v1
42,A0,TCK-00064,deployment,1.309999788645655e-05,0,0,0,0.0,277220,ACL serializer; MobileAgentRuntime bundle serializer for A3,none,synthetic-eval-v1
42,A0,TCK-00065,triage,2.9199996788520366e-05,0,0,0,0.0,279160,ACL serializer; MobileAgentRuntime bundle serializer for A3,none,synthetic-eval-v1
42,A0,TCK-00065,assignment,1.4900004316587001e-05,0,0,0,0.0,279594,ACL serializer; MobileAgentRuntime bundle serializer for A3,none,synthetic-eval-v1
42,A0,TCK-00065,investigation,1.4099998224992305e-05,0,0,0,0.0,280092,ACL serializer; MobileAgentRuntime bundle serializer for A3,none,synthetic-eval-v1
42,A0,TCK-00065,implementation,1.3500000932253897e-05,0,0,0,0.0,280586,ACL serializer; MobileAgentRuntime bundle serializer for A3,none,synthetic-eval-v1
42,A0,TCK-00065,qa,1.340000017080456e-05,0,0,0,0.0,281060,ACL serializer; MobileAgentRuntime bundle serializer for A3,none,synthetic-eval-v1
42,A0,TCK-00065,deployment,1.3199998647905886e-05,0,0,0,0.0,281562,ACL serializer; MobileAgentRuntime bundle serializer for A3,none,synthetic-eval-v1
42,A0,TCK-00066,triage,2.1699997887481004e-05,0,0,0,0.0,283432,ACL serializer; MobileAgentRuntime bundle serializer for A3,none,synthetic-eval-v1
42,A0,TCK-00066,assignment,1.4199998986441642e-05,0,0,0,0.0,283866,ACL serializer; MobileAgentRuntime bundle serializer for A3,none,synthetic-eval-v1
42,A0,TCK-00066,investigation,1.3799995940644294e-05,0,0,0,0.0,284364,ACL serializer; MobileAgentRuntime bundle serializer for A3,none,synthetic-eval-v1
42,A0,TCK-00066,implementation,1.3299999409355223e-05,0,0,0,0.0,284858,ACL serializer; MobileAgentRuntime bundle serializer for A3,none,synthetic-eval-v1
42,A0,TCK-00066,qa,1.3199998647905886e-05,0,0,0,0.0,285332,ACL serializer; MobileAgentRuntime bundle serializer for A3,none,synthetic-eval-v1
42,A0,TCK-00066,deployment,1.359999441774562e-05,0,0,0,0.0,286282,ACL serializer; MobileAgentRuntime bundle serializer for A3,none,synthetic-eval-v1
42,A0,TCK-00067,triage,1.990000600926578e-05,0,0,0,0.0,288064,ACL serializer; MobileAgentRuntime bundle serializer for A3,none,synthetic-eval-v1
42,A0,TCK-00067,assignment,1.3999997463542968e-05,0,0,0,0.0,288498,ACL serializer; MobileAgentRuntime bundle serializer for A3,none,synthetic-eval-v1
42,A0,TCK-00067,investigation,1.340000017080456e-05,0,0,0,0.0,288996,ACL serializer; MobileAgentRuntime bundle serializer for A3,none,synthetic-eval-v1
42,A0,TCK-00067,implementation,1.2999997125007212e-05,0,0,0,0.0,289490,ACL serializer; MobileAgentRuntime bundle serializer for A3,none,synthetic-eval-v1
42,A0,TCK-00067,qa,1.359999441774562e-05,0,0,0,0.0,289964,ACL serializer; MobileAgentRuntime bundle serializer for A3,none,synthetic-eval-v1
42,A0,TCK-00067,deployment,1.290000363951549e-05,0,0,0,0.0,290466,ACL serializer; MobileAgentRuntime bundle serializer for A3,none,synthetic-eval-v1
42,A0,TCK-00068,triage,1.7499995010439306e-05,0,0,0,0.0,292240,ACL serializer; MobileAgentRuntime bundle serializer for A3,none,synthetic-eval-v1
42,A0,TCK-00068,assignment,1.3800003216601908e-05,0,0,0,0.0,292674,ACL serializer; MobileAgentRuntime bundle serializer for A3,none,synthetic-eval-v1
42,A0,TCK-00068,investigation,1.3500000932253897e-05,0,0,0,0.0,293172,ACL serializer; MobileAgentRuntime bundle serializer for A3,none,synthetic-eval-v1
42,A0,TCK-00068,implementation,1.3199998647905886e-05,0,0,0,0.0,293666,ACL serializer; MobileAgentRuntime bundle serializer for A3,none,synthetic-eval-v1
42,A0,TCK-00068,qa,1.2600001355167478e-05,0,0,0,0.0,294140,ACL serializer; MobileAgentRuntime bundle serializer for A3,none,synthetic-eval-v1
42,A0,TCK-00068,deployment,1.2799995602108538e-05,0,0,0,0.0,294642,ACL serializer; MobileAgentRuntime bundle serializer for A3,none,synthetic-eval-v1
42,A0,TCK-00069,triage,1.7599995771888644e-05,0,0,0,0.0,296448,ACL serializer; MobileAgentRuntime bundle serializer for A3,none,synthetic-eval-v1
42,A0,TCK-00069,assignment,1.3999997463542968e-05,0,0,0,0.0,296882,ACL serializer; MobileAgentRuntime bundle serializer for A3,none,synthetic-eval-v1
42,A0,TCK-00069,investigation,1.340000017080456e-05,0,0,0,0.0,297380,ACL serializer; MobileAgentRuntime bundle serializer for A3,none,synthetic-eval-v1
42,A0,TCK-00069,implementation,1.2999997125007212e-05,0,0,0,0.0,297874,ACL serializer; MobileAgentRuntime bundle serializer for A3,none,synthetic-eval-v1
42,A0,TCK-00069,qa,2.1100000594742596e-05,0,0,0,0.0,298348,ACL serializer; MobileAgentRuntime bundle serializer for A3,none,synthetic-eval-v1
42,A0,TCK-00069,deployment,1.340000017080456e-05,0,0,0,0.0,298850,ACL serializer; MobileAgentRuntime bundle serializer for A3,none,synthetic-eval-v1
42,A0,TCK-00070,triage,3.899999865097925e-05,0,0,0,0.0,300742,ACL serializer; MobileAgentRuntime bundle serializer for A3,none,synthetic-eval-v1
42,A0,TCK-00070,assignment,1.4599994756281376e-05,0,0,0,0.0,301176,ACL serializer; MobileAgentRuntime bundle serializer for A3,none,synthetic-eval-v1
42,A0,TCK-00070,investigation,4.140000237384811e-05,0,0,0,0.0,301674,ACL serializer; MobileAgentRuntime bundle serializer for A3,none,synthetic-eval-v1
42,A0,TCK-00070,implementation,2.660000609466806e-05,0,0,0,0.0,302168,ACL serializer; MobileAgentRuntime bundle serializer for A3,none,synthetic-eval-v1
42,A0,TCK-00070,qa,1.4599994756281376e-05,0,0,0,0.0,302642,ACL serializer; MobileAgentRuntime bundle serializer for A3,none,synthetic-eval-v1
42,A0,TCK-00070,deployment,1.3299999409355223e-05,0,0,0,0.0,303144,ACL serializer; MobileAgentRuntime bundle serializer for A3,none,synthetic-eval-v1
42,A0,TCK-00071,triage,2.6399997295811772e-05,0,0,0,0.0,304840,ACL serializer; MobileAgentRuntime bundle serializer for A3,none,synthetic-eval-v1
42,A0,TCK-00071,assignment,1.410000550094992e-05,0,0,0,0.0,305274,ACL serializer; MobileAgentRuntime bundle serializer for A3,none,synthetic-eval-v1
42,A0,TCK-00071,investigation,1.3199998647905886e-05,0,0,0,0.0,305772,ACL serializer; MobileAgentRuntime bundle serializer for A3,none,synthetic-eval-v1
42,A0,TCK-00071,implementation,1.309999788645655e-05,0,0,0,0.0,306266,ACL serializer; MobileAgentRuntime bundle serializer for A3,none,synthetic-eval-v1
42,A0,TCK-00071,qa,1.309999788645655e-05,0,0,0,0.0,306740,ACL serializer; MobileAgentRuntime bundle serializer for A3,none,synthetic-eval-v1
42,A0,TCK-00071,deployment,1.3000004400964826e-05,0,0,0,0.0,307242,ACL serializer; MobileAgentRuntime bundle serializer for A3,none,synthetic-eval-v1
42,A0,TCK-00072,triage,2.1400002879090607e-05,0,0,0,0.0,309056,ACL serializer; MobileAgentRuntime bundle serializer for A3,none,synthetic-eval-v1
42,A0,TCK-00072,assignment,1.4099998224992305e-05,0,0,0,0.0,309490,ACL serializer; MobileAgentRuntime bundle serializer for A3,none,synthetic-eval-v1
42,A0,TCK-00072,investigation,1.340000017080456e-05,0,0,0,0.0,309988,ACL serializer; MobileAgentRuntime bundle serializer for A3,none,synthetic-eval-v1
42,A0,TCK-00072,implementation,1.3000004400964826e-05,0,0,0,0.0,310482,ACL serializer; MobileAgentRuntime bundle serializer for A3,none,synthetic-eval-v1
42,A0,TCK-00072,qa,1.3299999409355223e-05,0,0,0,0.0,310956,ACL serializer; MobileAgentRuntime bundle serializer for A3,none,synthetic-eval-v1
42,A0,TCK-00072,deployment,1.309999788645655e-05,0,0,0,0.0,311458,ACL serializer; MobileAgentRuntime bundle serializer for A3,none,synthetic-eval-v1
42,A0,TCK-00073,triage,1.9699997210409492e-05,0,0,0,0.0,313376,ACL serializer; MobileAgentRuntime bundle serializer for A3,none,synthetic-eval-v1
42,A0,TCK-00073,assignment,1.3700002455152571e-05,0,0,0,0.0,313810,ACL serializer; MobileAgentRuntime bundle serializer for A3,none,synthetic-eval-v1
42,A0,TCK-00073,investigation,1.4299999747890979e-05,0,0,0,0.0,314308,ACL serializer; MobileAgentRuntime bundle serializer for A3,none,synthetic-eval-v1
42,A0,TCK-00073,implementation,1.3299999409355223e-05,0,0,0,0.0,314802,ACL serializer; MobileAgentRuntime bundle serializer for A3,none,synthetic-eval-v1
42,A0,TCK-00073,qa,1.2999997125007212e-05,0,0,0,0.0,315276,ACL serializer; MobileAgentRuntime bundle serializer for A3,none,synthetic-eval-v1
42,A0,TCK-00073,deployment,1.309999788645655e-05,0,0,0,0.0,315778,ACL serializer; MobileAgentRuntime bundle serializer for A3,none,synthetic-eval-v1
42,A0,TCK-00074,triage,1.9099999917671084e-05,0,0,0,0.0,317666,ACL serializer; MobileAgentRuntime bundle serializer for A3,none,synthetic-eval-v1
42,A0,TCK-00074,assignment,1.3800003216601908e-05,0,0,0,0.0,318100,ACL serializer; MobileAgentRuntime bundle serializer for A3,none,synthetic-eval-v1
42,A0,TCK-00074,investigation,1.3000004400964826e-05,0,0,0,0.0,318598,ACL serializer; MobileAgentRuntime bundle serializer for A3,none,synthetic-eval-v1
42,A0,TCK-00074,implementation,1.3000004400964826e-05,0,0,0,0.0,319092,ACL serializer; MobileAgentRuntime bundle serializer for A3,none,synthetic-eval-v1
42,A0,TCK-00074,qa,1.2800002878066152e-05,0,0,0,0.0,319566,ACL serializer; MobileAgentRuntime bundle serializer for A3,none,synthetic-eval-v1
42,A0,TCK-00074,deployment,1.2899996363557875e-05,0,0,0,0.0,320068,ACL serializer; MobileAgentRuntime bundle serializer for A3,none,synthetic-eval-v1
42,A0,TCK-00075,triage,1.7799997294787318e-05,0,0,0,0.0,321986,ACL serializer; MobileAgentRuntime bundle serializer for A3,none,synthetic-eval-v1
42,A0,TCK-00075,assignment,1.3700002455152571e-05,0,0,0,0.0,322420,ACL serializer; MobileAgentRuntime bundle serializer for A3,none,synthetic-eval-v1
42,A0,TCK-00075,investigation,2.2000000171829015e-05,0,0,0,0.0,322918,ACL serializer; MobileAgentRuntime bundle serializer for A3,none,synthetic-eval-v1
42,A0,TCK-00075,implementation,1.3100005162414163e-05,0,0,0,0.0,323412,ACL serializer; MobileAgentRuntime bundle serializer for A3,none,synthetic-eval-v1
42,A0,TCK-00075,qa,1.2999997125007212e-05,0,0,0,0.0,323886,ACL serializer; MobileAgentRuntime bundle serializer for A3,none,synthetic-eval-v1
42,A0,TCK-00075,deployment,1.2800002878066152e-05,0,0,0,0.0,324388,ACL serializer; MobileAgentRuntime bundle serializer for A3,none,synthetic-eval-v1
42,A0,TCK-00076,triage,2.559999848017469e-05,0,0,0,0.0,326274,ACL serializer; MobileAgentRuntime bundle serializer for A3,none,synthetic-eval-v1
42,A0,TCK-00076,assignment,3.840000135824084e-05,0,0,0,0.0,327220,ACL serializer; MobileAgentRuntime bundle serializer for A3,none,synthetic-eval-v1
42,A0,TCK-00076,investigation,1.960000372491777e-05,0,0,0,0.0,327718,ACL serializer; MobileAgentRuntime bundle serializer for A3,none,synthetic-eval-v1
42,A0,TCK-00076,implementation,1.3600001693703234e-05,0,0,0,0.0,328212,ACL serializer; MobileAgentRuntime bundle serializer for A3,none,synthetic-eval-v1
42,A0,TCK-00076,qa,1.3000004400964826e-05,0,0,0,0.0,328686,ACL serializer; MobileAgentRuntime bundle serializer for A3,none,synthetic-eval-v1
42,A0,TCK-00076,deployment,1.4000004739500582e-05,0,0,0,0.0,329188,ACL serializer; MobileAgentRuntime bundle serializer for A3,none,synthetic-eval-v1
42,A0,TCK-00077,triage,3.4699995012488216e-05,0,0,0,0.0,331350,ACL serializer; MobileAgentRuntime bundle serializer for A3,none,synthetic-eval-v1
42,A0,TCK-00077,assignment,1.5099998563528061e-05,0,0,0,0.0,331784,ACL serializer; MobileAgentRuntime bundle serializer for A3,none,synthetic-eval-v1
42,A0,TCK-00077,investigation,1.3700002455152571e-05,0,0,0,0.0,332282,ACL serializer; MobileAgentRuntime bundle serializer for A3,none,synthetic-eval-v1
42,A0,TCK-00077,implementation,1.4999997802078724e-05,0,0,0,0.0,332776,ACL serializer; MobileAgentRuntime bundle serializer for A3,none,synthetic-eval-v1
42,A0,TCK-00077,qa,1.3700002455152571e-05,0,0,0,0.0,333250,ACL serializer; MobileAgentRuntime bundle serializer for A3,none,synthetic-eval-v1
42,A0,TCK-00077,deployment,1.3900003978051245e-05,0,0,0,0.0,333752,ACL serializer; MobileAgentRuntime bundle serializer for A3,none,synthetic-eval-v1
42,A0,TCK-00078,triage,3.1400006264448166e-05,0,0,0,0.0,335656,ACL serializer; MobileAgentRuntime bundle serializer for A3,none,synthetic-eval-v1
42,A0,TCK-00078,assignment,1.479999627918005e-05,0,0,0,0.0,336090,ACL serializer; MobileAgentRuntime bundle serializer for A3,none,synthetic-eval-v1
42,A0,TCK-00078,investigation,1.3500000932253897e-05,0,0,0,0.0,336588,ACL serializer; MobileAgentRuntime bundle serializer for A3,none,synthetic-eval-v1
42,A0,TCK-00078,implementation,1.3299999409355223e-05,0,0,0,0.0,337082,ACL serializer; MobileAgentRuntime bundle serializer for A3,none,synthetic-eval-v1
42,A0,TCK-00078,qa,1.2999997125007212e-05,0,0,0,0.0,337556,ACL serializer; MobileAgentRuntime bundle serializer for A3,none,synthetic-eval-v1
42,A0,TCK-00078,deployment,1.3199998647905886e-05,0,0,0,0.0,338058,ACL serializer; MobileAgentRuntime bundle serializer for A3,none,synthetic-eval-v1
42,A0,TCK-00079,triage,1.9999999494757503e-05,0,0,0,0.0,339992,ACL serializer; MobileAgentRuntime bundle serializer for A3,none,synthetic-eval-v1
42,A0,TCK-00079,assignment,1.4200006262399256e-05,0,0,0,0.0,340426,ACL serializer; MobileAgentRuntime bundle serializer for A3,none,synthetic-eval-v1
42,A0,TCK-00079,investigation,1.3199998647905886e-05,0,0,0,0.0,340924,ACL serializer; MobileAgentRuntime bundle serializer for A3,none,synthetic-eval-v1
42,A0,TCK-00079,implementation,1.3199998647905886e-05,0,0,0,0.0,341418,ACL serializer; MobileAgentRuntime bundle serializer for A3,none,synthetic-eval-v1
42,A0,TCK-00079,qa,1.3199998647905886e-05,0,0,0,0.0,341892,ACL serializer; MobileAgentRuntime bundle serializer for A3,none,synthetic-eval-v1
42,A0,TCK-00079,deployment,1.3199998647905886e-05,0,0,0,0.0,342394,ACL serializer; MobileAgentRuntime bundle serializer for A3,none,synthetic-eval-v1
42,A0,TCK-00080,triage,2.4300003133248538e-05,0,0,0,0.0,344278,ACL serializer; MobileAgentRuntime bundle serializer for A3,none,synthetic-eval-v1
42,A0,TCK-00080,assignment,1.5199999324977398e-05,0,0,0,0.0,344712,ACL serializer; MobileAgentRuntime bundle serializer for A3,none,synthetic-eval-v1
42,A0,TCK-00080,investigation,1.4099998224992305e-05,0,0,0,0.0,345210,ACL serializer; MobileAgentRuntime bundle serializer for A3,none,synthetic-eval-v1
42,A0,TCK-00080,implementation,1.3700002455152571e-05,0,0,0,0.0,345704,ACL serializer; MobileAgentRuntime bundle serializer for A3,none,synthetic-eval-v1
42,A0,TCK-00080,qa,1.3799995940644294e-05,0,0,0,0.0,346178,ACL serializer; MobileAgentRuntime bundle serializer for A3,none,synthetic-eval-v1
42,A0,TCK-00080,deployment,1.340000017080456e-05,0,0,0,0.0,346680,ACL serializer; MobileAgentRuntime bundle serializer for A3,none,synthetic-eval-v1
42,A0,TCK-00081,triage,3.650000144261867e-05,0,0,0,0.0,348622,ACL serializer; MobileAgentRuntime bundle serializer for A3,none,synthetic-eval-v1
42,A0,TCK-00081,assignment,1.550000160932541e-05,0,0,0,0.0,349056,ACL serializer; MobileAgentRuntime bundle serializer for A3,none,synthetic-eval-v1
42,A0,TCK-00081,investigation,1.4099998224992305e-05,0,0,0,0.0,349554,ACL serializer; MobileAgentRuntime bundle serializer for A3,none,synthetic-eval-v1
42,A0,TCK-00081,implementation,1.3800003216601908e-05,0,0,0,0.0,350048,ACL serializer; MobileAgentRuntime bundle serializer for A3,none,synthetic-eval-v1
42,A0,TCK-00081,qa,1.4199998986441642e-05,0,0,0,0.0,350522,ACL serializer; MobileAgentRuntime bundle serializer for A3,none,synthetic-eval-v1
42,A0,TCK-00081,deployment,1.3800003216601908e-05,0,0,0,0.0,351024,ACL serializer; MobileAgentRuntime bundle serializer for A3,none,synthetic-eval-v1
42,A0,TCK-00082,triage,4.069999704370275e-05,0,0,0,0.0,352912,ACL serializer; MobileAgentRuntime bundle serializer for A3,none,synthetic-eval-v1
42,A0,TCK-00082,assignment,1.5400000847876072e-05,0,0,0,0.0,353346,ACL serializer; MobileAgentRuntime bundle serializer for A3,none,synthetic-eval-v1
42,A0,TCK-00082,investigation,2.600000152597204e-05,0,0,0,0.0,353844,ACL serializer; MobileAgentRuntime bundle serializer for A3,none,synthetic-eval-v1
42,A0,TCK-00082,implementation,1.3899996702093631e-05,0,0,0,0.0,354338,ACL serializer; MobileAgentRuntime bundle serializer for A3,none,synthetic-eval-v1
42,A0,TCK-00082,qa,1.3700002455152571e-05,0,0,0,0.0,354812,ACL serializer; MobileAgentRuntime bundle serializer for A3,none,synthetic-eval-v1
42,A0,TCK-00082,deployment,1.340000017080456e-05,0,0,0,0.0,355314,ACL serializer; MobileAgentRuntime bundle serializer for A3,none,synthetic-eval-v1
42,A0,TCK-00083,triage,2.1399995603132993e-05,0,0,0,0.0,357232,ACL serializer; MobileAgentRuntime bundle serializer for A3,none,synthetic-eval-v1
42,A0,TCK-00083,assignment,1.4199998986441642e-05,0,0,0,0.0,357666,ACL serializer; MobileAgentRuntime bundle serializer for A3,none,synthetic-eval-v1
42,A0,TCK-00083,investigation,1.3700002455152571e-05,0,0,0,0.0,358164,ACL serializer; MobileAgentRuntime bundle serializer for A3,none,synthetic-eval-v1
42,A0,TCK-00083,implementation,1.3600001693703234e-05,0,0,0,0.0,358658,ACL serializer; MobileAgentRuntime bundle serializer for A3,none,synthetic-eval-v1
42,A0,TCK-00083,qa,1.3899996702093631e-05,0,0,0,0.0,359132,ACL serializer; MobileAgentRuntime bundle serializer for A3,none,synthetic-eval-v1
42,A0,TCK-00083,deployment,1.340000017080456e-05,0,0,0,0.0,359634,ACL serializer; MobileAgentRuntime bundle serializer for A3,none,synthetic-eval-v1
42,A0,TCK-00084,triage,2.040000254055485e-05,0,0,0,0.0,361660,ACL serializer; MobileAgentRuntime bundle serializer for A3,none,synthetic-eval-v1
42,A0,TCK-00084,assignment,1.4299999747890979e-05,0,0,0,0.0,362094,ACL serializer; MobileAgentRuntime bundle serializer for A3,none,synthetic-eval-v1
42,A0,TCK-00084,investigation,1.460000203223899e-05,0,0,0,0.0,362592,ACL serializer; MobileAgentRuntime bundle serializer for A3,none,synthetic-eval-v1
42,A0,TCK-00084,implementation,1.3600001693703234e-05,0,0,0,0.0,363086,ACL serializer; MobileAgentRuntime bundle serializer for A3,none,synthetic-eval-v1
42,A0,TCK-00084,qa,1.340000017080456e-05,0,0,0,0.0,363560,ACL serializer; MobileAgentRuntime bundle serializer for A3,none,synthetic-eval-v1
42,A0,TCK-00084,deployment,1.340000017080456e-05,0,0,0,0.0,364062,ACL serializer; MobileAgentRuntime bundle serializer for A3,none,synthetic-eval-v1
42,A0,TCK-00085,triage,1.9099999917671084e-05,0,0,0,0.0,365872,ACL serializer; MobileAgentRuntime bundle serializer for A3,none,synthetic-eval-v1
42,A0,TCK-00085,assignment,1.4299999747890979e-05,0,0,0,0.0,366306,ACL serializer; MobileAgentRuntime bundle serializer for A3,none,synthetic-eval-v1
42,A0,TCK-00085,investigation,1.3799995940644294e-05,0,0,0,0.0,366804,ACL serializer; MobileAgentRuntime bundle serializer for A3,none,synthetic-eval-v1
42,A0,TCK-00085,implementation,1.3499993656296283e-05,0,0,0,0.0,367298,ACL serializer; MobileAgentRuntime bundle serializer for A3,none,synthetic-eval-v1
42,A0,TCK-00085,qa,1.3500000932253897e-05,0,0,0,0.0,367772,ACL serializer; MobileAgentRuntime bundle serializer for A3,none,synthetic-eval-v1
42,A0,TCK-00085,deployment,1.3600001693703234e-05,0,0,0,0.0,368274,ACL serializer; MobileAgentRuntime bundle serializer for A3,none,synthetic-eval-v1
42,A0,TCK-00086,triage,2.3699998564552516e-05,0,0,0,0.0,370200,ACL serializer; MobileAgentRuntime bundle serializer for A3,none,synthetic-eval-v1
42,A0,TCK-00086,assignment,1.4499993994832039e-05,0,0,0,0.0,370634,ACL serializer; MobileAgentRuntime bundle serializer for A3,none,synthetic-eval-v1
42,A0,TCK-00086,investigation,1.3600001693703234e-05,0,0,0,0.0,371132,ACL serializer; MobileAgentRuntime bundle serializer for A3,none,synthetic-eval-v1
42,A0,TCK-00086,implementation,1.3500000932253897e-05,0,0,0,0.0,371626,ACL serializer; MobileAgentRuntime bundle serializer for A3,none,synthetic-eval-v1
42,A0,TCK-00086,qa,1.340000017080456e-05,0,0,0,0.0,372100,ACL serializer; MobileAgentRuntime bundle serializer for A3,none,synthetic-eval-v1
42,A0,TCK-00086,deployment,1.3600001693703234e-05,0,0,0,0.0,373178,ACL serializer; MobileAgentRuntime bundle serializer for A3,none,synthetic-eval-v1
42,A0,TCK-00087,triage,3.789999755099416e-05,0,0,0,0.0,375098,ACL serializer; MobileAgentRuntime bundle serializer for A3,none,synthetic-eval-v1
42,A0,TCK-00087,assignment,1.5300000086426735e-05,0,0,0,0.0,375532,ACL serializer; MobileAgentRuntime bundle serializer for A3,none,synthetic-eval-v1
42,A0,TCK-00087,investigation,1.3800003216601908e-05,0,0,0,0.0,376030,ACL serializer; MobileAgentRuntime bundle serializer for A3,none,synthetic-eval-v1
42,A0,TCK-00087,implementation,1.3799995940644294e-05,0,0,0,0.0,376524,ACL serializer; MobileAgentRuntime bundle serializer for A3,none,synthetic-eval-v1
42,A0,TCK-00087,qa,1.4599994756281376e-05,0,0,0,0.0,376998,ACL serializer; MobileAgentRuntime bundle serializer for A3,none,synthetic-eval-v1
42,A0,TCK-00087,deployment,1.3500000932253897e-05,0,0,0,0.0,377500,ACL serializer; MobileAgentRuntime bundle serializer for A3,none,synthetic-eval-v1
42,A0,TCK-00088,triage,1.8300001102034003e-05,0,0,0,0.0,379386,ACL serializer; MobileAgentRuntime bundle serializer for A3,none,synthetic-eval-v1
42,A0,TCK-00088,assignment,1.410000550094992e-05,0,0,0,0.0,379820,ACL serializer; MobileAgentRuntime bundle serializer for A3,none,synthetic-eval-v1
42,A0,TCK-00088,investigation,1.3500000932253897e-05,0,0,0,0.0,380318,ACL serializer; MobileAgentRuntime bundle serializer for A3,none,synthetic-eval-v1
42,A0,TCK-00088,implementation,1.340000017080456e-05,0,0,0,0.0,380812,ACL serializer; MobileAgentRuntime bundle serializer for A3,none,synthetic-eval-v1
42,A0,TCK-00088,qa,1.3199998647905886e-05,0,0,0,0.0,381286,ACL serializer; MobileAgentRuntime bundle serializer for A3,none,synthetic-eval-v1
42,A0,TCK-00088,deployment,1.340000017080456e-05,0,0,0,0.0,381788,ACL serializer; MobileAgentRuntime bundle serializer for A3,none,synthetic-eval-v1
42,A0,TCK-00089,triage,1.840000186348334e-05,0,0,0,0.0,383682,ACL serializer; MobileAgentRuntime bundle serializer for A3,none,synthetic-eval-v1
42,A0,TCK-00089,assignment,1.4400000509340316e-05,0,0,0,0.0,384116,ACL serializer; MobileAgentRuntime bundle serializer for A3,none,synthetic-eval-v1
42,A0,TCK-00089,investigation,1.3700002455152571e-05,0,0,0,0.0,384614,ACL serializer; MobileAgentRuntime bundle serializer for A3,none,synthetic-eval-v1
42,A0,TCK-00089,implementation,1.3500000932253897e-05,0,0,0,0.0,385108,ACL serializer; MobileAgentRuntime bundle serializer for A3,none,synthetic-eval-v1
42,A0,TCK-00089,qa,1.3500000932253897e-05,0,0,0,0.0,385582,ACL serializer; MobileAgentRuntime bundle serializer for A3,none,synthetic-eval-v1
42,A0,TCK-00089,deployment,1.3299999409355223e-05,0,0,0,0.0,386084,ACL serializer; MobileAgentRuntime bundle serializer for A3,none,synthetic-eval-v1
42,A0,TCK-00090,triage,1.8499995348975062e-05,0,0,0,0.0,387970,ACL serializer; MobileAgentRuntime bundle serializer for A3,none,synthetic-eval-v1
42,A0,TCK-00090,assignment,1.4199998986441642e-05,0,0,0,0.0,388404,ACL serializer; MobileAgentRuntime bundle serializer for A3,none,synthetic-eval-v1
42,A0,TCK-00090,investigation,1.3500000932253897e-05,0,0,0,0.0,388902,ACL serializer; MobileAgentRuntime bundle serializer for A3,none,synthetic-eval-v1
42,A0,TCK-00090,implementation,1.3900003978051245e-05,0,0,0,0.0,389396,ACL serializer; MobileAgentRuntime bundle serializer for A3,none,synthetic-eval-v1
42,A0,TCK-00090,qa,1.3199998647905886e-05,0,0,0,0.0,389870,ACL serializer; MobileAgentRuntime bundle serializer for A3,none,synthetic-eval-v1
42,A0,TCK-00090,deployment,1.340000017080456e-05,0,0,0,0.0,390372,ACL serializer; MobileAgentRuntime bundle serializer for A3,none,synthetic-eval-v1
42,A0,TCK-00091,triage,2.479999966453761e-05,0,0,0,0.0,392408,ACL serializer; MobileAgentRuntime bundle serializer for A3,none,synthetic-eval-v1
42,A0,TCK-00091,assignment,3.170000127283856e-05,0,0,0,0.0,392842,ACL serializer; MobileAgentRuntime bundle serializer for A3,none,synthetic-eval-v1
42,A0,TCK-00091,investigation,1.479999627918005e-05,0,0,0,0.0,393340,ACL serializer; MobileAgentRuntime bundle serializer for A3,none,synthetic-eval-v1
42,A0,TCK-00091,implementation,1.3900003978051245e-05,0,0,0,0.0,393834,ACL serializer; MobileAgentRuntime bundle serializer for A3,none,synthetic-eval-v1
42,A0,TCK-00091,qa,1.359999441774562e-05,0,0,0,0.0,394308,ACL serializer; MobileAgentRuntime bundle serializer for A3,none,synthetic-eval-v1
42,A0,TCK-00091,deployment,1.359999441774562e-05,0,0,0,0.0,394810,ACL serializer; MobileAgentRuntime bundle serializer for A3,none,synthetic-eval-v1
42,A0,TCK-00092,triage,3.9200000173877925e-05,0,0,0,0.0,396584,ACL serializer; MobileAgentRuntime bundle serializer for A3,none,synthetic-eval-v1
42,A0,TCK-00092,assignment,1.5600002370774746e-05,0,0,0,0.0,397018,ACL serializer; MobileAgentRuntime bundle serializer for A3,none,synthetic-eval-v1
42,A0,TCK-00092,investigation,1.3900003978051245e-05,0,0,0,0.0,397516,ACL serializer; MobileAgentRuntime bundle serializer for A3,none,synthetic-eval-v1
42,A0,TCK-00092,implementation,1.3899996702093631e-05,0,0,0,0.0,398010,ACL serializer; MobileAgentRuntime bundle serializer for A3,none,synthetic-eval-v1
42,A0,TCK-00092,qa,1.3299999409355223e-05,0,0,0,0.0,398484,ACL serializer; MobileAgentRuntime bundle serializer for A3,none,synthetic-eval-v1
42,A0,TCK-00092,deployment,1.3600001693703234e-05,0,0,0,0.0,398986,ACL serializer; MobileAgentRuntime bundle serializer for A3,none,synthetic-eval-v1
42,A0,TCK-00093,triage,3.930000093532726e-05,0,0,0,0.0,401072,ACL serializer; MobileAgentRuntime bundle serializer for A3,none,synthetic-eval-v1
42,A0,TCK-00093,assignment,1.4800003555137664e-05,0,0,0,0.0,401506,ACL serializer; MobileAgentRuntime bundle serializer for A3,none,synthetic-eval-v1
42,A0,TCK-00093,investigation,1.4299999747890979e-05,0,0,0,0.0,402004,ACL serializer; MobileAgentRuntime bundle serializer for A3,none,synthetic-eval-v1
42,A0,TCK-00093,implementation,1.3699995179194957e-05,0,0,0,0.0,402498,ACL serializer; MobileAgentRuntime bundle serializer for A3,none,synthetic-eval-v1
42,A0,TCK-00093,qa,1.3699995179194957e-05,0,0,0,0.0,402972,ACL serializer; MobileAgentRuntime bundle serializer for A3,none,synthetic-eval-v1
42,A0,TCK-00093,deployment,1.3999997463542968e-05,0,0,0,0.0,403474,ACL serializer; MobileAgentRuntime bundle serializer for A3,none,synthetic-eval-v1
42,A0,TCK-00094,triage,2.0300001779105514e-05,0,0,0,0.0,405488,ACL serializer; MobileAgentRuntime bundle serializer for A3,none,synthetic-eval-v1
42,A0,TCK-00094,assignment,1.4500001270789653e-05,0,0,0,0.0,405922,ACL serializer; MobileAgentRuntime bundle serializer for A3,none,synthetic-eval-v1
42,A0,TCK-00094,investigation,1.3900003978051245e-05,0,0,0,0.0,406420,ACL serializer; MobileAgentRuntime bundle serializer for A3,none,synthetic-eval-v1
42,A0,TCK-00094,implementation,1.359999441774562e-05,0,0,0,0.0,406914,ACL serializer; MobileAgentRuntime bundle serializer for A3,none,synthetic-eval-v1
42,A0,TCK-00094,qa,1.340000017080456e-05,0,0,0,0.0,407388,ACL serializer; MobileAgentRuntime bundle serializer for A3,none,synthetic-eval-v1
42,A0,TCK-00094,deployment,1.3299999409355223e-05,0,0,0,0.0,407890,ACL serializer; MobileAgentRuntime bundle serializer for A3,none,synthetic-eval-v1
42,A0,TCK-00095,triage,3.149999974993989e-05,0,0,0,0.0,409808,ACL serializer; MobileAgentRuntime bundle serializer for A3,none,synthetic-eval-v1
42,A0,TCK-00095,assignment,1.4500001270789653e-05,0,0,0,0.0,410242,ACL serializer; MobileAgentRuntime bundle serializer for A3,none,synthetic-eval-v1
42,A0,TCK-00095,investigation,1.3799995940644294e-05,0,0,0,0.0,410740,ACL serializer; MobileAgentRuntime bundle serializer for A3,none,synthetic-eval-v1
42,A0,TCK-00095,implementation,1.3700002455152571e-05,0,0,0,0.0,411234,ACL serializer; MobileAgentRuntime bundle serializer for A3,none,synthetic-eval-v1
42,A0,TCK-00095,qa,1.3500000932253897e-05,0,0,0,0.0,411708,ACL serializer; MobileAgentRuntime bundle serializer for A3,none,synthetic-eval-v1
42,A0,TCK-00095,deployment,1.3299999409355223e-05,0,0,0,0.0,412210,ACL serializer; MobileAgentRuntime bundle serializer for A3,none,synthetic-eval-v1
42,A0,TCK-00096,triage,5.850000161444768e-05,0,0,0,0.0,414096,ACL serializer; MobileAgentRuntime bundle serializer for A3,none,synthetic-eval-v1
42,A0,TCK-00096,assignment,3.4199998481199145e-05,0,0,0,0.0,414530,ACL serializer; MobileAgentRuntime bundle serializer for A3,none,synthetic-eval-v1
42,A0,TCK-00096,investigation,3.2800002372823656e-05,0,0,0,0.0,415028,ACL serializer; MobileAgentRuntime bundle serializer for A3,none,synthetic-eval-v1
42,A0,TCK-00096,implementation,3.2500000088475645e-05,0,0,0,0.0,415522,ACL serializer; MobileAgentRuntime bundle serializer for A3,none,synthetic-eval-v1
42,A0,TCK-00096,qa,3.2199997804127634e-05,0,0,0,0.0,415996,ACL serializer; MobileAgentRuntime bundle serializer for A3,none,synthetic-eval-v1
42,A0,TCK-00096,deployment,3.270000161137432e-05,0,0,0,0.0,416498,ACL serializer; MobileAgentRuntime bundle serializer for A3,none,synthetic-eval-v1
42,A0,TCK-00097,triage,3.980000474257395e-05,0,0,0,0.0,418416,ACL serializer; MobileAgentRuntime bundle serializer for A3,none,synthetic-eval-v1
42,A0,TCK-00097,assignment,1.5300000086426735e-05,0,0,0,0.0,418850,ACL serializer; MobileAgentRuntime bundle serializer for A3,none,synthetic-eval-v1
42,A0,TCK-00097,investigation,1.410000550094992e-05,0,0,0,0.0,419348,ACL serializer; MobileAgentRuntime bundle serializer for A3,none,synthetic-eval-v1
42,A0,TCK-00097,implementation,1.3600001693703234e-05,0,0,0,0.0,419842,ACL serializer; MobileAgentRuntime bundle serializer for A3,none,synthetic-eval-v1
42,A0,TCK-00097,qa,1.4199998986441642e-05,0,0,0,0.0,420316,ACL serializer; MobileAgentRuntime bundle serializer for A3,none,synthetic-eval-v1
42,A0,TCK-00097,deployment,1.3600001693703234e-05,0,0,0,0.0,420818,ACL serializer; MobileAgentRuntime bundle serializer for A3,none,synthetic-eval-v1
42,A0,TCK-00098,triage,5.020000389777124e-05,0,0,0,0.0,422822,ACL serializer; MobileAgentRuntime bundle serializer for A3,none,synthetic-eval-v1
42,A0,TCK-00098,assignment,1.5899997379165143e-05,0,0,0,0.0,423256,ACL serializer; MobileAgentRuntime bundle serializer for A3,none,synthetic-eval-v1
42,A0,TCK-00098,investigation,1.4299999747890979e-05,0,0,0,0.0,423754,ACL serializer; MobileAgentRuntime bundle serializer for A3,none,synthetic-eval-v1
42,A0,TCK-00098,implementation,1.4000004739500582e-05,0,0,0,0.0,424248,ACL serializer; MobileAgentRuntime bundle serializer for A3,none,synthetic-eval-v1
42,A0,TCK-00098,qa,1.3699995179194957e-05,0,0,0,0.0,424722,ACL serializer; MobileAgentRuntime bundle serializer for A3,none,synthetic-eval-v1
42,A0,TCK-00098,deployment,1.4500001270789653e-05,0,0,0,0.0,425864,ACL serializer; MobileAgentRuntime bundle serializer for A3,none,synthetic-eval-v1
42,A0,TCK-00099,triage,4.7900000936351717e-05,0,0,0,0.0,427672,ACL serializer; MobileAgentRuntime bundle serializer for A3,none,synthetic-eval-v1
42,A0,TCK-00099,assignment,1.5799996617715806e-05,0,0,0,0.0,428106,ACL serializer; MobileAgentRuntime bundle serializer for A3,none,synthetic-eval-v1
42,A0,TCK-00099,investigation,1.4099998224992305e-05,0,0,0,0.0,428604,ACL serializer; MobileAgentRuntime bundle serializer for A3,none,synthetic-eval-v1
42,A0,TCK-00099,implementation,1.3800003216601908e-05,0,0,0,0.0,429098,ACL serializer; MobileAgentRuntime bundle serializer for A3,none,synthetic-eval-v1
42,A0,TCK-00099,qa,1.3699995179194957e-05,0,0,0,0.0,429572,ACL serializer; MobileAgentRuntime bundle serializer for A3,none,synthetic-eval-v1
42,A0,TCK-00099,deployment,1.3600001693703234e-05,0,0,0,0.0,430074,ACL serializer; MobileAgentRuntime bundle serializer for A3,none,synthetic-eval-v1
42,A1,TCK-00000,triage,3.809999907389283e-05,290,1,28,0.0,1699,ACL serializer; MobileAgentRuntime bundle serializer for A3,estimated_characters_div_4,synthetic-eval-v1
42,A1,TCK-00000,assignment,3.7099998735357076e-05,298,1,28,0.0,2515,ACL serializer; MobileAgentRuntime bundle serializer for A3,estimated_characters_div_4,synthetic-eval-v1
42,A1,TCK-00000,investigation,3.9999998989515007e-05,304,1,28,0.0,3270,ACL serializer; MobileAgentRuntime bundle serializer for A3,estimated_characters_div_4,synthetic-eval-v1
42,A1,TCK-00000,implementation,4.550000448944047e-05,306,1,28,0.0,4023,ACL serializer; MobileAgentRuntime bundle serializer for A3,estimated_characters_div_4,synthetic-eval-v1
42,A1,TCK-00000,qa,2.1200001356191933e-05,282,1,28,0.0,4763,ACL serializer; MobileAgentRuntime bundle serializer for A3,estimated_characters_div_4,synthetic-eval-v1
42,A1,TCK-00000,deployment,1.7899998056236655e-05,298,1,28,0.0,5499,ACL serializer; MobileAgentRuntime bundle serializer for A3,estimated_characters_div_4,synthetic-eval-v1
42,A1,TCK-00001,triage,2.130000211764127e-05,290,1,30,0.0,7087,ACL serializer; MobileAgentRuntime bundle serializer for A3,estimated_characters_div_4,synthetic-eval-v1
42,A1,TCK-00001,assignment,1.9199993403162807e-05,298,1,30,0.0,7843,ACL serializer; MobileAgentRuntime bundle serializer for A3,estimated_characters_div_4,synthetic-eval-v1
42,A1,TCK-00001,investigation,1.720000000204891e-05,304,1,30,0.0,8542,ACL serializer; MobileAgentRuntime bundle serializer for A3,estimated_characters_div_4,synthetic-eval-v1
42,A1,TCK-00001,implementation,2.0700004824902862e-05,306,1,30,0.0,9303,ACL serializer; MobileAgentRuntime bundle serializer for A3,estimated_characters_div_4,synthetic-eval-v1
42,A1,TCK-00001,qa,2.4400003894697875e-05,282,1,30,0.0,9987,ACL serializer; MobileAgentRuntime bundle serializer for A3,estimated_characters_div_4,synthetic-eval-v1
42,A1,TCK-00001,deployment,1.8699996871873736e-05,298,1,30,0.0,10691,ACL serializer; MobileAgentRuntime bundle serializer for A3,estimated_characters_div_4,synthetic-eval-v1
42,A1,TCK-00002,triage,2.7800000680144876e-05,290,1,28,0.0,12206,ACL serializer; MobileAgentRuntime bundle serializer for A3,estimated_characters_div_4,synthetic-eval-v1
42,A1,TCK-00002,assignment,1.7799997294787318e-05,298,1,28,0.0,12906,ACL serializer; MobileAgentRuntime bundle serializer for A3,estimated_characters_div_4,synthetic-eval-v1
42,A1,TCK-00002,investigation,3.37999954354018e-05,304,1,28,0.0,13605,ACL serializer; MobileAgentRuntime bundle serializer for A3,estimated_characters_div_4,synthetic-eval-v1
42,A1,TCK-00002,implementation,5.070000042906031e-05,306,1,28,0.0,14302,ACL serializer; MobileAgentRuntime bundle serializer for A3,estimated_characters_div_4,synthetic-eval-v1
42,A1,TCK-00002,qa,4.8000001697801054e-05,282,1,28,0.0,14986,ACL serializer; MobileAgentRuntime bundle serializer for A3,estimated_characters_div_4,synthetic-eval-v1
42,A1,TCK-00002,deployment,3.989999822806567e-05,298,1,28,0.0,15754,ACL serializer; MobileAgentRuntime bundle serializer for A3,estimated_characters_div_4,synthetic-eval-v1
42,A1,TCK-00003,triage,7.789999654050916e-05,290,1,30,0.0,17255,ACL serializer; MobileAgentRuntime bundle serializer for A3,estimated_characters_div_4,synthetic-eval-v1
42,A1,TCK-00003,assignment,5.200000305194408e-05,298,1,30,0.0,17955,ACL serializer; MobileAgentRuntime bundle serializer for A3,estimated_characters_div_4,synthetic-eval-v1
42,A1,TCK-00003,investigation,4.159999662078917e-05,304,1,30,0.0,18654,ACL serializer; MobileAgentRuntime bundle serializer for A3,estimated_characters_div_4,synthetic-eval-v1
42,A1,TCK-00003,implementation,4.4200001866556704e-05,306,1,30,0.0,19351,ACL serializer; MobileAgentRuntime bundle serializer for A3,estimated_characters_div_4,synthetic-eval-v1
42,A1,TCK-00003,qa,1.979999797185883e-05,282,1,30,0.0,20035,ACL serializer; MobileAgentRuntime bundle serializer for A3,estimated_characters_div_4,synthetic-eval-v1
42,A1,TCK-00003,deployment,1.8200000340584666e-05,298,1,30,0.0,20739,ACL serializer; MobileAgentRuntime bundle serializer for A3,estimated_characters_div_4,synthetic-eval-v1
42,A1,TCK-00004,triage,2.7400004910305142e-05,290,1,28,0.0,22223,ACL serializer; MobileAgentRuntime bundle serializer for A3,estimated_characters_div_4,synthetic-eval-v1
42,A1,TCK-00004,assignment,1.840000186348334e-05,298,1,28,0.0,22987,ACL serializer; MobileAgentRuntime bundle serializer for A3,estimated_characters_div_4,synthetic-eval-v1
42,A1,TCK-00004,investigation,1.7300000763498247e-05,304,1,28,0.0,23686,ACL serializer; MobileAgentRuntime bundle serializer for A3,estimated_characters_div_4,synthetic-eval-v1
42,A1,TCK-00004,implementation,1.7099999240599573e-05,306,1,28,0.0,24383,ACL serializer; MobileAgentRuntime bundle serializer for A3,estimated_characters_div_4,synthetic-eval-v1
42,A1,TCK-00004,qa,1.7400001524947584e-05,282,1,28,0.0,25067,ACL serializer; MobileAgentRuntime bundle serializer for A3,estimated_characters_div_4,synthetic-eval-v1
42,A1,TCK-00004,deployment,1.679999695625156e-05,298,1,28,0.0,25771,ACL serializer; MobileAgentRuntime bundle serializer for A3,estimated_characters_div_4,synthetic-eval-v1
42,A1,TCK-00005,triage,2.0200001017656177e-05,290,1,30,0.0,27303,ACL serializer; MobileAgentRuntime bundle serializer for A3,estimated_characters_div_4,synthetic-eval-v1
42,A1,TCK-00005,assignment,1.7400001524947584e-05,298,1,30,0.0,28003,ACL serializer; MobileAgentRuntime bundle serializer for A3,estimated_characters_div_4,synthetic-eval-v1
42,A1,TCK-00005,investigation,1.720000000204891e-05,304,1,30,0.0,28702,ACL serializer; MobileAgentRuntime bundle serializer for A3,estimated_characters_div_4,synthetic-eval-v1
42,A1,TCK-00005,implementation,1.6699996194802225e-05,306,1,30,0.0,29463,ACL serializer; MobileAgentRuntime bundle serializer for A3,estimated_characters_div_4,synthetic-eval-v1
42,A1,TCK-00005,qa,2.300000051036477e-05,282,1,30,0.0,30195,ACL serializer; MobileAgentRuntime bundle serializer for A3,estimated_characters_div_4,synthetic-eval-v1
42,A1,TCK-00005,deployment,1.9999999494757503e-05,298,1,30,0.0,30947,ACL serializer; MobileAgentRuntime bundle serializer for A3,estimated_characters_div_4,synthetic-eval-v1
42,A1,TCK-00006,triage,2.3300002794712782e-05,290,1,28,0.0,32751,ACL serializer; MobileAgentRuntime bundle serializer for A3,estimated_characters_div_4,synthetic-eval-v1
42,A1,TCK-00006,assignment,2.800000220304355e-05,298,1,28,0.0,33451,ACL serializer; MobileAgentRuntime bundle serializer for A3,estimated_characters_div_4,synthetic-eval-v1
42,A1,TCK-00006,investigation,2.0300001779105514e-05,304,1,28,0.0,34150,ACL serializer; MobileAgentRuntime bundle serializer for A3,estimated_characters_div_4,synthetic-eval-v1
42,A1,TCK-00006,implementation,3.789999755099416e-05,306,1,28,0.0,34871,ACL serializer; MobileAgentRuntime bundle serializer for A3,estimated_characters_div_4,synthetic-eval-v1
42,A1,TCK-00006,qa,2.1399995603132993e-05,282,1,28,0.0,35603,ACL serializer; MobileAgentRuntime bundle serializer for A3,estimated_characters_div_4,synthetic-eval-v1
42,A1,TCK-00006,deployment,2.2000000171829015e-05,298,1,28,0.0,36451,ACL serializer; MobileAgentRuntime bundle serializer for A3,estimated_characters_div_4,synthetic-eval-v1
42,A1,TCK-00007,triage,2.7099995349999517e-05,290,1,44,0.0,38376,ACL serializer; MobileAgentRuntime bundle serializer for A3,estimated_characters_div_4,synthetic-eval-v1
42,A1,TCK-00007,assignment,2.0500003302004188e-05,298,1,44,0.0,39078,ACL serializer; MobileAgentRuntime bundle serializer for A3,estimated_characters_div_4,synthetic-eval-v1
42,A1,TCK-00007,investigation,2.0799998310394585e-05,304,1,44,0.0,39780,ACL serializer; MobileAgentRuntime bundle serializer for A3,estimated_characters_div_4,synthetic-eval-v1
42,A1,TCK-00007,implementation,1.9899998733308166e-05,306,1,44,0.0,40478,ACL serializer; MobileAgentRuntime bundle serializer for A3,estimated_characters_div_4,synthetic-eval-v1
42,A1,TCK-00007,qa,4.600000102072954e-05,282,1,44,0.0,41180,ACL serializer; MobileAgentRuntime bundle serializer for A3,estimated_characters_div_4,synthetic-eval-v1
42,A1,TCK-00007,deployment,4.8999994760379195e-05,298,1,44,0.0,41934,ACL serializer; MobileAgentRuntime bundle serializer for A3,estimated_characters_div_4,synthetic-eval-v1
42,A1,TCK-00008,triage,3.229999856557697e-05,290,1,28,0.0,43719,ACL serializer; MobileAgentRuntime bundle serializer for A3,estimated_characters_div_4,synthetic-eval-v1
42,A1,TCK-00008,assignment,2.130000211764127e-05,298,1,28,0.0,44419,ACL serializer; MobileAgentRuntime bundle serializer for A3,estimated_characters_div_4,synthetic-eval-v1
42,A1,TCK-00008,investigation,2.0799998310394585e-05,304,1,28,0.0,45118,ACL serializer; MobileAgentRuntime bundle serializer for A3,estimated_characters_div_4,synthetic-eval-v1
42,A1,TCK-00008,implementation,2.5600005756132305e-05,306,1,28,0.0,45815,ACL serializer; MobileAgentRuntime bundle serializer for A3,estimated_characters_div_4,synthetic-eval-v1
42,A1,TCK-00008,qa,2.179999864893034e-05,282,1,28,0.0,46523,ACL serializer; MobileAgentRuntime bundle serializer for A3,estimated_characters_div_4,synthetic-eval-v1
42,A1,TCK-00008,deployment,2.1400002879090607e-05,298,1,28,0.0,47371,ACL serializer; MobileAgentRuntime bundle serializer for A3,estimated_characters_div_4,synthetic-eval-v1
42,A1,TCK-00009,triage,2.6500005333218724e-05,290,1,30,0.0,49360,ACL serializer; MobileAgentRuntime bundle serializer for A3,estimated_characters_div_4,synthetic-eval-v1
42,A1,TCK-00009,assignment,2.059999678749591e-05,298,1,30,0.0,50060,ACL serializer; MobileAgentRuntime bundle serializer for A3,estimated_characters_div_4,synthetic-eval-v1
42,A1,TCK-00009,investigation,2.0200001017656177e-05,304,1,30,0.0,50759,ACL serializer; MobileAgentRuntime bundle serializer for A3,estimated_characters_div_4,synthetic-eval-v1
42,A1,TCK-00009,implementation,2.0899999071843922e-05,306,1,30,0.0,51456,ACL serializer; MobileAgentRuntime bundle serializer for A3,estimated_characters_div_4,synthetic-eval-v1
42,A1,TCK-00009,qa,1.9899998733308166e-05,282,1,30,0.0,52140,ACL serializer; MobileAgentRuntime bundle serializer for A3,estimated_characters_div_4,synthetic-eval-v1
42,A1,TCK-00009,deployment,1.9999999494757503e-05,298,1,30,0.0,52844,ACL serializer; MobileAgentRuntime bundle serializer for A3,estimated_characters_div_4,synthetic-eval-v1
42,A1,TCK-00010,triage,4.1300001612398773e-05,290,1,28,0.0,54848,ACL serializer; MobileAgentRuntime bundle serializer for A3,estimated_characters_div_4,synthetic-eval-v1
42,A1,TCK-00010,assignment,2.1400002879090607e-05,298,1,28,0.0,55548,ACL serializer; MobileAgentRuntime bundle serializer for A3,estimated_characters_div_4,synthetic-eval-v1
42,A1,TCK-00010,investigation,2.0399995264597237e-05,304,1,28,0.0,56247,ACL serializer; MobileAgentRuntime bundle serializer for A3,estimated_characters_div_4,synthetic-eval-v1
42,A1,TCK-00010,implementation,2.510000194888562e-05,306,1,28,0.0,56944,ACL serializer; MobileAgentRuntime bundle serializer for A3,estimated_characters_div_4,synthetic-eval-v1
42,A1,TCK-00010,qa,2.0300001779105514e-05,282,1,28,0.0,57628,ACL serializer; MobileAgentRuntime bundle serializer for A3,estimated_characters_div_4,synthetic-eval-v1
42,A1,TCK-00010,deployment,2.0600004063453525e-05,298,1,28,0.0,58428,ACL serializer; MobileAgentRuntime bundle serializer for A3,estimated_characters_div_4,synthetic-eval-v1
42,A1,TCK-00011,triage,2.4599998141638935e-05,290,1,30,0.0,60384,ACL serializer; MobileAgentRuntime bundle serializer for A3,estimated_characters_div_4,synthetic-eval-v1
42,A1,TCK-00011,assignment,1.9999999494757503e-05,298,1,30,0.0,61084,ACL serializer; MobileAgentRuntime bundle serializer for A3,estimated_characters_div_4,synthetic-eval-v1
42,A1,TCK-00011,investigation,2.010000025620684e-05,304,1,30,0.0,61783,ACL serializer; MobileAgentRuntime bundle serializer for A3,estimated_characters_div_4,synthetic-eval-v1
42,A1,TCK-00011,implementation,1.930000144056976e-05,306,1,30,0.0,62480,ACL serializer; MobileAgentRuntime bundle serializer for A3,estimated_characters_div_4,synthetic-eval-v1
42,A1,TCK-00011,qa,1.9699997210409492e-05,282,1,30,0.0,63164,ACL serializer; MobileAgentRuntime bundle serializer for A3,estimated_characters_div_4,synthetic-eval-v1
42,A1,TCK-00011,deployment,2.0300001779105514e-05,298,1,30,0.0,63868,ACL serializer; MobileAgentRuntime bundle serializer for A3,estimated_characters_div_4,synthetic-eval-v1
42,A1,TCK-00012,triage,2.2799998987466097e-05,290,1,28,0.0,65808,ACL serializer; MobileAgentRuntime bundle serializer for A3,estimated_characters_div_4,synthetic-eval-v1
42,A1,TCK-00012,assignment,1.9899998733308166e-05,298,1,28,0.0,66508,ACL serializer; MobileAgentRuntime bundle serializer for A3,estimated_characters_div_4,synthetic-eval-v1
42,A1,TCK-00012,investigation,2.0700004824902862e-05,304,1,28,0.0,67207,ACL serializer; MobileAgentRuntime bundle serializer for A3,estimated_characters_div_4,synthetic-eval-v1
42,A1,TCK-00012,implementation,1.930000144056976e-05,306,1,28,0.0,67904,ACL serializer; MobileAgentRuntime bundle serializer for A3,estimated_characters_div_4,synthetic-eval-v1
42,A1,TCK-00012,qa,1.9400002202019095e-05,282,1,28,0.0,68588,ACL serializer; MobileAgentRuntime bundle serializer for A3,estimated_characters_div_4,synthetic-eval-v1
42,A1,TCK-00012,deployment,1.9500002963468432e-05,298,1,28,0.0,69420,ACL serializer; MobileAgentRuntime bundle serializer for A3,estimated_characters_div_4,synthetic-eval-v1
42,A1,TCK-00013,triage,2.300000051036477e-05,290,1,30,0.0,71351,ACL serializer; MobileAgentRuntime bundle serializer for A3,estimated_characters_div_4,synthetic-eval-v1
42,A1,TCK-00013,assignment,2.0500003302004188e-05,298,1,30,0.0,72051,ACL serializer; MobileAgentRuntime bundle serializer for A3,estimated_characters_div_4,synthetic-eval-v1
42,A1,TCK-00013,investigation,1.9899998733308166e-05,304,1,30,0.0,72750,ACL serializer; MobileAgentRuntime bundle serializer for A3,estimated_characters_div_4,synthetic-eval-v1
42,A1,TCK-00013,implementation,1.9700004486367106e-05,306,1,30,0.0,73447,ACL serializer; MobileAgentRuntime bundle serializer for A3,estimated_characters_div_4,synthetic-eval-v1
42,A1,TCK-00013,qa,2.0900006347801536e-05,282,1,30,0.0,74131,ACL serializer; MobileAgentRuntime bundle serializer for A3,estimated_characters_div_4,synthetic-eval-v1
42,A1,TCK-00013,deployment,2.010000025620684e-05,298,1,30,0.0,74835,ACL serializer; MobileAgentRuntime bundle serializer for A3,estimated_characters_div_4,synthetic-eval-v1
42,A1,TCK-00014,triage,2.3500004317611456e-05,290,1,43,0.0,76860,ACL serializer; MobileAgentRuntime bundle serializer for A3,estimated_characters_div_4,synthetic-eval-v1
42,A1,TCK-00014,assignment,2.0300001779105514e-05,298,1,43,0.0,77562,ACL serializer; MobileAgentRuntime bundle serializer for A3,estimated_characters_div_4,synthetic-eval-v1
42,A1,TCK-00014,investigation,1.9500002963468432e-05,304,1,43,0.0,78264,ACL serializer; MobileAgentRuntime bundle serializer for A3,estimated_characters_div_4,synthetic-eval-v1
42,A1,TCK-00014,implementation,1.960000372491777e-05,306,1,43,0.0,78962,ACL serializer; MobileAgentRuntime bundle serializer for A3,estimated_characters_div_4,synthetic-eval-v1
42,A1,TCK-00014,qa,1.9999999494757503e-05,282,1,43,0.0,79576,ACL serializer; MobileAgentRuntime bundle serializer for A3,estimated_characters_div_4,synthetic-eval-v1
42,A1,TCK-00014,deployment,1.9099999917671084e-05,298,1,43,0.0,80218,ACL serializer; MobileAgentRuntime bundle serializer for A3,estimated_characters_div_4,synthetic-eval-v1
42,A1,TCK-00015,triage,2.5800000003073364e-05,290,1,30,0.0,82095,ACL serializer; MobileAgentRuntime bundle serializer for A3,estimated_characters_div_4,synthetic-eval-v1
42,A1,TCK-00015,assignment,2.119999408023432e-05,298,1,30,0.0,82731,ACL serializer; MobileAgentRuntime bundle serializer for A3,estimated_characters_div_4,synthetic-eval-v1
42,A1,TCK-00015,investigation,1.930000144056976e-05,304,1,30,0.0,83366,ACL serializer; MobileAgentRuntime bundle serializer for A3,estimated_characters_div_4,synthetic-eval-v1
42,A1,TCK-00015,implementation,1.9700004486367106e-05,306,1,30,0.0,84127,ACL serializer; MobileAgentRuntime bundle serializer for A3,estimated_characters_div_4,synthetic-eval-v1
42,A1,TCK-00015,qa,1.9599996448960155e-05,282,1,30,0.0,84747,ACL serializer; MobileAgentRuntime bundle serializer for A3,estimated_characters_div_4,synthetic-eval-v1
42,A1,TCK-00015,deployment,1.9599996448960155e-05,298,1,30,0.0,85387,ACL serializer; MobileAgentRuntime bundle serializer for A3,estimated_characters_div_4,synthetic-eval-v1
42,A1,TCK-00016,triage,7.170000026235357e-05,290,1,28,0.0,87367,ACL serializer; MobileAgentRuntime bundle serializer for A3,estimated_characters_div_4,synthetic-eval-v1
42,A1,TCK-00016,assignment,6.86999992467463e-05,298,1,28,0.0,88003,ACL serializer; MobileAgentRuntime bundle serializer for A3,estimated_characters_div_4,synthetic-eval-v1
42,A1,TCK-00016,investigation,4.719999560620636e-05,304,1,28,0.0,88638,ACL serializer; MobileAgentRuntime bundle serializer for A3,estimated_characters_div_4,synthetic-eval-v1
42,A1,TCK-00016,implementation,4.199999966658652e-05,306,1,28,0.0,89271,ACL serializer; MobileAgentRuntime bundle serializer for A3,estimated_characters_div_4,synthetic-eval-v1
42,A1,TCK-00016,qa,4.739999712910503e-05,282,1,28,0.0,89891,ACL serializer; MobileAgentRuntime bundle serializer for A3,estimated_characters_div_4,synthetic-eval-v1
42,A1,TCK-00016,deployment,2.7800000680144876e-05,298,1,28,0.0,90531,ACL serializer; MobileAgentRuntime bundle serializer for A3,estimated_characters_div_4,synthetic-eval-v1
42,A1,TCK-00017,triage,6.340000254567713e-05,290,1,30,0.0,92551,ACL serializer; MobileAgentRuntime bundle serializer for A3,estimated_characters_div_4,synthetic-eval-v1
42,A1,TCK-00017,assignment,6.0800004575867206e-05,298,1,30,0.0,93187,ACL serializer; MobileAgentRuntime bundle serializer for A3,estimated_characters_div_4,synthetic-eval-v1
42,A1,TCK-00017,investigation,2.4300003133248538e-05,304,1,30,0.0,93822,ACL serializer; MobileAgentRuntime bundle serializer for A3,estimated_characters_div_4,synthetic-eval-v1
42,A1,TCK-00017,implementation,3.2500000088475645e-05,306,1,30,0.0,94455,ACL serializer; MobileAgentRuntime bundle serializer for A3,estimated_characters_div_4,synthetic-eval-v1
42,A1,TCK-00017,qa,2.2100000933278352e-05,282,1,30,0.0,95075,ACL serializer; MobileAgentRuntime bundle serializer for A3,estimated_characters_div_4,synthetic-eval-v1
42,A1,TCK-00017,deployment,2.559999848017469e-05,298,1,30,0.0,95715,ACL serializer; MobileAgentRuntime bundle serializer for A3,estimated_characters_div_4,synthetic-eval-v1
42,A1,TCK-00018,triage,3.2000003557186574e-05,290,1,28,0.0,97718,ACL serializer; MobileAgentRuntime bundle serializer for A3,estimated_characters_div_4,synthetic-eval-v1
42,A1,TCK-00018,assignment,2.1899999410379678e-05,298,1,28,0.0,98514,ACL serializer; MobileAgentRuntime bundle serializer for A3,estimated_characters_div_4,synthetic-eval-v1
42,A1,TCK-00018,investigation,2.1400002879090607e-05,304,1,28,0.0,99149,ACL serializer; MobileAgentRuntime bundle serializer for A3,estimated_characters_div_4,synthetic-eval-v1
42,A1,TCK-00018,implementation,2.239999594166875e-05,306,1,28,0.0,99782,ACL serializer; MobileAgentRuntime bundle serializer for A3,estimated_characters_div_4,synthetic-eval-v1
42,A1,TCK-00018,qa,2.0899999071843922e-05,282,1,28,0.0,100402,ACL serializer; MobileAgentRuntime bundle serializer for A3,estimated_characters_div_4,synthetic-eval-v1
42,A1,TCK-00018,deployment,2.0899999071843922e-05,298,1,28,0.0,101042,ACL serializer; MobileAgentRuntime bundle serializer for A3,estimated_characters_div_4,synthetic-eval-v1
42,A1,TCK-00019,triage,3.079999441979453e-05,290,1,30,0.0,102998,ACL serializer; MobileAgentRuntime bundle serializer for A3,estimated_characters_div_4,synthetic-eval-v1
42,A1,TCK-00019,assignment,2.3099993995856494e-05,298,1,30,0.0,103634,ACL serializer; MobileAgentRuntime bundle serializer for A3,estimated_characters_div_4,synthetic-eval-v1
42,A1,TCK-00019,investigation,2.1100000594742596e-05,304,1,30,0.0,104269,ACL serializer; MobileAgentRuntime bundle serializer for A3,estimated_characters_div_4,synthetic-eval-v1
42,A1,TCK-00019,implementation,2.1399995603132993e-05,306,1,30,0.0,104902,ACL serializer; MobileAgentRuntime bundle serializer for A3,estimated_characters_div_4,synthetic-eval-v1
42,A1,TCK-00019,qa,5.9499994677025825e-05,282,1,30,0.0,105522,ACL serializer; MobileAgentRuntime bundle serializer for A3,estimated_characters_div_4,synthetic-eval-v1
42,A1,TCK-00019,deployment,5.8999998145736754e-05,298,1,30,0.0,106162,ACL serializer; MobileAgentRuntime bundle serializer for A3,estimated_characters_div_4,synthetic-eval-v1
42,A1,TCK-00020,triage,4.0400002035312355e-05,290,1,28,0.0,108103,ACL serializer; MobileAgentRuntime bundle serializer for A3,estimated_characters_div_4,synthetic-eval-v1
42,A1,TCK-00020,assignment,2.1299994841683656e-05,298,1,28,0.0,108739,ACL serializer; MobileAgentRuntime bundle serializer for A3,estimated_characters_div_4,synthetic-eval-v1
42,A1,TCK-00020,investigation,2.0700004824902862e-05,304,1,28,0.0,109374,ACL serializer; MobileAgentRuntime bundle serializer for A3,estimated_characters_div_4,synthetic-eval-v1
42,A1,TCK-00020,implementation,2.0200001017656177e-05,306,1,28,0.0,110007,ACL serializer; MobileAgentRuntime bundle serializer for A3,estimated_characters_div_4,synthetic-eval-v1
42,A1,TCK-00020,qa,2.0899999071843922e-05,282,1,28,0.0,110627,ACL serializer; MobileAgentRuntime bundle serializer for A3,estimated_characters_div_4,synthetic-eval-v1
42,A1,TCK-00020,deployment,2.0799998310394585e-05,298,1,28,0.0,111267,ACL serializer; MobileAgentRuntime bundle serializer for A3,estimated_characters_div_4,synthetic-eval-v1
42,A1,TCK-00021,triage,2.4199995095841587e-05,290,1,45,0.0,113314,ACL serializer; MobileAgentRuntime bundle serializer for A3,estimated_characters_div_4,synthetic-eval-v1
42,A1,TCK-00021,assignment,2.0699997548945248e-05,298,1,45,0.0,113952,ACL serializer; MobileAgentRuntime bundle serializer for A3,estimated_characters_div_4,synthetic-eval-v1
42,A1,TCK-00021,investigation,2.0699997548945248e-05,304,1,45,0.0,114590,ACL serializer; MobileAgentRuntime bundle serializer for A3,estimated_characters_div_4,synthetic-eval-v1
42,A1,TCK-00021,implementation,2.0300001779105514e-05,306,1,45,0.0,115384,ACL serializer; MobileAgentRuntime bundle serializer for A3,estimated_characters_div_4,synthetic-eval-v1
42,A1,TCK-00021,qa,1.979999797185883e-05,282,1,45,0.0,115998,ACL serializer; MobileAgentRuntime bundle serializer for A3,estimated_characters_div_4,synthetic-eval-v1
42,A1,TCK-00021,deployment,2.010000025620684e-05,298,1,45,0.0,116640,ACL serializer; MobileAgentRuntime bundle serializer for A3,estimated_characters_div_4,synthetic-eval-v1
42,A1,TCK-00022,triage,2.4299995857290924e-05,290,1,28,0.0,118496,ACL serializer; MobileAgentRuntime bundle serializer for A3,estimated_characters_div_4,synthetic-eval-v1
42,A1,TCK-00022,assignment,2.1100000594742596e-05,298,1,28,0.0,119132,ACL serializer; MobileAgentRuntime bundle serializer for A3,estimated_characters_div_4,synthetic-eval-v1
42,A1,TCK-00022,investigation,2.0799998310394585e-05,304,1,28,0.0,119767,ACL serializer; MobileAgentRuntime bundle serializer for A3,estimated_characters_div_4,synthetic-eval-v1
42,A1,TCK-00022,implementation,2.0200001017656177e-05,306,1,28,0.0,120400,ACL serializer; MobileAgentRuntime bundle serializer for A3,estimated_characters_div_4,synthetic-eval-v1
42,A1,TCK-00022,qa,1.9999999494757503e-05,282,1,28,0.0,121020,ACL serializer; MobileAgentRuntime bundle serializer for A3,estimated_characters_div_4,synthetic-eval-v1
42,A1,TCK-00022,deployment,2.02999945031479e-05,298,1,28,0.0,121660,ACL serializer; MobileAgentRuntime bundle serializer for A3,estimated_characters_div_4,synthetic-eval-v1
42,A1,TCK-00023,triage,2.42000023717992e-05,290,1,30,0.0,123656,ACL serializer; MobileAgentRuntime bundle serializer for A3,estimated_characters_div_4,synthetic-eval-v1
42,A1,TCK-00023,assignment,2.239999594166875e-05,298,1,30,0.0,124292,ACL serializer; MobileAgentRuntime bundle serializer for A3,estimated_characters_div_4,synthetic-eval-v1
42,A1,TCK-00023,investigation,2.0500003302004188e-05,304,1,30,0.0,124927,ACL serializer; MobileAgentRuntime bundle serializer for A3,estimated_characters_div_4,synthetic-eval-v1
42,A1,TCK-00023,implementation,2.010000025620684e-05,306,1,30,0.0,125560,ACL serializer; MobileAgentRuntime bundle serializer for A3,estimated_characters_div_4,synthetic-eval-v1
42,A1,TCK-00023,qa,2.02999945031479e-05,282,1,30,0.0,126180,ACL serializer; MobileAgentRuntime bundle serializer for A3,estimated_characters_div_4,synthetic-eval-v1
42,A1,TCK-00023,deployment,1.990000600926578e-05,298,1,30,0.0,126820,ACL serializer; MobileAgentRuntime bundle serializer for A3,estimated_characters_div_4,synthetic-eval-v1
42,A1,TCK-00024,triage,4.199999966658652e-05,290,1,28,0.0,128736,ACL serializer; MobileAgentRuntime bundle serializer for A3,estimated_characters_div_4,synthetic-eval-v1
42,A1,TCK-00024,assignment,2.2899999748915434e-05,298,1,28,0.0,129372,ACL serializer; MobileAgentRuntime bundle serializer for A3,estimated_characters_div_4,synthetic-eval-v1
42,A1,TCK-00024,investigation,2.099999983329326e-05,304,1,28,0.0,130007,ACL serializer; MobileAgentRuntime bundle serializer for A3,estimated_characters_div_4,synthetic-eval-v1
42,A1,TCK-00024,implementation,2.0799998310394585e-05,306,1,28,0.0,130640,ACL serializer; MobileAgentRuntime bundle serializer for A3,estimated_characters_div_4,synthetic-eval-v1
42,A1,TCK-00024,qa,2.130000211764127e-05,282,1,28,0.0,131260,ACL serializer; MobileAgentRuntime bundle serializer for A3,estimated_characters_div_4,synthetic-eval-v1
42,A1,TCK-00024,deployment,2.059999678749591e-05,298,1,28,0.0,132092,ACL serializer; MobileAgentRuntime bundle serializer for A3,estimated_characters_div_4,synthetic-eval-v1
42,A1,TCK-00025,triage,2.4900000425986946e-05,290,1,30,0.0,134136,ACL serializer; MobileAgentRuntime bundle serializer for A3,estimated_characters_div_4,synthetic-eval-v1
42,A1,TCK-00025,assignment,2.1400002879090607e-05,298,1,30,0.0,134772,ACL serializer; MobileAgentRuntime bundle serializer for A3,estimated_characters_div_4,synthetic-eval-v1
42,A1,TCK-00025,investigation,2.0600004063453525e-05,304,1,30,0.0,135407,ACL serializer; MobileAgentRuntime bundle serializer for A3,estimated_characters_div_4,synthetic-eval-v1
42,A1,TCK-00025,implementation,2.010000025620684e-05,306,1,30,0.0,136040,ACL serializer; MobileAgentRuntime bundle serializer for A3,estimated_characters_div_4,synthetic-eval-v1
42,A1,TCK-00025,qa,2.0500003302004188e-05,282,1,30,0.0,136660,ACL serializer; MobileAgentRuntime bundle serializer for A3,estimated_characters_div_4,synthetic-eval-v1
42,A1,TCK-00025,deployment,2.0500003302004188e-05,298,1,30,0.0,137300,ACL serializer; MobileAgentRuntime bundle serializer for A3,estimated_characters_div_4,synthetic-eval-v1
42,A1,TCK-00026,triage,3.0800001695752144e-05,290,1,28,0.0,139302,ACL serializer; MobileAgentRuntime bundle serializer for A3,estimated_characters_div_4,synthetic-eval-v1
42,A1,TCK-00026,assignment,2.1100000594742596e-05,298,1,28,0.0,139938,ACL serializer; MobileAgentRuntime bundle serializer for A3,estimated_characters_div_4,synthetic-eval-v1
42,A1,TCK-00026,investigation,2.040000254055485e-05,304,1,28,0.0,140573,ACL serializer; MobileAgentRuntime bundle serializer for A3,estimated_characters_div_4,synthetic-eval-v1
42,A1,TCK-00026,implementation,2.040000254055485e-05,306,1,28,0.0,141206,ACL serializer; MobileAgentRuntime bundle serializer for A3,estimated_characters_div_4,synthetic-eval-v1
42,A1,TCK-00026,qa,3.2500000088475645e-05,282,1,28,0.015625,141826,ACL serializer; MobileAgentRuntime bundle serializer for A3,estimated_characters_div_4,synthetic-eval-v1
42,A1,TCK-00026,deployment,1.990000600926578e-05,298,1,28,0.0,142466,ACL serializer; MobileAgentRuntime bundle serializer for A3,estimated_characters_div_4,synthetic-eval-v1
42,A1,TCK-00027,triage,2.4900000425986946e-05,290,1,30,0.0,144423,ACL serializer; MobileAgentRuntime bundle serializer for A3,estimated_characters_div_4,synthetic-eval-v1
42,A1,TCK-00027,assignment,2.099999983329326e-05,298,1,30,0.0,145059,ACL serializer; MobileAgentRuntime bundle serializer for A3,estimated_characters_div_4,synthetic-eval-v1
42,A1,TCK-00027,investigation,2.0399995264597237e-05,304,1,30,0.0,145694,ACL serializer; MobileAgentRuntime bundle serializer for A3,estimated_characters_div_4,synthetic-eval-v1
42,A1,TCK-00027,implementation,2.0200001017656177e-05,306,1,30,0.0,146327,ACL serializer; MobileAgentRuntime bundle serializer for A3,estimated_characters_div_4,synthetic-eval-v1
42,A1,TCK-00027,qa,2.9000002541579306e-05,282,1,30,0.0,146947,ACL serializer; MobileAgentRuntime bundle serializer for A3,estimated_characters_div_4,synthetic-eval-v1
42,A1,TCK-00027,deployment,2.0499996026046574e-05,298,1,30,0.0,147587,ACL serializer; MobileAgentRuntime bundle serializer for A3,estimated_characters_div_4,synthetic-eval-v1
42,A1,TCK-00028,triage,7.339999865507707e-05,290,1,43,0.0,149612,ACL serializer; MobileAgentRuntime bundle serializer for A3,estimated_characters_div_4,synthetic-eval-v1
42,A1,TCK-00028,assignment,3.060000017285347e-05,298,1,43,0.0,150250,ACL serializer; MobileAgentRuntime bundle serializer for A3,estimated_characters_div_4,synthetic-eval-v1
42,A1,TCK-00028,investigation,2.319999475730583e-05,304,1,43,0.0,150888,ACL serializer; MobileAgentRuntime bundle serializer for A3,estimated_characters_div_4,synthetic-eval-v1
42,A1,TCK-00028,implementation,4.7100002120714635e-05,306,1,43,0.0,151522,ACL serializer; MobileAgentRuntime bundle serializer for A3,estimated_characters_div_4,synthetic-eval-v1
42,A1,TCK-00028,qa,4.249999619787559e-05,282,1,43,0.0,152136,ACL serializer; MobileAgentRuntime bundle serializer for A3,estimated_characters_div_4,synthetic-eval-v1
42,A1,TCK-00028,deployment,4.3300002289470285e-05,298,1,43,0.0,153002,ACL serializer; MobileAgentRuntime bundle serializer for A3,estimated_characters_div_4,synthetic-eval-v1
42,A1,TCK-00029,triage,5.2600000344682485e-05,290,1,30,0.0,154879,ACL serializer; MobileAgentRuntime bundle serializer for A3,estimated_characters_div_4,synthetic-eval-v1
42,A1,TCK-00029,assignment,2.2299995180219412e-05,298,1,30,0.0,155515,ACL serializer; MobileAgentRuntime bundle serializer for A3,estimated_characters_div_4,synthetic-eval-v1
42,A1,TCK-00029,investigation,2.119999408023432e-05,304,1,30,0.0,156150,ACL serializer; MobileAgentRuntime bundle serializer for A3,estimated_characters_div_4,synthetic-eval-v1
42,A1,TCK-00029,implementation,2.1200001356191933e-05,306,1,30,0.0,156783,ACL serializer; MobileAgentRuntime bundle serializer for A3,estimated_characters_div_4,synthetic-eval-v1
42,A1,TCK-00029,qa,2.1100000594742596e-05,282,1,30,0.0,157403,ACL serializer; MobileAgentRuntime bundle serializer for A3,estimated_characters_div_4,synthetic-eval-v1
42,A1,TCK-00029,deployment,2.099999983329326e-05,298,1,30,0.0,158043,ACL serializer; MobileAgentRuntime bundle serializer for A3,estimated_characters_div_4,synthetic-eval-v1
42,A1,TCK-00030,triage,3.270000161137432e-05,290,1,28,0.0,160023,ACL serializer; MobileAgentRuntime bundle serializer for A3,estimated_characters_div_4,synthetic-eval-v1
42,A1,TCK-00030,assignment,2.1899999410379678e-05,298,1,28,0.0,160659,ACL serializer; MobileAgentRuntime bundle serializer for A3,estimated_characters_div_4,synthetic-eval-v1
42,A1,TCK-00030,investigation,2.130000211764127e-05,304,1,28,0.0,161294,ACL serializer; MobileAgentRuntime bundle serializer for A3,estimated_characters_div_4,synthetic-eval-v1
42,A1,TCK-00030,implementation,2.830000448739156e-05,306,1,28,0.0,161927,ACL serializer; MobileAgentRuntime bundle serializer for A3,estimated_characters_div_4,synthetic-eval-v1
42,A1,TCK-00030,qa,5.8599995099939406e-05,282,1,28,0.0,162547,ACL serializer; MobileAgentRuntime bundle serializer for A3,estimated_characters_div_4,synthetic-eval-v1
42,A1,TCK-00030,deployment,4.5900000259280205e-05,298,1,28,0.0,163187,ACL serializer; MobileAgentRuntime bundle serializer for A3,estimated_characters_div_4,synthetic-eval-v1
42,A1,TCK-00031,triage,3.440000000409782e-05,290,1,30,0.0,165143,ACL serializer; MobileAgentRuntime bundle serializer for A3,estimated_characters_div_4,synthetic-eval-v1
42,A1,TCK-00031,assignment,2.1400002879090607e-05,298,1,30,0.0,165779,ACL serializer; MobileAgentRuntime bundle serializer for A3,estimated_characters_div_4,synthetic-eval-v1
42,A1,TCK-00031,investigation,2.0700004824902862e-05,304,1,30,0.0,166414,ACL serializer; MobileAgentRuntime bundle serializer for A3,estimated_characters_div_4,synthetic-eval-v1
42,A1,TCK-00031,implementation,1.9999999494757503e-05,306,1,30,0.0,167047,ACL serializer; MobileAgentRuntime bundle serializer for A3,estimated_characters_div_4,synthetic-eval-v1
42,A1,TCK-00031,qa,3.1100003980100155e-05,282,1,30,0.0,167667,ACL serializer; MobileAgentRuntime bundle serializer for A3,estimated_characters_div_4,synthetic-eval-v1
42,A1,TCK-00031,deployment,2.0700004824902862e-05,298,1,30,0.0,168307,ACL serializer; MobileAgentRuntime bundle serializer for A3,estimated_characters_div_4,synthetic-eval-v1
42,A1,TCK-00032,triage,7.000000186963007e-05,290,1,28,0.0,170247,ACL serializer; MobileAgentRuntime bundle serializer for A3,estimated_characters_div_4,synthetic-eval-v1
42,A1,TCK-00032,assignment,2.6599998818710446e-05,298,1,28,0.0,170883,ACL serializer; MobileAgentRuntime bundle serializer for A3,estimated_characters_div_4,synthetic-eval-v1
42,A1,TCK-00032,investigation,2.2600004740525037e-05,304,1,28,0.0,171518,ACL serializer; MobileAgentRuntime bundle serializer for A3,estimated_characters_div_4,synthetic-eval-v1
42,A1,TCK-00032,implementation,2.0899999071843922e-05,306,1,28,0.0,172151,ACL serializer; MobileAgentRuntime bundle serializer for A3,estimated_characters_div_4,synthetic-eval-v1
42,A1,TCK-00032,qa,2.469999890308827e-05,282,1,28,0.0,172771,ACL serializer; MobileAgentRuntime bundle serializer for A3,estimated_characters_div_4,synthetic-eval-v1
42,A1,TCK-00032,deployment,2.1400002879090607e-05,298,1,28,0.0,173411,ACL serializer; MobileAgentRuntime bundle serializer for A3,estimated_characters_div_4,synthetic-eval-v1
42,A1,TCK-00033,triage,8.250000246334821e-05,290,1,30,0.0,175431,ACL serializer; MobileAgentRuntime bundle serializer for A3,estimated_characters_div_4,synthetic-eval-v1
42,A1,TCK-00033,assignment,4.159999662078917e-05,298,1,30,0.0,176067,ACL serializer; MobileAgentRuntime bundle serializer for A3,estimated_characters_div_4,synthetic-eval-v1
42,A1,TCK-00033,investigation,2.5099994672928005e-05,304,1,30,0.0,176702,ACL serializer; MobileAgentRuntime bundle serializer for A3,estimated_characters_div_4,synthetic-eval-v1
42,A1,TCK-00033,implementation,2.390000008745119e-05,306,1,30,0.0,177591,ACL serializer; MobileAgentRuntime bundle serializer for A3,estimated_characters_div_4,synthetic-eval-v1
42,A1,TCK-00033,qa,2.1400002879090607e-05,282,1,30,0.0,178211,ACL serializer; MobileAgentRuntime bundle serializer for A3,estimated_characters_div_4,synthetic-eval-v1
42,A1,TCK-00033,deployment,2.0700004824902862e-05,298,1,30,0.0,178851,ACL serializer; MobileAgentRuntime bundle serializer for A3,estimated_characters_div_4,synthetic-eval-v1
42,A1,TCK-00034,triage,2.939999831141904e-05,290,1,28,0.0,180855,ACL serializer; MobileAgentRuntime bundle serializer for A3,estimated_characters_div_4,synthetic-eval-v1
42,A1,TCK-00034,assignment,2.149999636458233e-05,298,1,28,0.0,181491,ACL serializer; MobileAgentRuntime bundle serializer for A3,estimated_characters_div_4,synthetic-eval-v1
42,A1,TCK-00034,investigation,2.1200001356191933e-05,304,1,28,0.0,182126,ACL serializer; MobileAgentRuntime bundle serializer for A3,estimated_characters_div_4,synthetic-eval-v1
42,A1,TCK-00034,implementation,2.1599997126031667e-05,306,1,28,0.0,182759,ACL serializer; MobileAgentRuntime bundle serializer for A3,estimated_characters_div_4,synthetic-eval-v1
42,A1,TCK-00034,qa,2.0200001017656177e-05,282,1,28,0.0,183379,ACL serializer; MobileAgentRuntime bundle serializer for A3,estimated_characters_div_4,synthetic-eval-v1
42,A1,TCK-00034,deployment,2.0300001779105514e-05,298,1,28,0.0,184019,ACL serializer; MobileAgentRuntime bundle serializer for A3,estimated_characters_div_4,synthetic-eval-v1
42,A1,TCK-00035,triage,3.0499999411404133e-05,290,1,45,0.0,186042,ACL serializer; MobileAgentRuntime bundle serializer for A3,estimated_characters_div_4,synthetic-eval-v1
42,A1,TCK-00035,assignment,2.469999890308827e-05,298,1,45,0.0,186680,ACL serializer; MobileAgentRuntime bundle serializer for A3,estimated_characters_div_4,synthetic-eval-v1
42,A1,TCK-00035,investigation,2.0899999071843922e-05,304,1,45,0.0,187318,ACL serializer; MobileAgentRuntime bundle serializer for A3,estimated_characters_div_4,synthetic-eval-v1
42,A1,TCK-00035,implementation,2.08000055863522e-05,306,1,45,0.0,187952,ACL serializer; MobileAgentRuntime bundle serializer for A3,estimated_characters_div_4,synthetic-eval-v1
42,A1,TCK-00035,qa,2.0600004063453525e-05,282,1,45,0.0,188566,ACL serializer; MobileAgentRuntime bundle serializer for A3,estimated_characters_div_4,synthetic-eval-v1
42,A1,TCK-00035,deployment,2.0899999071843922e-05,298,1,45,0.0,189208,ACL serializer; MobileAgentRuntime bundle serializer for A3,estimated_characters_div_4,synthetic-eval-v1
42,A1,TCK-00036,triage,4.3799998820759356e-05,290,1,28,0.0,191064,ACL serializer; MobileAgentRuntime bundle serializer for A3,estimated_characters_div_4,synthetic-eval-v1
42,A1,TCK-00036,assignment,2.25000039790757e-05,298,1,28,0.0,191700,ACL serializer; MobileAgentRuntime bundle serializer for A3,estimated_characters_div_4,synthetic-eval-v1
42,A1,TCK-00036,investigation,2.1100000594742596e-05,304,1,28,0.0,192335,ACL serializer; MobileAgentRuntime bundle serializer for A3,estimated_characters_div_4,synthetic-eval-v1
42,A1,TCK-00036,implementation,2.0699997548945248e-05,306,1,28,0.0,192968,ACL serializer; MobileAgentRuntime bundle serializer for A3,estimated_characters_div_4,synthetic-eval-v1
42,A1,TCK-00036,qa,2.0799998310394585e-05,282,1,28,0.0,193588,ACL serializer; MobileAgentRuntime bundle serializer for A3,estimated_characters_div_4,synthetic-eval-v1
42,A1,TCK-00036,deployment,2.0899999071843922e-05,298,1,28,0.0,194228,ACL serializer; MobileAgentRuntime bundle serializer for A3,estimated_characters_div_4,synthetic-eval-v1
42,A1,TCK-00037,triage,2.6899993827100843e-05,290,1,30,0.0,196224,ACL serializer; MobileAgentRuntime bundle serializer for A3,estimated_characters_div_4,synthetic-eval-v1
42,A1,TCK-00037,assignment,2.099999983329326e-05,298,1,30,0.0,196860,ACL serializer; MobileAgentRuntime bundle serializer for A3,estimated_characters_div_4,synthetic-eval-v1
42,A1,TCK-00037,investigation,2.059999678749591e-05,304,1,30,0.0,197495,ACL serializer; MobileAgentRuntime bundle serializer for A3,estimated_characters_div_4,synthetic-eval-v1
42,A1,TCK-00037,implementation,2.2300002456177026e-05,306,1,30,0.0,198128,ACL serializer; MobileAgentRuntime bundle serializer for A3,estimated_characters_div_4,synthetic-eval-v1
42,A1,TCK-00037,qa,2.059999678749591e-05,282,1,30,0.0,198748,ACL serializer; MobileAgentRuntime bundle serializer for A3,estimated_characters_div_4,synthetic-eval-v1
42,A1,TCK-00037,deployment,2.0899999071843922e-05,298,1,30,0.0,199388,ACL serializer; MobileAgentRuntime bundle serializer for A3,estimated_characters_div_4,synthetic-eval-v1
42,A1,TCK-00038,triage,3.740000101970509e-05,290,1,28,0.0,201328,ACL serializer; MobileAgentRuntime bundle serializer for A3,estimated_characters_div_4,synthetic-eval-v1
42,A1,TCK-00038,assignment,2.2000000171829015e-05,298,1,28,0.0,201964,ACL serializer; MobileAgentRuntime bundle serializer for A3,estimated_characters_div_4,synthetic-eval-v1
42,A1,TCK-00038,investigation,2.0600004063453525e-05,304,1,28,0.0,202599,ACL serializer; MobileAgentRuntime bundle serializer for A3,estimated_characters_div_4,synthetic-eval-v1
42,A1,TCK-00038,implementation,2.0300001779105514e-05,306,1,28,0.0,203232,ACL serializer; MobileAgentRuntime bundle serializer for A3,estimated_characters_div_4,synthetic-eval-v1
42,A1,TCK-00038,qa,2.0600004063453525e-05,282,1,28,0.0,203852,ACL serializer; MobileAgentRuntime bundle serializer for A3,estimated_characters_div_4,synthetic-eval-v1
42,A1,TCK-00038,deployment,2.0499996026046574e-05,298,1,28,0.0,204780,ACL serializer; MobileAgentRuntime bundle serializer for A3,estimated_characters_div_4,synthetic-eval-v1
42,A1,TCK-00039,triage,4.2100000428035855e-05,290,1,30,0.0,206735,ACL serializer; MobileAgentRuntime bundle serializer for A3,estimated_characters_div_4,synthetic-eval-v1
42,A1,TCK-00039,assignment,2.1900006686337292e-05,298,1,30,0.0,207371,ACL serializer; MobileAgentRuntime bundle serializer for A3,estimated_characters_div_4,synthetic-eval-v1
42,A1,TCK-00039,investigation,2.2100000933278352e-05,304,1,30,0.0,208006,ACL serializer; MobileAgentRuntime bundle serializer for A3,estimated_characters_div_4,synthetic-eval-v1
42,A1,TCK-00039,implementation,2.1899999410379678e-05,306,1,30,0.0,208639,ACL serializer; MobileAgentRuntime bundle serializer for A3,estimated_characters_div_4,synthetic-eval-v1
42,A1,TCK-00039,qa,2.02999945031479e-05,282,1,30,0.0,209259,ACL serializer; MobileAgentRuntime bundle serializer for A3,estimated_characters_div_4,synthetic-eval-v1
42,A1,TCK-00039,deployment,2.010000025620684e-05,298,1,30,0.0,209899,ACL serializer; MobileAgentRuntime bundle serializer for A3,estimated_characters_div_4,synthetic-eval-v1
42,A1,TCK-00040,triage,3.1600000511389226e-05,290,1,28,0.0,211838,ACL serializer; MobileAgentRuntime bundle serializer for A3,estimated_characters_div_4,synthetic-eval-v1
42,A1,TCK-00040,assignment,2.119999408023432e-05,298,1,28,0.0,212474,ACL serializer; MobileAgentRuntime bundle serializer for A3,estimated_characters_div_4,synthetic-eval-v1
42,A1,TCK-00040,investigation,2.2799998987466097e-05,304,1,28,0.0,213109,ACL serializer; MobileAgentRuntime bundle serializer for A3,estimated_characters_div_4,synthetic-eval-v1
42,A1,TCK-00040,implementation,2.0200001017656177e-05,306,1,28,0.0,213742,ACL serializer; MobileAgentRuntime bundle serializer for A3,estimated_characters_div_4,synthetic-eval-v1
42,A1,TCK-00040,qa,2.0799998310394585e-05,282,1,28,0.0,214362,ACL serializer; MobileAgentRuntime bundle serializer for A3,estimated_characters_div_4,synthetic-eval-v1
42,A1,TCK-00040,deployment,1.979999797185883e-05,298,1,28,0.0,215002,ACL serializer; MobileAgentRuntime bundle serializer for A3,estimated_characters_div_4,synthetic-eval-v1
42,A1,TCK-00041,triage,2.5399996957276016e-05,290,1,30,0.0,217055,ACL serializer; MobileAgentRuntime bundle serializer for A3,estimated_characters_div_4,synthetic-eval-v1
42,A1,TCK-00041,assignment,2.7800000680144876e-05,298,1,30,0.0,217691,ACL serializer; MobileAgentRuntime bundle serializer for A3,estimated_characters_div_4,synthetic-eval-v1
42,A1,TCK-00041,investigation,2.1399995603132993e-05,304,1,30,0.0,218326,ACL serializer; MobileAgentRuntime bundle serializer for A3,estimated_characters_div_4,synthetic-eval-v1
42,A1,TCK-00041,implementation,2.0799998310394585e-05,306,1,30,0.0,218959,ACL serializer; MobileAgentRuntime bundle serializer for A3,estimated_characters_div_4,synthetic-eval-v1
42,A1,TCK-00041,qa,2.119999408023432e-05,282,1,30,0.0,219579,ACL serializer; MobileAgentRuntime bundle serializer for A3,estimated_characters_div_4,synthetic-eval-v1
42,A1,TCK-00041,deployment,2.370000584051013e-05,298,1,30,0.0,220219,ACL serializer; MobileAgentRuntime bundle serializer for A3,estimated_characters_div_4,synthetic-eval-v1
42,A1,TCK-00042,triage,6.929999653948471e-05,290,1,43,0.0,222340,ACL serializer; MobileAgentRuntime bundle serializer for A3,estimated_characters_div_4,synthetic-eval-v1
42,A1,TCK-00042,assignment,5.339999916031957e-05,298,1,43,0.0,222978,ACL serializer; MobileAgentRuntime bundle serializer for A3,estimated_characters_div_4,synthetic-eval-v1
42,A1,TCK-00042,investigation,5.360000068321824e-05,304,1,43,0.0,223616,ACL serializer; MobileAgentRuntime bundle serializer for A3,estimated_characters_div_4,synthetic-eval-v1
42,A1,TCK-00042,implementation,5.149999924469739e-05,306,1,43,0.0,224250,ACL serializer; MobileAgentRuntime bundle serializer for A3,estimated_characters_div_4,synthetic-eval-v1
42,A1,TCK-00042,qa,4.9100002797786146e-05,282,1,43,0.0,224864,ACL serializer; MobileAgentRuntime bundle serializer for A3,estimated_characters_div_4,synthetic-eval-v1
42,A1,TCK-00042,deployment,5.3499999921768904e-05,298,1,43,0.0,225506,ACL serializer; MobileAgentRuntime bundle serializer for A3,estimated_characters_div_4,synthetic-eval-v1
42,A1,TCK-00043,triage,4.0700004319660366e-05,290,1,30,0.0,227383,ACL serializer; MobileAgentRuntime bundle serializer for A3,estimated_characters_div_4,synthetic-eval-v1
42,A1,TCK-00043,assignment,2.1899999410379678e-05,298,1,30,0.0,228019,ACL serializer; MobileAgentRuntime bundle serializer for A3,estimated_characters_div_4,synthetic-eval-v1
42,A1,TCK-00043,investigation,2.1699997887481004e-05,304,1,30,0.0,228654,ACL serializer; MobileAgentRuntime bundle serializer for A3,estimated_characters_div_4,synthetic-eval-v1
42,A1,TCK-00043,implementation,2.1700005163438618e-05,306,1,30,0.0,229287,ACL serializer; MobileAgentRuntime bundle serializer for A3,estimated_characters_div_4,synthetic-eval-v1
42,A1,TCK-00043,qa,4.810000245925039e-05,282,1,30,0.0,229907,ACL serializer; MobileAgentRuntime bundle serializer for A3,estimated_characters_div_4,synthetic-eval-v1
42,A1,TCK-00043,deployment,6.350000330712646e-05,298,1,30,0.0,230547,ACL serializer; MobileAgentRuntime bundle serializer for A3,estimated_characters_div_4,synthetic-eval-v1
42,A1,TCK-00044,triage,4.370000533526763e-05,290,1,28,0.0,232527,ACL serializer; MobileAgentRuntime bundle serializer for A3,estimated_characters_div_4,synthetic-eval-v1
42,A1,TCK-00044,assignment,2.2700005501974374e-05,298,1,28,0.0,233163,ACL serializer; MobileAgentRuntime bundle serializer for A3,estimated_characters_div_4,synthetic-eval-v1
42,A1,TCK-00044,investigation,2.1400002879090607e-05,304,1,28,0.0,233798,ACL serializer; MobileAgentRuntime bundle serializer for A3,estimated_characters_div_4,synthetic-eval-v1
42,A1,TCK-00044,implementation,2.1500003640539944e-05,306,1,28,0.0,234431,ACL serializer; MobileAgentRuntime bundle serializer for A3,estimated_characters_div_4,synthetic-eval-v1
42,A1,TCK-00044,qa,2.099999983329326e-05,282,1,28,0.0,235051,ACL serializer; MobileAgentRuntime bundle serializer for A3,estimated_characters_div_4,synthetic-eval-v1
42,A1,TCK-00044,deployment,2.149999636458233e-05,298,1,28,0.0,236011,ACL serializer; MobileAgentRuntime bundle serializer for A3,estimated_characters_div_4,synthetic-eval-v1
42,A1,TCK-00045,triage,2.9000002541579306e-05,290,1,30,0.0,237967,ACL serializer; MobileAgentRuntime bundle serializer for A3,estimated_characters_div_4,synthetic-eval-v1
42,A1,TCK-00045,assignment,2.2300002456177026e-05,298,1,30,0.0,238603,ACL serializer; MobileAgentRuntime bundle serializer for A3,estimated_characters_div_4,synthetic-eval-v1
42,A1,TCK-00045,investigation,2.1599997126031667e-05,304,1,30,0.0,239238,ACL serializer; MobileAgentRuntime bundle serializer for A3,estimated_characters_div_4,synthetic-eval-v1
42,A1,TCK-00045,implementation,2.119999408023432e-05,306,1,30,0.0,239871,ACL serializer; MobileAgentRuntime bundle serializer for A3,estimated_characters_div_4,synthetic-eval-v1
42,A1,TCK-00045,qa,5.3499999921768904e-05,282,1,30,0.0,240491,ACL serializer; MobileAgentRuntime bundle serializer for A3,estimated_characters_div_4,synthetic-eval-v1
42,A1,TCK-00045,deployment,2.59000007645227e-05,298,1,30,0.0,241131,ACL serializer; MobileAgentRuntime bundle serializer for A3,estimated_characters_div_4,synthetic-eval-v1
42,A1,TCK-00046,triage,4.2299994674976915e-05,290,1,28,0.0,243047,ACL serializer; MobileAgentRuntime bundle serializer for A3,estimated_characters_div_4,synthetic-eval-v1
42,A1,TCK-00046,assignment,2.179999864893034e-05,298,1,28,0.0,243683,ACL serializer; MobileAgentRuntime bundle serializer for A3,estimated_characters_div_4,synthetic-eval-v1
42,A1,TCK-00046,investigation,2.25000039790757e-05,304,1,28,0.0,244318,ACL serializer; MobileAgentRuntime bundle serializer for A3,estimated_characters_div_4,synthetic-eval-v1
42,A1,TCK-00046,implementation,2.08000055863522e-05,306,1,28,0.0,244951,ACL serializer; MobileAgentRuntime bundle serializer for A3,estimated_characters_div_4,synthetic-eval-v1
42,A1,TCK-00046,qa,2.130000211764127e-05,282,1,28,0.0,245571,ACL serializer; MobileAgentRuntime bundle serializer for A3,estimated_characters_div_4,synthetic-eval-v1
42,A1,TCK-00046,deployment,2.1200001356191933e-05,298,1,28,0.0,246211,ACL serializer; MobileAgentRuntime bundle serializer for A3,estimated_characters_div_4,synthetic-eval-v1
42,A1,TCK-00047,triage,2.7599999157246202e-05,290,1,30,0.0,248167,ACL serializer; MobileAgentRuntime bundle serializer for A3,estimated_characters_div_4,synthetic-eval-v1
42,A1,TCK-00047,assignment,2.1800005924887955e-05,298,1,30,0.0,248803,ACL serializer; MobileAgentRuntime bundle serializer for A3,estimated_characters_div_4,synthetic-eval-v1
42,A1,TCK-00047,investigation,2.160000440198928e-05,304,1,30,0.0,249438,ACL serializer; MobileAgentRuntime bundle serializer for A3,estimated_characters_div_4,synthetic-eval-v1
42,A1,TCK-00047,implementation,2.119999408023432e-05,306,1,30,0.0,250071,ACL serializer; MobileAgentRuntime bundle serializer for A3,estimated_characters_div_4,synthetic-eval-v1
42,A1,TCK-00047,qa,2.2100000933278352e-05,282,1,30,0.0,250691,ACL serializer; MobileAgentRuntime bundle serializer for A3,estimated_characters_div_4,synthetic-eval-v1
42,A1,TCK-00047,deployment,2.099999983329326e-05,298,1,30,0.0,251331,ACL serializer; MobileAgentRuntime bundle serializer for A3,estimated_characters_div_4,synthetic-eval-v1
42,A1,TCK-00048,triage,4.690000059781596e-05,290,1,28,0.0,253272,ACL serializer; MobileAgentRuntime bundle serializer for A3,estimated_characters_div_4,synthetic-eval-v1
42,A1,TCK-00048,assignment,2.390000008745119e-05,298,1,28,0.0,253908,ACL serializer; MobileAgentRuntime bundle serializer for A3,estimated_characters_div_4,synthetic-eval-v1
42,A1,TCK-00048,investigation,2.2000000171829015e-05,304,1,28,0.0,254543,ACL serializer; MobileAgentRuntime bundle serializer for A3,estimated_characters_div_4,synthetic-eval-v1
42,A1,TCK-00048,implementation,2.160000440198928e-05,306,1,28,0.0,255176,ACL serializer; MobileAgentRuntime bundle serializer for A3,estimated_characters_div_4,synthetic-eval-v1
42,A1,TCK-00048,qa,2.0799998310394585e-05,282,1,28,0.0,255796,ACL serializer; MobileAgentRuntime bundle serializer for A3,estimated_characters_div_4,synthetic-eval-v1
42,A1,TCK-00048,deployment,2.149999636458233e-05,298,1,28,0.015625,256436,ACL serializer; MobileAgentRuntime bundle serializer for A3,estimated_characters_div_4,synthetic-eval-v1
42,A1,TCK-00049,triage,2.729999687289819e-05,290,1,45,0.0,258482,ACL serializer; MobileAgentRuntime bundle serializer for A3,estimated_characters_div_4,synthetic-eval-v1
42,A1,TCK-00049,assignment,2.2299995180219412e-05,298,1,45,0.0,259120,ACL serializer; MobileAgentRuntime bundle serializer for A3,estimated_characters_div_4,synthetic-eval-v1
42,A1,TCK-00049,investigation,2.7399997634347528e-05,304,1,45,0.0,259758,ACL serializer; MobileAgentRuntime bundle serializer for A3,estimated_characters_div_4,synthetic-eval-v1
42,A1,TCK-00049,implementation,2.2100000933278352e-05,306,1,45,0.0,260392,ACL serializer; MobileAgentRuntime bundle serializer for A3,estimated_characters_div_4,synthetic-eval-v1
42,A1,TCK-00049,qa,2.2799998987466097e-05,282,1,45,0.0,261006,ACL serializer; MobileAgentRuntime bundle serializer for A3,estimated_characters_div_4,synthetic-eval-v1
42,A1,TCK-00049,deployment,2.130000211764127e-05,298,1,45,0.0,261648,ACL serializer; MobileAgentRuntime bundle serializer for A3,estimated_characters_div_4,synthetic-eval-v1
42,A1,TCK-00050,triage,6.890000076964498e-05,290,1,28,0.0,263504,ACL serializer; MobileAgentRuntime bundle serializer for A3,estimated_characters_div_4,synthetic-eval-v1
42,A1,TCK-00050,assignment,4.3000000005122274e-05,298,1,28,0.0,264140,ACL serializer; MobileAgentRuntime bundle serializer for A3,estimated_characters_div_4,synthetic-eval-v1
42,A1,TCK-00050,investigation,2.3399996280204505e-05,304,1,28,0.0,264775,ACL serializer; MobileAgentRuntime bundle serializer for A3,estimated_characters_div_4,synthetic-eval-v1
42,A1,TCK-00050,implementation,2.510000194888562e-05,306,1,28,0.0,265408,ACL serializer; MobileAgentRuntime bundle serializer for A3,estimated_characters_div_4,synthetic-eval-v1
42,A1,TCK-00050,qa,6.769999890821055e-05,282,1,28,0.0,266028,ACL serializer; MobileAgentRuntime bundle serializer for A3,estimated_characters_div_4,synthetic-eval-v1
42,A1,TCK-00050,deployment,4.7900000936351717e-05,298,1,28,0.0,266668,ACL serializer; MobileAgentRuntime bundle serializer for A3,estimated_characters_div_4,synthetic-eval-v1
42,A1,TCK-00051,triage,4.3499996536411345e-05,290,1,30,0.0,268672,ACL serializer; MobileAgentRuntime bundle serializer for A3,estimated_characters_div_4,synthetic-eval-v1
42,A1,TCK-00051,assignment,2.2400003217626363e-05,298,1,30,0.0,269308,ACL serializer; MobileAgentRuntime bundle serializer for A3,estimated_characters_div_4,synthetic-eval-v1
42,A1,TCK-00051,investigation,2.1200001356191933e-05,304,1,30,0.0,269943,ACL serializer; MobileAgentRuntime bundle serializer for A3,estimated_characters_div_4,synthetic-eval-v1
42,A1,TCK-00051,implementation,2.1099993318784982e-05,306,1,30,0.0,270928,ACL serializer; MobileAgentRuntime bundle serializer for A3,estimated_characters_div_4,synthetic-eval-v1
42,A1,TCK-00051,qa,2.1100000594742596e-05,282,1,30,0.0,271548,ACL serializer; MobileAgentRuntime bundle serializer for A3,estimated_characters_div_4,synthetic-eval-v1
42,A1,TCK-00051,deployment,2.1100000594742596e-05,298,1,30,0.0,272188,ACL serializer; MobileAgentRuntime bundle serializer for A3,estimated_characters_div_4,synthetic-eval-v1
42,A1,TCK-00052,triage,6.740000389982015e-05,290,1,28,0.0,274191,ACL serializer; MobileAgentRuntime bundle serializer for A3,estimated_characters_div_4,synthetic-eval-v1
42,A1,TCK-00052,assignment,6.850000499980524e-05,298,1,28,0.0,274827,ACL serializer; MobileAgentRuntime bundle serializer for A3,estimated_characters_div_4,synthetic-eval-v1
42,A1,TCK-00052,investigation,4.690000059781596e-05,304,1,28,0.0,275462,ACL serializer; MobileAgentRuntime bundle serializer for A3,estimated_characters_div_4,synthetic-eval-v1
42,A1,TCK-00052,implementation,4.030000127386302e-05,306,1,28,0.0,276095,ACL serializer; MobileAgentRuntime bundle serializer for A3,estimated_characters_div_4,synthetic-eval-v1
42,A1,TCK-00052,qa,4.060000355821103e-05,282,1,28,0.0,276715,ACL serializer; MobileAgentRuntime bundle serializer for A3,estimated_characters_div_4,synthetic-eval-v1
42,A1,TCK-00052,deployment,4.199999966658652e-05,298,1,28,0.0,277355,ACL serializer; MobileAgentRuntime bundle serializer for A3,estimated_characters_div_4,synthetic-eval-v1
42,A1,TCK-00053,triage,6.060000305296853e-05,290,1,30,0.0,279495,ACL serializer; MobileAgentRuntime bundle serializer for A3,estimated_characters_div_4,synthetic-eval-v1
42,A1,TCK-00053,assignment,4.0099999750964344e-05,298,1,30,0.0,280131,ACL serializer; MobileAgentRuntime bundle serializer for A3,estimated_characters_div_4,synthetic-eval-v1
42,A1,TCK-00053,investigation,3.989999822806567e-05,304,1,30,0.0,280766,ACL serializer; MobileAgentRuntime bundle serializer for A3,estimated_characters_div_4,synthetic-eval-v1
42,A1,TCK-00053,implementation,4.170000465819612e-05,306,1,30,0.0,281399,ACL serializer; MobileAgentRuntime bundle serializer for A3,estimated_characters_div_4,synthetic-eval-v1
42,A1,TCK-00053,qa,4.140000237384811e-05,282,1,30,0.0,282019,ACL serializer; MobileAgentRuntime bundle serializer for A3,estimated_characters_div_4,synthetic-eval-v1
42,A1,TCK-00053,deployment,9.14999982342124e-05,298,1,30,0.0,282659,ACL serializer; MobileAgentRuntime bundle serializer for A3,estimated_characters_div_4,synthetic-eval-v1
42,A1,TCK-00054,triage,5.5699994845781475e-05,290,1,28,0.0,284759,ACL serializer; MobileAgentRuntime bundle serializer for A3,estimated_characters_div_4,synthetic-eval-v1
42,A1,TCK-00054,assignment,2.2700005501974374e-05,298,1,28,0.0,285395,ACL serializer; MobileAgentRuntime bundle serializer for A3,estimated_characters_div_4,synthetic-eval-v1
42,A1,TCK-00054,investigation,2.1899999410379678e-05,304,1,28,0.0,286030,ACL serializer; MobileAgentRuntime bundle serializer for A3,estimated_characters_div_4,synthetic-eval-v1
42,A1,TCK-00054,implementation,2.1200001356191933e-05,306,1,28,0.0,286663,ACL serializer; MobileAgentRuntime bundle serializer for A3,estimated_characters_div_4,synthetic-eval-v1
42,A1,TCK-00054,qa,2.1100000594742596e-05,282,1,28,0.0,287283,ACL serializer; MobileAgentRuntime bundle serializer for A3,estimated_characters_div_4,synthetic-eval-v1
42,A1,TCK-00054,deployment,2.0899999071843922e-05,298,1,28,0.0,287923,ACL serializer; MobileAgentRuntime bundle serializer for A3,estimated_characters_div_4,synthetic-eval-v1
42,A1,TCK-00055,triage,3.1100003980100155e-05,290,1,30,0.0,289943,ACL serializer; MobileAgentRuntime bundle serializer for A3,estimated_characters_div_4,synthetic-eval-v1
42,A1,TCK-00055,assignment,2.179999864893034e-05,298,1,30,0.0,290579,ACL serializer; MobileAgentRuntime bundle serializer for A3,estimated_characters_div_4,synthetic-eval-v1
42,A1,TCK-00055,investigation,2.130000211764127e-05,304,1,30,0.0,291214,ACL serializer; MobileAgentRuntime bundle serializer for A3,estimated_characters_div_4,synthetic-eval-v1
42,A1,TCK-00055,implementation,2.1400002879090607e-05,306,1,30,0.0,291847,ACL serializer; MobileAgentRuntime bundle serializer for A3,estimated_characters_div_4,synthetic-eval-v1
42,A1,TCK-00055,qa,3.659999492811039e-05,282,1,30,0.0,292467,ACL serializer; MobileAgentRuntime bundle serializer for A3,estimated_characters_div_4,synthetic-eval-v1
42,A1,TCK-00055,deployment,4.1200000850949436e-05,298,1,30,0.0,293107,ACL serializer; MobileAgentRuntime bundle serializer for A3,estimated_characters_div_4,synthetic-eval-v1
42,A1,TCK-00056,triage,4.529999569058418e-05,290,1,43,0.0,295170,ACL serializer; MobileAgentRuntime bundle serializer for A3,estimated_characters_div_4,synthetic-eval-v1
42,A1,TCK-00056,assignment,2.239999594166875e-05,298,1,43,0.0,295808,ACL serializer; MobileAgentRuntime bundle serializer for A3,estimated_characters_div_4,synthetic-eval-v1
42,A1,TCK-00056,investigation,2.179999864893034e-05,304,1,43,0.0,296446,ACL serializer; MobileAgentRuntime bundle serializer for A3,estimated_characters_div_4,synthetic-eval-v1
42,A1,TCK-00056,implementation,2.1399995603132993e-05,306,1,43,0.0,297080,ACL serializer; MobileAgentRuntime bundle serializer for A3,estimated_characters_div_4,synthetic-eval-v1
42,A1,TCK-00056,qa,2.130000211764127e-05,282,1,43,0.0,297694,ACL serializer; MobileAgentRuntime bundle serializer for A3,estimated_characters_div_4,synthetic-eval-v1
42,A1,TCK-00056,deployment,2.2099993657320738e-05,298,1,43,0.0,298336,ACL serializer; MobileAgentRuntime bundle serializer for A3,estimated_characters_div_4,synthetic-eval-v1
42,A1,TCK-00057,triage,6.280000525293872e-05,290,1,30,0.0,300279,ACL serializer; MobileAgentRuntime bundle serializer for A3,estimated_characters_div_4,synthetic-eval-v1
42,A1,TCK-00057,assignment,4.220000118948519e-05,298,1,30,0.0,300915,ACL serializer; MobileAgentRuntime bundle serializer for A3,estimated_characters_div_4,synthetic-eval-v1
42,A1,TCK-00057,investigation,4.0899998566601425e-05,304,1,30,0.0,301550,ACL serializer; MobileAgentRuntime bundle serializer for A3,estimated_characters_div_4,synthetic-eval-v1
42,A1,TCK-00057,implementation,3.959999594371766e-05,306,1,30,0.0,302183,ACL serializer; MobileAgentRuntime bundle serializer for A3,estimated_characters_div_4,synthetic-eval-v1
42,A1,TCK-00057,qa,4.020000051241368e-05,282,1,30,0.0,302803,ACL serializer; MobileAgentRuntime bundle serializer for A3,estimated_characters_div_4,synthetic-eval-v1
42,A1,TCK-00057,deployment,3.9900005504023284e-05,298,1,30,0.0,303443,ACL serializer; MobileAgentRuntime bundle serializer for A3,estimated_characters_div_4,synthetic-eval-v1
42,A1,TCK-00058,triage,5.959999543847516e-05,290,1,28,0.0,305487,ACL serializer; MobileAgentRuntime bundle serializer for A3,estimated_characters_div_4,synthetic-eval-v1
42,A1,TCK-00058,assignment,2.239999594166875e-05,298,1,28,0.0,306123,ACL serializer; MobileAgentRuntime bundle serializer for A3,estimated_characters_div_4,synthetic-eval-v1
42,A1,TCK-00058,investigation,2.1599997126031667e-05,304,1,28,0.0,306758,ACL serializer; MobileAgentRuntime bundle serializer for A3,estimated_characters_div_4,synthetic-eval-v1
42,A1,TCK-00058,implementation,2.2600004740525037e-05,306,1,28,0.0,307391,ACL serializer; MobileAgentRuntime bundle serializer for A3,estimated_characters_div_4,synthetic-eval-v1
42,A1,TCK-00058,qa,2.1500003640539944e-05,282,1,28,0.0,308011,ACL serializer; MobileAgentRuntime bundle serializer for A3,estimated_characters_div_4,synthetic-eval-v1
42,A1,TCK-00058,deployment,2.08000055863522e-05,298,1,28,0.0,309035,ACL serializer; MobileAgentRuntime bundle serializer for A3,estimated_characters_div_4,synthetic-eval-v1
42,A1,TCK-00059,triage,6.290000601438805e-05,290,1,30,0.0,311055,ACL serializer; MobileAgentRuntime bundle serializer for A3,estimated_characters_div_4,synthetic-eval-v1
42,A1,TCK-00059,assignment,4.239999543642625e-05,298,1,30,0.0,311691,ACL serializer; MobileAgentRuntime bundle serializer for A3,estimated_characters_div_4,synthetic-eval-v1
42,A1,TCK-00059,investigation,3.989999822806567e-05,304,1,30,0.0,312326,ACL serializer; MobileAgentRuntime bundle serializer for A3,estimated_characters_div_4,synthetic-eval-v1
42,A1,TCK-00059,implementation,4.149999585933983e-05,306,1,30,0.0,312959,ACL serializer; MobileAgentRuntime bundle serializer for A3,estimated_characters_div_4,synthetic-eval-v1
42,A1,TCK-00059,qa,4.169999738223851e-05,282,1,30,0.0,313579,ACL serializer; MobileAgentRuntime bundle serializer for A3,estimated_characters_div_4,synthetic-eval-v1
42,A1,TCK-00059,deployment,3.9500002458225936e-05,298,1,30,0.0,314219,ACL serializer; MobileAgentRuntime bundle serializer for A3,estimated_characters_div_4,synthetic-eval-v1
42,A1,TCK-00060,triage,4.2400002712383866e-05,290,1,28,0.0,316223,ACL serializer; MobileAgentRuntime bundle serializer for A3,estimated_characters_div_4,synthetic-eval-v1
42,A1,TCK-00060,assignment,3.499999729683623e-05,298,1,28,0.0,316859,ACL serializer; MobileAgentRuntime bundle serializer for A3,estimated_characters_div_4,synthetic-eval-v1
42,A1,TCK-00060,investigation,2.2300002456177026e-05,304,1,28,0.0,317494,ACL serializer; MobileAgentRuntime bundle serializer for A3,estimated_characters_div_4,synthetic-eval-v1
42,A1,TCK-00060,implementation,2.1500003640539944e-05,306,1,28,0.0,318127,ACL serializer; MobileAgentRuntime bundle serializer for A3,estimated_characters_div_4,synthetic-eval-v1
42,A1,TCK-00060,qa,2.099999983329326e-05,282,1,28,0.0,318747,ACL serializer; MobileAgentRuntime bundle serializer for A3,estimated_characters_div_4,synthetic-eval-v1
42,A1,TCK-00060,deployment,2.099999983329326e-05,298,1,28,0.0,319387,ACL serializer; MobileAgentRuntime bundle serializer for A3,estimated_characters_div_4,synthetic-eval-v1
42,A1,TCK-00061,triage,2.9199996788520366e-05,290,1,30,0.0,321408,ACL serializer; MobileAgentRuntime bundle serializer for A3,estimated_characters_div_4,synthetic-eval-v1
42,A1,TCK-00061,assignment,2.2100000933278352e-05,298,1,30,0.0,322044,ACL serializer; MobileAgentRuntime bundle serializer for A3,estimated_characters_div_4,synthetic-eval-v1
42,A1,TCK-00061,investigation,2.1200001356191933e-05,304,1,30,0.0,322679,ACL serializer; MobileAgentRuntime bundle serializer for A3,estimated_characters_div_4,synthetic-eval-v1
42,A1,TCK-00061,implementation,2.099999983329326e-05,306,1,30,0.0,323312,ACL serializer; MobileAgentRuntime bundle serializer for A3,estimated_characters_div_4,synthetic-eval-v1
42,A1,TCK-00061,qa,2.2000000171829015e-05,282,1,30,0.0,323932,ACL serializer; MobileAgentRuntime bundle serializer for A3,estimated_characters_div_4,synthetic-eval-v1
42,A1,TCK-00061,deployment,2.0700004824902862e-05,298,1,30,0.0,324572,ACL serializer; MobileAgentRuntime bundle serializer for A3,estimated_characters_div_4,synthetic-eval-v1
42,A1,TCK-00062,triage,4.25000034738332e-05,290,1,28,0.0,326575,ACL serializer; MobileAgentRuntime bundle serializer for A3,estimated_characters_div_4,synthetic-eval-v1
42,A1,TCK-00062,assignment,2.25000039790757e-05,298,1,28,0.0,327211,ACL serializer; MobileAgentRuntime bundle serializer for A3,estimated_characters_div_4,synthetic-eval-v1
42,A1,TCK-00062,investigation,2.1699997887481004e-05,304,1,28,0.0,327846,ACL serializer; MobileAgentRuntime bundle serializer for A3,estimated_characters_div_4,synthetic-eval-v1
42,A1,TCK-00062,implementation,2.1099993318784982e-05,306,1,28,0.0,328479,ACL serializer; MobileAgentRuntime bundle serializer for A3,estimated_characters_div_4,synthetic-eval-v1
42,A1,TCK-00062,qa,2.1400002879090607e-05,282,1,28,0.0,329099,ACL serializer; MobileAgentRuntime bundle serializer for A3,estimated_characters_div_4,synthetic-eval-v1
42,A1,TCK-00062,deployment,2.2100000933278352e-05,298,1,28,0.0,329739,ACL serializer; MobileAgentRuntime bundle serializer for A3,estimated_characters_div_4,synthetic-eval-v1
42,A1,TCK-00063,triage,2.7900001441594213e-05,290,1,45,0.0,331850,ACL serializer; MobileAgentRuntime bundle serializer for A3,estimated_characters_div_4,synthetic-eval-v1
42,A1,TCK-00063,assignment,2.2099993657320738e-05,298,1,45,0.0,332488,ACL serializer; MobileAgentRuntime bundle serializer for A3,estimated_characters_div_4,synthetic-eval-v1
42,A1,TCK-00063,investigation,2.1100000594742596e-05,304,1,45,0.0,333126,ACL serializer; MobileAgentRuntime bundle serializer for A3,estimated_characters_div_4,synthetic-eval-v1
42,A1,TCK-00063,implementation,2.1800005924887955e-05,306,1,45,0.0,333760,ACL serializer; MobileAgentRuntime bundle serializer for A3,estimated_characters_div_4,synthetic-eval-v1
42,A1,TCK-00063,qa,2.059999678749591e-05,282,1,45,0.0,334374,ACL serializer; MobileAgentRuntime bundle serializer for A3,estimated_characters_div_4,synthetic-eval-v1
42,A1,TCK-00063,deployment,2.1299994841683656e-05,298,1,45,0.0,335016,ACL serializer; MobileAgentRuntime bundle serializer for A3,estimated_characters_div_4,synthetic-eval-v1
42,A1,TCK-00064,triage,7.419999747071415e-05,290,1,28,0.0,336960,ACL serializer; MobileAgentRuntime bundle serializer for A3,estimated_characters_div_4,synthetic-eval-v1
42,A1,TCK-00064,assignment,5.6400000175926834e-05,298,1,28,0.0,337596,ACL serializer; MobileAgentRuntime bundle serializer for A3,estimated_characters_div_4,synthetic-eval-v1
42,A1,TCK-00064,investigation,5.4600001021753997e-05,304,1,28,0.0,338231,ACL serializer; MobileAgentRuntime bundle serializer for A3,estimated_characters_div_4,synthetic-eval-v1
42,A1,TCK-00064,implementation,4.839999746764079e-05,306,1,28,0.0,338864,ACL serializer; MobileAgentRuntime bundle serializer for A3,estimated_characters_div_4,synthetic-eval-v1
42,A1,TCK-00064,qa,5.709999823011458e-05,282,1,28,0.0,339484,ACL serializer; MobileAgentRuntime bundle serializer for A3,estimated_characters_div_4,synthetic-eval-v1
42,A1,TCK-00064,deployment,3.909999941242859e-05,298,1,28,0.0,340124,ACL serializer; MobileAgentRuntime bundle serializer for A3,estimated_characters_div_4,synthetic-eval-v1
42,A1,TCK-00065,triage,3.489999653538689e-05,290,1,30,0.0,342279,ACL serializer; MobileAgentRuntime bundle serializer for A3,estimated_characters_div_4,synthetic-eval-v1
42,A1,TCK-00065,assignment,2.3200002033263445e-05,298,1,30,0.0,342915,ACL serializer; MobileAgentRuntime bundle serializer for A3,estimated_characters_div_4,synthetic-eval-v1
42,A1,TCK-00065,investigation,2.220000169472769e-05,304,1,30,0.0,343550,ACL serializer; MobileAgentRuntime bundle serializer for A3,estimated_characters_div_4,synthetic-eval-v1
42,A1,TCK-00065,implementation,2.1100000594742596e-05,306,1,30,0.0,344183,ACL serializer; MobileAgentRuntime bundle serializer for A3,estimated_characters_div_4,synthetic-eval-v1
42,A1,TCK-00065,qa,2.1500003640539944e-05,282,1,30,0.0,344803,ACL serializer; MobileAgentRuntime bundle serializer for A3,estimated_characters_div_4,synthetic-eval-v1
42,A1,TCK-00065,deployment,2.099999983329326e-05,298,1,30,0.0,345443,ACL serializer; MobileAgentRuntime bundle serializer for A3,estimated_characters_div_4,synthetic-eval-v1
42,A1,TCK-00066,triage,7.479999476345256e-05,290,1,28,0.0,347543,ACL serializer; MobileAgentRuntime bundle serializer for A3,estimated_characters_div_4,synthetic-eval-v1
42,A1,TCK-00066,assignment,5.650000093737617e-05,298,1,28,0.0,348179,ACL serializer; MobileAgentRuntime bundle serializer for A3,estimated_characters_div_4,synthetic-eval-v1
42,A1,TCK-00066,investigation,5.1399998483248055e-05,304,1,28,0.0,348814,ACL serializer; MobileAgentRuntime bundle serializer for A3,estimated_characters_div_4,synthetic-eval-v1
42,A1,TCK-00066,implementation,5.129999772179872e-05,306,1,28,0.0,349447,ACL serializer; MobileAgentRuntime bundle serializer for A3,estimated_characters_div_4,synthetic-eval-v1
42,A1,TCK-00066,qa,5.080000119050965e-05,282,1,28,0.0,350067,ACL serializer; MobileAgentRuntime bundle serializer for A3,estimated_characters_div_4,synthetic-eval-v1
42,A1,TCK-00066,deployment,5.0000002374872565e-05,298,1,28,0.0,351155,ACL serializer; MobileAgentRuntime bundle serializer for A3,estimated_characters_div_4,synthetic-eval-v1
42,A1,TCK-00067,triage,4.4200001866556704e-05,290,1,30,0.0,353151,ACL serializer; MobileAgentRuntime bundle serializer for A3,estimated_characters_div_4,synthetic-eval-v1
42,A1,TCK-00067,assignment,2.280000626342371e-05,298,1,30,0.0,353787,ACL serializer; MobileAgentRuntime bundle serializer for A3,estimated_characters_div_4,synthetic-eval-v1
42,A1,TCK-00067,investigation,2.59000007645227e-05,304,1,30,0.0,354422,ACL serializer; MobileAgentRuntime bundle serializer for A3,estimated_characters_div_4,synthetic-eval-v1
42,A1,TCK-00067,implementation,2.5699999241624027e-05,306,1,30,0.0,355055,ACL serializer; MobileAgentRuntime bundle serializer for A3,estimated_characters_div_4,synthetic-eval-v1
42,A1,TCK-00067,qa,2.5500004994682968e-05,282,1,30,0.0,355675,ACL serializer; MobileAgentRuntime bundle serializer for A3,estimated_characters_div_4,synthetic-eval-v1
42,A1,TCK-00067,deployment,2.489999315002933e-05,298,1,30,0.0,356315,ACL serializer; MobileAgentRuntime bundle serializer for A3,estimated_characters_div_4,synthetic-eval-v1
42,A1,TCK-00068,triage,6.340000254567713e-05,290,1,28,0.0,358319,ACL serializer; MobileAgentRuntime bundle serializer for A3,estimated_characters_div_4,synthetic-eval-v1
42,A1,TCK-00068,assignment,5.190000229049474e-05,298,1,28,0.0,358955,ACL serializer; MobileAgentRuntime bundle serializer for A3,estimated_characters_div_4,synthetic-eval-v1
42,A1,TCK-00068,investigation,5.339999916031957e-05,304,1,28,0.0,359590,ACL serializer; MobileAgentRuntime bundle serializer for A3,estimated_characters_div_4,synthetic-eval-v1
42,A1,TCK-00068,implementation,5.0499998906161636e-05,306,1,28,0.0,360223,ACL serializer; MobileAgentRuntime bundle serializer for A3,estimated_characters_div_4,synthetic-eval-v1
42,A1,TCK-00068,qa,2.2300002456177026e-05,282,1,28,0.0,360843,ACL serializer; MobileAgentRuntime bundle serializer for A3,estimated_characters_div_4,synthetic-eval-v1
42,A1,TCK-00068,deployment,2.130000211764127e-05,298,1,28,0.0,361483,ACL serializer; MobileAgentRuntime bundle serializer for A3,estimated_characters_div_4,synthetic-eval-v1
42,A1,TCK-00069,triage,4.369999805931002e-05,290,1,30,0.0,363503,ACL serializer; MobileAgentRuntime bundle serializer for A3,estimated_characters_div_4,synthetic-eval-v1
42,A1,TCK-00069,assignment,3.529999958118424e-05,298,1,30,0.0,364139,ACL serializer; MobileAgentRuntime bundle serializer for A3,estimated_characters_div_4,synthetic-eval-v1
42,A1,TCK-00069,investigation,2.1599997126031667e-05,304,1,30,0.0,364774,ACL serializer; MobileAgentRuntime bundle serializer for A3,estimated_characters_div_4,synthetic-eval-v1
42,A1,TCK-00069,implementation,2.130000211764127e-05,306,1,30,0.0,365407,ACL serializer; MobileAgentRuntime bundle serializer for A3,estimated_characters_div_4,synthetic-eval-v1
42,A1,TCK-00069,qa,2.099999983329326e-05,282,1,30,0.0,366027,ACL serializer; MobileAgentRuntime bundle serializer for A3,estimated_characters_div_4,synthetic-eval-v1
42,A1,TCK-00069,deployment,2.0700004824902862e-05,298,1,30,0.0,366667,ACL serializer; MobileAgentRuntime bundle serializer for A3,estimated_characters_div_4,synthetic-eval-v1
42,A1,TCK-00070,triage,4.949999856762588e-05,290,1,43,0.0,368754,ACL serializer; MobileAgentRuntime bundle serializer for A3,estimated_characters_div_4,synthetic-eval-v1
42,A1,TCK-00070,assignment,2.830000448739156e-05,298,1,43,0.0,369392,ACL serializer; MobileAgentRuntime bundle serializer for A3,estimated_characters_div_4,synthetic-eval-v1
42,A1,TCK-00070,investigation,2.800000220304355e-05,304,1,43,0.0,370030,ACL serializer; MobileAgentRuntime bundle serializer for A3,estimated_characters_div_4,synthetic-eval-v1
42,A1,TCK-00070,implementation,2.4400003894697875e-05,306,1,43,0.0,370664,ACL serializer; MobileAgentRuntime bundle serializer for A3,estimated_characters_div_4,synthetic-eval-v1
42,A1,TCK-00070,qa,2.149999636458233e-05,282,1,43,0.0,371278,ACL serializer; MobileAgentRuntime bundle serializer for A3,estimated_characters_div_4,synthetic-eval-v1
42,A1,TCK-00070,deployment,2.2299995180219412e-05,298,1,43,0.0,371920,ACL serializer; MobileAgentRuntime bundle serializer for A3,estimated_characters_div_4,synthetic-eval-v1
42,A1,TCK-00071,triage,3.5700002626981586e-05,290,1,30,0.0,373863,ACL serializer; MobileAgentRuntime bundle serializer for A3,estimated_characters_div_4,synthetic-eval-v1
42,A1,TCK-00071,assignment,2.1700005163438618e-05,298,1,30,0.0,374499,ACL serializer; MobileAgentRuntime bundle serializer for A3,estimated_characters_div_4,synthetic-eval-v1
42,A1,TCK-00071,investigation,2.2199994418770075e-05,304,1,30,0.0,375134,ACL serializer; MobileAgentRuntime bundle serializer for A3,estimated_characters_div_4,synthetic-eval-v1
42,A1,TCK-00071,implementation,2.1299994841683656e-05,306,1,30,0.0,375767,ACL serializer; MobileAgentRuntime bundle serializer for A3,estimated_characters_div_4,synthetic-eval-v1
42,A1,TCK-00071,qa,2.130000211764127e-05,282,1,30,0.0,376387,ACL serializer; MobileAgentRuntime bundle serializer for A3,estimated_characters_div_4,synthetic-eval-v1
42,A1,TCK-00071,deployment,2.1399995603132993e-05,298,1,30,0.0,377027,ACL serializer; MobileAgentRuntime bundle serializer for A3,estimated_characters_div_4,synthetic-eval-v1
42,A1,TCK-00072,triage,4.5199994929134846e-05,290,1,28,0.0,379071,ACL serializer; MobileAgentRuntime bundle serializer for A3,estimated_characters_div_4,synthetic-eval-v1
42,A1,TCK-00072,assignment,2.2700005501974374e-05,298,1,28,0.0,379707,ACL serializer; MobileAgentRuntime bundle serializer for A3,estimated_characters_div_4,synthetic-eval-v1
42,A1,TCK-00072,investigation,2.220000169472769e-05,304,1,28,0.0,380342,ACL serializer; MobileAgentRuntime bundle serializer for A3,estimated_characters_div_4,synthetic-eval-v1
42,A1,TCK-00072,implementation,2.4100001610349864e-05,306,1,28,0.0,380975,ACL serializer; MobileAgentRuntime bundle serializer for A3,estimated_characters_div_4,synthetic-eval-v1
42,A1,TCK-00072,qa,2.1599997126031667e-05,282,1,28,0.0,381595,ACL serializer; MobileAgentRuntime bundle serializer for A3,estimated_characters_div_4,synthetic-eval-v1
42,A1,TCK-00072,deployment,2.119999408023432e-05,298,1,28,0.0,382235,ACL serializer; MobileAgentRuntime bundle serializer for A3,estimated_characters_div_4,synthetic-eval-v1
42,A1,TCK-00073,triage,5.390000296756625e-05,290,1,30,0.0,384255,ACL serializer; MobileAgentRuntime bundle serializer for A3,estimated_characters_div_4,synthetic-eval-v1
42,A1,TCK-00073,assignment,2.220000169472769e-05,298,1,30,0.0,384891,ACL serializer; MobileAgentRuntime bundle serializer for A3,estimated_characters_div_4,synthetic-eval-v1
42,A1,TCK-00073,investigation,2.179999864893034e-05,304,1,30,0.0,385526,ACL serializer; MobileAgentRuntime bundle serializer for A3,estimated_characters_div_4,synthetic-eval-v1
42,A1,TCK-00073,implementation,2.2499996703118086e-05,306,1,30,0.0,386159,ACL serializer; MobileAgentRuntime bundle serializer for A3,estimated_characters_div_4,synthetic-eval-v1
42,A1,TCK-00073,qa,2.149999636458233e-05,282,1,30,0.0,386779,ACL serializer; MobileAgentRuntime bundle serializer for A3,estimated_characters_div_4,synthetic-eval-v1
42,A1,TCK-00073,deployment,2.0899999071843922e-05,298,1,30,0.0,387419,ACL serializer; MobileAgentRuntime bundle serializer for A3,estimated_characters_div_4,synthetic-eval-v1
42,A1,TCK-00074,triage,7.020000339252874e-05,290,1,28,0.0,389424,ACL serializer; MobileAgentRuntime bundle serializer for A3,estimated_characters_div_4,synthetic-eval-v1
42,A1,TCK-00074,assignment,5.310000415192917e-05,298,1,28,0.0,390060,ACL serializer; MobileAgentRuntime bundle serializer for A3,estimated_characters_div_4,synthetic-eval-v1
42,A1,TCK-00074,investigation,5.4799995268695056e-05,304,1,28,0.0,390695,ACL serializer; MobileAgentRuntime bundle serializer for A3,estimated_characters_div_4,synthetic-eval-v1
42,A1,TCK-00074,implementation,3.4699995012488216e-05,306,1,28,0.0,391328,ACL serializer; MobileAgentRuntime bundle serializer for A3,estimated_characters_div_4,synthetic-eval-v1
42,A1,TCK-00074,qa,4.030000127386302e-05,282,1,28,0.0,391948,ACL serializer; MobileAgentRuntime bundle serializer for A3,estimated_characters_div_4,synthetic-eval-v1
42,A1,TCK-00074,deployment,4.579999949783087e-05,298,1,28,0.0,392588,ACL serializer; MobileAgentRuntime bundle serializer for A3,estimated_characters_div_4,synthetic-eval-v1
42,A1,TCK-00075,triage,4.510000144364312e-05,290,1,30,0.0,394608,ACL serializer; MobileAgentRuntime bundle serializer for A3,estimated_characters_div_4,synthetic-eval-v1
42,A1,TCK-00075,assignment,2.42000023717992e-05,298,1,30,0.0,395244,ACL serializer; MobileAgentRuntime bundle serializer for A3,estimated_characters_div_4,synthetic-eval-v1
42,A1,TCK-00075,investigation,2.2100000933278352e-05,304,1,30,0.0,395879,ACL serializer; MobileAgentRuntime bundle serializer for A3,estimated_characters_div_4,synthetic-eval-v1
42,A1,TCK-00075,implementation,2.3699998564552516e-05,306,1,30,0.0,396512,ACL serializer; MobileAgentRuntime bundle serializer for A3,estimated_characters_div_4,synthetic-eval-v1
42,A1,TCK-00075,qa,2.1599997126031667e-05,282,1,30,0.0,397132,ACL serializer; MobileAgentRuntime bundle serializer for A3,estimated_characters_div_4,synthetic-eval-v1
42,A1,TCK-00075,deployment,2.1100000594742596e-05,298,1,30,0.0,397772,ACL serializer; MobileAgentRuntime bundle serializer for A3,estimated_characters_div_4,synthetic-eval-v1
42,A1,TCK-00076,triage,4.3799998820759356e-05,290,1,28,0.0,399776,ACL serializer; MobileAgentRuntime bundle serializer for A3,estimated_characters_div_4,synthetic-eval-v1
42,A1,TCK-00076,assignment,2.3100001271814108e-05,298,1,28,0.0,400924,ACL serializer; MobileAgentRuntime bundle serializer for A3,estimated_characters_div_4,synthetic-eval-v1
42,A1,TCK-00076,investigation,2.280000626342371e-05,304,1,28,0.0,401559,ACL serializer; MobileAgentRuntime bundle serializer for A3,estimated_characters_div_4,synthetic-eval-v1
42,A1,TCK-00076,implementation,2.179999864893034e-05,306,1,28,0.0,402192,ACL serializer; MobileAgentRuntime bundle serializer for A3,estimated_characters_div_4,synthetic-eval-v1
42,A1,TCK-00076,qa,2.099999983329326e-05,282,1,28,0.0,402812,ACL serializer; MobileAgentRuntime bundle serializer for A3,estimated_characters_div_4,synthetic-eval-v1
42,A1,TCK-00076,deployment,2.130000211764127e-05,298,1,28,0.0,403452,ACL serializer; MobileAgentRuntime bundle serializer for A3,estimated_characters_div_4,synthetic-eval-v1
42,A1,TCK-00077,triage,3.4900003811344504e-05,290,1,45,0.0,405690,ACL serializer; MobileAgentRuntime bundle serializer for A3,estimated_characters_div_4,synthetic-eval-v1
42,A1,TCK-00077,assignment,2.269999822601676e-05,298,1,45,0.0,406328,ACL serializer; MobileAgentRuntime bundle serializer for A3,estimated_characters_div_4,synthetic-eval-v1
42,A1,TCK-00077,investigation,2.2100000933278352e-05,304,1,45,0.0,406966,ACL serializer; MobileAgentRuntime bundle serializer for A3,estimated_characters_div_4,synthetic-eval-v1
42,A1,TCK-00077,implementation,2.2100000933278352e-05,306,1,45,0.0,407600,ACL serializer; MobileAgentRuntime bundle serializer for A3,estimated_characters_div_4,synthetic-eval-v1
42,A1,TCK-00077,qa,2.25000039790757e-05,282,1,45,0.0,408214,ACL serializer; MobileAgentRuntime bundle serializer for A3,estimated_characters_div_4,synthetic-eval-v1
42,A1,TCK-00077,deployment,2.1200001356191933e-05,298,1,45,0.0,408856,ACL serializer; MobileAgentRuntime bundle serializer for A3,estimated_characters_div_4,synthetic-eval-v1
42,A1,TCK-00078,triage,4.4699998397845775e-05,290,1,28,0.0,410903,ACL serializer; MobileAgentRuntime bundle serializer for A3,estimated_characters_div_4,synthetic-eval-v1
42,A1,TCK-00078,assignment,2.4000000848900527e-05,298,1,28,0.0,411539,ACL serializer; MobileAgentRuntime bundle serializer for A3,estimated_characters_div_4,synthetic-eval-v1
42,A1,TCK-00078,investigation,2.25000039790757e-05,304,1,28,0.0,412174,ACL serializer; MobileAgentRuntime bundle serializer for A3,estimated_characters_div_4,synthetic-eval-v1
42,A1,TCK-00078,implementation,2.3100001271814108e-05,306,1,28,0.0,412807,ACL serializer; MobileAgentRuntime bundle serializer for A3,estimated_characters_div_4,synthetic-eval-v1
42,A1,TCK-00078,qa,2.2600004740525037e-05,282,1,28,0.0,413427,ACL serializer; MobileAgentRuntime bundle serializer for A3,estimated_characters_div_4,synthetic-eval-v1
42,A1,TCK-00078,deployment,2.2000000171829015e-05,298,1,28,0.0,414067,ACL serializer; MobileAgentRuntime bundle serializer for A3,estimated_characters_div_4,synthetic-eval-v1
42,A1,TCK-00079,triage,5.239999882178381e-05,290,1,30,0.0,416103,ACL serializer; MobileAgentRuntime bundle serializer for A3,estimated_characters_div_4,synthetic-eval-v1
42,A1,TCK-00079,assignment,2.4000000848900527e-05,298,1,30,0.0,416739,ACL serializer; MobileAgentRuntime bundle serializer for A3,estimated_characters_div_4,synthetic-eval-v1
42,A1,TCK-00079,investigation,2.3799999326001853e-05,304,1,30,0.0,417374,ACL serializer; MobileAgentRuntime bundle serializer for A3,estimated_characters_div_4,synthetic-eval-v1
42,A1,TCK-00079,implementation,2.2300002456177026e-05,306,1,30,0.0,418007,ACL serializer; MobileAgentRuntime bundle serializer for A3,estimated_characters_div_4,synthetic-eval-v1
42,A1,TCK-00079,qa,2.2599997464567423e-05,282,1,30,0.0,418627,ACL serializer; MobileAgentRuntime bundle serializer for A3,estimated_characters_div_4,synthetic-eval-v1
42,A1,TCK-00079,deployment,2.3100001271814108e-05,298,1,30,0.0,419267,ACL serializer; MobileAgentRuntime bundle serializer for A3,estimated_characters_div_4,synthetic-eval-v1
42,A1,TCK-00080,triage,7.6299998909235e-05,290,1,28,0.0,421270,ACL serializer; MobileAgentRuntime bundle serializer for A3,estimated_characters_div_4,synthetic-eval-v1
42,A1,TCK-00080,assignment,4.159999662078917e-05,298,1,28,0.0,421906,ACL serializer; MobileAgentRuntime bundle serializer for A3,estimated_characters_div_4,synthetic-eval-v1
42,A1,TCK-00080,investigation,2.4400003894697875e-05,304,1,28,0.0,422541,ACL serializer; MobileAgentRuntime bundle serializer for A3,estimated_characters_div_4,synthetic-eval-v1
42,A1,TCK-00080,implementation,2.7599999157246202e-05,306,1,28,0.0,423174,ACL serializer; MobileAgentRuntime bundle serializer for A3,estimated_characters_div_4,synthetic-eval-v1
42,A1,TCK-00080,qa,2.2599997464567423e-05,282,1,28,0.0,423794,ACL serializer; MobileAgentRuntime bundle serializer for A3,estimated_characters_div_4,synthetic-eval-v1
42,A1,TCK-00080,deployment,2.3100001271814108e-05,298,1,28,0.0,424434,ACL serializer; MobileAgentRuntime bundle serializer for A3,estimated_characters_div_4,synthetic-eval-v1
42,A1,TCK-00081,triage,4.6399996790569276e-05,290,1,30,0.0,426454,ACL serializer; MobileAgentRuntime bundle serializer for A3,estimated_characters_div_4,synthetic-eval-v1
42,A1,TCK-00081,assignment,0.00010270000348100439,298,1,30,0.0,427090,ACL serializer; MobileAgentRuntime bundle serializer for A3,estimated_characters_div_4,synthetic-eval-v1
42,A1,TCK-00081,investigation,4.930000432068482e-05,304,1,30,0.0,427725,ACL serializer; MobileAgentRuntime bundle serializer for A3,estimated_characters_div_4,synthetic-eval-v1
42,A1,TCK-00081,implementation,8.510000043315813e-05,306,1,30,0.0,428358,ACL serializer; MobileAgentRuntime bundle serializer for A3,estimated_characters_div_4,synthetic-eval-v1
42,A1,TCK-00081,qa,6.409999332390726e-05,282,1,30,0.0,428978,ACL serializer; MobileAgentRuntime bundle serializer for A3,estimated_characters_div_4,synthetic-eval-v1
42,A1,TCK-00081,deployment,6.070000381441787e-05,298,1,30,0.0,429618,ACL serializer; MobileAgentRuntime bundle serializer for A3,estimated_characters_div_4,synthetic-eval-v1
42,A1,TCK-00082,triage,6.880000000819564e-05,290,1,28,0.0,431623,ACL serializer; MobileAgentRuntime bundle serializer for A3,estimated_characters_div_4,synthetic-eval-v1
42,A1,TCK-00082,assignment,5.089999467600137e-05,298,1,28,0.0,432259,ACL serializer; MobileAgentRuntime bundle serializer for A3,estimated_characters_div_4,synthetic-eval-v1
42,A1,TCK-00082,investigation,3.2500000088475645e-05,304,1,28,0.0,432894,ACL serializer; MobileAgentRuntime bundle serializer for A3,estimated_characters_div_4,synthetic-eval-v1
42,A1,TCK-00082,implementation,2.9199996788520366e-05,306,1,28,0.0,433527,ACL serializer; MobileAgentRuntime bundle serializer for A3,estimated_characters_div_4,synthetic-eval-v1
42,A1,TCK-00082,qa,2.3100001271814108e-05,282,1,28,0.0,434147,ACL serializer; MobileAgentRuntime bundle serializer for A3,estimated_characters_div_4,synthetic-eval-v1
42,A1,TCK-00082,deployment,3.599999763537198e-05,298,1,28,0.0,434787,ACL serializer; MobileAgentRuntime bundle serializer for A3,estimated_characters_div_4,synthetic-eval-v1
42,A1,TCK-00083,triage,7.249999907799065e-05,290,1,30,0.0,436807,ACL serializer; MobileAgentRuntime bundle serializer for A3,estimated_characters_div_4,synthetic-eval-v1
42,A1,TCK-00083,assignment,4.7400004405062646e-05,298,1,30,0.0,437443,ACL serializer; MobileAgentRuntime bundle serializer for A3,estimated_characters_div_4,synthetic-eval-v1
42,A1,TCK-00083,investigation,4.690000059781596e-05,304,1,30,0.0,438078,ACL serializer; MobileAgentRuntime bundle serializer for A3,estimated_characters_div_4,synthetic-eval-v1
42,A1,TCK-00083,implementation,6.850000499980524e-05,306,1,30,0.0,438711,ACL serializer; MobileAgentRuntime bundle serializer for A3,estimated_characters_div_4,synthetic-eval-v1
42,A1,TCK-00083,qa,4.5199994929134846e-05,282,1,30,0.0,439331,ACL serializer; MobileAgentRuntime bundle serializer for A3,estimated_characters_div_4,synthetic-eval-v1
42,A1,TCK-00083,deployment,5.360000068321824e-05,298,1,30,0.0,439971,ACL serializer; MobileAgentRuntime bundle serializer for A3,estimated_characters_div_4,synthetic-eval-v1
42,A1,TCK-00084,triage,4.6799999836366624e-05,290,1,42,0.0,442056,ACL serializer; MobileAgentRuntime bundle serializer for A3,estimated_characters_div_4,synthetic-eval-v1
42,A1,TCK-00084,assignment,2.3499997041653842e-05,298,1,42,0.0,442694,ACL serializer; MobileAgentRuntime bundle serializer for A3,estimated_characters_div_4,synthetic-eval-v1
42,A1,TCK-00084,investigation,2.3500004317611456e-05,304,1,42,0.0,443332,ACL serializer; MobileAgentRuntime bundle serializer for A3,estimated_characters_div_4,synthetic-eval-v1
42,A1,TCK-00084,implementation,2.2100000933278352e-05,306,1,42,0.0,443966,ACL serializer; MobileAgentRuntime bundle serializer for A3,estimated_characters_div_4,synthetic-eval-v1
42,A1,TCK-00084,qa,2.2100000933278352e-05,282,1,42,0.0,444580,ACL serializer; MobileAgentRuntime bundle serializer for A3,estimated_characters_div_4,synthetic-eval-v1
42,A1,TCK-00084,deployment,2.1599997126031667e-05,298,1,42,0.0,445222,ACL serializer; MobileAgentRuntime bundle serializer for A3,estimated_characters_div_4,synthetic-eval-v1
42,A1,TCK-00085,triage,4.669999907491729e-05,290,1,30,0.0,447167,ACL serializer; MobileAgentRuntime bundle serializer for A3,estimated_characters_div_4,synthetic-eval-v1
42,A1,TCK-00085,assignment,2.8399997972883284e-05,298,1,30,0.0,447803,ACL serializer; MobileAgentRuntime bundle serializer for A3,estimated_characters_div_4,synthetic-eval-v1
42,A1,TCK-00085,investigation,2.9100003303028643e-05,304,1,30,0.0,448438,ACL serializer; MobileAgentRuntime bundle serializer for A3,estimated_characters_div_4,synthetic-eval-v1
42,A1,TCK-00085,implementation,2.600000152597204e-05,306,1,30,0.0,449071,ACL serializer; MobileAgentRuntime bundle serializer for A3,estimated_characters_div_4,synthetic-eval-v1
42,A1,TCK-00085,qa,2.2899999748915434e-05,282,1,30,0.0,449691,ACL serializer; MobileAgentRuntime bundle serializer for A3,estimated_characters_div_4,synthetic-eval-v1
42,A1,TCK-00085,deployment,2.220000169472769e-05,298,1,30,0.0,450331,ACL serializer; MobileAgentRuntime bundle serializer for A3,estimated_characters_div_4,synthetic-eval-v1
42,A1,TCK-00086,triage,5.9300000430084765e-05,290,1,28,0.0,452375,ACL serializer; MobileAgentRuntime bundle serializer for A3,estimated_characters_div_4,synthetic-eval-v1
42,A1,TCK-00086,assignment,2.4400003894697875e-05,298,1,28,0.0,453011,ACL serializer; MobileAgentRuntime bundle serializer for A3,estimated_characters_div_4,synthetic-eval-v1
42,A1,TCK-00086,investigation,2.300000051036477e-05,304,1,28,0.0,453646,ACL serializer; MobileAgentRuntime bundle serializer for A3,estimated_characters_div_4,synthetic-eval-v1
42,A1,TCK-00086,implementation,2.2000000171829015e-05,306,1,28,0.0,454279,ACL serializer; MobileAgentRuntime bundle serializer for A3,estimated_characters_div_4,synthetic-eval-v1
42,A1,TCK-00086,qa,8.089999755611643e-05,282,1,28,0.0,454899,ACL serializer; MobileAgentRuntime bundle serializer for A3,estimated_characters_div_4,synthetic-eval-v1
42,A1,TCK-00086,deployment,6.419999408535659e-05,298,1,28,0.0,456115,ACL serializer; MobileAgentRuntime bundle serializer for A3,estimated_characters_div_4,synthetic-eval-v1
42,A1,TCK-00087,triage,4.650000482797623e-05,290,1,30,0.0,458136,ACL serializer; MobileAgentRuntime bundle serializer for A3,estimated_characters_div_4,synthetic-eval-v1
42,A1,TCK-00087,assignment,2.3799999326001853e-05,298,1,30,0.0,458772,ACL serializer; MobileAgentRuntime bundle serializer for A3,estimated_characters_div_4,synthetic-eval-v1
42,A1,TCK-00087,investigation,2.3100001271814108e-05,304,1,30,0.0,459407,ACL serializer; MobileAgentRuntime bundle serializer for A3,estimated_characters_div_4,synthetic-eval-v1
42,A1,TCK-00087,implementation,2.3399996280204505e-05,306,1,30,0.0,460040,ACL serializer; MobileAgentRuntime bundle serializer for A3,estimated_characters_div_4,synthetic-eval-v1
42,A1,TCK-00087,qa,2.559999848017469e-05,282,1,30,0.0,460660,ACL serializer; MobileAgentRuntime bundle serializer for A3,estimated_characters_div_4,synthetic-eval-v1
42,A1,TCK-00087,deployment,2.25000039790757e-05,298,1,30,0.0,461300,ACL serializer; MobileAgentRuntime bundle serializer for A3,estimated_characters_div_4,synthetic-eval-v1
42,A1,TCK-00088,triage,4.510000144364312e-05,290,1,28,0.0,463304,ACL serializer; MobileAgentRuntime bundle serializer for A3,estimated_characters_div_4,synthetic-eval-v1
42,A1,TCK-00088,assignment,2.3799999326001853e-05,298,1,28,0.0,463940,ACL serializer; MobileAgentRuntime bundle serializer for A3,estimated_characters_div_4,synthetic-eval-v1
42,A1,TCK-00088,investigation,2.390000008745119e-05,304,1,28,0.0,464575,ACL serializer; MobileAgentRuntime bundle serializer for A3,estimated_characters_div_4,synthetic-eval-v1
42,A1,TCK-00088,implementation,2.2599997464567423e-05,306,1,28,0.0,465208,ACL serializer; MobileAgentRuntime bundle serializer for A3,estimated_characters_div_4,synthetic-eval-v1
42,A1,TCK-00088,qa,4.3499996536411345e-05,282,1,28,0.0,465828,ACL serializer; MobileAgentRuntime bundle serializer for A3,estimated_characters_div_4,synthetic-eval-v1
42,A1,TCK-00088,deployment,3.829999332083389e-05,298,1,28,0.0,466468,ACL serializer; MobileAgentRuntime bundle serializer for A3,estimated_characters_div_4,synthetic-eval-v1
42,A1,TCK-00089,triage,4.400000034365803e-05,290,1,30,0.0,468464,ACL serializer; MobileAgentRuntime bundle serializer for A3,estimated_characters_div_4,synthetic-eval-v1
42,A1,TCK-00089,assignment,2.4500004656147212e-05,298,1,30,0.0,469100,ACL serializer; MobileAgentRuntime bundle serializer for A3,estimated_characters_div_4,synthetic-eval-v1
42,A1,TCK-00089,investigation,2.2799998987466097e-05,304,1,30,0.0,469735,ACL serializer; MobileAgentRuntime bundle serializer for A3,estimated_characters_div_4,synthetic-eval-v1
42,A1,TCK-00089,implementation,2.1899999410379678e-05,306,1,30,0.0,470368,ACL serializer; MobileAgentRuntime bundle serializer for A3,estimated_characters_div_4,synthetic-eval-v1
42,A1,TCK-00089,qa,2.2100000933278352e-05,282,1,30,0.0,470988,ACL serializer; MobileAgentRuntime bundle serializer for A3,estimated_characters_div_4,synthetic-eval-v1
42,A1,TCK-00089,deployment,2.5099994672928005e-05,298,1,30,0.0,471628,ACL serializer; MobileAgentRuntime bundle serializer for A3,estimated_characters_div_4,synthetic-eval-v1
42,A1,TCK-00090,triage,4.5000000682193786e-05,290,1,28,0.0,473632,ACL serializer; MobileAgentRuntime bundle serializer for A3,estimated_characters_div_4,synthetic-eval-v1
42,A1,TCK-00090,assignment,2.469999890308827e-05,298,1,28,0.0,474268,ACL serializer; MobileAgentRuntime bundle serializer for A3,estimated_characters_div_4,synthetic-eval-v1
42,A1,TCK-00090,investigation,2.359999780310318e-05,304,1,28,0.0,474903,ACL serializer; MobileAgentRuntime bundle serializer for A3,estimated_characters_div_4,synthetic-eval-v1
42,A1,TCK-00090,implementation,2.25000039790757e-05,306,1,28,0.0,475536,ACL serializer; MobileAgentRuntime bundle serializer for A3,estimated_characters_div_4,synthetic-eval-v1
42,A1,TCK-00090,qa,2.1700005163438618e-05,282,1,28,0.0,476156,ACL serializer; MobileAgentRuntime bundle serializer for A3,estimated_characters_div_4,synthetic-eval-v1
42,A1,TCK-00090,deployment,2.1899999410379678e-05,298,1,28,0.0,476796,ACL serializer; MobileAgentRuntime bundle serializer for A3,estimated_characters_div_4,synthetic-eval-v1
42,A1,TCK-00091,triage,4.529999569058418e-05,290,1,45,0.0,478908,ACL serializer; MobileAgentRuntime bundle serializer for A3,estimated_characters_div_4,synthetic-eval-v1
42,A1,TCK-00091,assignment,3.479999577393755e-05,298,1,45,0.0,479546,ACL serializer; MobileAgentRuntime bundle serializer for A3,estimated_characters_div_4,synthetic-eval-v1
42,A1,TCK-00091,investigation,2.4700006179045886e-05,304,1,45,0.0,480184,ACL serializer; MobileAgentRuntime bundle serializer for A3,estimated_characters_div_4,synthetic-eval-v1
42,A1,TCK-00091,implementation,5.6400000175926834e-05,306,1,45,0.0,480818,ACL serializer; MobileAgentRuntime bundle serializer for A3,estimated_characters_div_4,synthetic-eval-v1
42,A1,TCK-00091,qa,2.9100003303028643e-05,282,1,45,0.0,481432,ACL serializer; MobileAgentRuntime bundle serializer for A3,estimated_characters_div_4,synthetic-eval-v1
42,A1,TCK-00091,deployment,2.340000355616212e-05,298,1,45,0.0,482074,ACL serializer; MobileAgentRuntime bundle serializer for A3,estimated_characters_div_4,synthetic-eval-v1
42,A1,TCK-00092,triage,3.6600002204068005e-05,290,1,28,0.0,483991,ACL serializer; MobileAgentRuntime bundle serializer for A3,estimated_characters_div_4,synthetic-eval-v1
42,A1,TCK-00092,assignment,3.5400000342633575e-05,298,1,28,0.0,484627,ACL serializer; MobileAgentRuntime bundle serializer for A3,estimated_characters_div_4,synthetic-eval-v1
42,A1,TCK-00092,investigation,2.2700005501974374e-05,304,1,28,0.0,485262,ACL serializer; MobileAgentRuntime bundle serializer for A3,estimated_characters_div_4,synthetic-eval-v1
42,A1,TCK-00092,implementation,2.2799998987466097e-05,306,1,28,0.0,485895,ACL serializer; MobileAgentRuntime bundle serializer for A3,estimated_characters_div_4,synthetic-eval-v1
42,A1,TCK-00092,qa,2.1900006686337292e-05,282,1,28,0.0,486515,ACL serializer; MobileAgentRuntime bundle serializer for A3,estimated_characters_div_4,synthetic-eval-v1
42,A1,TCK-00092,deployment,3.0099996365606785e-05,298,1,28,0.0,487155,ACL serializer; MobileAgentRuntime bundle serializer for A3,estimated_characters_div_4,synthetic-eval-v1
42,A1,TCK-00093,triage,4.2599996959324926e-05,290,1,30,0.0,489343,ACL serializer; MobileAgentRuntime bundle serializer for A3,estimated_characters_div_4,synthetic-eval-v1
42,A1,TCK-00093,assignment,2.2799998987466097e-05,298,1,30,0.0,489979,ACL serializer; MobileAgentRuntime bundle serializer for A3,estimated_characters_div_4,synthetic-eval-v1
42,A1,TCK-00093,investigation,3.440000000409782e-05,304,1,30,0.0,490614,ACL serializer; MobileAgentRuntime bundle serializer for A3,estimated_characters_div_4,synthetic-eval-v1
42,A1,TCK-00093,implementation,2.25000039790757e-05,306,1,30,0.0,491247,ACL serializer; MobileAgentRuntime bundle serializer for A3,estimated_characters_div_4,synthetic-eval-v1
42,A1,TCK-00093,qa,2.2100000933278352e-05,282,1,30,0.0,491867,ACL serializer; MobileAgentRuntime bundle serializer for A3,estimated_characters_div_4,synthetic-eval-v1
42,A1,TCK-00093,deployment,2.179999864893034e-05,298,1,30,0.0,492507,ACL serializer; MobileAgentRuntime bundle serializer for A3,estimated_characters_div_4,synthetic-eval-v1
42,A1,TCK-00094,triage,4.4699998397845775e-05,290,1,28,0.0,494639,ACL serializer; MobileAgentRuntime bundle serializer for A3,estimated_characters_div_4,synthetic-eval-v1
42,A1,TCK-00094,assignment,2.3500004317611456e-05,298,1,28,0.0,495275,ACL serializer; MobileAgentRuntime bundle serializer for A3,estimated_characters_div_4,synthetic-eval-v1
42,A1,TCK-00094,investigation,2.2899999748915434e-05,304,1,28,0.0,495910,ACL serializer; MobileAgentRuntime bundle serializer for A3,estimated_characters_div_4,synthetic-eval-v1
42,A1,TCK-00094,implementation,2.2400003217626363e-05,306,1,28,0.0,496543,ACL serializer; MobileAgentRuntime bundle serializer for A3,estimated_characters_div_4,synthetic-eval-v1
42,A1,TCK-00094,qa,2.2899999748915434e-05,282,1,28,0.0,497163,ACL serializer; MobileAgentRuntime bundle serializer for A3,estimated_characters_div_4,synthetic-eval-v1
42,A1,TCK-00094,deployment,2.2000000171829015e-05,298,1,28,0.0,497803,ACL serializer; MobileAgentRuntime bundle serializer for A3,estimated_characters_div_4,synthetic-eval-v1
42,A1,TCK-00095,triage,4.53000029665418e-05,290,1,30,0.0,499823,ACL serializer; MobileAgentRuntime bundle serializer for A3,estimated_characters_div_4,synthetic-eval-v1
42,A1,TCK-00095,assignment,2.3699998564552516e-05,298,1,30,0.0,500459,ACL serializer; MobileAgentRuntime bundle serializer for A3,estimated_characters_div_4,synthetic-eval-v1
42,A1,TCK-00095,investigation,2.390000008745119e-05,304,1,30,0.0,501094,ACL serializer; MobileAgentRuntime bundle serializer for A3,estimated_characters_div_4,synthetic-eval-v1
42,A1,TCK-00095,implementation,3.9200000173877925e-05,306,1,30,0.0,501727,ACL serializer; MobileAgentRuntime bundle serializer for A3,estimated_characters_div_4,synthetic-eval-v1
42,A1,TCK-00095,qa,2.9599999834317714e-05,282,1,30,0.0,502347,ACL serializer; MobileAgentRuntime bundle serializer for A3,estimated_characters_div_4,synthetic-eval-v1
42,A1,TCK-00095,deployment,2.3100001271814108e-05,298,1,30,0.0,502987,ACL serializer; MobileAgentRuntime bundle serializer for A3,estimated_characters_div_4,synthetic-eval-v1
42,A1,TCK-00096,triage,4.4500004150904715e-05,290,1,28,0.0,504991,ACL serializer; MobileAgentRuntime bundle serializer for A3,estimated_characters_div_4,synthetic-eval-v1
42,A1,TCK-00096,assignment,2.4199995095841587e-05,298,1,28,0.0,505627,ACL serializer; MobileAgentRuntime bundle serializer for A3,estimated_characters_div_4,synthetic-eval-v1
42,A1,TCK-00096,investigation,2.2499996703118086e-05,304,1,28,0.0,506262,ACL serializer; MobileAgentRuntime bundle serializer for A3,estimated_characters_div_4,synthetic-eval-v1
42,A1,TCK-00096,implementation,2.2400003217626363e-05,306,1,28,0.0,506895,ACL serializer; MobileAgentRuntime bundle serializer for A3,estimated_characters_div_4,synthetic-eval-v1
42,A1,TCK-00096,qa,2.8599999495781958e-05,282,1,28,0.0,507515,ACL serializer; MobileAgentRuntime bundle serializer for A3,estimated_characters_div_4,synthetic-eval-v1
42,A1,TCK-00096,deployment,2.390000008745119e-05,298,1,28,0.0,508155,ACL serializer; MobileAgentRuntime bundle serializer for A3,estimated_characters_div_4,synthetic-eval-v1
42,A1,TCK-00097,triage,4.549999721348286e-05,290,1,30,0.0,510175,ACL serializer; MobileAgentRuntime bundle serializer for A3,estimated_characters_div_4,synthetic-eval-v1
42,A1,TCK-00097,assignment,2.42000023717992e-05,298,1,30,0.0,510811,ACL serializer; MobileAgentRuntime bundle serializer for A3,estimated_characters_div_4,synthetic-eval-v1
42,A1,TCK-00097,investigation,2.2799998987466097e-05,304,1,30,0.0,511446,ACL serializer; MobileAgentRuntime bundle serializer for A3,estimated_characters_div_4,synthetic-eval-v1
42,A1,TCK-00097,implementation,2.3200002033263445e-05,306,1,30,0.0,512079,ACL serializer; MobileAgentRuntime bundle serializer for A3,estimated_characters_div_4,synthetic-eval-v1
42,A1,TCK-00097,qa,2.4300003133248538e-05,282,1,30,0.0,512699,ACL serializer; MobileAgentRuntime bundle serializer for A3,estimated_characters_div_4,synthetic-eval-v1
42,A1,TCK-00097,deployment,2.2599997464567423e-05,298,1,30,0.0,513339,ACL serializer; MobileAgentRuntime bundle serializer for A3,estimated_characters_div_4,synthetic-eval-v1
42,A1,TCK-00098,triage,4.70000013592653e-05,290,1,43,0.0,515426,ACL serializer; MobileAgentRuntime bundle serializer for A3,estimated_characters_div_4,synthetic-eval-v1
42,A1,TCK-00098,assignment,2.3100001271814108e-05,298,1,43,0.0,516064,ACL serializer; MobileAgentRuntime bundle serializer for A3,estimated_characters_div_4,synthetic-eval-v1
42,A1,TCK-00098,investigation,2.2199994418770075e-05,304,1,43,0.0,516702,ACL serializer; MobileAgentRuntime bundle serializer for A3,estimated_characters_div_4,synthetic-eval-v1
42,A1,TCK-00098,implementation,2.3600005079060793e-05,306,1,43,0.0,517336,ACL serializer; MobileAgentRuntime bundle serializer for A3,estimated_characters_div_4,synthetic-eval-v1
42,A1,TCK-00098,qa,2.220000169472769e-05,282,1,43,0.0,517950,ACL serializer; MobileAgentRuntime bundle serializer for A3,estimated_characters_div_4,synthetic-eval-v1
42,A1,TCK-00098,deployment,2.2000000171829015e-05,298,1,43,0.0,519232,ACL serializer; MobileAgentRuntime bundle serializer for A3,estimated_characters_div_4,synthetic-eval-v1
42,A1,TCK-00099,triage,7.100000220816582e-05,290,1,30,0.0,521175,ACL serializer; MobileAgentRuntime bundle serializer for A3,estimated_characters_div_4,synthetic-eval-v1
42,A1,TCK-00099,assignment,3.0399998649954796e-05,298,1,30,0.0,521811,ACL serializer; MobileAgentRuntime bundle serializer for A3,estimated_characters_div_4,synthetic-eval-v1
42,A1,TCK-00099,investigation,7.219999679364264e-05,304,1,30,0.0,522446,ACL serializer; MobileAgentRuntime bundle serializer for A3,estimated_characters_div_4,synthetic-eval-v1
42,A1,TCK-00099,implementation,2.4300003133248538e-05,306,1,30,0.0,523079,ACL serializer; MobileAgentRuntime bundle serializer for A3,estimated_characters_div_4,synthetic-eval-v1
42,A1,TCK-00099,qa,2.3200002033263445e-05,282,1,30,0.0,523699,ACL serializer; MobileAgentRuntime bundle serializer for A3,estimated_characters_div_4,synthetic-eval-v1
42,A1,TCK-00099,deployment,2.269999822601676e-05,298,1,30,0.0,524339,ACL serializer; MobileAgentRuntime bundle serializer for A3,estimated_characters_div_4,synthetic-eval-v1
42,A2,TCK-00000,triage,3.779999678954482e-05,580,2,28,0.0,1259,ACL serializer; MobileAgentRuntime bundle serializer for A3,estimated_characters_div_4,synthetic-eval-v1
42,A2,TCK-00000,assignment,2.5300003471784294e-05,596,2,28,0.0,2307,ACL serializer; MobileAgentRuntime bundle serializer for A3,estimated_characters_div_4,synthetic-eval-v1
42,A2,TCK-00000,investigation,2.3699998564552516e-05,608,2,28,0.0,3110,ACL serializer; MobileAgentRuntime bundle serializer for A3,estimated_characters_div_4,synthetic-eval-v1
42,A2,TCK-00000,implementation,2.319999475730583e-05,612,2,28,0.0,3855,ACL serializer; MobileAgentRuntime bundle serializer for A3,estimated_characters_div_4,synthetic-eval-v1
42,A2,TCK-00000,qa,2.3499997041653842e-05,564,2,28,0.0,4587,ACL serializer; MobileAgentRuntime bundle serializer for A3,estimated_characters_div_4,synthetic-eval-v1
42,A2,TCK-00000,deployment,2.3300002794712782e-05,596,2,28,0.0,5371,ACL serializer; MobileAgentRuntime bundle serializer for A3,estimated_characters_div_4,synthetic-eval-v1
42,A2,TCK-00001,triage,2.4199995095841587e-05,580,2,30,0.0,7127,ACL serializer; MobileAgentRuntime bundle serializer for A3,estimated_characters_div_4,synthetic-eval-v1
42,A2,TCK-00001,assignment,7.409999670926481e-05,596,2,30,0.0,7875,ACL serializer; MobileAgentRuntime bundle serializer for A3,estimated_characters_div_4,synthetic-eval-v1
42,A2,TCK-00001,investigation,8.679999882588163e-05,608,2,30,0.0,8622,ACL serializer; MobileAgentRuntime bundle serializer for A3,estimated_characters_div_4,synthetic-eval-v1
42,A2,TCK-00001,implementation,5.6599994422867894e-05,612,2,30,0.0,9431,ACL serializer; MobileAgentRuntime bundle serializer for A3,estimated_characters_div_4,synthetic-eval-v1
42,A2,TCK-00001,qa,3.1400006264448166e-05,564,2,30,0.0,10163,ACL serializer; MobileAgentRuntime bundle serializer for A3,estimated_characters_div_4,synthetic-eval-v1
42,A2,TCK-00001,deployment,2.61999957729131e-05,596,2,30,0.0,10915,ACL serializer; MobileAgentRuntime bundle serializer for A3,estimated_characters_div_4,synthetic-eval-v1
42,A2,TCK-00002,triage,2.7900001441594213e-05,580,2,28,0.0,12542,ACL serializer; MobileAgentRuntime bundle serializer for A3,estimated_characters_div_4,synthetic-eval-v1
42,A2,TCK-00002,assignment,2.370000584051013e-05,596,2,28,0.0,13290,ACL serializer; MobileAgentRuntime bundle serializer for A3,estimated_characters_div_4,synthetic-eval-v1
42,A2,TCK-00002,investigation,2.8099995688535273e-05,608,2,28,0.0,14037,ACL serializer; MobileAgentRuntime bundle serializer for A3,estimated_characters_div_4,synthetic-eval-v1
42,A2,TCK-00002,implementation,2.359999780310318e-05,612,2,28,0.0,14782,ACL serializer; MobileAgentRuntime bundle serializer for A3,estimated_characters_div_4,synthetic-eval-v1
42,A2,TCK-00002,qa,2.390000008745119e-05,564,2,28,0.0,15514,ACL serializer; MobileAgentRuntime bundle serializer for A3,estimated_characters_div_4,synthetic-eval-v1
42,A2,TCK-00002,deployment,2.2899999748915434e-05,596,2,28,0.0,16330,ACL serializer; MobileAgentRuntime bundle serializer for A3,estimated_characters_div_4,synthetic-eval-v1
42,A2,TCK-00003,triage,2.5899993488565087e-05,580,2,30,0.0,17943,ACL serializer; MobileAgentRuntime bundle serializer for A3,estimated_characters_div_4,synthetic-eval-v1
42,A2,TCK-00003,assignment,2.460000541759655e-05,596,2,30,0.0,18691,ACL serializer; MobileAgentRuntime bundle serializer for A3,estimated_characters_div_4,synthetic-eval-v1
42,A2,TCK-00003,investigation,2.3299995518755168e-05,608,2,30,0.0,19438,ACL serializer; MobileAgentRuntime bundle serializer for A3,estimated_characters_div_4,synthetic-eval-v1
42,A2,TCK-00003,implementation,2.300000051036477e-05,612,2,30,0.0,20183,ACL serializer; MobileAgentRuntime bundle serializer for A3,estimated_characters_div_4,synthetic-eval-v1
42,A2,TCK-00003,qa,2.340000355616212e-05,564,2,30,0.0,20915,ACL serializer; MobileAgentRuntime bundle serializer for A3,estimated_characters_div_4,synthetic-eval-v1
42,A2,TCK-00003,deployment,4.199999966658652e-05,596,2,30,0.0,21667,ACL serializer; MobileAgentRuntime bundle serializer for A3,estimated_characters_div_4,synthetic-eval-v1
42,A2,TCK-00004,triage,7.259999983943999e-05,580,2,28,0.0,23263,ACL serializer; MobileAgentRuntime bundle serializer for A3,estimated_characters_div_4,synthetic-eval-v1
42,A2,TCK-00004,assignment,7.499999628635123e-05,596,2,28,0.0,24075,ACL serializer; MobileAgentRuntime bundle serializer for A3,estimated_characters_div_4,synthetic-eval-v1
42,A2,TCK-00004,investigation,0.0004098999997950159,608,2,28,0.0,24822,ACL serializer; MobileAgentRuntime bundle serializer for A3,estimated_characters_div_4,synthetic-eval-v1
42,A2,TCK-00004,implementation,0.00015169999824138358,612,2,28,0.0,25567,ACL serializer; MobileAgentRuntime bundle serializer for A3,estimated_characters_div_4,synthetic-eval-v1
42,A2,TCK-00004,qa,9.139999747276306e-05,564,2,28,0.0,26299,ACL serializer; MobileAgentRuntime bundle serializer for A3,estimated_characters_div_4,synthetic-eval-v1
42,A2,TCK-00004,deployment,7.760000153211877e-05,596,2,28,0.0,27051,ACL serializer; MobileAgentRuntime bundle serializer for A3,estimated_characters_div_4,synthetic-eval-v1
42,A2,TCK-00005,triage,6.690000009257346e-05,580,2,30,0.0,28695,ACL serializer; MobileAgentRuntime bundle serializer for A3,estimated_characters_div_4,synthetic-eval-v1
42,A2,TCK-00005,assignment,2.7099995349999517e-05,596,2,30,0.0,29443,ACL serializer; MobileAgentRuntime bundle serializer for A3,estimated_characters_div_4,synthetic-eval-v1
42,A2,TCK-00005,investigation,3.090000245720148e-05,608,2,30,0.0,30190,ACL serializer; MobileAgentRuntime bundle serializer for A3,estimated_characters_div_4,synthetic-eval-v1
42,A2,TCK-00005,implementation,2.7300004148855805e-05,612,2,30,0.0,30999,ACL serializer; MobileAgentRuntime bundle serializer for A3,estimated_characters_div_4,synthetic-eval-v1
42,A2,TCK-00005,qa,2.9800001357216388e-05,564,2,30,0.0,31779,ACL serializer; MobileAgentRuntime bundle serializer for A3,estimated_characters_div_4,synthetic-eval-v1
42,A2,TCK-00005,deployment,2.849999873433262e-05,596,2,30,0.0,32579,ACL serializer; MobileAgentRuntime bundle serializer for A3,estimated_characters_div_4,synthetic-eval-v1
42,A2,TCK-00006,triage,3.5400000342633575e-05,580,2,28,0.0,34495,ACL serializer; MobileAgentRuntime bundle serializer for A3,estimated_characters_div_4,synthetic-eval-v1
42,A2,TCK-00006,assignment,2.7800000680144876e-05,596,2,28,0.0,35243,ACL serializer; MobileAgentRuntime bundle serializer for A3,estimated_characters_div_4,synthetic-eval-v1
42,A2,TCK-00006,investigation,2.7400004910305142e-05,608,2,28,0.0,35990,ACL serializer; MobileAgentRuntime bundle serializer for A3,estimated_characters_div_4,synthetic-eval-v1
42,A2,TCK-00006,implementation,3.029999788850546e-05,612,2,28,0.0,36759,ACL serializer; MobileAgentRuntime bundle serializer for A3,estimated_characters_div_4,synthetic-eval-v1
42,A2,TCK-00006,qa,6.959999882383272e-05,564,2,28,0.0,37539,ACL serializer; MobileAgentRuntime bundle serializer for A3,estimated_characters_div_4,synthetic-eval-v1
42,A2,TCK-00006,deployment,4.549999721348286e-05,596,2,28,0.0,38435,ACL serializer; MobileAgentRuntime bundle serializer for A3,estimated_characters_div_4,synthetic-eval-v1
42,A2,TCK-00007,triage,4.939999780617654e-05,580,2,44,0.0,40472,ACL serializer; MobileAgentRuntime bundle serializer for A3,estimated_characters_div_4,synthetic-eval-v1
42,A2,TCK-00007,assignment,2.800000220304355e-05,596,2,44,0.0,41222,ACL serializer; MobileAgentRuntime bundle serializer for A3,estimated_characters_div_4,synthetic-eval-v1
42,A2,TCK-00007,investigation,2.769999991869554e-05,608,2,44,0.0,41972,ACL serializer; MobileAgentRuntime bundle serializer for A3,estimated_characters_div_4,synthetic-eval-v1
42,A2,TCK-00007,implementation,2.6700006856117398e-05,612,2,44,0.0,42718,ACL serializer; MobileAgentRuntime bundle serializer for A3,estimated_characters_div_4,synthetic-eval-v1
42,A2,TCK-00007,qa,3.930000093532726e-05,564,2,44,0.0,43492,ACL serializer; MobileAgentRuntime bundle serializer for A3,estimated_characters_div_4,synthetic-eval-v1
42,A2,TCK-00007,deployment,2.890000178012997e-05,596,2,44,0.0,44294,ACL serializer; MobileAgentRuntime bundle serializer for A3,estimated_characters_div_4,synthetic-eval-v1
42,A2,TCK-00008,triage,3.060000017285347e-05,580,2,28,0.0,46191,ACL serializer; MobileAgentRuntime bundle serializer for A3,estimated_characters_div_4,synthetic-eval-v1
42,A2,TCK-00008,assignment,2.8200003725942224e-05,596,2,28,0.0,46939,ACL serializer; MobileAgentRuntime bundle serializer for A3,estimated_characters_div_4,synthetic-eval-v1
42,A2,TCK-00008,investigation,2.61999957729131e-05,608,2,28,0.0,47686,ACL serializer; MobileAgentRuntime bundle serializer for A3,estimated_characters_div_4,synthetic-eval-v1
42,A2,TCK-00008,implementation,2.609999501146376e-05,612,2,28,0.0,48431,ACL serializer; MobileAgentRuntime bundle serializer for A3,estimated_characters_div_4,synthetic-eval-v1
42,A2,TCK-00008,qa,2.7600006433203816e-05,564,2,28,0.0,49187,ACL serializer; MobileAgentRuntime bundle serializer for A3,estimated_characters_div_4,synthetic-eval-v1
42,A2,TCK-00008,deployment,2.8799993742723018e-05,596,2,28,0.0,50083,ACL serializer; MobileAgentRuntime bundle serializer for A3,estimated_characters_div_4,synthetic-eval-v1
42,A2,TCK-00009,triage,3.1100003980100155e-05,580,2,30,0.0,52184,ACL serializer; MobileAgentRuntime bundle serializer for A3,estimated_characters_div_4,synthetic-eval-v1
42,A2,TCK-00009,assignment,2.800000220304355e-05,596,2,30,0.0,52932,ACL serializer; MobileAgentRuntime bundle serializer for A3,estimated_characters_div_4,synthetic-eval-v1
42,A2,TCK-00009,investigation,2.6100002287421376e-05,608,2,30,0.0,53679,ACL serializer; MobileAgentRuntime bundle serializer for A3,estimated_characters_div_4,synthetic-eval-v1
42,A2,TCK-00009,implementation,2.609999501146376e-05,612,2,30,0.0,54424,ACL serializer; MobileAgentRuntime bundle serializer for A3,estimated_characters_div_4,synthetic-eval-v1
42,A2,TCK-00009,qa,2.600000152597204e-05,564,2,30,0.0,55156,ACL serializer; MobileAgentRuntime bundle serializer for A3,estimated_characters_div_4,synthetic-eval-v1
42,A2,TCK-00009,deployment,2.920000406447798e-05,596,2,30,0.0,55908,ACL serializer; MobileAgentRuntime bundle serializer for A3,estimated_characters_div_4,synthetic-eval-v1
42,A2,TCK-00010,triage,3.4500000765547156e-05,580,2,28,0.0,58024,ACL serializer; MobileAgentRuntime bundle serializer for A3,estimated_characters_div_4,synthetic-eval-v1
42,A2,TCK-00010,assignment,2.7800000680144876e-05,596,2,28,0.0,58772,ACL serializer; MobileAgentRuntime bundle serializer for A3,estimated_characters_div_4,synthetic-eval-v1
42,A2,TCK-00010,investigation,4.669999907491729e-05,608,2,28,0.0,59519,ACL serializer; MobileAgentRuntime bundle serializer for A3,estimated_characters_div_4,synthetic-eval-v1
42,A2,TCK-00010,implementation,9.869999485090375e-05,612,2,28,0.0,60264,ACL serializer; MobileAgentRuntime bundle serializer for A3,estimated_characters_div_4,synthetic-eval-v1
42,A2,TCK-00010,qa,7.01000026310794e-05,564,2,28,0.0,60996,ACL serializer; MobileAgentRuntime bundle serializer for A3,estimated_characters_div_4,synthetic-eval-v1
42,A2,TCK-00010,deployment,6.180000491440296e-05,596,2,28,0.0,61844,ACL serializer; MobileAgentRuntime bundle serializer for A3,estimated_characters_div_4,synthetic-eval-v1
42,A2,TCK-00011,triage,7.130000449251384e-05,580,2,30,0.0,63912,ACL serializer; MobileAgentRuntime bundle serializer for A3,estimated_characters_div_4,synthetic-eval-v1
42,A2,TCK-00011,assignment,6.61999947624281e-05,596,2,30,0.0,64660,ACL serializer; MobileAgentRuntime bundle serializer for A3,estimated_characters_div_4,synthetic-eval-v1
42,A2,TCK-00011,investigation,6.86999992467463e-05,608,2,30,0.0,65407,ACL serializer; MobileAgentRuntime bundle serializer for A3,estimated_characters_div_4,synthetic-eval-v1
42,A2,TCK-00011,implementation,6.600000051548705e-05,612,2,30,0.0,66152,ACL serializer; MobileAgentRuntime bundle serializer for A3,estimated_characters_div_4,synthetic-eval-v1
42,A2,TCK-00011,qa,6.940000457689166e-05,564,2,30,0.0,66884,ACL serializer; MobileAgentRuntime bundle serializer for A3,estimated_characters_div_4,synthetic-eval-v1
42,A2,TCK-00011,deployment,7.18000010238029e-05,596,2,30,0.0,67636,ACL serializer; MobileAgentRuntime bundle serializer for A3,estimated_characters_div_4,synthetic-eval-v1
42,A2,TCK-00012,triage,0.0006131999980425462,580,2,28,0.0,69688,ACL serializer; MobileAgentRuntime bundle serializer for A3,estimated_characters_div_4,synthetic-eval-v1
42,A2,TCK-00012,assignment,7.560000085504726e-05,596,2,28,0.0,70436,ACL serializer; MobileAgentRuntime bundle serializer for A3,estimated_characters_div_4,synthetic-eval-v1
42,A2,TCK-00012,investigation,3.37999954354018e-05,608,2,28,0.0,71183,ACL serializer; MobileAgentRuntime bundle serializer for A3,estimated_characters_div_4,synthetic-eval-v1
42,A2,TCK-00012,implementation,3.029999788850546e-05,612,2,28,0.0,71928,ACL serializer; MobileAgentRuntime bundle serializer for A3,estimated_characters_div_4,synthetic-eval-v1
42,A2,TCK-00012,qa,2.630000381032005e-05,564,2,28,0.0,72660,ACL serializer; MobileAgentRuntime bundle serializer for A3,estimated_characters_div_4,synthetic-eval-v1
42,A2,TCK-00012,deployment,2.699999458855018e-05,596,2,28,0.0,73540,ACL serializer; MobileAgentRuntime bundle serializer for A3,estimated_characters_div_4,synthetic-eval-v1
42,A2,TCK-00013,triage,4.720000288216397e-05,580,2,30,0.0,75399,ACL serializer; MobileAgentRuntime bundle serializer for A3,estimated_characters_div_4,synthetic-eval-v1
42,A2,TCK-00013,assignment,2.8599999495781958e-05,596,2,30,0.0,76331,ACL serializer; MobileAgentRuntime bundle serializer for A3,estimated_characters_div_4,synthetic-eval-v1
42,A2,TCK-00013,investigation,2.939999831141904e-05,608,2,30,0.0,77078,ACL serializer; MobileAgentRuntime bundle serializer for A3,estimated_characters_div_4,synthetic-eval-v1
42,A2,TCK-00013,implementation,2.849999873433262e-05,612,2,30,0.0,77823,ACL serializer; MobileAgentRuntime bundle serializer for A3,estimated_characters_div_4,synthetic-eval-v1
42,A2,TCK-00013,qa,2.720000338740647e-05,564,2,30,0.0,78555,ACL serializer; MobileAgentRuntime bundle serializer for A3,estimated_characters_div_4,synthetic-eval-v1
42,A2,TCK-00013,deployment,2.6699999580159783e-05,596,2,30,0.0,79307,ACL serializer; MobileAgentRuntime bundle serializer for A3,estimated_characters_div_4,synthetic-eval-v1
42,A2,TCK-00014,triage,3.529999958118424e-05,580,2,43,0.0,81420,ACL serializer; MobileAgentRuntime bundle serializer for A3,estimated_characters_div_4,synthetic-eval-v1
42,A2,TCK-00014,assignment,2.7000001864507794e-05,596,2,43,0.0,82170,ACL serializer; MobileAgentRuntime bundle serializer for A3,estimated_characters_div_4,synthetic-eval-v1
42,A2,TCK-00014,investigation,3.310000465717167e-05,608,2,43,0.0,82920,ACL serializer; MobileAgentRuntime bundle serializer for A3,estimated_characters_div_4,synthetic-eval-v1
42,A2,TCK-00014,implementation,3.0800001695752144e-05,612,2,43,0.0,83666,ACL serializer; MobileAgentRuntime bundle serializer for A3,estimated_characters_div_4,synthetic-eval-v1
42,A2,TCK-00014,qa,2.600000152597204e-05,564,2,43,0.0,84392,ACL serializer; MobileAgentRuntime bundle serializer for A3,estimated_characters_div_4,synthetic-eval-v1
42,A2,TCK-00014,deployment,2.61999957729131e-05,596,2,43,0.0,85146,ACL serializer; MobileAgentRuntime bundle serializer for A3,estimated_characters_div_4,synthetic-eval-v1
42,A2,TCK-00015,triage,3.149999974993989e-05,580,2,30,0.0,87135,ACL serializer; MobileAgentRuntime bundle serializer for A3,estimated_characters_div_4,synthetic-eval-v1
42,A2,TCK-00015,assignment,6.430000212276354e-05,596,2,30,0.0,87883,ACL serializer; MobileAgentRuntime bundle serializer for A3,estimated_characters_div_4,synthetic-eval-v1
42,A2,TCK-00015,investigation,7.590000313939527e-05,608,2,30,0.0,88630,ACL serializer; MobileAgentRuntime bundle serializer for A3,estimated_characters_div_4,synthetic-eval-v1
42,A2,TCK-00015,implementation,2.970000059576705e-05,612,2,30,0.0,89503,ACL serializer; MobileAgentRuntime bundle serializer for A3,estimated_characters_div_4,synthetic-eval-v1
42,A2,TCK-00015,qa,5.959999543847516e-05,564,2,30,0.0,90235,ACL serializer; MobileAgentRuntime bundle serializer for A3,estimated_characters_div_4,synthetic-eval-v1
42,A2,TCK-00015,deployment,3.619999915827066e-05,596,2,30,0.0,90987,ACL serializer; MobileAgentRuntime bundle serializer for A3,estimated_characters_div_4,synthetic-eval-v1
42,A2,TCK-00016,triage,3.149999974993989e-05,580,2,28,0.0,93079,ACL serializer; MobileAgentRuntime bundle serializer for A3,estimated_characters_div_4,synthetic-eval-v1
42,A2,TCK-00016,assignment,2.699999458855018e-05,596,2,28,0.0,93827,ACL serializer; MobileAgentRuntime bundle serializer for A3,estimated_characters_div_4,synthetic-eval-v1
42,A2,TCK-00016,investigation,2.680000034160912e-05,608,2,28,0.0,94574,ACL serializer; MobileAgentRuntime bundle serializer for A3,estimated_characters_div_4,synthetic-eval-v1
42,A2,TCK-00016,implementation,2.649999805726111e-05,612,2,28,0.0,95319,ACL serializer; MobileAgentRuntime bundle serializer for A3,estimated_characters_div_4,synthetic-eval-v1
42,A2,TCK-00016,qa,2.630000381032005e-05,564,2,28,0.0,96051,ACL serializer; MobileAgentRuntime bundle serializer for A3,estimated_characters_div_4,synthetic-eval-v1
42,A2,TCK-00016,deployment,2.7399997634347528e-05,596,2,28,0.0,96803,ACL serializer; MobileAgentRuntime bundle serializer for A3,estimated_characters_div_4,synthetic-eval-v1
42,A2,TCK-00017,triage,3.0000002880115062e-05,580,2,30,0.0,98935,ACL serializer; MobileAgentRuntime bundle serializer for A3,estimated_characters_div_4,synthetic-eval-v1
42,A2,TCK-00017,assignment,2.649999805726111e-05,596,2,30,0.0,99683,ACL serializer; MobileAgentRuntime bundle serializer for A3,estimated_characters_div_4,synthetic-eval-v1
42,A2,TCK-00017,investigation,2.600000152597204e-05,608,2,30,0.0,100430,ACL serializer; MobileAgentRuntime bundle serializer for A3,estimated_characters_div_4,synthetic-eval-v1
42,A2,TCK-00017,implementation,2.6699999580159783e-05,612,2,30,0.0,101175,ACL serializer; MobileAgentRuntime bundle serializer for A3,estimated_characters_div_4,synthetic-eval-v1
42,A2,TCK-00017,qa,2.7400004910305142e-05,564,2,30,0.0,101907,ACL serializer; MobileAgentRuntime bundle serializer for A3,estimated_characters_div_4,synthetic-eval-v1
42,A2,TCK-00017,deployment,2.8299997211433947e-05,596,2,30,0.0,102659,ACL serializer; MobileAgentRuntime bundle serializer for A3,estimated_characters_div_4,synthetic-eval-v1
42,A2,TCK-00018,triage,3.560000186553225e-05,580,2,28,0.0,104774,ACL serializer; MobileAgentRuntime bundle serializer for A3,estimated_characters_div_4,synthetic-eval-v1
42,A2,TCK-00018,assignment,2.680000034160912e-05,596,2,28,0.0,105682,ACL serializer; MobileAgentRuntime bundle serializer for A3,estimated_characters_div_4,synthetic-eval-v1
42,A2,TCK-00018,investigation,3.2699994335416704e-05,608,2,28,0.0,106429,ACL serializer; MobileAgentRuntime bundle serializer for A3,estimated_characters_div_4,synthetic-eval-v1
42,A2,TCK-00018,implementation,2.729999687289819e-05,612,2,28,0.0,107174,ACL serializer; MobileAgentRuntime bundle serializer for A3,estimated_characters_div_4,synthetic-eval-v1
42,A2,TCK-00018,qa,4.169999738223851e-05,564,2,28,0.0,107906,ACL serializer; MobileAgentRuntime bundle serializer for A3,estimated_characters_div_4,synthetic-eval-v1
42,A2,TCK-00018,deployment,6.25000029685907e-05,596,2,28,0.0,108658,ACL serializer; MobileAgentRuntime bundle serializer for A3,estimated_characters_div_4,synthetic-eval-v1
42,A2,TCK-00019,triage,4.720000288216397e-05,580,2,30,0.0,110726,ACL serializer; MobileAgentRuntime bundle serializer for A3,estimated_characters_div_4,synthetic-eval-v1
42,A2,TCK-00019,assignment,2.8299997211433947e-05,596,2,30,0.0,111474,ACL serializer; MobileAgentRuntime bundle serializer for A3,estimated_characters_div_4,synthetic-eval-v1
42,A2,TCK-00019,investigation,2.7999994927085936e-05,608,2,30,0.0,112221,ACL serializer; MobileAgentRuntime bundle serializer for A3,estimated_characters_div_4,synthetic-eval-v1
42,A2,TCK-00019,implementation,2.710000262595713e-05,612,2,30,0.0,112966,ACL serializer; MobileAgentRuntime bundle serializer for A3,estimated_characters_div_4,synthetic-eval-v1
42,A2,TCK-00019,qa,5.009999586036429e-05,564,2,30,0.0,113698,ACL serializer; MobileAgentRuntime bundle serializer for A3,estimated_characters_div_4,synthetic-eval-v1
42,A2,TCK-00019,deployment,2.890000178012997e-05,596,2,30,0.0,114450,ACL serializer; MobileAgentRuntime bundle serializer for A3,estimated_characters_div_4,synthetic-eval-v1
42,A2,TCK-00020,triage,4.980000085197389e-05,580,2,28,0.0,116503,ACL serializer; MobileAgentRuntime bundle serializer for A3,estimated_characters_div_4,synthetic-eval-v1
42,A2,TCK-00020,assignment,2.7599999157246202e-05,596,2,28,0.0,117251,ACL serializer; MobileAgentRuntime bundle serializer for A3,estimated_characters_div_4,synthetic-eval-v1
42,A2,TCK-00020,investigation,2.9100003303028643e-05,608,2,28,0.0,117998,ACL serializer; MobileAgentRuntime bundle serializer for A3,estimated_characters_div_4,synthetic-eval-v1
42,A2,TCK-00020,implementation,7.20999960321933e-05,612,2,28,0.0,118743,ACL serializer; MobileAgentRuntime bundle serializer for A3,estimated_characters_div_4,synthetic-eval-v1
42,A2,TCK-00020,qa,2.769999991869554e-05,564,2,28,0.0,119475,ACL serializer; MobileAgentRuntime bundle serializer for A3,estimated_characters_div_4,synthetic-eval-v1
42,A2,TCK-00020,deployment,2.680000034160912e-05,596,2,28,0.0,120227,ACL serializer; MobileAgentRuntime bundle serializer for A3,estimated_characters_div_4,synthetic-eval-v1
42,A2,TCK-00021,triage,4.140000237384811e-05,580,2,45,0.0,122386,ACL serializer; MobileAgentRuntime bundle serializer for A3,estimated_characters_div_4,synthetic-eval-v1
42,A2,TCK-00021,assignment,4.189999890513718e-05,596,2,45,0.0,123136,ACL serializer; MobileAgentRuntime bundle serializer for A3,estimated_characters_div_4,synthetic-eval-v1
42,A2,TCK-00021,investigation,3.640000068116933e-05,608,2,45,0.0,123886,ACL serializer; MobileAgentRuntime bundle serializer for A3,estimated_characters_div_4,synthetic-eval-v1
42,A2,TCK-00021,implementation,3.670000296551734e-05,612,2,45,0.0,124792,ACL serializer; MobileAgentRuntime bundle serializer for A3,estimated_characters_div_4,synthetic-eval-v1
42,A2,TCK-00021,qa,2.849999873433262e-05,564,2,45,0.0,125518,ACL serializer; MobileAgentRuntime bundle serializer for A3,estimated_characters_div_4,synthetic-eval-v1
42,A2,TCK-00021,deployment,2.710000262595713e-05,596,2,45,0.0,126272,ACL serializer; MobileAgentRuntime bundle serializer for A3,estimated_characters_div_4,synthetic-eval-v1
42,A2,TCK-00022,triage,3.480000304989517e-05,580,2,28,0.0,128240,ACL serializer; MobileAgentRuntime bundle serializer for A3,estimated_characters_div_4,synthetic-eval-v1
42,A2,TCK-00022,assignment,2.890000178012997e-05,596,2,28,0.0,128988,ACL serializer; MobileAgentRuntime bundle serializer for A3,estimated_characters_div_4,synthetic-eval-v1
42,A2,TCK-00022,investigation,2.680000034160912e-05,608,2,28,0.0,129735,ACL serializer; MobileAgentRuntime bundle serializer for A3,estimated_characters_div_4,synthetic-eval-v1
42,A2,TCK-00022,implementation,2.6299996534362435e-05,612,2,28,0.0,130480,ACL serializer; MobileAgentRuntime bundle serializer for A3,estimated_characters_div_4,synthetic-eval-v1
42,A2,TCK-00022,qa,2.5800000003073364e-05,564,2,28,0.0,131212,ACL serializer; MobileAgentRuntime bundle serializer for A3,estimated_characters_div_4,synthetic-eval-v1
42,A2,TCK-00022,deployment,2.6700006856117398e-05,596,2,28,0.0,131964,ACL serializer; MobileAgentRuntime bundle serializer for A3,estimated_characters_div_4,synthetic-eval-v1
42,A2,TCK-00023,triage,3.190000279573724e-05,580,2,30,0.0,134072,ACL serializer; MobileAgentRuntime bundle serializer for A3,estimated_characters_div_4,synthetic-eval-v1
42,A2,TCK-00023,assignment,2.6699999580159783e-05,596,2,30,0.0,134820,ACL serializer; MobileAgentRuntime bundle serializer for A3,estimated_characters_div_4,synthetic-eval-v1
42,A2,TCK-00023,investigation,2.61999957729131e-05,608,2,30,0.0,135567,ACL serializer; MobileAgentRuntime bundle serializer for A3,estimated_characters_div_4,synthetic-eval-v1
42,A2,TCK-00023,implementation,2.729999687289819e-05,612,2,30,0.0,136312,ACL serializer; MobileAgentRuntime bundle serializer for A3,estimated_characters_div_4,synthetic-eval-v1
42,A2,TCK-00023,qa,2.61999957729131e-05,564,2,30,0.0,137044,ACL serializer; MobileAgentRuntime bundle serializer for A3,estimated_characters_div_4,synthetic-eval-v1
42,A2,TCK-00023,deployment,2.5800000003073364e-05,596,2,30,0.0,137796,ACL serializer; MobileAgentRuntime bundle serializer for A3,estimated_characters_div_4,synthetic-eval-v1
42,A2,TCK-00024,triage,7.619999814778566e-05,580,2,28,0.0,139824,ACL serializer; MobileAgentRuntime bundle serializer for A3,estimated_characters_div_4,synthetic-eval-v1
42,A2,TCK-00024,assignment,3.5700002626981586e-05,596,2,28,0.0,140572,ACL serializer; MobileAgentRuntime bundle serializer for A3,estimated_characters_div_4,synthetic-eval-v1
42,A2,TCK-00024,investigation,3.860000288113952e-05,608,2,28,0.0,141319,ACL serializer; MobileAgentRuntime bundle serializer for A3,estimated_characters_div_4,synthetic-eval-v1
42,A2,TCK-00024,implementation,2.7499998395796865e-05,612,2,28,0.0,142064,ACL serializer; MobileAgentRuntime bundle serializer for A3,estimated_characters_div_4,synthetic-eval-v1
42,A2,TCK-00024,qa,2.6699999580159783e-05,564,2,28,0.0,142796,ACL serializer; MobileAgentRuntime bundle serializer for A3,estimated_characters_div_4,synthetic-eval-v1
42,A2,TCK-00024,deployment,2.7499998395796865e-05,596,2,28,0.0,143740,ACL serializer; MobileAgentRuntime bundle serializer for A3,estimated_characters_div_4,synthetic-eval-v1
42,A2,TCK-00025,triage,3.300000389572233e-05,580,2,30,0.0,145872,ACL serializer; MobileAgentRuntime bundle serializer for A3,estimated_characters_div_4,synthetic-eval-v1
42,A2,TCK-00025,assignment,2.6200003048870713e-05,596,2,30,0.0,146620,ACL serializer; MobileAgentRuntime bundle serializer for A3,estimated_characters_div_4,synthetic-eval-v1
42,A2,TCK-00025,investigation,2.5199995434377342e-05,608,2,30,0.0,147367,ACL serializer; MobileAgentRuntime bundle serializer for A3,estimated_characters_div_4,synthetic-eval-v1
42,A2,TCK-00025,implementation,2.7600006433203816e-05,612,2,30,0.0,148112,ACL serializer; MobileAgentRuntime bundle serializer for A3,estimated_characters_div_4,synthetic-eval-v1
42,A2,TCK-00025,qa,2.540000423323363e-05,564,2,30,0.0,148844,ACL serializer; MobileAgentRuntime bundle serializer for A3,estimated_characters_div_4,synthetic-eval-v1
42,A2,TCK-00025,deployment,2.5200002710334957e-05,596,2,30,0.0,149596,ACL serializer; MobileAgentRuntime bundle serializer for A3,estimated_characters_div_4,synthetic-eval-v1
42,A2,TCK-00026,triage,2.9699993319809437e-05,580,2,28,0.0,151710,ACL serializer; MobileAgentRuntime bundle serializer for A3,estimated_characters_div_4,synthetic-eval-v1
42,A2,TCK-00026,assignment,2.529999619582668e-05,596,2,28,0.0,152458,ACL serializer; MobileAgentRuntime bundle serializer for A3,estimated_characters_div_4,synthetic-eval-v1
42,A2,TCK-00026,investigation,2.59000007645227e-05,608,2,28,0.0,153205,ACL serializer; MobileAgentRuntime bundle serializer for A3,estimated_characters_div_4,synthetic-eval-v1
42,A2,TCK-00026,implementation,2.510000194888562e-05,612,2,28,0.0,153950,ACL serializer; MobileAgentRuntime bundle serializer for A3,estimated_characters_div_4,synthetic-eval-v1
42,A2,TCK-00026,qa,3.670000296551734e-05,564,2,28,0.0,154682,ACL serializer; MobileAgentRuntime bundle serializer for A3,estimated_characters_div_4,synthetic-eval-v1
42,A2,TCK-00026,deployment,2.5099994672928005e-05,596,2,28,0.0,155434,ACL serializer; MobileAgentRuntime bundle serializer for A3,estimated_characters_div_4,synthetic-eval-v1
42,A2,TCK-00027,triage,6.630000279983506e-05,580,2,30,0.0,157503,ACL serializer; MobileAgentRuntime bundle serializer for A3,estimated_characters_div_4,synthetic-eval-v1
42,A2,TCK-00027,assignment,4.749999789055437e-05,596,2,30,0.0,158251,ACL serializer; MobileAgentRuntime bundle serializer for A3,estimated_characters_div_4,synthetic-eval-v1
42,A2,TCK-00027,investigation,2.7300004148855805e-05,608,2,30,0.0,158998,ACL serializer; MobileAgentRuntime bundle serializer for A3,estimated_characters_div_4,synthetic-eval-v1
42,A2,TCK-00027,implementation,2.6100002287421376e-05,612,2,30,0.0,159743,ACL serializer; MobileAgentRuntime bundle serializer for A3,estimated_characters_div_4,synthetic-eval-v1
42,A2,TCK-00027,qa,4.1300001612398773e-05,564,2,30,0.0,160475,ACL serializer; MobileAgentRuntime bundle serializer for A3,estimated_characters_div_4,synthetic-eval-v1
42,A2,TCK-00027,deployment,2.5199995434377342e-05,596,2,30,0.0,161227,ACL serializer; MobileAgentRuntime bundle serializer for A3,estimated_characters_div_4,synthetic-eval-v1
42,A2,TCK-00028,triage,3.390000347280875e-05,580,2,43,0.0,163364,ACL serializer; MobileAgentRuntime bundle serializer for A3,estimated_characters_div_4,synthetic-eval-v1
42,A2,TCK-00028,assignment,2.649999805726111e-05,596,2,43,0.0,164114,ACL serializer; MobileAgentRuntime bundle serializer for A3,estimated_characters_div_4,synthetic-eval-v1
42,A2,TCK-00028,investigation,2.59000007645227e-05,608,2,43,0.0,164864,ACL serializer; MobileAgentRuntime bundle serializer for A3,estimated_characters_div_4,synthetic-eval-v1
42,A2,TCK-00028,implementation,2.559999848017469e-05,612,2,43,0.0,165610,ACL serializer; MobileAgentRuntime bundle serializer for A3,estimated_characters_div_4,synthetic-eval-v1
42,A2,TCK-00028,qa,2.59000007645227e-05,564,2,43,0.0,166336,ACL serializer; MobileAgentRuntime bundle serializer for A3,estimated_characters_div_4,synthetic-eval-v1
42,A2,TCK-00028,deployment,2.59000007645227e-05,596,2,43,0.0,167314,ACL serializer; MobileAgentRuntime bundle serializer for A3,estimated_characters_div_4,synthetic-eval-v1
42,A2,TCK-00029,triage,3.5099998058285564e-05,580,2,30,0.0,169303,ACL serializer; MobileAgentRuntime bundle serializer for A3,estimated_characters_div_4,synthetic-eval-v1
42,A2,TCK-00029,assignment,2.6399997295811772e-05,596,2,30,0.0,170051,ACL serializer; MobileAgentRuntime bundle serializer for A3,estimated_characters_div_4,synthetic-eval-v1
42,A2,TCK-00029,investigation,2.699999458855018e-05,608,2,30,0.0,170798,ACL serializer; MobileAgentRuntime bundle serializer for A3,estimated_characters_div_4,synthetic-eval-v1
42,A2,TCK-00029,implementation,2.5300003471784294e-05,612,2,30,0.0,171543,ACL serializer; MobileAgentRuntime bundle serializer for A3,estimated_characters_div_4,synthetic-eval-v1
42,A2,TCK-00029,qa,2.5399996957276016e-05,564,2,30,0.0,172275,ACL serializer; MobileAgentRuntime bundle serializer for A3,estimated_characters_div_4,synthetic-eval-v1
42,A2,TCK-00029,deployment,2.5699999241624027e-05,596,2,30,0.0,173027,ACL serializer; MobileAgentRuntime bundle serializer for A3,estimated_characters_div_4,synthetic-eval-v1
42,A2,TCK-00030,triage,4.739999712910503e-05,580,2,28,0.0,175119,ACL serializer; MobileAgentRuntime bundle serializer for A3,estimated_characters_div_4,synthetic-eval-v1
42,A2,TCK-00030,assignment,3.94000016967766e-05,596,2,28,0.0,175867,ACL serializer; MobileAgentRuntime bundle serializer for A3,estimated_characters_div_4,synthetic-eval-v1
42,A2,TCK-00030,investigation,2.649999805726111e-05,608,2,28,0.0,176614,ACL serializer; MobileAgentRuntime bundle serializer for A3,estimated_characters_div_4,synthetic-eval-v1
42,A2,TCK-00030,implementation,2.59000007645227e-05,612,2,28,0.0,177359,ACL serializer; MobileAgentRuntime bundle serializer for A3,estimated_characters_div_4,synthetic-eval-v1
42,A2,TCK-00030,qa,2.6400004571769387e-05,564,2,28,0.0,178091,ACL serializer; MobileAgentRuntime bundle serializer for A3,estimated_characters_div_4,synthetic-eval-v1
42,A2,TCK-00030,deployment,2.8399997972883284e-05,596,2,28,0.0,178843,ACL serializer; MobileAgentRuntime bundle serializer for A3,estimated_characters_div_4,synthetic-eval-v1
42,A2,TCK-00031,triage,3.3399999665562063e-05,580,2,30,0.0,180911,ACL serializer; MobileAgentRuntime bundle serializer for A3,estimated_characters_div_4,synthetic-eval-v1
42,A2,TCK-00031,assignment,0.00011169999925186858,596,2,30,0.0,181659,ACL serializer; MobileAgentRuntime bundle serializer for A3,estimated_characters_div_4,synthetic-eval-v1
42,A2,TCK-00031,investigation,9.519999730400741e-05,608,2,30,0.0,182406,ACL serializer; MobileAgentRuntime bundle serializer for A3,estimated_characters_div_4,synthetic-eval-v1
42,A2,TCK-00031,implementation,9.159999899566174e-05,612,2,30,0.0,183151,ACL serializer; MobileAgentRuntime bundle serializer for A3,estimated_characters_div_4,synthetic-eval-v1
42,A2,TCK-00031,qa,8.000000525498763e-05,564,2,30,0.0,183883,ACL serializer; MobileAgentRuntime bundle serializer for A3,estimated_characters_div_4,synthetic-eval-v1
42,A2,TCK-00031,deployment,7.660000119358301e-05,596,2,30,0.0,184635,ACL serializer; MobileAgentRuntime bundle serializer for A3,estimated_characters_div_4,synthetic-eval-v1
42,A2,TCK-00032,triage,9.029999637277797e-05,580,2,28,0.0,186687,ACL serializer; MobileAgentRuntime bundle serializer for A3,estimated_characters_div_4,synthetic-eval-v1
42,A2,TCK-00032,assignment,6.800000119255856e-05,596,2,28,0.0,187435,ACL serializer; MobileAgentRuntime bundle serializer for A3,estimated_characters_div_4,synthetic-eval-v1
42,A2,TCK-00032,investigation,4.86999997519888e-05,608,2,28,0.0,188182,ACL serializer; MobileAgentRuntime bundle serializer for A3,estimated_characters_div_4,synthetic-eval-v1
42,A2,TCK-00032,implementation,3.3899996196851134e-05,612,2,28,0.0,188927,ACL serializer; MobileAgentRuntime bundle serializer for A3,estimated_characters_div_4,synthetic-eval-v1
42,A2,TCK-00032,qa,3.210000431863591e-05,564,2,28,0.0,189659,ACL serializer; MobileAgentRuntime bundle serializer for A3,estimated_characters_div_4,synthetic-eval-v1
42,A2,TCK-00032,deployment,2.5500004994682968e-05,596,2,28,0.0,190411,ACL serializer; MobileAgentRuntime bundle serializer for A3,estimated_characters_div_4,synthetic-eval-v1
42,A2,TCK-00033,triage,4.939999780617654e-05,580,2,30,0.0,192543,ACL serializer; MobileAgentRuntime bundle serializer for A3,estimated_characters_div_4,synthetic-eval-v1
42,A2,TCK-00033,assignment,2.849999873433262e-05,596,2,30,0.0,193291,ACL serializer; MobileAgentRuntime bundle serializer for A3,estimated_characters_div_4,synthetic-eval-v1
42,A2,TCK-00033,investigation,3.890000516548753e-05,608,2,30,0.0,194038,ACL serializer; MobileAgentRuntime bundle serializer for A3,estimated_characters_div_4,synthetic-eval-v1
42,A2,TCK-00033,implementation,2.649999805726111e-05,612,2,30,0.0,195039,ACL serializer; MobileAgentRuntime bundle serializer for A3,estimated_characters_div_4,synthetic-eval-v1
42,A2,TCK-00033,qa,3.4500000765547156e-05,564,2,30,0.0,195771,ACL serializer; MobileAgentRuntime bundle serializer for A3,estimated_characters_div_4,synthetic-eval-v1
42,A2,TCK-00033,deployment,3.579999611247331e-05,596,2,30,0.0,196523,ACL serializer; MobileAgentRuntime bundle serializer for A3,estimated_characters_div_4,synthetic-eval-v1
42,A2,TCK-00034,triage,3.740000101970509e-05,580,2,28,0.0,198639,ACL serializer; MobileAgentRuntime bundle serializer for A3,estimated_characters_div_4,synthetic-eval-v1
42,A2,TCK-00034,assignment,2.849999873433262e-05,596,2,28,0.0,199387,ACL serializer; MobileAgentRuntime bundle serializer for A3,estimated_characters_div_4,synthetic-eval-v1
42,A2,TCK-00034,investigation,2.710000262595713e-05,608,2,28,0.0,200134,ACL serializer; MobileAgentRuntime bundle serializer for A3,estimated_characters_div_4,synthetic-eval-v1
42,A2,TCK-00034,implementation,2.6699999580159783e-05,612,2,28,0.0,200879,ACL serializer; MobileAgentRuntime bundle serializer for A3,estimated_characters_div_4,synthetic-eval-v1
42,A2,TCK-00034,qa,2.61999957729131e-05,564,2,28,0.0,201611,ACL serializer; MobileAgentRuntime bundle serializer for A3,estimated_characters_div_4,synthetic-eval-v1
42,A2,TCK-00034,deployment,2.970000059576705e-05,596,2,28,0.0,202363,ACL serializer; MobileAgentRuntime bundle serializer for A3,estimated_characters_div_4,synthetic-eval-v1
42,A2,TCK-00035,triage,5.160000000614673e-05,580,2,45,0.0,204498,ACL serializer; MobileAgentRuntime bundle serializer for A3,estimated_characters_div_4,synthetic-eval-v1
42,A2,TCK-00035,assignment,2.8200003725942224e-05,596,2,45,0.0,205248,ACL serializer; MobileAgentRuntime bundle serializer for A3,estimated_characters_div_4,synthetic-eval-v1
42,A2,TCK-00035,investigation,2.680000034160912e-05,608,2,45,0.0,205998,ACL serializer; MobileAgentRuntime bundle serializer for A3,estimated_characters_div_4,synthetic-eval-v1
42,A2,TCK-00035,implementation,2.849999873433262e-05,612,2,45,0.0,206744,ACL serializer; MobileAgentRuntime bundle serializer for A3,estimated_characters_div_4,synthetic-eval-v1
42,A2,TCK-00035,qa,2.6100002287421376e-05,564,2,45,0.0,207470,ACL serializer; MobileAgentRuntime bundle serializer for A3,estimated_characters_div_4,synthetic-eval-v1
42,A2,TCK-00035,deployment,3.060000017285347e-05,596,2,45,0.0,208224,ACL serializer; MobileAgentRuntime bundle serializer for A3,estimated_characters_div_4,synthetic-eval-v1
42,A2,TCK-00036,triage,4.780000017490238e-05,580,2,28,0.0,210192,ACL serializer; MobileAgentRuntime bundle serializer for A3,estimated_characters_div_4,synthetic-eval-v1
42,A2,TCK-00036,assignment,3.290000313427299e-05,596,2,28,0.0,210940,ACL serializer; MobileAgentRuntime bundle serializer for A3,estimated_characters_div_4,synthetic-eval-v1
42,A2,TCK-00036,investigation,3.109999670414254e-05,608,2,28,0.0,211687,ACL serializer; MobileAgentRuntime bundle serializer for A3,estimated_characters_div_4,synthetic-eval-v1
42,A2,TCK-00036,implementation,3.260000084992498e-05,612,2,28,0.0,212432,ACL serializer; MobileAgentRuntime bundle serializer for A3,estimated_characters_div_4,synthetic-eval-v1
42,A2,TCK-00036,qa,2.7399997634347528e-05,564,2,28,0.0,213164,ACL serializer; MobileAgentRuntime bundle serializer for A3,estimated_characters_div_4,synthetic-eval-v1
42,A2,TCK-00036,deployment,6.269999721553177e-05,596,2,28,0.0,213916,ACL serializer; MobileAgentRuntime bundle serializer for A3,estimated_characters_div_4,synthetic-eval-v1
42,A2,TCK-00037,triage,8.370000432478264e-05,580,2,30,0.0,216024,ACL serializer; MobileAgentRuntime bundle serializer for A3,estimated_characters_div_4,synthetic-eval-v1
42,A2,TCK-00037,assignment,3.619999915827066e-05,596,2,30,0.0,216772,ACL serializer; MobileAgentRuntime bundle serializer for A3,estimated_characters_div_4,synthetic-eval-v1
42,A2,TCK-00037,investigation,2.7799993404187262e-05,608,2,30,0.0,217519,ACL serializer; MobileAgentRuntime bundle serializer for A3,estimated_characters_div_4,synthetic-eval-v1
42,A2,TCK-00037,implementation,2.7000001864507794e-05,612,2,30,0.0,218264,ACL serializer; MobileAgentRuntime bundle serializer for A3,estimated_characters_div_4,synthetic-eval-v1
42,A2,TCK-00037,qa,7.14999987394549e-05,564,2,30,0.0,218996,ACL serializer; MobileAgentRuntime bundle serializer for A3,estimated_characters_div_4,synthetic-eval-v1
42,A2,TCK-00037,deployment,4.1000006604008377e-05,596,2,30,0.0,219748,ACL serializer; MobileAgentRuntime bundle serializer for A3,estimated_characters_div_4,synthetic-eval-v1
42,A2,TCK-00038,triage,5.939999391557649e-05,580,2,28,0.0,221800,ACL serializer; MobileAgentRuntime bundle serializer for A3,estimated_characters_div_4,synthetic-eval-v1
42,A2,TCK-00038,assignment,2.9499999072868377e-05,596,2,28,0.0,222548,ACL serializer; MobileAgentRuntime bundle serializer for A3,estimated_characters_div_4,synthetic-eval-v1
42,A2,TCK-00038,investigation,2.6699999580159783e-05,608,2,28,0.0,223295,ACL serializer; MobileAgentRuntime bundle serializer for A3,estimated_characters_div_4,synthetic-eval-v1
42,A2,TCK-00038,implementation,3.809999907389283e-05,612,2,28,0.0,224040,ACL serializer; MobileAgentRuntime bundle serializer for A3,estimated_characters_div_4,synthetic-eval-v1
42,A2,TCK-00038,qa,2.7499998395796865e-05,564,2,28,0.0,224772,ACL serializer; MobileAgentRuntime bundle serializer for A3,estimated_characters_div_4,synthetic-eval-v1
42,A2,TCK-00038,deployment,4.810000245925039e-05,596,2,28,0.0,225812,ACL serializer; MobileAgentRuntime bundle serializer for A3,estimated_characters_div_4,synthetic-eval-v1
42,A2,TCK-00039,triage,5.080000119050965e-05,580,2,30,0.0,227879,ACL serializer; MobileAgentRuntime bundle serializer for A3,estimated_characters_div_4,synthetic-eval-v1
42,A2,TCK-00039,assignment,3.149999974993989e-05,596,2,30,0.0,228627,ACL serializer; MobileAgentRuntime bundle serializer for A3,estimated_characters_div_4,synthetic-eval-v1
42,A2,TCK-00039,investigation,3.479999577393755e-05,608,2,30,0.0,229374,ACL serializer; MobileAgentRuntime bundle serializer for A3,estimated_characters_div_4,synthetic-eval-v1
42,A2,TCK-00039,implementation,2.7499998395796865e-05,612,2,30,0.0,230119,ACL serializer; MobileAgentRuntime bundle serializer for A3,estimated_characters_div_4,synthetic-eval-v1
42,A2,TCK-00039,qa,2.649999805726111e-05,564,2,30,0.0,230851,ACL serializer; MobileAgentRuntime bundle serializer for A3,estimated_characters_div_4,synthetic-eval-v1
42,A2,TCK-00039,deployment,2.6599998818710446e-05,596,2,30,0.0,231603,ACL serializer; MobileAgentRuntime bundle serializer for A3,estimated_characters_div_4,synthetic-eval-v1
42,A2,TCK-00040,triage,3.599999763537198e-05,580,2,28,0.0,233654,ACL serializer; MobileAgentRuntime bundle serializer for A3,estimated_characters_div_4,synthetic-eval-v1
42,A2,TCK-00040,assignment,2.720000338740647e-05,596,2,28,0.0,234402,ACL serializer; MobileAgentRuntime bundle serializer for A3,estimated_characters_div_4,synthetic-eval-v1
42,A2,TCK-00040,investigation,2.7000001864507794e-05,608,2,28,0.0,235149,ACL serializer; MobileAgentRuntime bundle serializer for A3,estimated_characters_div_4,synthetic-eval-v1
42,A2,TCK-00040,implementation,2.660000609466806e-05,612,2,28,0.0,235894,ACL serializer; MobileAgentRuntime bundle serializer for A3,estimated_characters_div_4,synthetic-eval-v1
42,A2,TCK-00040,qa,3.149999974993989e-05,564,2,28,0.0,236626,ACL serializer; MobileAgentRuntime bundle serializer for A3,estimated_characters_div_4,synthetic-eval-v1
42,A2,TCK-00040,deployment,2.6399997295811772e-05,596,2,28,0.0,237378,ACL serializer; MobileAgentRuntime bundle serializer for A3,estimated_characters_div_4,synthetic-eval-v1
42,A2,TCK-00041,triage,7.389999518636614e-05,580,2,30,0.0,239543,ACL serializer; MobileAgentRuntime bundle serializer for A3,estimated_characters_div_4,synthetic-eval-v1
42,A2,TCK-00041,assignment,3.35000004270114e-05,596,2,30,0.0,240291,ACL serializer; MobileAgentRuntime bundle serializer for A3,estimated_characters_div_4,synthetic-eval-v1
42,A2,TCK-00041,investigation,3.239999932702631e-05,608,2,30,0.0,241038,ACL serializer; MobileAgentRuntime bundle serializer for A3,estimated_characters_div_4,synthetic-eval-v1
42,A2,TCK-00041,implementation,5.909999890718609e-05,612,2,30,0.0,241783,ACL serializer; MobileAgentRuntime bundle serializer for A3,estimated_characters_div_4,synthetic-eval-v1
42,A2,TCK-00041,qa,5.579999560723081e-05,564,2,30,0.0,242515,ACL serializer; MobileAgentRuntime bundle serializer for A3,estimated_characters_div_4,synthetic-eval-v1
42,A2,TCK-00041,deployment,6.0699996538460255e-05,596,2,30,0.0,243267,ACL serializer; MobileAgentRuntime bundle serializer for A3,estimated_characters_div_4,synthetic-eval-v1
42,A2,TCK-00042,triage,4.2100000428035855e-05,580,2,43,0.0,245500,ACL serializer; MobileAgentRuntime bundle serializer for A3,estimated_characters_div_4,synthetic-eval-v1
42,A2,TCK-00042,assignment,2.7399997634347528e-05,596,2,43,0.0,246250,ACL serializer; MobileAgentRuntime bundle serializer for A3,estimated_characters_div_4,synthetic-eval-v1
42,A2,TCK-00042,investigation,2.680000034160912e-05,608,2,43,0.0,247000,ACL serializer; MobileAgentRuntime bundle serializer for A3,estimated_characters_div_4,synthetic-eval-v1
42,A2,TCK-00042,implementation,2.7900001441594213e-05,612,2,43,0.0,247746,ACL serializer; MobileAgentRuntime bundle serializer for A3,estimated_characters_div_4,synthetic-eval-v1
42,A2,TCK-00042,qa,2.6900001103058457e-05,564,2,43,0.0,248472,ACL serializer; MobileAgentRuntime bundle serializer for A3,estimated_characters_div_4,synthetic-eval-v1
42,A2,TCK-00042,deployment,6.759999814676121e-05,596,2,43,0.0,249226,ACL serializer; MobileAgentRuntime bundle serializer for A3,estimated_characters_div_4,synthetic-eval-v1
42,A2,TCK-00043,triage,4.900000203633681e-05,580,2,30,0.0,251215,ACL serializer; MobileAgentRuntime bundle serializer for A3,estimated_characters_div_4,synthetic-eval-v1
42,A2,TCK-00043,assignment,2.7800000680144876e-05,596,2,30,0.0,251963,ACL serializer; MobileAgentRuntime bundle serializer for A3,estimated_characters_div_4,synthetic-eval-v1
42,A2,TCK-00043,investigation,2.7599999157246202e-05,608,2,30,0.0,252710,ACL serializer; MobileAgentRuntime bundle serializer for A3,estimated_characters_div_4,synthetic-eval-v1
42,A2,TCK-00043,implementation,2.7800000680144876e-05,612,2,30,0.0,253455,ACL serializer; MobileAgentRuntime bundle serializer for A3,estimated_characters_div_4,synthetic-eval-v1
42,A2,TCK-00043,qa,2.630000381032005e-05,564,2,30,0.0,254187,ACL serializer; MobileAgentRuntime bundle serializer for A3,estimated_characters_div_4,synthetic-eval-v1
42,A2,TCK-00043,deployment,2.5999994250014424e-05,596,2,30,0.0,254939,ACL serializer; MobileAgentRuntime bundle serializer for A3,estimated_characters_div_4,synthetic-eval-v1
42,A2,TCK-00044,triage,3.149999974993989e-05,580,2,28,0.0,257031,ACL serializer; MobileAgentRuntime bundle serializer for A3,estimated_characters_div_4,synthetic-eval-v1
42,A2,TCK-00044,assignment,2.630000381032005e-05,596,2,28,0.0,257779,ACL serializer; MobileAgentRuntime bundle serializer for A3,estimated_characters_div_4,synthetic-eval-v1
42,A2,TCK-00044,investigation,2.5800000003073364e-05,608,2,28,0.0,258526,ACL serializer; MobileAgentRuntime bundle serializer for A3,estimated_characters_div_4,synthetic-eval-v1
42,A2,TCK-00044,implementation,2.8299997211433947e-05,612,2,28,0.0,259271,ACL serializer; MobileAgentRuntime bundle serializer for A3,estimated_characters_div_4,synthetic-eval-v1
42,A2,TCK-00044,qa,2.469999890308827e-05,564,2,28,0.0,260003,ACL serializer; MobileAgentRuntime bundle serializer for A3,estimated_characters_div_4,synthetic-eval-v1
42,A2,TCK-00044,deployment,2.5399996957276016e-05,596,2,28,0.0,261075,ACL serializer; MobileAgentRuntime bundle serializer for A3,estimated_characters_div_4,synthetic-eval-v1
42,A2,TCK-00045,triage,4.780000017490238e-05,580,2,30,0.0,263167,ACL serializer; MobileAgentRuntime bundle serializer for A3,estimated_characters_div_4,synthetic-eval-v1
42,A2,TCK-00045,assignment,2.7000001864507794e-05,596,2,30,0.0,263915,ACL serializer; MobileAgentRuntime bundle serializer for A3,estimated_characters_div_4,synthetic-eval-v1
42,A2,TCK-00045,investigation,2.649999805726111e-05,608,2,30,0.0,264662,ACL serializer; MobileAgentRuntime bundle serializer for A3,estimated_characters_div_4,synthetic-eval-v1
42,A2,TCK-00045,implementation,2.6900001103058457e-05,612,2,30,0.0,265407,ACL serializer; MobileAgentRuntime bundle serializer for A3,estimated_characters_div_4,synthetic-eval-v1
42,A2,TCK-00045,qa,2.5699999241624027e-05,564,2,30,0.0,266139,ACL serializer; MobileAgentRuntime bundle serializer for A3,estimated_characters_div_4,synthetic-eval-v1
42,A2,TCK-00045,deployment,2.6100002287421376e-05,596,2,30,0.0,266891,ACL serializer; MobileAgentRuntime bundle serializer for A3,estimated_characters_div_4,synthetic-eval-v1
42,A2,TCK-00046,triage,3.2000003557186574e-05,580,2,28,0.0,268919,ACL serializer; MobileAgentRuntime bundle serializer for A3,estimated_characters_div_4,synthetic-eval-v1
42,A2,TCK-00046,assignment,2.6599998818710446e-05,596,2,28,0.0,269667,ACL serializer; MobileAgentRuntime bundle serializer for A3,estimated_characters_div_4,synthetic-eval-v1
42,A2,TCK-00046,investigation,2.559999848017469e-05,608,2,28,0.0,270414,ACL serializer; MobileAgentRuntime bundle serializer for A3,estimated_characters_div_4,synthetic-eval-v1
42,A2,TCK-00046,implementation,2.540000423323363e-05,612,2,28,0.0,271159,ACL serializer; MobileAgentRuntime bundle serializer for A3,estimated_characters_div_4,synthetic-eval-v1
42,A2,TCK-00046,qa,2.5399996957276016e-05,564,2,28,0.0,271891,ACL serializer; MobileAgentRuntime bundle serializer for A3,estimated_characters_div_4,synthetic-eval-v1
42,A2,TCK-00046,deployment,2.5200002710334957e-05,596,2,28,0.0,272643,ACL serializer; MobileAgentRuntime bundle serializer for A3,estimated_characters_div_4,synthetic-eval-v1
42,A2,TCK-00047,triage,5.650000093737617e-05,580,2,30,0.0,274711,ACL serializer; MobileAgentRuntime bundle serializer for A3,estimated_characters_div_4,synthetic-eval-v1
42,A2,TCK-00047,assignment,2.630000381032005e-05,596,2,30,0.0,275459,ACL serializer; MobileAgentRuntime bundle serializer for A3,estimated_characters_div_4,synthetic-eval-v1
42,A2,TCK-00047,investigation,2.600000152597204e-05,608,2,30,0.0,276206,ACL serializer; MobileAgentRuntime bundle serializer for A3,estimated_characters_div_4,synthetic-eval-v1
42,A2,TCK-00047,implementation,2.630000381032005e-05,612,2,30,0.0,276951,ACL serializer; MobileAgentRuntime bundle serializer for A3,estimated_characters_div_4,synthetic-eval-v1
42,A2,TCK-00047,qa,2.600000152597204e-05,564,2,30,0.0,277683,ACL serializer; MobileAgentRuntime bundle serializer for A3,estimated_characters_div_4,synthetic-eval-v1
42,A2,TCK-00047,deployment,2.5499997718725353e-05,596,2,30,0.0,278435,ACL serializer; MobileAgentRuntime bundle serializer for A3,estimated_characters_div_4,synthetic-eval-v1
42,A2,TCK-00048,triage,2.9799994081258774e-05,580,2,28,0.0,280488,ACL serializer; MobileAgentRuntime bundle serializer for A3,estimated_characters_div_4,synthetic-eval-v1
42,A2,TCK-00048,assignment,2.5800000003073364e-05,596,2,28,0.0,281236,ACL serializer; MobileAgentRuntime bundle serializer for A3,estimated_characters_div_4,synthetic-eval-v1
42,A2,TCK-00048,investigation,2.5899993488565087e-05,608,2,28,0.0,281983,ACL serializer; MobileAgentRuntime bundle serializer for A3,estimated_characters_div_4,synthetic-eval-v1
42,A2,TCK-00048,implementation,2.5200002710334957e-05,612,2,28,0.0,282728,ACL serializer; MobileAgentRuntime bundle serializer for A3,estimated_characters_div_4,synthetic-eval-v1
42,A2,TCK-00048,qa,2.609999501146376e-05,564,2,28,0.0,283460,ACL serializer; MobileAgentRuntime bundle serializer for A3,estimated_characters_div_4,synthetic-eval-v1
42,A2,TCK-00048,deployment,2.469999890308827e-05,596,2,28,0.0,284212,ACL serializer; MobileAgentRuntime bundle serializer for A3,estimated_characters_div_4,synthetic-eval-v1
42,A2,TCK-00049,triage,4.749999789055437e-05,580,2,45,0.0,286370,ACL serializer; MobileAgentRuntime bundle serializer for A3,estimated_characters_div_4,synthetic-eval-v1
42,A2,TCK-00049,assignment,2.8100002964492887e-05,596,2,45,0.0,287120,ACL serializer; MobileAgentRuntime bundle serializer for A3,estimated_characters_div_4,synthetic-eval-v1
42,A2,TCK-00049,investigation,2.6500005333218724e-05,608,2,45,0.0,287870,ACL serializer; MobileAgentRuntime bundle serializer for A3,estimated_characters_div_4,synthetic-eval-v1
42,A2,TCK-00049,implementation,2.710000262595713e-05,612,2,45,0.0,288616,ACL serializer; MobileAgentRuntime bundle serializer for A3,estimated_characters_div_4,synthetic-eval-v1
42,A2,TCK-00049,qa,2.5300003471784294e-05,564,2,45,0.0,289342,ACL serializer; MobileAgentRuntime bundle serializer for A3,estimated_characters_div_4,synthetic-eval-v1
42,A2,TCK-00049,deployment,2.5200002710334957e-05,596,2,45,0.0,290096,ACL serializer; MobileAgentRuntime bundle serializer for A3,estimated_characters_div_4,synthetic-eval-v1
42,A2,TCK-00050,triage,3.0000002880115062e-05,580,2,28,0.0,292064,ACL serializer; MobileAgentRuntime bundle serializer for A3,estimated_characters_div_4,synthetic-eval-v1
42,A2,TCK-00050,assignment,2.600000152597204e-05,596,2,28,0.0,292812,ACL serializer; MobileAgentRuntime bundle serializer for A3,estimated_characters_div_4,synthetic-eval-v1
42,A2,TCK-00050,investigation,2.5499997718725353e-05,608,2,28,0.0,293559,ACL serializer; MobileAgentRuntime bundle serializer for A3,estimated_characters_div_4,synthetic-eval-v1
42,A2,TCK-00050,implementation,2.5300003471784294e-05,612,2,28,0.0,294304,ACL serializer; MobileAgentRuntime bundle serializer for A3,estimated_characters_div_4,synthetic-eval-v1
42,A2,TCK-00050,qa,2.6299996534362435e-05,564,2,28,0.0,295036,ACL serializer; MobileAgentRuntime bundle serializer for A3,estimated_characters_div_4,synthetic-eval-v1
42,A2,TCK-00050,deployment,2.5200002710334957e-05,596,2,28,0.0,295788,ACL serializer; MobileAgentRuntime bundle serializer for A3,estimated_characters_div_4,synthetic-eval-v1
42,A2,TCK-00051,triage,5.029999738326296e-05,580,2,30,0.0,297848,ACL serializer; MobileAgentRuntime bundle serializer for A3,estimated_characters_div_4,synthetic-eval-v1
42,A2,TCK-00051,assignment,2.710000262595713e-05,596,2,30,0.0,298596,ACL serializer; MobileAgentRuntime bundle serializer for A3,estimated_characters_div_4,synthetic-eval-v1
42,A2,TCK-00051,investigation,2.680000034160912e-05,608,2,30,0.0,299343,ACL serializer; MobileAgentRuntime bundle serializer for A3,estimated_characters_div_4,synthetic-eval-v1
42,A2,TCK-00051,implementation,3.1600000511389226e-05,612,2,30,0.0,300440,ACL serializer; MobileAgentRuntime bundle serializer for A3,estimated_characters_div_4,synthetic-eval-v1
42,A2,TCK-00051,qa,2.989999484270811e-05,564,2,30,0.0,301172,ACL serializer; MobileAgentRuntime bundle serializer for A3,estimated_characters_div_4,synthetic-eval-v1
42,A2,TCK-00051,deployment,3.0099996365606785e-05,596,2,30,0.0,301924,ACL serializer; MobileAgentRuntime bundle serializer for A3,estimated_characters_div_4,synthetic-eval-v1
42,A2,TCK-00052,triage,4.050000279676169e-05,580,2,28,0.0,303927,ACL serializer; MobileAgentRuntime bundle serializer for A3,estimated_characters_div_4,synthetic-eval-v1
42,A2,TCK-00052,assignment,2.649999805726111e-05,596,2,28,0.0,304675,ACL serializer; MobileAgentRuntime bundle serializer for A3,estimated_characters_div_4,synthetic-eval-v1
42,A2,TCK-00052,investigation,2.510000194888562e-05,608,2,28,0.0,305422,ACL serializer; MobileAgentRuntime bundle serializer for A3,estimated_characters_div_4,synthetic-eval-v1
42,A2,TCK-00052,implementation,2.7999994927085936e-05,612,2,28,0.0,306167,ACL serializer; MobileAgentRuntime bundle serializer for A3,estimated_characters_div_4,synthetic-eval-v1
42,A2,TCK-00052,qa,2.5099994672928005e-05,564,2,28,0.0,306899,ACL serializer; MobileAgentRuntime bundle serializer for A3,estimated_characters_div_4,synthetic-eval-v1
42,A2,TCK-00052,deployment,2.540000423323363e-05,596,2,28,0.0,307651,ACL serializer; MobileAgentRuntime bundle serializer for A3,estimated_characters_div_4,synthetic-eval-v1
42,A2,TCK-00053,triage,8.089999755611643e-05,580,2,30,0.0,309767,ACL serializer; MobileAgentRuntime bundle serializer for A3,estimated_characters_div_4,synthetic-eval-v1
42,A2,TCK-00053,assignment,3.149999974993989e-05,596,2,30,0.0,310515,ACL serializer; MobileAgentRuntime bundle serializer for A3,estimated_characters_div_4,synthetic-eval-v1
42,A2,TCK-00053,investigation,2.7599999157246202e-05,608,2,30,0.0,311262,ACL serializer; MobileAgentRuntime bundle serializer for A3,estimated_characters_div_4,synthetic-eval-v1
42,A2,TCK-00053,implementation,2.609999501146376e-05,612,2,30,0.0,312007,ACL serializer; MobileAgentRuntime bundle serializer for A3,estimated_characters_div_4,synthetic-eval-v1
42,A2,TCK-00053,qa,5.8400000852998346e-05,564,2,30,0.0,312739,ACL serializer; MobileAgentRuntime bundle serializer for A3,estimated_characters_div_4,synthetic-eval-v1
42,A2,TCK-00053,deployment,3.1299998227041215e-05,596,2,30,0.0,313491,ACL serializer; MobileAgentRuntime bundle serializer for A3,estimated_characters_div_4,synthetic-eval-v1
42,A2,TCK-00054,triage,5.990000499878079e-05,580,2,28,0.0,315591,ACL serializer; MobileAgentRuntime bundle serializer for A3,estimated_characters_div_4,synthetic-eval-v1
42,A2,TCK-00054,assignment,3.500000457279384e-05,596,2,28,0.0,316339,ACL serializer; MobileAgentRuntime bundle serializer for A3,estimated_characters_div_4,synthetic-eval-v1
42,A2,TCK-00054,investigation,2.750000567175448e-05,608,2,28,0.0,317086,ACL serializer; MobileAgentRuntime bundle serializer for A3,estimated_characters_div_4,synthetic-eval-v1
42,A2,TCK-00054,implementation,3.149999974993989e-05,612,2,28,0.0,317831,ACL serializer; MobileAgentRuntime bundle serializer for A3,estimated_characters_div_4,synthetic-eval-v1
42,A2,TCK-00054,qa,2.6599998818710446e-05,564,2,28,0.0,318563,ACL serializer; MobileAgentRuntime bundle serializer for A3,estimated_characters_div_4,synthetic-eval-v1
42,A2,TCK-00054,deployment,2.7900001441594213e-05,596,2,28,0.0,319315,ACL serializer; MobileAgentRuntime bundle serializer for A3,estimated_characters_div_4,synthetic-eval-v1
42,A2,TCK-00055,triage,3.960000321967527e-05,580,2,30,0.0,321335,ACL serializer; MobileAgentRuntime bundle serializer for A3,estimated_characters_div_4,synthetic-eval-v1
42,A2,TCK-00055,assignment,2.5800000003073364e-05,596,2,30,0.0,322083,ACL serializer; MobileAgentRuntime bundle serializer for A3,estimated_characters_div_4,synthetic-eval-v1
42,A2,TCK-00055,investigation,3.1299998227041215e-05,608,2,30,0.0,322830,ACL serializer; MobileAgentRuntime bundle serializer for A3,estimated_characters_div_4,synthetic-eval-v1
42,A2,TCK-00055,implementation,5.480000254465267e-05,612,2,30,0.0,323575,ACL serializer; MobileAgentRuntime bundle serializer for A3,estimated_characters_div_4,synthetic-eval-v1
42,A2,TCK-00055,qa,7.190000178525224e-05,564,2,30,0.0,324307,ACL serializer; MobileAgentRuntime bundle serializer for A3,estimated_characters_div_4,synthetic-eval-v1
42,A2,TCK-00055,deployment,4.8999994760379195e-05,596,2,30,0.0,325059,ACL serializer; MobileAgentRuntime bundle serializer for A3,estimated_characters_div_4,synthetic-eval-v1
42,A2,TCK-00056,triage,4.1300001612398773e-05,580,2,43,0.0,327122,ACL serializer; MobileAgentRuntime bundle serializer for A3,estimated_characters_div_4,synthetic-eval-v1
42,A2,TCK-00056,assignment,3.0199997127056122e-05,596,2,43,0.0,327872,ACL serializer; MobileAgentRuntime bundle serializer for A3,estimated_characters_div_4,synthetic-eval-v1
42,A2,TCK-00056,investigation,5.0499998906161636e-05,608,2,43,0.0,328622,ACL serializer; MobileAgentRuntime bundle serializer for A3,estimated_characters_div_4,synthetic-eval-v1
42,A2,TCK-00056,implementation,4.459999763639644e-05,612,2,43,0.0,329368,ACL serializer; MobileAgentRuntime bundle serializer for A3,estimated_characters_div_4,synthetic-eval-v1
42,A2,TCK-00056,qa,2.6200003048870713e-05,564,2,43,0.0,330094,ACL serializer; MobileAgentRuntime bundle serializer for A3,estimated_characters_div_4,synthetic-eval-v1
42,A2,TCK-00056,deployment,2.510000194888562e-05,596,2,43,0.0,330848,ACL serializer; MobileAgentRuntime bundle serializer for A3,estimated_characters_div_4,synthetic-eval-v1
42,A2,TCK-00057,triage,8.840000373311341e-05,580,2,30,0.0,332791,ACL serializer; MobileAgentRuntime bundle serializer for A3,estimated_characters_div_4,synthetic-eval-v1
42,A2,TCK-00057,assignment,8.239999442594126e-05,596,2,30,0.0,333539,ACL serializer; MobileAgentRuntime bundle serializer for A3,estimated_characters_div_4,synthetic-eval-v1
42,A2,TCK-00057,investigation,7.12000037310645e-05,608,2,30,0.0,334286,ACL serializer; MobileAgentRuntime bundle serializer for A3,estimated_characters_div_4,synthetic-eval-v1
42,A2,TCK-00057,implementation,5.5900003644637764e-05,612,2,30,0.0,335031,ACL serializer; MobileAgentRuntime bundle serializer for A3,estimated_characters_div_4,synthetic-eval-v1
42,A2,TCK-00057,qa,6.22000006842427e-05,564,2,30,0.0,335763,ACL serializer; MobileAgentRuntime bundle serializer for A3,estimated_characters_div_4,synthetic-eval-v1
42,A2,TCK-00057,deployment,4.829999670619145e-05,596,2,30,0.0,336515,ACL serializer; MobileAgentRuntime bundle serializer for A3,estimated_characters_div_4,synthetic-eval-v1
42,A2,TCK-00058,triage,4.339999577496201e-05,580,2,28,0.0,338559,ACL serializer; MobileAgentRuntime bundle serializer for A3,estimated_characters_div_4,synthetic-eval-v1
42,A2,TCK-00058,assignment,2.6900001103058457e-05,596,2,28,0.0,339307,ACL serializer; MobileAgentRuntime bundle serializer for A3,estimated_characters_div_4,synthetic-eval-v1
42,A2,TCK-00058,investigation,2.5699999241624027e-05,608,2,28,0.0,340054,ACL serializer; MobileAgentRuntime bundle serializer for A3,estimated_characters_div_4,synthetic-eval-v1
42,A2,TCK-00058,implementation,2.5000001187436283e-05,612,2,28,0.0,340799,ACL serializer; MobileAgentRuntime bundle serializer for A3,estimated_characters_div_4,synthetic-eval-v1
42,A2,TCK-00058,qa,2.510000194888562e-05,564,2,28,0.0,341531,ACL serializer; MobileAgentRuntime bundle serializer for A3,estimated_characters_div_4,synthetic-eval-v1
42,A2,TCK-00058,deployment,2.5699999241624027e-05,596,2,28,0.0,342667,ACL serializer; MobileAgentRuntime bundle serializer for A3,estimated_characters_div_4,synthetic-eval-v1
42,A2,TCK-00059,triage,4.900000203633681e-05,580,2,30,0.0,344687,ACL serializer; MobileAgentRuntime bundle serializer for A3,estimated_characters_div_4,synthetic-eval-v1
42,A2,TCK-00059,assignment,3.440000000409782e-05,596,2,30,0.0,345435,ACL serializer; MobileAgentRuntime bundle serializer for A3,estimated_characters_div_4,synthetic-eval-v1
42,A2,TCK-00059,investigation,2.9100003303028643e-05,608,2,30,0.0,346182,ACL serializer; MobileAgentRuntime bundle serializer for A3,estimated_characters_div_4,synthetic-eval-v1
42,A2,TCK-00059,implementation,2.680000034160912e-05,612,2,30,0.0,346927,ACL serializer; MobileAgentRuntime bundle serializer for A3,estimated_characters_div_4,synthetic-eval-v1
42,A2,TCK-00059,qa,2.680000034160912e-05,564,2,30,0.0,347659,ACL serializer; MobileAgentRuntime bundle serializer for A3,estimated_characters_div_4,synthetic-eval-v1
42,A2,TCK-00059,deployment,2.6399997295811772e-05,596,2,30,0.0,348411,ACL serializer; MobileAgentRuntime bundle serializer for A3,estimated_characters_div_4,synthetic-eval-v1
42,A2,TCK-00060,triage,4.7599998652003706e-05,580,2,28,0.0,350415,ACL serializer; MobileAgentRuntime bundle serializer for A3,estimated_characters_div_4,synthetic-eval-v1
42,A2,TCK-00060,assignment,4.459999763639644e-05,596,2,28,0.0,351163,ACL serializer; MobileAgentRuntime bundle serializer for A3,estimated_characters_div_4,synthetic-eval-v1
42,A2,TCK-00060,investigation,5.439999949885532e-05,608,2,28,0.0,351910,ACL serializer; MobileAgentRuntime bundle serializer for A3,estimated_characters_div_4,synthetic-eval-v1
42,A2,TCK-00060,implementation,5.77000027988106e-05,612,2,28,0.0,352655,ACL serializer; MobileAgentRuntime bundle serializer for A3,estimated_characters_div_4,synthetic-eval-v1
42,A2,TCK-00060,qa,5.669999518431723e-05,564,2,28,0.0,353387,ACL serializer; MobileAgentRuntime bundle serializer for A3,estimated_characters_div_4,synthetic-eval-v1
42,A2,TCK-00060,deployment,2.9299997549969703e-05,596,2,28,0.0,354139,ACL serializer; MobileAgentRuntime bundle serializer for A3,estimated_characters_div_4,synthetic-eval-v1
42,A2,TCK-00061,triage,6.0500002291519195e-05,580,2,30,0.0,356160,ACL serializer; MobileAgentRuntime bundle serializer for A3,estimated_characters_div_4,synthetic-eval-v1
42,A2,TCK-00061,assignment,4.0700004319660366e-05,596,2,30,0.0,356908,ACL serializer; MobileAgentRuntime bundle serializer for A3,estimated_characters_div_4,synthetic-eval-v1
42,A2,TCK-00061,investigation,3.1299998227041215e-05,608,2,30,0.0,357655,ACL serializer; MobileAgentRuntime bundle serializer for A3,estimated_characters_div_4,synthetic-eval-v1
42,A2,TCK-00061,implementation,2.8700000257231295e-05,612,2,30,0.0,358400,ACL serializer; MobileAgentRuntime bundle serializer for A3,estimated_characters_div_4,synthetic-eval-v1
42,A2,TCK-00061,qa,3.189999551977962e-05,564,2,30,0.0,359132,ACL serializer; MobileAgentRuntime bundle serializer for A3,estimated_characters_div_4,synthetic-eval-v1
42,A2,TCK-00061,deployment,2.680000034160912e-05,596,2,30,0.0,359884,ACL serializer; MobileAgentRuntime bundle serializer for A3,estimated_characters_div_4,synthetic-eval-v1
42,A2,TCK-00062,triage,3.8300000596791506e-05,580,2,28,0.0,361887,ACL serializer; MobileAgentRuntime bundle serializer for A3,estimated_characters_div_4,synthetic-eval-v1
42,A2,TCK-00062,assignment,2.6200003048870713e-05,596,2,28,0.0,362635,ACL serializer; MobileAgentRuntime bundle serializer for A3,estimated_characters_div_4,synthetic-eval-v1
42,A2,TCK-00062,investigation,2.5699999241624027e-05,608,2,28,0.0,363382,ACL serializer; MobileAgentRuntime bundle serializer for A3,estimated_characters_div_4,synthetic-eval-v1
42,A2,TCK-00062,implementation,2.5499997718725353e-05,612,2,28,0.0,364127,ACL serializer; MobileAgentRuntime bundle serializer for A3,estimated_characters_div_4,synthetic-eval-v1
42,A2,TCK-00062,qa,2.499999391147867e-05,564,2,28,0.0,364859,ACL serializer; MobileAgentRuntime bundle serializer for A3,estimated_characters_div_4,synthetic-eval-v1
42,A2,TCK-00062,deployment,2.570000651758164e-05,596,2,28,0.0,365611,ACL serializer; MobileAgentRuntime bundle serializer for A3,estimated_characters_div_4,synthetic-eval-v1
42,A2,TCK-00063,triage,5.0499998906161636e-05,580,2,45,0.0,367722,ACL serializer; MobileAgentRuntime bundle serializer for A3,estimated_characters_div_4,synthetic-eval-v1
42,A2,TCK-00063,assignment,2.7599999157246202e-05,596,2,45,0.0,368472,ACL serializer; MobileAgentRuntime bundle serializer for A3,estimated_characters_div_4,synthetic-eval-v1
42,A2,TCK-00063,investigation,4.44999968749471e-05,608,2,45,0.0,369222,ACL serializer; MobileAgentRuntime bundle serializer for A3,estimated_characters_div_4,synthetic-eval-v1
42,A2,TCK-00063,implementation,2.59000007645227e-05,612,2,45,0.0,369968,ACL serializer; MobileAgentRuntime bundle serializer for A3,estimated_characters_div_4,synthetic-eval-v1
42,A2,TCK-00063,qa,2.59000007645227e-05,564,2,45,0.0,370694,ACL serializer; MobileAgentRuntime bundle serializer for A3,estimated_characters_div_4,synthetic-eval-v1
42,A2,TCK-00063,deployment,2.5499997718725353e-05,596,2,45,0.0,371448,ACL serializer; MobileAgentRuntime bundle serializer for A3,estimated_characters_div_4,synthetic-eval-v1
42,A2,TCK-00064,triage,8.639999578008428e-05,580,2,28,0.0,373368,ACL serializer; MobileAgentRuntime bundle serializer for A3,estimated_characters_div_4,synthetic-eval-v1
42,A2,TCK-00064,assignment,6.460000440711156e-05,596,2,28,0.0,374116,ACL serializer; MobileAgentRuntime bundle serializer for A3,estimated_characters_div_4,synthetic-eval-v1
42,A2,TCK-00064,investigation,6.520000169984996e-05,608,2,28,0.0,374863,ACL serializer; MobileAgentRuntime bundle serializer for A3,estimated_characters_div_4,synthetic-eval-v1
42,A2,TCK-00064,implementation,6.649999704677612e-05,612,2,28,0.0,375608,ACL serializer; MobileAgentRuntime bundle serializer for A3,estimated_characters_div_4,synthetic-eval-v1
42,A2,TCK-00064,qa,8.340000204043463e-05,564,2,28,0.0,376340,ACL serializer; MobileAgentRuntime bundle serializer for A3,estimated_characters_div_4,synthetic-eval-v1
42,A2,TCK-00064,deployment,8.169999637175351e-05,596,2,28,0.0,377092,ACL serializer; MobileAgentRuntime bundle serializer for A3,estimated_characters_div_4,synthetic-eval-v1
42,A2,TCK-00065,triage,4.6799999836366624e-05,580,2,30,0.0,379247,ACL serializer; MobileAgentRuntime bundle serializer for A3,estimated_characters_div_4,synthetic-eval-v1
42,A2,TCK-00065,assignment,2.61999957729131e-05,596,2,30,0.0,379995,ACL serializer; MobileAgentRuntime bundle serializer for A3,estimated_characters_div_4,synthetic-eval-v1
42,A2,TCK-00065,investigation,4.1399995097890496e-05,608,2,30,0.0,380742,ACL serializer; MobileAgentRuntime bundle serializer for A3,estimated_characters_div_4,synthetic-eval-v1
42,A2,TCK-00065,implementation,2.5800000003073364e-05,612,2,30,0.0,381487,ACL serializer; MobileAgentRuntime bundle serializer for A3,estimated_characters_div_4,synthetic-eval-v1
42,A2,TCK-00065,qa,2.600000152597204e-05,564,2,30,0.0,382219,ACL serializer; MobileAgentRuntime bundle serializer for A3,estimated_characters_div_4,synthetic-eval-v1
42,A2,TCK-00065,deployment,8.030000026337802e-05,596,2,30,0.0,382971,ACL serializer; MobileAgentRuntime bundle serializer for A3,estimated_characters_div_4,synthetic-eval-v1
42,A2,TCK-00066,triage,4.8300003982149065e-05,580,2,28,0.0,385071,ACL serializer; MobileAgentRuntime bundle serializer for A3,estimated_characters_div_4,synthetic-eval-v1
42,A2,TCK-00066,assignment,2.7599999157246202e-05,596,2,28,0.0,385819,ACL serializer; MobileAgentRuntime bundle serializer for A3,estimated_characters_div_4,synthetic-eval-v1
42,A2,TCK-00066,investigation,3.1299998227041215e-05,608,2,28,0.0,386566,ACL serializer; MobileAgentRuntime bundle serializer for A3,estimated_characters_div_4,synthetic-eval-v1
42,A2,TCK-00066,implementation,2.600000152597204e-05,612,2,28,0.0,387311,ACL serializer; MobileAgentRuntime bundle serializer for A3,estimated_characters_div_4,synthetic-eval-v1
42,A2,TCK-00066,qa,2.5399996957276016e-05,564,2,28,0.0,388043,ACL serializer; MobileAgentRuntime bundle serializer for A3,estimated_characters_div_4,synthetic-eval-v1
42,A2,TCK-00066,deployment,2.6699999580159783e-05,596,2,28,0.0,389243,ACL serializer; MobileAgentRuntime bundle serializer for A3,estimated_characters_div_4,synthetic-eval-v1
42,A2,TCK-00067,triage,9.580000187270343e-05,580,2,30,0.0,391239,ACL serializer; MobileAgentRuntime bundle serializer for A3,estimated_characters_div_4,synthetic-eval-v1
42,A2,TCK-00067,assignment,7.850000110920519e-05,596,2,30,0.0,391987,ACL serializer; MobileAgentRuntime bundle serializer for A3,estimated_characters_div_4,synthetic-eval-v1
42,A2,TCK-00067,investigation,3.4699995012488216e-05,608,2,30,0.0,392734,ACL serializer; MobileAgentRuntime bundle serializer for A3,estimated_characters_div_4,synthetic-eval-v1
42,A2,TCK-00067,implementation,3.429999924264848e-05,612,2,30,0.0,393479,ACL serializer; MobileAgentRuntime bundle serializer for A3,estimated_characters_div_4,synthetic-eval-v1
42,A2,TCK-00067,qa,2.769999991869554e-05,564,2,30,0.0,394211,ACL serializer; MobileAgentRuntime bundle serializer for A3,estimated_characters_div_4,synthetic-eval-v1
42,A2,TCK-00067,deployment,6.479999865405262e-05,596,2,30,0.0,394963,ACL serializer; MobileAgentRuntime bundle serializer for A3,estimated_characters_div_4,synthetic-eval-v1
42,A2,TCK-00068,triage,4.2599996959324926e-05,580,2,28,0.0,396967,ACL serializer; MobileAgentRuntime bundle serializer for A3,estimated_characters_div_4,synthetic-eval-v1
42,A2,TCK-00068,assignment,2.600000152597204e-05,596,2,28,0.0,397715,ACL serializer; MobileAgentRuntime bundle serializer for A3,estimated_characters_div_4,synthetic-eval-v1
42,A2,TCK-00068,investigation,2.6599998818710446e-05,608,2,28,0.0,398462,ACL serializer; MobileAgentRuntime bundle serializer for A3,estimated_characters_div_4,synthetic-eval-v1
42,A2,TCK-00068,implementation,2.5300003471784294e-05,612,2,28,0.0,399207,ACL serializer; MobileAgentRuntime bundle serializer for A3,estimated_characters_div_4,synthetic-eval-v1
42,A2,TCK-00068,qa,2.479999966453761e-05,564,2,28,0.0,399939,ACL serializer; MobileAgentRuntime bundle serializer for A3,estimated_characters_div_4,synthetic-eval-v1
42,A2,TCK-00068,deployment,5.480000254465267e-05,596,2,28,0.0,400691,ACL serializer; MobileAgentRuntime bundle serializer for A3,estimated_characters_div_4,synthetic-eval-v1
42,A2,TCK-00069,triage,4.780000017490238e-05,580,2,30,0.0,402711,ACL serializer; MobileAgentRuntime bundle serializer for A3,estimated_characters_div_4,synthetic-eval-v1
42,A2,TCK-00069,assignment,2.699999458855018e-05,596,2,30,0.0,403459,ACL serializer; MobileAgentRuntime bundle serializer for A3,estimated_characters_div_4,synthetic-eval-v1
42,A2,TCK-00069,investigation,3.0199997127056122e-05,608,2,30,0.0,404206,ACL serializer; MobileAgentRuntime bundle serializer for A3,estimated_characters_div_4,synthetic-eval-v1
42,A2,TCK-00069,implementation,2.6700006856117398e-05,612,2,30,0.0,404951,ACL serializer; MobileAgentRuntime bundle serializer for A3,estimated_characters_div_4,synthetic-eval-v1
42,A2,TCK-00069,qa,2.6699999580159783e-05,564,2,30,0.0,405683,ACL serializer; MobileAgentRuntime bundle serializer for A3,estimated_characters_div_4,synthetic-eval-v1
42,A2,TCK-00069,deployment,2.600000152597204e-05,596,2,30,0.0,406435,ACL serializer; MobileAgentRuntime bundle serializer for A3,estimated_characters_div_4,synthetic-eval-v1
42,A2,TCK-00070,triage,7.009999535512179e-05,580,2,43,0.0,408522,ACL serializer; MobileAgentRuntime bundle serializer for A3,estimated_characters_div_4,synthetic-eval-v1
42,A2,TCK-00070,assignment,4.720000288216397e-05,596,2,43,0.0,409272,ACL serializer; MobileAgentRuntime bundle serializer for A3,estimated_characters_div_4,synthetic-eval-v1
42,A2,TCK-00070,investigation,5.850000161444768e-05,608,2,43,0.0,410022,ACL serializer; MobileAgentRuntime bundle serializer for A3,estimated_characters_div_4,synthetic-eval-v1
42,A2,TCK-00070,implementation,6.84000042383559e-05,612,2,43,0.0,410768,ACL serializer; MobileAgentRuntime bundle serializer for A3,estimated_characters_div_4,synthetic-eval-v1
42,A2,TCK-00070,qa,6.620000203838572e-05,564,2,43,0.0,411494,ACL serializer; MobileAgentRuntime bundle serializer for A3,estimated_characters_div_4,synthetic-eval-v1
42,A2,TCK-00070,deployment,7.700000423938036e-05,596,2,43,0.0,412248,ACL serializer; MobileAgentRuntime bundle serializer for A3,estimated_characters_div_4,synthetic-eval-v1
42,A2,TCK-00071,triage,5.080000119050965e-05,580,2,30,0.0,414191,ACL serializer; MobileAgentRuntime bundle serializer for A3,estimated_characters_div_4,synthetic-eval-v1
42,A2,TCK-00071,assignment,6.510000093840063e-05,596,2,30,0.0,414939,ACL serializer; MobileAgentRuntime bundle serializer for A3,estimated_characters_div_4,synthetic-eval-v1
42,A2,TCK-00071,investigation,4.0099999750964344e-05,608,2,30,0.0,415686,ACL serializer; MobileAgentRuntime bundle serializer for A3,estimated_characters_div_4,synthetic-eval-v1
42,A2,TCK-00071,implementation,3.590000414988026e-05,612,2,30,0.0,416431,ACL serializer; MobileAgentRuntime bundle serializer for A3,estimated_characters_div_4,synthetic-eval-v1
42,A2,TCK-00071,qa,2.8100002964492887e-05,564,2,30,0.0,417163,ACL serializer; MobileAgentRuntime bundle serializer for A3,estimated_characters_div_4,synthetic-eval-v1
42,A2,TCK-00071,deployment,2.649999805726111e-05,596,2,30,0.0,417915,ACL serializer; MobileAgentRuntime bundle serializer for A3,estimated_characters_div_4,synthetic-eval-v1
42,A2,TCK-00072,triage,4.230000195093453e-05,580,2,28,0.0,419959,ACL serializer; MobileAgentRuntime bundle serializer for A3,estimated_characters_div_4,synthetic-eval-v1
42,A2,TCK-00072,assignment,2.6100002287421376e-05,596,2,28,0.0,420707,ACL serializer; MobileAgentRuntime bundle serializer for A3,estimated_characters_div_4,synthetic-eval-v1
42,A2,TCK-00072,investigation,2.6200003048870713e-05,608,2,28,0.0,421454,ACL serializer; MobileAgentRuntime bundle serializer for A3,estimated_characters_div_4,synthetic-eval-v1
42,A2,TCK-00072,implementation,2.5499997718725353e-05,612,2,28,0.0,422199,ACL serializer; MobileAgentRuntime bundle serializer for A3,estimated_characters_div_4,synthetic-eval-v1
42,A2,TCK-00072,qa,6.269999721553177e-05,564,2,28,0.0,422931,ACL serializer; MobileAgentRuntime bundle serializer for A3,estimated_characters_div_4,synthetic-eval-v1
42,A2,TCK-00072,deployment,4.8300003982149065e-05,596,2,28,0.0,423683,ACL serializer; MobileAgentRuntime bundle serializer for A3,estimated_characters_div_4,synthetic-eval-v1
42,A2,TCK-00073,triage,4.0899998566601425e-05,580,2,30,0.0,425727,ACL serializer; MobileAgentRuntime bundle serializer for A3,estimated_characters_div_4,synthetic-eval-v1
42,A2,TCK-00073,assignment,2.600000152597204e-05,596,2,30,0.0,426475,ACL serializer; MobileAgentRuntime bundle serializer for A3,estimated_characters_div_4,synthetic-eval-v1
42,A2,TCK-00073,investigation,2.5499997718725353e-05,608,2,30,0.0,427222,ACL serializer; MobileAgentRuntime bundle serializer for A3,estimated_characters_div_4,synthetic-eval-v1
42,A2,TCK-00073,implementation,2.469999890308827e-05,612,2,30,0.0,427967,ACL serializer; MobileAgentRuntime bundle serializer for A3,estimated_characters_div_4,synthetic-eval-v1
42,A2,TCK-00073,qa,2.5600005756132305e-05,564,2,30,0.0,428699,ACL serializer; MobileAgentRuntime bundle serializer for A3,estimated_characters_div_4,synthetic-eval-v1
42,A2,TCK-00073,deployment,2.469999890308827e-05,596,2,30,0.0,429451,ACL serializer; MobileAgentRuntime bundle serializer for A3,estimated_characters_div_4,synthetic-eval-v1
42,A2,TCK-00074,triage,5.160000000614673e-05,580,2,28,0.0,431456,ACL serializer; MobileAgentRuntime bundle serializer for A3,estimated_characters_div_4,synthetic-eval-v1
42,A2,TCK-00074,assignment,2.800000220304355e-05,596,2,28,0.0,432204,ACL serializer; MobileAgentRuntime bundle serializer for A3,estimated_characters_div_4,synthetic-eval-v1
42,A2,TCK-00074,investigation,2.6399997295811772e-05,608,2,28,0.0,432951,ACL serializer; MobileAgentRuntime bundle serializer for A3,estimated_characters_div_4,synthetic-eval-v1
42,A2,TCK-00074,implementation,2.5800000003073364e-05,612,2,28,0.0,433696,ACL serializer; MobileAgentRuntime bundle serializer for A3,estimated_characters_div_4,synthetic-eval-v1
42,A2,TCK-00074,qa,2.479999966453761e-05,564,2,28,0.0,434428,ACL serializer; MobileAgentRuntime bundle serializer for A3,estimated_characters_div_4,synthetic-eval-v1
42,A2,TCK-00074,deployment,2.4900000425986946e-05,596,2,28,0.0,435180,ACL serializer; MobileAgentRuntime bundle serializer for A3,estimated_characters_div_4,synthetic-eval-v1
42,A2,TCK-00075,triage,3.699999797390774e-05,580,2,30,0.0,437200,ACL serializer; MobileAgentRuntime bundle serializer for A3,estimated_characters_div_4,synthetic-eval-v1
42,A2,TCK-00075,assignment,2.59000007645227e-05,596,2,30,0.0,437948,ACL serializer; MobileAgentRuntime bundle serializer for A3,estimated_characters_div_4,synthetic-eval-v1
42,A2,TCK-00075,investigation,2.6399997295811772e-05,608,2,30,0.0,438695,ACL serializer; MobileAgentRuntime bundle serializer for A3,estimated_characters_div_4,synthetic-eval-v1
42,A2,TCK-00075,implementation,2.5000001187436283e-05,612,2,30,0.0,439440,ACL serializer; MobileAgentRuntime bundle serializer for A3,estimated_characters_div_4,synthetic-eval-v1
42,A2,TCK-00075,qa,2.529999619582668e-05,564,2,30,0.0,440172,ACL serializer; MobileAgentRuntime bundle serializer for A3,estimated_characters_div_4,synthetic-eval-v1
42,A2,TCK-00075,deployment,2.529999619582668e-05,596,2,30,0.0,440924,ACL serializer; MobileAgentRuntime bundle serializer for A3,estimated_characters_div_4,synthetic-eval-v1
42,A2,TCK-00076,triage,4.839999746764079e-05,580,2,28,0.0,442928,ACL serializer; MobileAgentRuntime bundle serializer for A3,estimated_characters_div_4,synthetic-eval-v1
42,A2,TCK-00076,assignment,2.9599999834317714e-05,596,2,28,0.0,444188,ACL serializer; MobileAgentRuntime bundle serializer for A3,estimated_characters_div_4,synthetic-eval-v1
42,A2,TCK-00076,investigation,3.3499993151053786e-05,608,2,28,0.0,444935,ACL serializer; MobileAgentRuntime bundle serializer for A3,estimated_characters_div_4,synthetic-eval-v1
42,A2,TCK-00076,implementation,2.680000034160912e-05,612,2,28,0.0,445680,ACL serializer; MobileAgentRuntime bundle serializer for A3,estimated_characters_div_4,synthetic-eval-v1
42,A2,TCK-00076,qa,2.5499997718725353e-05,564,2,28,0.0,446412,ACL serializer; MobileAgentRuntime bundle serializer for A3,estimated_characters_div_4,synthetic-eval-v1
42,A2,TCK-00076,deployment,2.5500004994682968e-05,596,2,28,0.0,447164,ACL serializer; MobileAgentRuntime bundle serializer for A3,estimated_characters_div_4,synthetic-eval-v1
42,A2,TCK-00077,triage,5.219999729888514e-05,580,2,45,0.0,449402,ACL serializer; MobileAgentRuntime bundle serializer for A3,estimated_characters_div_4,synthetic-eval-v1
42,A2,TCK-00077,assignment,2.970000059576705e-05,596,2,45,0.0,450152,ACL serializer; MobileAgentRuntime bundle serializer for A3,estimated_characters_div_4,synthetic-eval-v1
42,A2,TCK-00077,investigation,2.61999957729131e-05,608,2,45,0.0,450902,ACL serializer; MobileAgentRuntime bundle serializer for A3,estimated_characters_div_4,synthetic-eval-v1
42,A2,TCK-00077,implementation,2.649999805726111e-05,612,2,45,0.0,451648,ACL serializer; MobileAgentRuntime bundle serializer for A3,estimated_characters_div_4,synthetic-eval-v1
42,A2,TCK-00077,qa,2.8200003725942224e-05,564,2,45,0.0,452374,ACL serializer; MobileAgentRuntime bundle serializer for A3,estimated_characters_div_4,synthetic-eval-v1
42,A2,TCK-00077,deployment,2.6599998818710446e-05,596,2,45,0.0,453128,ACL serializer; MobileAgentRuntime bundle serializer for A3,estimated_characters_div_4,synthetic-eval-v1
42,A2,TCK-00078,triage,4.459999763639644e-05,580,2,28,0.0,455175,ACL serializer; MobileAgentRuntime bundle serializer for A3,estimated_characters_div_4,synthetic-eval-v1
42,A2,TCK-00078,assignment,2.6699999580159783e-05,596,2,28,0.0,455923,ACL serializer; MobileAgentRuntime bundle serializer for A3,estimated_characters_div_4,synthetic-eval-v1
42,A2,TCK-00078,investigation,2.5199995434377342e-05,608,2,28,0.0,456670,ACL serializer; MobileAgentRuntime bundle serializer for A3,estimated_characters_div_4,synthetic-eval-v1
42,A2,TCK-00078,implementation,2.5099994672928005e-05,612,2,28,0.0,457415,ACL serializer; MobileAgentRuntime bundle serializer for A3,estimated_characters_div_4,synthetic-eval-v1
42,A2,TCK-00078,qa,2.469999890308827e-05,564,2,28,0.0,458147,ACL serializer; MobileAgentRuntime bundle serializer for A3,estimated_characters_div_4,synthetic-eval-v1
42,A2,TCK-00078,deployment,2.5699999241624027e-05,596,2,28,0.0,458899,ACL serializer; MobileAgentRuntime bundle serializer for A3,estimated_characters_div_4,synthetic-eval-v1
42,A2,TCK-00079,triage,4.6399996790569276e-05,580,2,30,0.0,460935,ACL serializer; MobileAgentRuntime bundle serializer for A3,estimated_characters_div_4,synthetic-eval-v1
42,A2,TCK-00079,assignment,2.600000152597204e-05,596,2,30,0.0,461683,ACL serializer; MobileAgentRuntime bundle serializer for A3,estimated_characters_div_4,synthetic-eval-v1
42,A2,TCK-00079,investigation,2.830000448739156e-05,608,2,30,0.0,462430,ACL serializer; MobileAgentRuntime bundle serializer for A3,estimated_characters_div_4,synthetic-eval-v1
42,A2,TCK-00079,implementation,3.640000068116933e-05,612,2,30,0.0,463175,ACL serializer; MobileAgentRuntime bundle serializer for A3,estimated_characters_div_4,synthetic-eval-v1
42,A2,TCK-00079,qa,2.6299996534362435e-05,564,2,30,0.0,463907,ACL serializer; MobileAgentRuntime bundle serializer for A3,estimated_characters_div_4,synthetic-eval-v1
42,A2,TCK-00079,deployment,2.479999966453761e-05,596,2,30,0.0,464659,ACL serializer; MobileAgentRuntime bundle serializer for A3,estimated_characters_div_4,synthetic-eval-v1
42,A2,TCK-00080,triage,4.760000592796132e-05,580,2,28,0.0,466662,ACL serializer; MobileAgentRuntime bundle serializer for A3,estimated_characters_div_4,synthetic-eval-v1
42,A2,TCK-00080,assignment,2.680000034160912e-05,596,2,28,0.0,467410,ACL serializer; MobileAgentRuntime bundle serializer for A3,estimated_characters_div_4,synthetic-eval-v1
42,A2,TCK-00080,investigation,2.5200002710334957e-05,608,2,28,0.0,468157,ACL serializer; MobileAgentRuntime bundle serializer for A3,estimated_characters_div_4,synthetic-eval-v1
42,A2,TCK-00080,implementation,2.5199995434377342e-05,612,2,28,0.0,468902,ACL serializer; MobileAgentRuntime bundle serializer for A3,estimated_characters_div_4,synthetic-eval-v1
42,A2,TCK-00080,qa,2.4499997380189598e-05,564,2,28,0.0,469634,ACL serializer; MobileAgentRuntime bundle serializer for A3,estimated_characters_div_4,synthetic-eval-v1
42,A2,TCK-00080,deployment,2.5699999241624027e-05,596,2,28,0.0,470386,ACL serializer; MobileAgentRuntime bundle serializer for A3,estimated_characters_div_4,synthetic-eval-v1
42,A2,TCK-00081,triage,0.00020349999977042899,580,2,30,0.0,472406,ACL serializer; MobileAgentRuntime bundle serializer for A3,estimated_characters_div_4,synthetic-eval-v1
42,A2,TCK-00081,assignment,8.459999662591144e-05,596,2,30,0.0,473154,ACL serializer; MobileAgentRuntime bundle serializer for A3,estimated_characters_div_4,synthetic-eval-v1
42,A2,TCK-00081,investigation,7.829999958630651e-05,608,2,30,0.0,473901,ACL serializer; MobileAgentRuntime bundle serializer for A3,estimated_characters_div_4,synthetic-eval-v1
42,A2,TCK-00081,implementation,3.94000016967766e-05,612,2,30,0.0,474646,ACL serializer; MobileAgentRuntime bundle serializer for A3,estimated_characters_div_4,synthetic-eval-v1
42,A2,TCK-00081,qa,2.660000609466806e-05,564,2,30,0.0,475378,ACL serializer; MobileAgentRuntime bundle serializer for A3,estimated_characters_div_4,synthetic-eval-v1
42,A2,TCK-00081,deployment,2.699999458855018e-05,596,2,30,0.0,476130,ACL serializer; MobileAgentRuntime bundle serializer for A3,estimated_characters_div_4,synthetic-eval-v1
42,A2,TCK-00082,triage,3.8499994843732566e-05,580,2,28,0.0,478135,ACL serializer; MobileAgentRuntime bundle serializer for A3,estimated_characters_div_4,synthetic-eval-v1
42,A2,TCK-00082,assignment,2.7000001864507794e-05,596,2,28,0.0,478883,ACL serializer; MobileAgentRuntime bundle serializer for A3,estimated_characters_div_4,synthetic-eval-v1
42,A2,TCK-00082,investigation,2.5500004994682968e-05,608,2,28,0.0,479630,ACL serializer; MobileAgentRuntime bundle serializer for A3,estimated_characters_div_4,synthetic-eval-v1
42,A2,TCK-00082,implementation,2.5200002710334957e-05,612,2,28,0.0,480375,ACL serializer; MobileAgentRuntime bundle serializer for A3,estimated_characters_div_4,synthetic-eval-v1
42,A2,TCK-00082,qa,2.5000001187436283e-05,564,2,28,0.0,481107,ACL serializer; MobileAgentRuntime bundle serializer for A3,estimated_characters_div_4,synthetic-eval-v1
42,A2,TCK-00082,deployment,2.469999890308827e-05,596,2,28,0.0,481859,ACL serializer; MobileAgentRuntime bundle serializer for A3,estimated_characters_div_4,synthetic-eval-v1
42,A2,TCK-00083,triage,4.429999535204843e-05,580,2,30,0.0,483879,ACL serializer; MobileAgentRuntime bundle serializer for A3,estimated_characters_div_4,synthetic-eval-v1
42,A2,TCK-00083,assignment,2.59000007645227e-05,596,2,30,0.0,484627,ACL serializer; MobileAgentRuntime bundle serializer for A3,estimated_characters_div_4,synthetic-eval-v1
42,A2,TCK-00083,investigation,2.540000423323363e-05,608,2,30,0.0,485374,ACL serializer; MobileAgentRuntime bundle serializer for A3,estimated_characters_div_4,synthetic-eval-v1
42,A2,TCK-00083,implementation,2.5600005756132305e-05,612,2,30,0.0,486119,ACL serializer; MobileAgentRuntime bundle serializer for A3,estimated_characters_div_4,synthetic-eval-v1
42,A2,TCK-00083,qa,2.5699999241624027e-05,564,2,30,0.0,486851,ACL serializer; MobileAgentRuntime bundle serializer for A3,estimated_characters_div_4,synthetic-eval-v1
42,A2,TCK-00083,deployment,2.4900000425986946e-05,596,2,30,0.0,487603,ACL serializer; MobileAgentRuntime bundle serializer for A3,estimated_characters_div_4,synthetic-eval-v1
42,A2,TCK-00084,triage,4.690000059781596e-05,580,2,42,0.0,489688,ACL serializer; MobileAgentRuntime bundle serializer for A3,estimated_characters_div_4,synthetic-eval-v1
42,A2,TCK-00084,assignment,2.6400004571769387e-05,596,2,42,0.0,490438,ACL serializer; MobileAgentRuntime bundle serializer for A3,estimated_characters_div_4,synthetic-eval-v1
42,A2,TCK-00084,investigation,2.6299996534362435e-05,608,2,42,0.0,491188,ACL serializer; MobileAgentRuntime bundle serializer for A3,estimated_characters_div_4,synthetic-eval-v1
42,A2,TCK-00084,implementation,2.7400004910305142e-05,612,2,42,0.0,491934,ACL serializer; MobileAgentRuntime bundle serializer for A3,estimated_characters_div_4,synthetic-eval-v1
42,A2,TCK-00084,qa,2.630000381032005e-05,564,2,42,0.0,492660,ACL serializer; MobileAgentRuntime bundle serializer for A3,estimated_characters_div_4,synthetic-eval-v1
42,A2,TCK-00084,deployment,2.5399996957276016e-05,596,2,42,0.0,493414,ACL serializer; MobileAgentRuntime bundle serializer for A3,estimated_characters_div_4,synthetic-eval-v1
42,A2,TCK-00085,triage,3.229999856557697e-05,580,2,30,0.0,495359,ACL serializer; MobileAgentRuntime bundle serializer for A3,estimated_characters_div_4,synthetic-eval-v1
42,A2,TCK-00085,assignment,2.6100002287421376e-05,596,2,30,0.0,496107,ACL serializer; MobileAgentRuntime bundle serializer for A3,estimated_characters_div_4,synthetic-eval-v1
42,A2,TCK-00085,investigation,3.979999746661633e-05,608,2,30,0.0,496854,ACL serializer; MobileAgentRuntime bundle serializer for A3,estimated_characters_div_4,synthetic-eval-v1
42,A2,TCK-00085,implementation,2.680000034160912e-05,612,2,30,0.0,497599,ACL serializer; MobileAgentRuntime bundle serializer for A3,estimated_characters_div_4,synthetic-eval-v1
42,A2,TCK-00085,qa,2.649999805726111e-05,564,2,30,0.0,498331,ACL serializer; MobileAgentRuntime bundle serializer for A3,estimated_characters_div_4,synthetic-eval-v1
42,A2,TCK-00085,deployment,2.7599999157246202e-05,596,2,30,0.0,499083,ACL serializer; MobileAgentRuntime bundle serializer for A3,estimated_characters_div_4,synthetic-eval-v1
42,A2,TCK-00086,triage,4.4699998397845775e-05,580,2,28,0.0,501127,ACL serializer; MobileAgentRuntime bundle serializer for A3,estimated_characters_div_4,synthetic-eval-v1
42,A2,TCK-00086,assignment,2.559999848017469e-05,596,2,28,0.0,501875,ACL serializer; MobileAgentRuntime bundle serializer for A3,estimated_characters_div_4,synthetic-eval-v1
42,A2,TCK-00086,investigation,2.479999966453761e-05,608,2,28,0.0,502622,ACL serializer; MobileAgentRuntime bundle serializer for A3,estimated_characters_div_4,synthetic-eval-v1
42,A2,TCK-00086,implementation,2.5499997718725353e-05,612,2,28,0.0,503367,ACL serializer; MobileAgentRuntime bundle serializer for A3,estimated_characters_div_4,synthetic-eval-v1
42,A2,TCK-00086,qa,2.42000023717992e-05,564,2,28,0.0,504099,ACL serializer; MobileAgentRuntime bundle serializer for A3,estimated_characters_div_4,synthetic-eval-v1
42,A2,TCK-00086,deployment,2.4599998141638935e-05,596,2,28,0.0,505427,ACL serializer; MobileAgentRuntime bundle serializer for A3,estimated_characters_div_4,synthetic-eval-v1
42,A2,TCK-00087,triage,4.629999602911994e-05,580,2,30,0.0,507448,ACL serializer; MobileAgentRuntime bundle serializer for A3,estimated_characters_div_4,synthetic-eval-v1
42,A2,TCK-00087,assignment,2.5699999241624027e-05,596,2,30,0.0,508196,ACL serializer; MobileAgentRuntime bundle serializer for A3,estimated_characters_div_4,synthetic-eval-v1
42,A2,TCK-00087,investigation,4.940000508213416e-05,608,2,30,0.0,508943,ACL serializer; MobileAgentRuntime bundle serializer for A3,estimated_characters_div_4,synthetic-eval-v1
42,A2,TCK-00087,implementation,2.7999994927085936e-05,612,2,30,0.0,509688,ACL serializer; MobileAgentRuntime bundle serializer for A3,estimated_characters_div_4,synthetic-eval-v1
42,A2,TCK-00087,qa,2.5699999241624027e-05,564,2,30,0.0,510420,ACL serializer; MobileAgentRuntime bundle serializer for A3,estimated_characters_div_4,synthetic-eval-v1
42,A2,TCK-00087,deployment,2.6399997295811772e-05,596,2,30,0.0,511172,ACL serializer; MobileAgentRuntime bundle serializer for A3,estimated_characters_div_4,synthetic-eval-v1
42,A2,TCK-00088,triage,9.280000085709617e-05,580,2,28,0.0,513200,ACL serializer; MobileAgentRuntime bundle serializer for A3,estimated_characters_div_4,synthetic-eval-v1
42,A2,TCK-00088,assignment,6.630000279983506e-05,596,2,28,0.0,513948,ACL serializer; MobileAgentRuntime bundle serializer for A3,estimated_characters_div_4,synthetic-eval-v1
42,A2,TCK-00088,investigation,4.230000195093453e-05,608,2,28,0.0,514695,ACL serializer; MobileAgentRuntime bundle serializer for A3,estimated_characters_div_4,synthetic-eval-v1
42,A2,TCK-00088,implementation,2.729999687289819e-05,612,2,28,0.0,515440,ACL serializer; MobileAgentRuntime bundle serializer for A3,estimated_characters_div_4,synthetic-eval-v1
42,A2,TCK-00088,qa,2.5800000003073364e-05,564,2,28,0.0,516172,ACL serializer; MobileAgentRuntime bundle serializer for A3,estimated_characters_div_4,synthetic-eval-v1
42,A2,TCK-00088,deployment,2.7399997634347528e-05,596,2,28,0.0,516924,ACL serializer; MobileAgentRuntime bundle serializer for A3,estimated_characters_div_4,synthetic-eval-v1
42,A2,TCK-00089,triage,7.700000423938036e-05,580,2,30,0.0,518920,ACL serializer; MobileAgentRuntime bundle serializer for A3,estimated_characters_div_4,synthetic-eval-v1
42,A2,TCK-00089,assignment,8.420000085607171e-05,596,2,30,0.0,519668,ACL serializer; MobileAgentRuntime bundle serializer for A3,estimated_characters_div_4,synthetic-eval-v1
42,A2,TCK-00089,investigation,7.429999823216349e-05,608,2,30,0.0,520415,ACL serializer; MobileAgentRuntime bundle serializer for A3,estimated_characters_div_4,synthetic-eval-v1
42,A2,TCK-00089,implementation,4.6799999836366624e-05,612,2,30,0.0,521160,ACL serializer; MobileAgentRuntime bundle serializer for A3,estimated_characters_div_4,synthetic-eval-v1
42,A2,TCK-00089,qa,4.410000110510737e-05,564,2,30,0.0,521892,ACL serializer; MobileAgentRuntime bundle serializer for A3,estimated_characters_div_4,synthetic-eval-v1
42,A2,TCK-00089,deployment,8.040000102482736e-05,596,2,30,0.0,522644,ACL serializer; MobileAgentRuntime bundle serializer for A3,estimated_characters_div_4,synthetic-eval-v1
42,A2,TCK-00090,triage,7.780000305501744e-05,580,2,28,0.0,524648,ACL serializer; MobileAgentRuntime bundle serializer for A3,estimated_characters_div_4,synthetic-eval-v1
42,A2,TCK-00090,assignment,5.6899996707215905e-05,596,2,28,0.0,525396,ACL serializer; MobileAgentRuntime bundle serializer for A3,estimated_characters_div_4,synthetic-eval-v1
42,A2,TCK-00090,investigation,4.2800005758181214e-05,608,2,28,0.0,526143,ACL serializer; MobileAgentRuntime bundle serializer for A3,estimated_characters_div_4,synthetic-eval-v1
42,A2,TCK-00090,implementation,2.8999995265621692e-05,612,2,28,0.0,526888,ACL serializer; MobileAgentRuntime bundle serializer for A3,estimated_characters_div_4,synthetic-eval-v1
42,A2,TCK-00090,qa,2.9000002541579306e-05,564,2,28,0.0,527620,ACL serializer; MobileAgentRuntime bundle serializer for A3,estimated_characters_div_4,synthetic-eval-v1
42,A2,TCK-00090,deployment,3.9200000173877925e-05,596,2,28,0.0,528372,ACL serializer; MobileAgentRuntime bundle serializer for A3,estimated_characters_div_4,synthetic-eval-v1
42,A2,TCK-00091,triage,7.719999848632142e-05,580,2,45,0.0,530484,ACL serializer; MobileAgentRuntime bundle serializer for A3,estimated_characters_div_4,synthetic-eval-v1
42,A2,TCK-00091,assignment,6.860000576125458e-05,596,2,45,0.0,531234,ACL serializer; MobileAgentRuntime bundle serializer for A3,estimated_characters_div_4,synthetic-eval-v1
42,A2,TCK-00091,investigation,5.619999865302816e-05,608,2,45,0.0,531984,ACL serializer; MobileAgentRuntime bundle serializer for A3,estimated_characters_div_4,synthetic-eval-v1
42,A2,TCK-00091,implementation,5.660000169882551e-05,612,2,45,0.0,532730,ACL serializer; MobileAgentRuntime bundle serializer for A3,estimated_characters_div_4,synthetic-eval-v1
42,A2,TCK-00091,qa,5.37999949301593e-05,564,2,45,0.0,533456,ACL serializer; MobileAgentRuntime bundle serializer for A3,estimated_characters_div_4,synthetic-eval-v1
42,A2,TCK-00091,deployment,4.579999949783087e-05,596,2,45,0.0,534210,ACL serializer; MobileAgentRuntime bundle serializer for A3,estimated_characters_div_4,synthetic-eval-v1
42,A2,TCK-00092,triage,5.300000339047983e-05,580,2,28,0.0,536127,ACL serializer; MobileAgentRuntime bundle serializer for A3,estimated_characters_div_4,synthetic-eval-v1
42,A2,TCK-00092,assignment,6.969999958528206e-05,596,2,28,0.0,536875,ACL serializer; MobileAgentRuntime bundle serializer for A3,estimated_characters_div_4,synthetic-eval-v1
42,A2,TCK-00092,investigation,6.420000136131421e-05,608,2,28,0.0,537622,ACL serializer; MobileAgentRuntime bundle serializer for A3,estimated_characters_div_4,synthetic-eval-v1
42,A2,TCK-00092,implementation,6.629999552387744e-05,612,2,28,0.0,538367,ACL serializer; MobileAgentRuntime bundle serializer for A3,estimated_characters_div_4,synthetic-eval-v1
42,A2,TCK-00092,qa,7.470000127796084e-05,564,2,28,0.0,539099,ACL serializer; MobileAgentRuntime bundle serializer for A3,estimated_characters_div_4,synthetic-eval-v1
42,A2,TCK-00092,deployment,7.619999814778566e-05,596,2,28,0.0,539851,ACL serializer; MobileAgentRuntime bundle serializer for A3,estimated_characters_div_4,synthetic-eval-v1
42,A2,TCK-00093,triage,7.960000220919028e-05,580,2,30,0.0,542039,ACL serializer; MobileAgentRuntime bundle serializer for A3,estimated_characters_div_4,synthetic-eval-v1
42,A2,TCK-00093,assignment,9.519999730400741e-05,596,2,30,0.0,542787,ACL serializer; MobileAgentRuntime bundle serializer for A3,estimated_characters_div_4,synthetic-eval-v1
42,A2,TCK-00093,investigation,6.289999873843044e-05,608,2,30,0.0,543534,ACL serializer; MobileAgentRuntime bundle serializer for A3,estimated_characters_div_4,synthetic-eval-v1
42,A2,TCK-00093,implementation,6.040000153006986e-05,612,2,30,0.0,544279,ACL serializer; MobileAgentRuntime bundle serializer for A3,estimated_characters_div_4,synthetic-eval-v1
42,A2,TCK-00093,qa,7.90999984019436e-05,564,2,30,0.0,545011,ACL serializer; MobileAgentRuntime bundle serializer for A3,estimated_characters_div_4,synthetic-eval-v1
42,A2,TCK-00093,deployment,4.8499998229090124e-05,596,2,30,0.0,545763,ACL serializer; MobileAgentRuntime bundle serializer for A3,estimated_characters_div_4,synthetic-eval-v1
42,A2,TCK-00094,triage,4.810000245925039e-05,580,2,28,0.0,547895,ACL serializer; MobileAgentRuntime bundle serializer for A3,estimated_characters_div_4,synthetic-eval-v1
42,A2,TCK-00094,assignment,2.7900001441594213e-05,596,2,28,0.0,548643,ACL serializer; MobileAgentRuntime bundle serializer for A3,estimated_characters_div_4,synthetic-eval-v1
42,A2,TCK-00094,investigation,3.060000017285347e-05,608,2,28,0.0,549390,ACL serializer; MobileAgentRuntime bundle serializer for A3,estimated_characters_div_4,synthetic-eval-v1
42,A2,TCK-00094,implementation,2.649999805726111e-05,612,2,28,0.0,550135,ACL serializer; MobileAgentRuntime bundle serializer for A3,estimated_characters_div_4,synthetic-eval-v1
42,A2,TCK-00094,qa,2.6299996534362435e-05,564,2,28,0.0,550867,ACL serializer; MobileAgentRuntime bundle serializer for A3,estimated_characters_div_4,synthetic-eval-v1
42,A2,TCK-00094,deployment,2.6400004571769387e-05,596,2,28,0.0,551619,ACL serializer; MobileAgentRuntime bundle serializer for A3,estimated_characters_div_4,synthetic-eval-v1
42,A2,TCK-00095,triage,8.060000254772604e-05,580,2,30,0.0,553639,ACL serializer; MobileAgentRuntime bundle serializer for A3,estimated_characters_div_4,synthetic-eval-v1
42,A2,TCK-00095,assignment,7.530000584665686e-05,596,2,30,0.0,554387,ACL serializer; MobileAgentRuntime bundle serializer for A3,estimated_characters_div_4,synthetic-eval-v1
42,A2,TCK-00095,investigation,8.009999874047935e-05,608,2,30,0.0,555134,ACL serializer; MobileAgentRuntime bundle serializer for A3,estimated_characters_div_4,synthetic-eval-v1
42,A2,TCK-00095,implementation,7.089999417075887e-05,612,2,30,0.0,555879,ACL serializer; MobileAgentRuntime bundle serializer for A3,estimated_characters_div_4,synthetic-eval-v1
42,A2,TCK-00095,qa,8.949999755714089e-05,564,2,30,0.0,556611,ACL serializer; MobileAgentRuntime bundle serializer for A3,estimated_characters_div_4,synthetic-eval-v1
42,A2,TCK-00095,deployment,5.439999949885532e-05,596,2,30,0.0,557363,ACL serializer; MobileAgentRuntime bundle serializer for A3,estimated_characters_div_4,synthetic-eval-v1
42,A2,TCK-00096,triage,0.00012149999383836985,580,2,28,0.0,559367,ACL serializer; MobileAgentRuntime bundle serializer for A3,estimated_characters_div_4,synthetic-eval-v1
42,A2,TCK-00096,assignment,5.1700000767596066e-05,596,2,28,0.0,560115,ACL serializer; MobileAgentRuntime bundle serializer for A3,estimated_characters_div_4,synthetic-eval-v1
42,A2,TCK-00096,investigation,2.9499999072868377e-05,608,2,28,0.0,560862,ACL serializer; MobileAgentRuntime bundle serializer for A3,estimated_characters_div_4,synthetic-eval-v1
42,A2,TCK-00096,implementation,3.1299998227041215e-05,612,2,28,0.0,561607,ACL serializer; MobileAgentRuntime bundle serializer for A3,estimated_characters_div_4,synthetic-eval-v1
42,A2,TCK-00096,qa,2.8700000257231295e-05,564,2,28,0.0,562339,ACL serializer; MobileAgentRuntime bundle serializer for A3,estimated_characters_div_4,synthetic-eval-v1
42,A2,TCK-00096,deployment,7.750000077066943e-05,596,2,28,0.0,563091,ACL serializer; MobileAgentRuntime bundle serializer for A3,estimated_characters_div_4,synthetic-eval-v1
42,A2,TCK-00097,triage,5.070000042906031e-05,580,2,30,0.0,565111,ACL serializer; MobileAgentRuntime bundle serializer for A3,estimated_characters_div_4,synthetic-eval-v1
42,A2,TCK-00097,assignment,2.849999873433262e-05,596,2,30,0.0,565859,ACL serializer; MobileAgentRuntime bundle serializer for A3,estimated_characters_div_4,synthetic-eval-v1
42,A2,TCK-00097,investigation,2.8800001018680632e-05,608,2,30,0.0,566606,ACL serializer; MobileAgentRuntime bundle serializer for A3,estimated_characters_div_4,synthetic-eval-v1
42,A2,TCK-00097,implementation,3.479999577393755e-05,612,2,30,0.0,567351,ACL serializer; MobileAgentRuntime bundle serializer for A3,estimated_characters_div_4,synthetic-eval-v1
42,A2,TCK-00097,qa,2.8700000257231295e-05,564,2,30,0.0,568083,ACL serializer; MobileAgentRuntime bundle serializer for A3,estimated_characters_div_4,synthetic-eval-v1
42,A2,TCK-00097,deployment,2.9000002541579306e-05,596,2,30,0.0,568835,ACL serializer; MobileAgentRuntime bundle serializer for A3,estimated_characters_div_4,synthetic-eval-v1
42,A2,TCK-00098,triage,5.1099996198900044e-05,580,2,43,0.0,570922,ACL serializer; MobileAgentRuntime bundle serializer for A3,estimated_characters_div_4,synthetic-eval-v1
42,A2,TCK-00098,assignment,2.8299997211433947e-05,596,2,43,0.0,571672,ACL serializer; MobileAgentRuntime bundle serializer for A3,estimated_characters_div_4,synthetic-eval-v1
42,A2,TCK-00098,investigation,4.2100000428035855e-05,608,2,43,0.0,572422,ACL serializer; MobileAgentRuntime bundle serializer for A3,estimated_characters_div_4,synthetic-eval-v1
42,A2,TCK-00098,implementation,2.7999994927085936e-05,612,2,43,0.0,573168,ACL serializer; MobileAgentRuntime bundle serializer for A3,estimated_characters_div_4,synthetic-eval-v1
42,A2,TCK-00098,qa,2.7800000680144876e-05,564,2,43,0.0,573894,ACL serializer; MobileAgentRuntime bundle serializer for A3,estimated_characters_div_4,synthetic-eval-v1
42,A2,TCK-00098,deployment,2.7399997634347528e-05,596,2,43,0.0,575288,ACL serializer; MobileAgentRuntime bundle serializer for A3,estimated_characters_div_4,synthetic-eval-v1
42,A2,TCK-00099,triage,6.350000330712646e-05,580,2,30,0.0,577231,ACL serializer; MobileAgentRuntime bundle serializer for A3,estimated_characters_div_4,synthetic-eval-v1
42,A2,TCK-00099,assignment,3.550000110408291e-05,596,2,30,0.0,577979,ACL serializer; MobileAgentRuntime bundle serializer for A3,estimated_characters_div_4,synthetic-eval-v1
42,A2,TCK-00099,investigation,2.769999991869554e-05,608,2,30,0.0,578726,ACL serializer; MobileAgentRuntime bundle serializer for A3,estimated_characters_div_4,synthetic-eval-v1
42,A2,TCK-00099,implementation,2.699999458855018e-05,612,2,30,0.0,579471,ACL serializer; MobileAgentRuntime bundle serializer for A3,estimated_characters_div_4,synthetic-eval-v1
42,A2,TCK-00099,qa,2.8299997211433947e-05,564,2,30,0.0,580203,ACL serializer; MobileAgentRuntime bundle serializer for A3,estimated_characters_div_4,synthetic-eval-v1
42,A2,TCK-00099,deployment,2.9599999834317714e-05,596,2,30,0.0,580955,ACL serializer; MobileAgentRuntime bundle serializer for A3,estimated_characters_div_4,synthetic-eval-v1
42,A3,TCK-00000,triage,3.2999996619764715e-05,580,2,28,0.0,1259,ACL serializer; MobileAgentRuntime bundle serializer for A3,estimated_characters_div_4,synthetic-eval-v1
42,A3,TCK-00000,assignment,2.849999873433262e-05,596,2,28,0.0,2307,ACL serializer; MobileAgentRuntime bundle serializer for A3,estimated_characters_div_4,synthetic-eval-v1
42,A3,TCK-00000,investigation,2.8299997211433947e-05,1213,3,28,0.0,3306,ACL serializer; MobileAgentRuntime bundle serializer for A3,estimated_characters_div_4,synthetic-eval-v1
42,A3,TCK-00000,implementation,3.3399999665562063e-05,612,2,28,0.0,4051,ACL serializer; MobileAgentRuntime bundle serializer for A3,estimated_characters_div_4,synthetic-eval-v1
42,A3,TCK-00000,qa,6.690000009257346e-05,564,2,28,0.0,4783,ACL serializer; MobileAgentRuntime bundle serializer for A3,estimated_characters_div_4,synthetic-eval-v1
42,A3,TCK-00000,deployment,3.4199998481199145e-05,596,2,28,0.0,5567,ACL serializer; MobileAgentRuntime bundle serializer for A3,estimated_characters_div_4,synthetic-eval-v1
42,A3,TCK-00001,triage,3.35000004270114e-05,580,2,30,0.0,7323,ACL serializer; MobileAgentRuntime bundle serializer for A3,estimated_characters_div_4,synthetic-eval-v1
42,A3,TCK-00001,assignment,2.710000262595713e-05,596,2,30,0.0,8071,ACL serializer; MobileAgentRuntime bundle serializer for A3,estimated_characters_div_4,synthetic-eval-v1
42,A3,TCK-00001,investigation,2.909999602707103e-05,1213,3,30,0.0,9014,ACL serializer; MobileAgentRuntime bundle serializer for A3,estimated_characters_div_4,synthetic-eval-v1
42,A3,TCK-00001,implementation,2.6599998818710446e-05,612,2,30,0.0,9823,ACL serializer; MobileAgentRuntime bundle serializer for A3,estimated_characters_div_4,synthetic-eval-v1
42,A3,TCK-00001,qa,2.6100002287421376e-05,564,2,30,0.0,10555,ACL serializer; MobileAgentRuntime bundle serializer for A3,estimated_characters_div_4,synthetic-eval-v1
42,A3,TCK-00001,deployment,2.649999805726111e-05,596,2,30,0.0,11307,ACL serializer; MobileAgentRuntime bundle serializer for A3,estimated_characters_div_4,synthetic-eval-v1
42,A3,TCK-00002,triage,2.8599999495781958e-05,580,2,28,0.0,12934,ACL serializer; MobileAgentRuntime bundle serializer for A3,estimated_characters_div_4,synthetic-eval-v1
42,A3,TCK-00002,assignment,2.6699999580159783e-05,596,2,28,0.0,13682,ACL serializer; MobileAgentRuntime bundle serializer for A3,estimated_characters_div_4,synthetic-eval-v1
42,A3,TCK-00002,investigation,2.769999991869554e-05,1213,3,28,0.0,14625,ACL serializer; MobileAgentRuntime bundle serializer for A3,estimated_characters_div_4,synthetic-eval-v1
42,A3,TCK-00002,implementation,2.630000381032005e-05,612,2,28,0.0,15370,ACL serializer; MobileAgentRuntime bundle serializer for A3,estimated_characters_div_4,synthetic-eval-v1
42,A3,TCK-00002,qa,2.630000381032005e-05,564,2,28,0.0,16102,ACL serializer; MobileAgentRuntime bundle serializer for A3,estimated_characters_div_4,synthetic-eval-v1
42,A3,TCK-00002,deployment,2.6299996534362435e-05,596,2,28,0.0,16918,ACL serializer; MobileAgentRuntime bundle serializer for A3,estimated_characters_div_4,synthetic-eval-v1
42,A3,TCK-00003,triage,2.939999831141904e-05,580,2,30,0.0,18531,ACL serializer; MobileAgentRuntime bundle serializer for A3,estimated_characters_div_4,synthetic-eval-v1
42,A3,TCK-00003,assignment,2.6100002287421376e-05,596,2,30,0.0,19279,ACL serializer; MobileAgentRuntime bundle serializer for A3,estimated_characters_div_4,synthetic-eval-v1
42,A3,TCK-00003,investigation,2.7000001864507794e-05,1213,3,30,0.0,20222,ACL serializer; MobileAgentRuntime bundle serializer for A3,estimated_characters_div_4,synthetic-eval-v1
42,A3,TCK-00003,implementation,2.609999501146376e-05,612,2,30,0.0,20967,ACL serializer; MobileAgentRuntime bundle serializer for A3,estimated_characters_div_4,synthetic-eval-v1
42,A3,TCK-00003,qa,2.830000448739156e-05,564,2,30,0.0,21699,ACL serializer; MobileAgentRuntime bundle serializer for A3,estimated_characters_div_4,synthetic-eval-v1
42,A3,TCK-00003,deployment,2.6599998818710446e-05,596,2,30,0.0,22451,ACL serializer; MobileAgentRuntime bundle serializer for A3,estimated_characters_div_4,synthetic-eval-v1
42,A3,TCK-00004,triage,2.8700000257231295e-05,580,2,28,0.0,24047,ACL serializer; MobileAgentRuntime bundle serializer for A3,estimated_characters_div_4,synthetic-eval-v1
42,A3,TCK-00004,assignment,2.7399997634347528e-05,596,2,28,0.0,24859,ACL serializer; MobileAgentRuntime bundle serializer for A3,estimated_characters_div_4,synthetic-eval-v1
42,A3,TCK-00004,investigation,2.720000338740647e-05,1213,3,28,0.0,25802,ACL serializer; MobileAgentRuntime bundle serializer for A3,estimated_characters_div_4,synthetic-eval-v1
42,A3,TCK-00004,implementation,2.660000609466806e-05,612,2,28,0.0,26547,ACL serializer; MobileAgentRuntime bundle serializer for A3,estimated_characters_div_4,synthetic-eval-v1
42,A3,TCK-00004,qa,2.59000007645227e-05,564,2,28,0.0,27279,ACL serializer; MobileAgentRuntime bundle serializer for A3,estimated_characters_div_4,synthetic-eval-v1
42,A3,TCK-00004,deployment,2.7599999157246202e-05,596,2,28,0.0,28031,ACL serializer; MobileAgentRuntime bundle serializer for A3,estimated_characters_div_4,synthetic-eval-v1
42,A3,TCK-00005,triage,3.01000036415644e-05,580,2,30,0.0,29675,ACL serializer; MobileAgentRuntime bundle serializer for A3,estimated_characters_div_4,synthetic-eval-v1
42,A3,TCK-00005,assignment,2.6299996534362435e-05,596,2,30,0.0,30423,ACL serializer; MobileAgentRuntime bundle serializer for A3,estimated_characters_div_4,synthetic-eval-v1
42,A3,TCK-00005,investigation,8.870000601746142e-05,1213,3,30,0.0,31366,ACL serializer; MobileAgentRuntime bundle serializer for A3,estimated_characters_div_4,synthetic-eval-v1
42,A3,TCK-00005,implementation,2.849999873433262e-05,612,2,30,0.0,32175,ACL serializer; MobileAgentRuntime bundle serializer for A3,estimated_characters_div_4,synthetic-eval-v1
42,A3,TCK-00005,qa,3.119999746559188e-05,564,2,30,0.0,32955,ACL serializer; MobileAgentRuntime bundle serializer for A3,estimated_characters_div_4,synthetic-eval-v1
42,A3,TCK-00005,deployment,3.0099996365606785e-05,596,2,30,0.0,33755,ACL serializer; MobileAgentRuntime bundle serializer for A3,estimated_characters_div_4,synthetic-eval-v1
42,A3,TCK-00006,triage,3.35000004270114e-05,580,2,28,0.0,35671,ACL serializer; MobileAgentRuntime bundle serializer for A3,estimated_characters_div_4,synthetic-eval-v1
42,A3,TCK-00006,assignment,3.0199997127056122e-05,596,2,28,0.0,36419,ACL serializer; MobileAgentRuntime bundle serializer for A3,estimated_characters_div_4,synthetic-eval-v1
42,A3,TCK-00006,investigation,3.0499999411404133e-05,1213,3,28,0.0,37362,ACL serializer; MobileAgentRuntime bundle serializer for A3,estimated_characters_div_4,synthetic-eval-v1
42,A3,TCK-00006,implementation,3.2000003557186574e-05,612,2,28,0.0,38131,ACL serializer; MobileAgentRuntime bundle serializer for A3,estimated_characters_div_4,synthetic-eval-v1
42,A3,TCK-00006,qa,3.0099996365606785e-05,564,2,28,0.0,38911,ACL serializer; MobileAgentRuntime bundle serializer for A3,estimated_characters_div_4,synthetic-eval-v1
42,A3,TCK-00006,deployment,3.1600000511389226e-05,596,2,28,0.0,39807,ACL serializer; MobileAgentRuntime bundle serializer for A3,estimated_characters_div_4,synthetic-eval-v1
42,A3,TCK-00007,triage,3.100000321865082e-05,580,2,44,0.0,41844,ACL serializer; MobileAgentRuntime bundle serializer for A3,estimated_characters_div_4,synthetic-eval-v1
42,A3,TCK-00007,assignment,2.9800001357216388e-05,596,2,44,0.0,42594,ACL serializer; MobileAgentRuntime bundle serializer for A3,estimated_characters_div_4,synthetic-eval-v1
42,A3,TCK-00007,investigation,2.939999831141904e-05,1213,3,44,0.0,43540,ACL serializer; MobileAgentRuntime bundle serializer for A3,estimated_characters_div_4,synthetic-eval-v1
42,A3,TCK-00007,implementation,2.9299997549969703e-05,612,2,44,0.0,44286,ACL serializer; MobileAgentRuntime bundle serializer for A3,estimated_characters_div_4,synthetic-eval-v1
42,A3,TCK-00007,qa,3.090000245720148e-05,564,2,44,0.0,45036,ACL serializer; MobileAgentRuntime bundle serializer for A3,estimated_characters_div_4,synthetic-eval-v1
42,A3,TCK-00007,deployment,3.01000036415644e-05,596,2,44,0.0,45838,ACL serializer; MobileAgentRuntime bundle serializer for A3,estimated_characters_div_4,synthetic-eval-v1
42,A3,TCK-00008,triage,3.090000245720148e-05,580,2,28,0.0,47735,ACL serializer; MobileAgentRuntime bundle serializer for A3,estimated_characters_div_4,synthetic-eval-v1
42,A3,TCK-00008,assignment,2.9599999834317714e-05,596,2,28,0.0,48483,ACL serializer; MobileAgentRuntime bundle serializer for A3,estimated_characters_div_4,synthetic-eval-v1
42,A3,TCK-00008,investigation,2.9900002118665725e-05,1213,3,28,0.0,49426,ACL serializer; MobileAgentRuntime bundle serializer for A3,estimated_characters_div_4,synthetic-eval-v1
42,A3,TCK-00008,implementation,2.920000406447798e-05,612,2,28,0.0,50171,ACL serializer; MobileAgentRuntime bundle serializer for A3,estimated_characters_div_4,synthetic-eval-v1
42,A3,TCK-00008,qa,3.029999788850546e-05,564,2,28,0.0,50927,ACL serializer; MobileAgentRuntime bundle serializer for A3,estimated_characters_div_4,synthetic-eval-v1
42,A3,TCK-00008,deployment,3.1600000511389226e-05,596,2,28,0.0,51823,ACL serializer; MobileAgentRuntime bundle serializer for A3,estimated_characters_div_4,synthetic-eval-v1
42,A3,TCK-00009,triage,3.149999974993989e-05,580,2,30,0.0,53924,ACL serializer; MobileAgentRuntime bundle serializer for A3,estimated_characters_div_4,synthetic-eval-v1
42,A3,TCK-00009,assignment,3.2999996619764715e-05,596,2,30,0.0,54672,ACL serializer; MobileAgentRuntime bundle serializer for A3,estimated_characters_div_4,synthetic-eval-v1
42,A3,TCK-00009,investigation,3.5700002626981586e-05,1213,3,30,0.0,55615,ACL serializer; MobileAgentRuntime bundle serializer for A3,estimated_characters_div_4,synthetic-eval-v1
42,A3,TCK-00009,implementation,3.5700002626981586e-05,612,2,30,0.0,56360,ACL serializer; MobileAgentRuntime bundle serializer for A3,estimated_characters_div_4,synthetic-eval-v1
42,A3,TCK-00009,qa,3.619999915827066e-05,564,2,30,0.0,57092,ACL serializer; MobileAgentRuntime bundle serializer for A3,estimated_characters_div_4,synthetic-eval-v1
42,A3,TCK-00009,deployment,2.950000634882599e-05,596,2,30,0.0,57844,ACL serializer; MobileAgentRuntime bundle serializer for A3,estimated_characters_div_4,synthetic-eval-v1
42,A3,TCK-00010,triage,3.2199997804127634e-05,580,2,28,0.0,59960,ACL serializer; MobileAgentRuntime bundle serializer for A3,estimated_characters_div_4,synthetic-eval-v1
42,A3,TCK-00010,assignment,2.8800001018680632e-05,596,2,28,0.0,60708,ACL serializer; MobileAgentRuntime bundle serializer for A3,estimated_characters_div_4,synthetic-eval-v1
42,A3,TCK-00010,investigation,2.9499999072868377e-05,1213,3,28,0.0,61651,ACL serializer; MobileAgentRuntime bundle serializer for A3,estimated_characters_div_4,synthetic-eval-v1
42,A3,TCK-00010,implementation,2.849999873433262e-05,612,2,28,0.015625,62396,ACL serializer; MobileAgentRuntime bundle serializer for A3,estimated_characters_div_4,synthetic-eval-v1
42,A3,TCK-00010,qa,2.8200003725942224e-05,564,2,28,0.0,63128,ACL serializer; MobileAgentRuntime bundle serializer for A3,estimated_characters_div_4,synthetic-eval-v1
42,A3,TCK-00010,deployment,2.8100002964492887e-05,596,2,28,0.0,63976,ACL serializer; MobileAgentRuntime bundle serializer for A3,estimated_characters_div_4,synthetic-eval-v1
42,A3,TCK-00011,triage,3.2099997042678297e-05,580,2,30,0.0,66044,ACL serializer; MobileAgentRuntime bundle serializer for A3,estimated_characters_div_4,synthetic-eval-v1
42,A3,TCK-00011,assignment,2.849999873433262e-05,596,2,30,0.0,66792,ACL serializer; MobileAgentRuntime bundle serializer for A3,estimated_characters_div_4,synthetic-eval-v1
42,A3,TCK-00011,investigation,2.8399997972883284e-05,1213,3,30,0.0,67735,ACL serializer; MobileAgentRuntime bundle serializer for A3,estimated_characters_div_4,synthetic-eval-v1
42,A3,TCK-00011,implementation,2.970000059576705e-05,612,2,30,0.0,68480,ACL serializer; MobileAgentRuntime bundle serializer for A3,estimated_characters_div_4,synthetic-eval-v1
42,A3,TCK-00011,qa,2.8400005248840898e-05,564,2,30,0.0,69212,ACL serializer; MobileAgentRuntime bundle serializer for A3,estimated_characters_div_4,synthetic-eval-v1
42,A3,TCK-00011,deployment,2.7800000680144876e-05,596,2,30,0.0,69964,ACL serializer; MobileAgentRuntime bundle serializer for A3,estimated_characters_div_4,synthetic-eval-v1
42,A3,TCK-00012,triage,3.199999628122896e-05,580,2,28,0.0,72016,ACL serializer; MobileAgentRuntime bundle serializer for A3,estimated_characters_div_4,synthetic-eval-v1
42,A3,TCK-00012,assignment,2.8700000257231295e-05,596,2,28,0.0,72764,ACL serializer; MobileAgentRuntime bundle serializer for A3,estimated_characters_div_4,synthetic-eval-v1
42,A3,TCK-00012,investigation,2.9499999072868377e-05,1213,3,28,0.0,73707,ACL serializer; MobileAgentRuntime bundle serializer for A3,estimated_characters_div_4,synthetic-eval-v1
42,A3,TCK-00012,implementation,2.9499999072868377e-05,612,2,28,0.0,74452,ACL serializer; MobileAgentRuntime bundle serializer for A3,estimated_characters_div_4,synthetic-eval-v1
42,A3,TCK-00012,qa,2.8399997972883284e-05,564,2,28,0.0,75184,ACL serializer; MobileAgentRuntime bundle serializer for A3,estimated_characters_div_4,synthetic-eval-v1
42,A3,TCK-00012,deployment,2.8700000257231295e-05,596,2,28,0.0,76064,ACL serializer; MobileAgentRuntime bundle serializer for A3,estimated_characters_div_4,synthetic-eval-v1
42,A3,TCK-00013,triage,3.18000020342879e-05,580,2,30,0.0,78107,ACL serializer; MobileAgentRuntime bundle serializer for A3,estimated_characters_div_4,synthetic-eval-v1
42,A3,TCK-00013,assignment,3.399999695830047e-05,596,2,30,0.0,78855,ACL serializer; MobileAgentRuntime bundle serializer for A3,estimated_characters_div_4,synthetic-eval-v1
42,A3,TCK-00013,investigation,3.850000211969018e-05,1213,3,30,0.0,79798,ACL serializer; MobileAgentRuntime bundle serializer for A3,estimated_characters_div_4,synthetic-eval-v1
42,A3,TCK-00013,implementation,3.739999374374747e-05,612,2,30,0.0,80543,ACL serializer; MobileAgentRuntime bundle serializer for A3,estimated_characters_div_4,synthetic-eval-v1
42,A3,TCK-00013,qa,2.9299997549969703e-05,564,2,30,0.0,81275,ACL serializer; MobileAgentRuntime bundle serializer for A3,estimated_characters_div_4,synthetic-eval-v1
42,A3,TCK-00013,deployment,2.890000178012997e-05,596,2,30,0.0,82027,ACL serializer; MobileAgentRuntime bundle serializer for A3,estimated_characters_div_4,synthetic-eval-v1
42,A3,TCK-00014,triage,3.3200005418621004e-05,580,2,43,0.0,84164,ACL serializer; MobileAgentRuntime bundle serializer for A3,estimated_characters_div_4,synthetic-eval-v1
42,A3,TCK-00014,assignment,2.9300004825927317e-05,596,2,43,0.0,84914,ACL serializer; MobileAgentRuntime bundle serializer for A3,estimated_characters_div_4,synthetic-eval-v1
42,A3,TCK-00014,investigation,2.9499999072868377e-05,1213,3,43,0.0,85860,ACL serializer; MobileAgentRuntime bundle serializer for A3,estimated_characters_div_4,synthetic-eval-v1
42,A3,TCK-00014,implementation,2.9800001357216388e-05,612,2,43,0.0,86606,ACL serializer; MobileAgentRuntime bundle serializer for A3,estimated_characters_div_4,synthetic-eval-v1
42,A3,TCK-00014,qa,2.78999941656366e-05,564,2,43,0.0,87332,ACL serializer; MobileAgentRuntime bundle serializer for A3,estimated_characters_div_4,synthetic-eval-v1
42,A3,TCK-00014,deployment,2.9299997549969703e-05,596,2,43,0.0,88086,ACL serializer; MobileAgentRuntime bundle serializer for A3,estimated_characters_div_4,synthetic-eval-v1
42,A3,TCK-00015,triage,3.229999856557697e-05,580,2,30,0.0,90075,ACL serializer; MobileAgentRuntime bundle serializer for A3,estimated_characters_div_4,synthetic-eval-v1
42,A3,TCK-00015,assignment,2.8999995265621692e-05,596,2,30,0.0,90823,ACL serializer; MobileAgentRuntime bundle serializer for A3,estimated_characters_div_4,synthetic-eval-v1
42,A3,TCK-00015,investigation,2.9599999834317714e-05,1213,3,30,0.0,91430,ACL serializer; MobileAgentRuntime bundle serializer for A3,estimated_characters_div_4,synthetic-eval-v1
42,A3,TCK-00015,implementation,2.9199996788520366e-05,612,2,30,0.0,92079,ACL serializer; MobileAgentRuntime bundle serializer for A3,estimated_characters_div_4,synthetic-eval-v1
42,A3,TCK-00015,qa,3.0000002880115062e-05,564,2,30,0.0,92587,ACL serializer; MobileAgentRuntime bundle serializer for A3,estimated_characters_div_4,synthetic-eval-v1
42,A3,TCK-00015,deployment,2.9000002541579306e-05,596,2,30,0.0,93115,ACL serializer; MobileAgentRuntime bundle serializer for A3,estimated_characters_div_4,synthetic-eval-v1
42,A3,TCK-00016,triage,3.2000003557186574e-05,580,2,28,0.0,94983,ACL serializer; MobileAgentRuntime bundle serializer for A3,estimated_characters_div_4,synthetic-eval-v1
42,A3,TCK-00016,assignment,2.8700000257231295e-05,596,2,28,0.0,95507,ACL serializer; MobileAgentRuntime bundle serializer for A3,estimated_characters_div_4,synthetic-eval-v1
42,A3,TCK-00016,investigation,3.989999822806567e-05,1213,3,28,0.0,96114,ACL serializer; MobileAgentRuntime bundle serializer for A3,estimated_characters_div_4,synthetic-eval-v1
42,A3,TCK-00016,implementation,2.8700000257231295e-05,612,2,28,0.0,96635,ACL serializer; MobileAgentRuntime bundle serializer for A3,estimated_characters_div_4,synthetic-eval-v1
42,A3,TCK-00016,qa,2.8099995688535273e-05,564,2,28,0.0,97143,ACL serializer; MobileAgentRuntime bundle serializer for A3,estimated_characters_div_4,synthetic-eval-v1
42,A3,TCK-00016,deployment,2.8099995688535273e-05,596,2,28,0.0,97671,ACL serializer; MobileAgentRuntime bundle serializer for A3,estimated_characters_div_4,synthetic-eval-v1
42,A3,TCK-00017,triage,5.009999586036429e-05,580,2,30,0.0,99579,ACL serializer; MobileAgentRuntime bundle serializer for A3,estimated_characters_div_4,synthetic-eval-v1
42,A3,TCK-00017,assignment,2.9800001357216388e-05,596,2,30,0.0,100103,ACL serializer; MobileAgentRuntime bundle serializer for A3,estimated_characters_div_4,synthetic-eval-v1
42,A3,TCK-00017,investigation,2.9599999834317714e-05,1213,3,30,0.0,100710,ACL serializer; MobileAgentRuntime bundle serializer for A3,estimated_characters_div_4,synthetic-eval-v1
42,A3,TCK-00017,implementation,2.9699993319809437e-05,612,2,30,0.0,101231,ACL serializer; MobileAgentRuntime bundle serializer for A3,estimated_characters_div_4,synthetic-eval-v1
42,A3,TCK-00017,qa,2.8700000257231295e-05,564,2,30,0.0,101739,ACL serializer; MobileAgentRuntime bundle serializer for A3,estimated_characters_div_4,synthetic-eval-v1
42,A3,TCK-00017,deployment,2.8599999495781958e-05,596,2,30,0.0,102267,ACL serializer; MobileAgentRuntime bundle serializer for A3,estimated_characters_div_4,synthetic-eval-v1
42,A3,TCK-00018,triage,3.0999995942693204e-05,580,2,28,0.0,104158,ACL serializer; MobileAgentRuntime bundle serializer for A3,estimated_characters_div_4,synthetic-eval-v1
42,A3,TCK-00018,assignment,2.7800000680144876e-05,596,2,28,0.0,104842,ACL serializer; MobileAgentRuntime bundle serializer for A3,estimated_characters_div_4,synthetic-eval-v1
42,A3,TCK-00018,investigation,2.939999831141904e-05,1213,3,28,0.0,105449,ACL serializer; MobileAgentRuntime bundle serializer for A3,estimated_characters_div_4,synthetic-eval-v1
42,A3,TCK-00018,implementation,2.800000220304355e-05,612,2,28,0.0,105970,ACL serializer; MobileAgentRuntime bundle serializer for A3,estimated_characters_div_4,synthetic-eval-v1
42,A3,TCK-00018,qa,2.6900001103058457e-05,564,2,28,0.0,106478,ACL serializer; MobileAgentRuntime bundle serializer for A3,estimated_characters_div_4,synthetic-eval-v1
42,A3,TCK-00018,deployment,2.6699999580159783e-05,596,2,28,0.0,107006,ACL serializer; MobileAgentRuntime bundle serializer for A3,estimated_characters_div_4,synthetic-eval-v1
42,A3,TCK-00019,triage,3.1600000511389226e-05,580,2,30,0.0,108850,ACL serializer; MobileAgentRuntime bundle serializer for A3,estimated_characters_div_4,synthetic-eval-v1
42,A3,TCK-00019,assignment,2.8400005248840898e-05,596,2,30,0.0,109374,ACL serializer; MobileAgentRuntime bundle serializer for A3,estimated_characters_div_4,synthetic-eval-v1
42,A3,TCK-00019,investigation,2.8399997972883284e-05,1213,3,30,0.0,109981,ACL serializer; MobileAgentRuntime bundle serializer for A3,estimated_characters_div_4,synthetic-eval-v1
42,A3,TCK-00019,implementation,2.7499998395796865e-05,612,2,30,0.0,110502,ACL serializer; MobileAgentRuntime bundle serializer for A3,estimated_characters_div_4,synthetic-eval-v1
42,A3,TCK-00019,qa,2.7199996111448854e-05,564,2,30,0.0,111010,ACL serializer; MobileAgentRuntime bundle serializer for A3,estimated_characters_div_4,synthetic-eval-v1
42,A3,TCK-00019,deployment,2.7800000680144876e-05,596,2,30,0.0,111538,ACL serializer; MobileAgentRuntime bundle serializer for A3,estimated_characters_div_4,synthetic-eval-v1
42,A3,TCK-00020,triage,3.409999771974981e-05,580,2,28,0.0,113367,ACL serializer; MobileAgentRuntime bundle serializer for A3,estimated_characters_div_4,synthetic-eval-v1
42,A3,TCK-00020,assignment,3.460000152699649e-05,596,2,28,0.0,113891,ACL serializer; MobileAgentRuntime bundle serializer for A3,estimated_characters_div_4,synthetic-eval-v1
42,A3,TCK-00020,investigation,3.809999907389283e-05,1213,3,28,0.0,114498,ACL serializer; MobileAgentRuntime bundle serializer for A3,estimated_characters_div_4,synthetic-eval-v1
42,A3,TCK-00020,implementation,2.800000220304355e-05,612,2,28,0.0,115019,ACL serializer; MobileAgentRuntime bundle serializer for A3,estimated_characters_div_4,synthetic-eval-v1
42,A3,TCK-00020,qa,2.710000262595713e-05,564,2,28,0.0,115527,ACL serializer; MobileAgentRuntime bundle serializer for A3,estimated_characters_div_4,synthetic-eval-v1
42,A3,TCK-00020,deployment,2.7800000680144876e-05,596,2,28,0.0,116055,ACL serializer; MobileAgentRuntime bundle serializer for A3,estimated_characters_div_4,synthetic-eval-v1
42,A3,TCK-00021,triage,3.2099997042678297e-05,580,2,45,0.0,117990,ACL serializer; MobileAgentRuntime bundle serializer for A3,estimated_characters_div_4,synthetic-eval-v1
42,A3,TCK-00021,assignment,2.909999602707103e-05,596,2,45,0.0,118516,ACL serializer; MobileAgentRuntime bundle serializer for A3,estimated_characters_div_4,synthetic-eval-v1
42,A3,TCK-00021,investigation,2.8299997211433947e-05,1213,3,45,0.0,119126,ACL serializer; MobileAgentRuntime bundle serializer for A3,estimated_characters_div_4,synthetic-eval-v1
42,A3,TCK-00021,implementation,2.7800000680144876e-05,612,2,45,0.0,119808,ACL serializer; MobileAgentRuntime bundle serializer for A3,estimated_characters_div_4,synthetic-eval-v1
42,A3,TCK-00021,qa,2.699999458855018e-05,564,2,45,0.0,120310,ACL serializer; MobileAgentRuntime bundle serializer for A3,estimated_characters_div_4,synthetic-eval-v1
42,A3,TCK-00021,deployment,2.800000220304355e-05,596,2,45,0.0,120840,ACL serializer; MobileAgentRuntime bundle serializer for A3,estimated_characters_div_4,synthetic-eval-v1
42,A3,TCK-00022,triage,3.1299998227041215e-05,580,2,28,0.0,122584,ACL serializer; MobileAgentRuntime bundle serializer for A3,estimated_characters_div_4,synthetic-eval-v1
42,A3,TCK-00022,assignment,2.8299997211433947e-05,596,2,28,0.0,123108,ACL serializer; MobileAgentRuntime bundle serializer for A3,estimated_characters_div_4,synthetic-eval-v1
42,A3,TCK-00022,investigation,2.849999873433262e-05,1213,3,28,0.0,123715,ACL serializer; MobileAgentRuntime bundle serializer for A3,estimated_characters_div_4,synthetic-eval-v1
42,A3,TCK-00022,implementation,2.7800000680144876e-05,612,2,28,0.0,124236,ACL serializer; MobileAgentRuntime bundle serializer for A3,estimated_characters_div_4,synthetic-eval-v1
42,A3,TCK-00022,qa,2.7599999157246202e-05,564,2,28,0.0,124744,ACL serializer; MobileAgentRuntime bundle serializer for A3,estimated_characters_div_4,synthetic-eval-v1
42,A3,TCK-00022,deployment,2.729999687289819e-05,596,2,28,0.0,125272,ACL serializer; MobileAgentRuntime bundle serializer for A3,estimated_characters_div_4,synthetic-eval-v1
42,A3,TCK-00023,triage,3.100000321865082e-05,580,2,30,0.0,127156,ACL serializer; MobileAgentRuntime bundle serializer for A3,estimated_characters_div_4,synthetic-eval-v1
42,A3,TCK-00023,assignment,2.8299997211433947e-05,596,2,30,0.0,127680,ACL serializer; MobileAgentRuntime bundle serializer for A3,estimated_characters_div_4,synthetic-eval-v1
42,A3,TCK-00023,investigation,3.470000228844583e-05,1213,3,30,0.0,128287,ACL serializer; MobileAgentRuntime bundle serializer for A3,estimated_characters_div_4,synthetic-eval-v1
42,A3,TCK-00023,implementation,5.970000347588211e-05,612,2,30,0.0,128808,ACL serializer; MobileAgentRuntime bundle serializer for A3,estimated_characters_div_4,synthetic-eval-v1
42,A3,TCK-00023,qa,5.20999965374358e-05,564,2,30,0.0,129316,ACL serializer; MobileAgentRuntime bundle serializer for A3,estimated_characters_div_4,synthetic-eval-v1
42,A3,TCK-00023,deployment,2.9599999834317714e-05,596,2,30,0.0,129844,ACL serializer; MobileAgentRuntime bundle serializer for A3,estimated_characters_div_4,synthetic-eval-v1
42,A3,TCK-00024,triage,3.239999932702631e-05,580,2,28,0.0,131672,ACL serializer; MobileAgentRuntime bundle serializer for A3,estimated_characters_div_4,synthetic-eval-v1
42,A3,TCK-00024,assignment,2.7900001441594213e-05,596,2,28,0.0,132196,ACL serializer; MobileAgentRuntime bundle serializer for A3,estimated_characters_div_4,synthetic-eval-v1
42,A3,TCK-00024,investigation,2.8899994504172355e-05,1213,3,28,0.0,132803,ACL serializer; MobileAgentRuntime bundle serializer for A3,estimated_characters_div_4,synthetic-eval-v1
42,A3,TCK-00024,implementation,2.7599999157246202e-05,612,2,28,0.0,133324,ACL serializer; MobileAgentRuntime bundle serializer for A3,estimated_characters_div_4,synthetic-eval-v1
42,A3,TCK-00024,qa,2.7900001441594213e-05,564,2,28,0.0,133832,ACL serializer; MobileAgentRuntime bundle serializer for A3,estimated_characters_div_4,synthetic-eval-v1
42,A3,TCK-00024,deployment,2.769999991869554e-05,596,2,28,0.0,134552,ACL serializer; MobileAgentRuntime bundle serializer for A3,estimated_characters_div_4,synthetic-eval-v1
42,A3,TCK-00025,triage,3.1799994758330286e-05,580,2,30,0.0,136460,ACL serializer; MobileAgentRuntime bundle serializer for A3,estimated_characters_div_4,synthetic-eval-v1
42,A3,TCK-00025,assignment,2.7599999157246202e-05,596,2,30,0.0,136984,ACL serializer; MobileAgentRuntime bundle serializer for A3,estimated_characters_div_4,synthetic-eval-v1
42,A3,TCK-00025,investigation,2.8399997972883284e-05,1213,3,30,0.0,137591,ACL serializer; MobileAgentRuntime bundle serializer for A3,estimated_characters_div_4,synthetic-eval-v1
42,A3,TCK-00025,implementation,2.7599999157246202e-05,612,2,30,0.0,138112,ACL serializer; MobileAgentRuntime bundle serializer for A3,estimated_characters_div_4,synthetic-eval-v1
42,A3,TCK-00025,qa,2.720000338740647e-05,564,2,30,0.0,138620,ACL serializer; MobileAgentRuntime bundle serializer for A3,estimated_characters_div_4,synthetic-eval-v1
42,A3,TCK-00025,deployment,2.7499998395796865e-05,596,2,30,0.0,139148,ACL serializer; MobileAgentRuntime bundle serializer for A3,estimated_characters_div_4,synthetic-eval-v1
42,A3,TCK-00026,triage,3.0999995942693204e-05,580,2,28,0.0,141038,ACL serializer; MobileAgentRuntime bundle serializer for A3,estimated_characters_div_4,synthetic-eval-v1
42,A3,TCK-00026,assignment,2.7599999157246202e-05,596,2,28,0.0,141562,ACL serializer; MobileAgentRuntime bundle serializer for A3,estimated_characters_div_4,synthetic-eval-v1
42,A3,TCK-00026,investigation,4.249999619787559e-05,1213,3,28,0.0,142169,ACL serializer; MobileAgentRuntime bundle serializer for A3,estimated_characters_div_4,synthetic-eval-v1
42,A3,TCK-00026,implementation,8.019999950192869e-05,612,2,28,0.0,142690,ACL serializer; MobileAgentRuntime bundle serializer for A3,estimated_characters_div_4,synthetic-eval-v1
42,A3,TCK-00026,qa,7.829999958630651e-05,564,2,28,0.0,143198,ACL serializer; MobileAgentRuntime bundle serializer for A3,estimated_characters_div_4,synthetic-eval-v1
42,A3,TCK-00026,deployment,5.800000508315861e-05,596,2,28,0.0,143726,ACL serializer; MobileAgentRuntime bundle serializer for A3,estimated_characters_div_4,synthetic-eval-v1
42,A3,TCK-00027,triage,3.310000465717167e-05,580,2,30,0.0,145571,ACL serializer; MobileAgentRuntime bundle serializer for A3,estimated_characters_div_4,synthetic-eval-v1
42,A3,TCK-00027,assignment,2.8399997972883284e-05,596,2,30,0.0,146095,ACL serializer; MobileAgentRuntime bundle serializer for A3,estimated_characters_div_4,synthetic-eval-v1
42,A3,TCK-00027,investigation,2.849999873433262e-05,1213,3,30,0.0,146702,ACL serializer; MobileAgentRuntime bundle serializer for A3,estimated_characters_div_4,synthetic-eval-v1
42,A3,TCK-00027,implementation,2.7599999157246202e-05,612,2,30,0.0,147223,ACL serializer; MobileAgentRuntime bundle serializer for A3,estimated_characters_div_4,synthetic-eval-v1
42,A3,TCK-00027,qa,2.8299997211433947e-05,564,2,30,0.0,147731,ACL serializer; MobileAgentRuntime bundle serializer for A3,estimated_characters_div_4,synthetic-eval-v1
42,A3,TCK-00027,deployment,2.6599998818710446e-05,596,2,30,0.0,148259,ACL serializer; MobileAgentRuntime bundle serializer for A3,estimated_characters_div_4,synthetic-eval-v1
42,A3,TCK-00028,triage,2.9499999072868377e-05,580,2,43,0.0,150172,ACL serializer; MobileAgentRuntime bundle serializer for A3,estimated_characters_div_4,synthetic-eval-v1
42,A3,TCK-00028,assignment,2.769999991869554e-05,596,2,43,0.0,150698,ACL serializer; MobileAgentRuntime bundle serializer for A3,estimated_characters_div_4,synthetic-eval-v1
42,A3,TCK-00028,investigation,2.649999805726111e-05,1213,3,43,0.0,151308,ACL serializer; MobileAgentRuntime bundle serializer for A3,estimated_characters_div_4,synthetic-eval-v1
42,A3,TCK-00028,implementation,2.6599998818710446e-05,612,2,43,0.0,151830,ACL serializer; MobileAgentRuntime bundle serializer for A3,estimated_characters_div_4,synthetic-eval-v1
42,A3,TCK-00028,qa,2.59000007645227e-05,564,2,43,0.0,152332,ACL serializer; MobileAgentRuntime bundle serializer for A3,estimated_characters_div_4,synthetic-eval-v1
42,A3,TCK-00028,deployment,2.59000007645227e-05,596,2,43,0.0,153086,ACL serializer; MobileAgentRuntime bundle serializer for A3,estimated_characters_div_4,synthetic-eval-v1
42,A3,TCK-00029,triage,5.080000119050965e-05,580,2,30,0.0,154851,ACL serializer; MobileAgentRuntime bundle serializer for A3,estimated_characters_div_4,synthetic-eval-v1
42,A3,TCK-00029,assignment,4.0599996282253414e-05,596,2,30,0.0,155375,ACL serializer; MobileAgentRuntime bundle serializer for A3,estimated_characters_div_4,synthetic-eval-v1
42,A3,TCK-00029,investigation,4.129999433644116e-05,1213,3,30,0.0,155982,ACL serializer; MobileAgentRuntime bundle serializer for A3,estimated_characters_div_4,synthetic-eval-v1
42,A3,TCK-00029,implementation,2.8800001018680632e-05,612,2,30,0.0,156503,ACL serializer; MobileAgentRuntime bundle serializer for A3,estimated_characters_div_4,synthetic-eval-v1
42,A3,TCK-00029,qa,2.7499998395796865e-05,564,2,30,0.0,157011,ACL serializer; MobileAgentRuntime bundle serializer for A3,estimated_characters_div_4,synthetic-eval-v1
42,A3,TCK-00029,deployment,2.7499998395796865e-05,596,2,30,0.0,157539,ACL serializer; MobileAgentRuntime bundle serializer for A3,estimated_characters_div_4,synthetic-eval-v1
42,A3,TCK-00030,triage,3.609999839682132e-05,580,2,28,0.0,159407,ACL serializer; MobileAgentRuntime bundle serializer for A3,estimated_characters_div_4,synthetic-eval-v1
42,A3,TCK-00030,assignment,3.979999746661633e-05,596,2,28,0.0,159931,ACL serializer; MobileAgentRuntime bundle serializer for A3,estimated_characters_div_4,synthetic-eval-v1
42,A3,TCK-00030,investigation,2.7800000680144876e-05,1213,3,28,0.0,160538,ACL serializer; MobileAgentRuntime bundle serializer for A3,estimated_characters_div_4,synthetic-eval-v1
42,A3,TCK-00030,implementation,2.649999805726111e-05,612,2,28,0.0,161059,ACL serializer; MobileAgentRuntime bundle serializer for A3,estimated_characters_div_4,synthetic-eval-v1
42,A3,TCK-00030,qa,2.600000152597204e-05,564,2,28,0.0,161567,ACL serializer; MobileAgentRuntime bundle serializer for A3,estimated_characters_div_4,synthetic-eval-v1
42,A3,TCK-00030,deployment,2.600000152597204e-05,596,2,28,0.0,162095,ACL serializer; MobileAgentRuntime bundle serializer for A3,estimated_characters_div_4,synthetic-eval-v1
42,A3,TCK-00031,triage,2.970000059576705e-05,580,2,30,0.0,163939,ACL serializer; MobileAgentRuntime bundle serializer for A3,estimated_characters_div_4,synthetic-eval-v1
42,A3,TCK-00031,assignment,2.7000001864507794e-05,596,2,30,0.0,164463,ACL serializer; MobileAgentRuntime bundle serializer for A3,estimated_characters_div_4,synthetic-eval-v1
42,A3,TCK-00031,investigation,2.7499998395796865e-05,1213,3,30,0.0,165070,ACL serializer; MobileAgentRuntime bundle serializer for A3,estimated_characters_div_4,synthetic-eval-v1
42,A3,TCK-00031,implementation,2.6500005333218724e-05,612,2,30,0.0,165591,ACL serializer; MobileAgentRuntime bundle serializer for A3,estimated_characters_div_4,synthetic-eval-v1
42,A3,TCK-00031,qa,2.6400004571769387e-05,564,2,30,0.0,166099,ACL serializer; MobileAgentRuntime bundle serializer for A3,estimated_characters_div_4,synthetic-eval-v1
42,A3,TCK-00031,deployment,2.5699999241624027e-05,596,2,30,0.0,166627,ACL serializer; MobileAgentRuntime bundle serializer for A3,estimated_characters_div_4,synthetic-eval-v1
42,A3,TCK-00032,triage,5.3499999921768904e-05,580,2,28,0.0,168479,ACL serializer; MobileAgentRuntime bundle serializer for A3,estimated_characters_div_4,synthetic-eval-v1
42,A3,TCK-00032,assignment,2.7599999157246202e-05,596,2,28,0.0,169003,ACL serializer; MobileAgentRuntime bundle serializer for A3,estimated_characters_div_4,synthetic-eval-v1
42,A3,TCK-00032,investigation,3.5899996873922646e-05,1213,3,28,0.0,169610,ACL serializer; MobileAgentRuntime bundle serializer for A3,estimated_characters_div_4,synthetic-eval-v1
42,A3,TCK-00032,implementation,2.769999991869554e-05,612,2,28,0.0,170131,ACL serializer; MobileAgentRuntime bundle serializer for A3,estimated_characters_div_4,synthetic-eval-v1
42,A3,TCK-00032,qa,2.649999805726111e-05,564,2,28,0.0,170639,ACL serializer; MobileAgentRuntime bundle serializer for A3,estimated_characters_div_4,synthetic-eval-v1
42,A3,TCK-00032,deployment,2.6599998818710446e-05,596,2,28,0.0,171167,ACL serializer; MobileAgentRuntime bundle serializer for A3,estimated_characters_div_4,synthetic-eval-v1
42,A3,TCK-00033,triage,3.040000592591241e-05,580,2,30,0.0,173075,ACL serializer; MobileAgentRuntime bundle serializer for A3,estimated_characters_div_4,synthetic-eval-v1
42,A3,TCK-00033,assignment,2.6899993827100843e-05,596,2,30,0.0,173599,ACL serializer; MobileAgentRuntime bundle serializer for A3,estimated_characters_div_4,synthetic-eval-v1
42,A3,TCK-00033,investigation,2.7099995349999517e-05,1213,3,30,0.0,174206,ACL serializer; MobileAgentRuntime bundle serializer for A3,estimated_characters_div_4,synthetic-eval-v1
42,A3,TCK-00033,implementation,2.710000262595713e-05,612,2,30,0.0,174983,ACL serializer; MobileAgentRuntime bundle serializer for A3,estimated_characters_div_4,synthetic-eval-v1
42,A3,TCK-00033,qa,2.649999805726111e-05,564,2,30,0.0,175491,ACL serializer; MobileAgentRuntime bundle serializer for A3,estimated_characters_div_4,synthetic-eval-v1
42,A3,TCK-00033,deployment,2.59000007645227e-05,596,2,30,0.0,176019,ACL serializer; MobileAgentRuntime bundle serializer for A3,estimated_characters_div_4,synthetic-eval-v1
42,A3,TCK-00034,triage,3.229999856557697e-05,580,2,28,0.0,177911,ACL serializer; MobileAgentRuntime bundle serializer for A3,estimated_characters_div_4,synthetic-eval-v1
42,A3,TCK-00034,assignment,2.7800000680144876e-05,596,2,28,0.0,178435,ACL serializer; MobileAgentRuntime bundle serializer for A3,estimated_characters_div_4,synthetic-eval-v1
42,A3,TCK-00034,investigation,2.7400004910305142e-05,1213,3,28,0.0,179042,ACL serializer; MobileAgentRuntime bundle serializer for A3,estimated_characters_div_4,synthetic-eval-v1
42,A3,TCK-00034,implementation,2.7399997634347528e-05,612,2,28,0.0,179563,ACL serializer; MobileAgentRuntime bundle serializer for A3,estimated_characters_div_4,synthetic-eval-v1
42,A3,TCK-00034,qa,8.510000043315813e-05,564,2,28,0.0,180071,ACL serializer; MobileAgentRuntime bundle serializer for A3,estimated_characters_div_4,synthetic-eval-v1
42,A3,TCK-00034,deployment,3.5400000342633575e-05,596,2,28,0.0,180599,ACL serializer; MobileAgentRuntime bundle serializer for A3,estimated_characters_div_4,synthetic-eval-v1
42,A3,TCK-00035,triage,3.790000482695177e-05,580,2,45,0.0,182510,ACL serializer; MobileAgentRuntime bundle serializer for A3,estimated_characters_div_4,synthetic-eval-v1
42,A3,TCK-00035,assignment,2.710000262595713e-05,596,2,45,0.0,183036,ACL serializer; MobileAgentRuntime bundle serializer for A3,estimated_characters_div_4,synthetic-eval-v1
42,A3,TCK-00035,investigation,2.869999298127368e-05,1213,3,45,0.0,183646,ACL serializer; MobileAgentRuntime bundle serializer for A3,estimated_characters_div_4,synthetic-eval-v1
42,A3,TCK-00035,implementation,2.7000001864507794e-05,612,2,45,0.0,184168,ACL serializer; MobileAgentRuntime bundle serializer for A3,estimated_characters_div_4,synthetic-eval-v1
42,A3,TCK-00035,qa,2.649999805726111e-05,564,2,45,0.0,184670,ACL serializer; MobileAgentRuntime bundle serializer for A3,estimated_characters_div_4,synthetic-eval-v1
42,A3,TCK-00035,deployment,2.6399997295811772e-05,596,2,45,0.0,185200,ACL serializer; MobileAgentRuntime bundle serializer for A3,estimated_characters_div_4,synthetic-eval-v1
42,A3,TCK-00036,triage,3.369999467395246e-05,580,2,28,0.0,186968,ACL serializer; MobileAgentRuntime bundle serializer for A3,estimated_characters_div_4,synthetic-eval-v1
42,A3,TCK-00036,assignment,2.729999687289819e-05,596,2,28,0.0,187492,ACL serializer; MobileAgentRuntime bundle serializer for A3,estimated_characters_div_4,synthetic-eval-v1
42,A3,TCK-00036,investigation,2.849999873433262e-05,1213,3,28,0.0,188099,ACL serializer; MobileAgentRuntime bundle serializer for A3,estimated_characters_div_4,synthetic-eval-v1
42,A3,TCK-00036,implementation,2.680000034160912e-05,612,2,28,0.0,188620,ACL serializer; MobileAgentRuntime bundle serializer for A3,estimated_characters_div_4,synthetic-eval-v1
42,A3,TCK-00036,qa,2.630000381032005e-05,564,2,28,0.0,189128,ACL serializer; MobileAgentRuntime bundle serializer for A3,estimated_characters_div_4,synthetic-eval-v1
42,A3,TCK-00036,deployment,2.699999458855018e-05,596,2,28,0.0,189656,ACL serializer; MobileAgentRuntime bundle serializer for A3,estimated_characters_div_4,synthetic-eval-v1
42,A3,TCK-00037,triage,3.100000321865082e-05,580,2,30,0.0,191540,ACL serializer; MobileAgentRuntime bundle serializer for A3,estimated_characters_div_4,synthetic-eval-v1
42,A3,TCK-00037,assignment,7.31999971321784e-05,596,2,30,0.0,192064,ACL serializer; MobileAgentRuntime bundle serializer for A3,estimated_characters_div_4,synthetic-eval-v1
42,A3,TCK-00037,investigation,7.090000144671649e-05,1213,3,30,0.0,192671,ACL serializer; MobileAgentRuntime bundle serializer for A3,estimated_characters_div_4,synthetic-eval-v1
42,A3,TCK-00037,implementation,6.240000220714137e-05,612,2,30,0.0,193192,ACL serializer; MobileAgentRuntime bundle serializer for A3,estimated_characters_div_4,synthetic-eval-v1
42,A3,TCK-00037,qa,3.5099998058285564e-05,564,2,30,0.0,193700,ACL serializer; MobileAgentRuntime bundle serializer for A3,estimated_characters_div_4,synthetic-eval-v1
42,A3,TCK-00037,deployment,2.7499998395796865e-05,596,2,30,0.0,194228,ACL serializer; MobileAgentRuntime bundle serializer for A3,estimated_characters_div_4,synthetic-eval-v1
42,A3,TCK-00038,triage,3.0199997127056122e-05,580,2,28,0.0,196056,ACL serializer; MobileAgentRuntime bundle serializer for A3,estimated_characters_div_4,synthetic-eval-v1
42,A3,TCK-00038,assignment,2.7499998395796865e-05,596,2,28,0.0,196580,ACL serializer; MobileAgentRuntime bundle serializer for A3,estimated_characters_div_4,synthetic-eval-v1
42,A3,TCK-00038,investigation,2.7999994927085936e-05,1213,3,28,0.0,197187,ACL serializer; MobileAgentRuntime bundle serializer for A3,estimated_characters_div_4,synthetic-eval-v1
42,A3,TCK-00038,implementation,2.660000609466806e-05,612,2,28,0.0,197708,ACL serializer; MobileAgentRuntime bundle serializer for A3,estimated_characters_div_4,synthetic-eval-v1
42,A3,TCK-00038,qa,2.6100002287421376e-05,564,2,28,0.0,198216,ACL serializer; MobileAgentRuntime bundle serializer for A3,estimated_characters_div_4,synthetic-eval-v1
42,A3,TCK-00038,deployment,2.630000381032005e-05,596,2,28,0.0,199032,ACL serializer; MobileAgentRuntime bundle serializer for A3,estimated_characters_div_4,synthetic-eval-v1
42,A3,TCK-00039,triage,3.0199997127056122e-05,580,2,30,0.0,200875,ACL serializer; MobileAgentRuntime bundle serializer for A3,estimated_characters_div_4,synthetic-eval-v1
42,A3,TCK-00039,assignment,2.6599998818710446e-05,596,2,30,0.0,201399,ACL serializer; MobileAgentRuntime bundle serializer for A3,estimated_characters_div_4,synthetic-eval-v1
42,A3,TCK-00039,investigation,2.8299997211433947e-05,1213,3,30,0.0,202006,ACL serializer; MobileAgentRuntime bundle serializer for A3,estimated_characters_div_4,synthetic-eval-v1
42,A3,TCK-00039,implementation,2.6399997295811772e-05,612,2,30,0.0,202527,ACL serializer; MobileAgentRuntime bundle serializer for A3,estimated_characters_div_4,synthetic-eval-v1
42,A3,TCK-00039,qa,2.6500005333218724e-05,564,2,30,0.0,203035,ACL serializer; MobileAgentRuntime bundle serializer for A3,estimated_characters_div_4,synthetic-eval-v1
42,A3,TCK-00039,deployment,2.6599998818710446e-05,596,2,30,0.0,203563,ACL serializer; MobileAgentRuntime bundle serializer for A3,estimated_characters_div_4,synthetic-eval-v1
42,A3,TCK-00040,triage,6.350000330712646e-05,580,2,28,0.0,205390,ACL serializer; MobileAgentRuntime bundle serializer for A3,estimated_characters_div_4,synthetic-eval-v1
42,A3,TCK-00040,assignment,2.8599999495781958e-05,596,2,28,0.0,205914,ACL serializer; MobileAgentRuntime bundle serializer for A3,estimated_characters_div_4,synthetic-eval-v1
42,A3,TCK-00040,investigation,2.830000448739156e-05,1213,3,28,0.0,206521,ACL serializer; MobileAgentRuntime bundle serializer for A3,estimated_characters_div_4,synthetic-eval-v1
42,A3,TCK-00040,implementation,2.7599999157246202e-05,612,2,28,0.0,207042,ACL serializer; MobileAgentRuntime bundle serializer for A3,estimated_characters_div_4,synthetic-eval-v1
42,A3,TCK-00040,qa,2.649999805726111e-05,564,2,28,0.0,207550,ACL serializer; MobileAgentRuntime bundle serializer for A3,estimated_characters_div_4,synthetic-eval-v1
42,A3,TCK-00040,deployment,2.59000007645227e-05,596,2,28,0.0,208078,ACL serializer; MobileAgentRuntime bundle serializer for A3,estimated_characters_div_4,synthetic-eval-v1
42,A3,TCK-00041,triage,3.060000017285347e-05,580,2,30,0.0,210043,ACL serializer; MobileAgentRuntime bundle serializer for A3,estimated_characters_div_4,synthetic-eval-v1
42,A3,TCK-00041,assignment,2.6699999580159783e-05,596,2,30,0.0,210567,ACL serializer; MobileAgentRuntime bundle serializer for A3,estimated_characters_div_4,synthetic-eval-v1
42,A3,TCK-00041,investigation,2.7800000680144876e-05,1213,3,30,0.0,211174,ACL serializer; MobileAgentRuntime bundle serializer for A3,estimated_characters_div_4,synthetic-eval-v1
42,A3,TCK-00041,implementation,2.6900001103058457e-05,612,2,30,0.0,211695,ACL serializer; MobileAgentRuntime bundle serializer for A3,estimated_characters_div_4,synthetic-eval-v1
42,A3,TCK-00041,qa,2.6699999580159783e-05,564,2,30,0.0,212203,ACL serializer; MobileAgentRuntime bundle serializer for A3,estimated_characters_div_4,synthetic-eval-v1
42,A3,TCK-00041,deployment,2.600000152597204e-05,596,2,30,0.0,212731,ACL serializer; MobileAgentRuntime bundle serializer for A3,estimated_characters_div_4,synthetic-eval-v1
42,A3,TCK-00042,triage,4.8000001697801054e-05,580,2,43,0.0,214740,ACL serializer; MobileAgentRuntime bundle serializer for A3,estimated_characters_div_4,synthetic-eval-v1
42,A3,TCK-00042,assignment,3.6299999919719994e-05,596,2,43,0.0,215266,ACL serializer; MobileAgentRuntime bundle serializer for A3,estimated_characters_div_4,synthetic-eval-v1
42,A3,TCK-00042,investigation,2.9800001357216388e-05,1213,3,43,0.0,215876,ACL serializer; MobileAgentRuntime bundle serializer for A3,estimated_characters_div_4,synthetic-eval-v1
42,A3,TCK-00042,implementation,6.22000006842427e-05,612,2,43,0.0,216398,ACL serializer; MobileAgentRuntime bundle serializer for A3,estimated_characters_div_4,synthetic-eval-v1
42,A3,TCK-00042,qa,9.809999755816534e-05,564,2,43,0.0,216900,ACL serializer; MobileAgentRuntime bundle serializer for A3,estimated_characters_div_4,synthetic-eval-v1
42,A3,TCK-00042,deployment,4.320000152802095e-05,596,2,43,0.0,217430,ACL serializer; MobileAgentRuntime bundle serializer for A3,estimated_characters_div_4,synthetic-eval-v1
42,A3,TCK-00043,triage,7.910000567790121e-05,580,2,30,0.0,219195,ACL serializer; MobileAgentRuntime bundle serializer for A3,estimated_characters_div_4,synthetic-eval-v1
42,A3,TCK-00043,assignment,6.649999704677612e-05,596,2,30,0.0,219719,ACL serializer; MobileAgentRuntime bundle serializer for A3,estimated_characters_div_4,synthetic-eval-v1
42,A3,TCK-00043,investigation,0.00011649999942164868,1213,3,30,0.0,220326,ACL serializer; MobileAgentRuntime bundle serializer for A3,estimated_characters_div_4,synthetic-eval-v1
42,A3,TCK-00043,implementation,3.699999797390774e-05,612,2,30,0.0,220847,ACL serializer; MobileAgentRuntime bundle serializer for A3,estimated_characters_div_4,synthetic-eval-v1
42,A3,TCK-00043,qa,6.630000279983506e-05,564,2,30,0.0,221355,ACL serializer; MobileAgentRuntime bundle serializer for A3,estimated_characters_div_4,synthetic-eval-v1
42,A3,TCK-00043,deployment,3.170000127283856e-05,596,2,30,0.0,221883,ACL serializer; MobileAgentRuntime bundle serializer for A3,estimated_characters_div_4,synthetic-eval-v1
42,A3,TCK-00044,triage,4.269999772077426e-05,580,2,28,0.0,223751,ACL serializer; MobileAgentRuntime bundle serializer for A3,estimated_characters_div_4,synthetic-eval-v1
42,A3,TCK-00044,assignment,4.069999704370275e-05,596,2,28,0.0,224275,ACL serializer; MobileAgentRuntime bundle serializer for A3,estimated_characters_div_4,synthetic-eval-v1
42,A3,TCK-00044,investigation,2.8100002964492887e-05,1213,3,28,0.0,224882,ACL serializer; MobileAgentRuntime bundle serializer for A3,estimated_characters_div_4,synthetic-eval-v1
42,A3,TCK-00044,implementation,2.78999941656366e-05,612,2,28,0.0,225403,ACL serializer; MobileAgentRuntime bundle serializer for A3,estimated_characters_div_4,synthetic-eval-v1
42,A3,TCK-00044,qa,2.6699999580159783e-05,564,2,28,0.0,225911,ACL serializer; MobileAgentRuntime bundle serializer for A3,estimated_characters_div_4,synthetic-eval-v1
42,A3,TCK-00044,deployment,2.7000001864507794e-05,596,2,28,0.0,226759,ACL serializer; MobileAgentRuntime bundle serializer for A3,estimated_characters_div_4,synthetic-eval-v1
42,A3,TCK-00045,triage,4.9200003559235483e-05,580,2,30,0.0,228603,ACL serializer; MobileAgentRuntime bundle serializer for A3,estimated_characters_div_4,synthetic-eval-v1
42,A3,TCK-00045,assignment,4.1600003896746784e-05,596,2,30,0.0,229127,ACL serializer; MobileAgentRuntime bundle serializer for A3,estimated_characters_div_4,synthetic-eval-v1
42,A3,TCK-00045,investigation,3.120000474154949e-05,1213,3,30,0.0,229734,ACL serializer; MobileAgentRuntime bundle serializer for A3,estimated_characters_div_4,synthetic-eval-v1
42,A3,TCK-00045,implementation,2.8899994504172355e-05,612,2,30,0.0,230255,ACL serializer; MobileAgentRuntime bundle serializer for A3,estimated_characters_div_4,synthetic-eval-v1
42,A3,TCK-00045,qa,2.710000262595713e-05,564,2,30,0.0,230763,ACL serializer; MobileAgentRuntime bundle serializer for A3,estimated_characters_div_4,synthetic-eval-v1
42,A3,TCK-00045,deployment,2.7300004148855805e-05,596,2,30,0.0,231291,ACL serializer; MobileAgentRuntime bundle serializer for A3,estimated_characters_div_4,synthetic-eval-v1
42,A3,TCK-00046,triage,3.229999856557697e-05,580,2,28,0.0,233095,ACL serializer; MobileAgentRuntime bundle serializer for A3,estimated_characters_div_4,synthetic-eval-v1
42,A3,TCK-00046,assignment,3.37999954354018e-05,596,2,28,0.0,233619,ACL serializer; MobileAgentRuntime bundle serializer for A3,estimated_characters_div_4,synthetic-eval-v1
42,A3,TCK-00046,investigation,2.8299997211433947e-05,1213,3,28,0.0,234226,ACL serializer; MobileAgentRuntime bundle serializer for A3,estimated_characters_div_4,synthetic-eval-v1
42,A3,TCK-00046,implementation,2.7399997634347528e-05,612,2,28,0.0,234747,ACL serializer; MobileAgentRuntime bundle serializer for A3,estimated_characters_div_4,synthetic-eval-v1
42,A3,TCK-00046,qa,2.630000381032005e-05,564,2,28,0.0,235255,ACL serializer; MobileAgentRuntime bundle serializer for A3,estimated_characters_div_4,synthetic-eval-v1
42,A3,TCK-00046,deployment,2.660000609466806e-05,596,2,28,0.0,235783,ACL serializer; MobileAgentRuntime bundle serializer for A3,estimated_characters_div_4,synthetic-eval-v1
42,A3,TCK-00047,triage,9.929999941959977e-05,580,2,30,0.0,237627,ACL serializer; MobileAgentRuntime bundle serializer for A3,estimated_characters_div_4,synthetic-eval-v1
42,A3,TCK-00047,assignment,7.550000009359792e-05,596,2,30,0.0,238151,ACL serializer; MobileAgentRuntime bundle serializer for A3,estimated_characters_div_4,synthetic-eval-v1
42,A3,TCK-00047,investigation,3.3700001949910074e-05,1213,3,30,0.0,238758,ACL serializer; MobileAgentRuntime bundle serializer for A3,estimated_characters_div_4,synthetic-eval-v1
42,A3,TCK-00047,implementation,3.190000279573724e-05,612,2,30,0.0,239279,ACL serializer; MobileAgentRuntime bundle serializer for A3,estimated_characters_div_4,synthetic-eval-v1
42,A3,TCK-00047,qa,2.7300004148855805e-05,564,2,30,0.0,239787,ACL serializer; MobileAgentRuntime bundle serializer for A3,estimated_characters_div_4,synthetic-eval-v1
42,A3,TCK-00047,deployment,5.959999543847516e-05,596,2,30,0.0,240315,ACL serializer; MobileAgentRuntime bundle serializer for A3,estimated_characters_div_4,synthetic-eval-v1
42,A3,TCK-00048,triage,0.00011770000128308311,580,2,28,0.0,242168,ACL serializer; MobileAgentRuntime bundle serializer for A3,estimated_characters_div_4,synthetic-eval-v1
42,A3,TCK-00048,assignment,9.499999578110874e-05,596,2,28,0.0,242692,ACL serializer; MobileAgentRuntime bundle serializer for A3,estimated_characters_div_4,synthetic-eval-v1
42,A3,TCK-00048,investigation,0.00010610000026645139,1213,3,28,0.0,243299,ACL serializer; MobileAgentRuntime bundle serializer for A3,estimated_characters_div_4,synthetic-eval-v1
42,A3,TCK-00048,implementation,6.629999552387744e-05,612,2,28,0.0,243820,ACL serializer; MobileAgentRuntime bundle serializer for A3,estimated_characters_div_4,synthetic-eval-v1
42,A3,TCK-00048,qa,8.890000026440248e-05,564,2,28,0.0,244328,ACL serializer; MobileAgentRuntime bundle serializer for A3,estimated_characters_div_4,synthetic-eval-v1
42,A3,TCK-00048,deployment,7.800000457791612e-05,596,2,28,0.0,244856,ACL serializer; MobileAgentRuntime bundle serializer for A3,estimated_characters_div_4,synthetic-eval-v1
42,A3,TCK-00049,triage,4.020000051241368e-05,580,2,45,0.0,246814,ACL serializer; MobileAgentRuntime bundle serializer for A3,estimated_characters_div_4,synthetic-eval-v1
42,A3,TCK-00049,assignment,2.939999831141904e-05,596,2,45,0.0,247340,ACL serializer; MobileAgentRuntime bundle serializer for A3,estimated_characters_div_4,synthetic-eval-v1
42,A3,TCK-00049,investigation,2.920000406447798e-05,1213,3,45,0.0,247950,ACL serializer; MobileAgentRuntime bundle serializer for A3,estimated_characters_div_4,synthetic-eval-v1
42,A3,TCK-00049,implementation,3.060000017285347e-05,612,2,45,0.0,248472,ACL serializer; MobileAgentRuntime bundle serializer for A3,estimated_characters_div_4,synthetic-eval-v1
42,A3,TCK-00049,qa,2.729999687289819e-05,564,2,45,0.0,248974,ACL serializer; MobileAgentRuntime bundle serializer for A3,estimated_characters_div_4,synthetic-eval-v1
42,A3,TCK-00049,deployment,3.5400000342633575e-05,596,2,45,0.0,249504,ACL serializer; MobileAgentRuntime bundle serializer for A3,estimated_characters_div_4,synthetic-eval-v1
42,A3,TCK-00050,triage,5.059999966761097e-05,580,2,28,0.0,251248,ACL serializer; MobileAgentRuntime bundle serializer for A3,estimated_characters_div_4,synthetic-eval-v1
42,A3,TCK-00050,assignment,2.8399997972883284e-05,596,2,28,0.0,251772,ACL serializer; MobileAgentRuntime bundle serializer for A3,estimated_characters_div_4,synthetic-eval-v1
42,A3,TCK-00050,investigation,7.510000432375818e-05,1213,3,28,0.0,252379,ACL serializer; MobileAgentRuntime bundle serializer for A3,estimated_characters_div_4,synthetic-eval-v1
42,A3,TCK-00050,implementation,5.9300000430084765e-05,612,2,28,0.0,252900,ACL serializer; MobileAgentRuntime bundle serializer for A3,estimated_characters_div_4,synthetic-eval-v1
42,A3,TCK-00050,qa,5.819999933009967e-05,564,2,28,0.0,253408,ACL serializer; MobileAgentRuntime bundle serializer for A3,estimated_characters_div_4,synthetic-eval-v1
42,A3,TCK-00050,deployment,5.280000186758116e-05,596,2,28,0.0,253936,ACL serializer; MobileAgentRuntime bundle serializer for A3,estimated_characters_div_4,synthetic-eval-v1
42,A3,TCK-00051,triage,4.859999899053946e-05,580,2,30,0.0,255772,ACL serializer; MobileAgentRuntime bundle serializer for A3,estimated_characters_div_4,synthetic-eval-v1
42,A3,TCK-00051,assignment,2.819999644998461e-05,596,2,30,0.0,256296,ACL serializer; MobileAgentRuntime bundle serializer for A3,estimated_characters_div_4,synthetic-eval-v1
42,A3,TCK-00051,investigation,2.9599999834317714e-05,1213,3,30,0.0,256903,ACL serializer; MobileAgentRuntime bundle serializer for A3,estimated_characters_div_4,synthetic-eval-v1
42,A3,TCK-00051,implementation,2.9100003303028643e-05,612,2,30,0.0,257776,ACL serializer; MobileAgentRuntime bundle serializer for A3,estimated_characters_div_4,synthetic-eval-v1
42,A3,TCK-00051,qa,2.7900001441594213e-05,564,2,30,0.0,258284,ACL serializer; MobileAgentRuntime bundle serializer for A3,estimated_characters_div_4,synthetic-eval-v1
42,A3,TCK-00051,deployment,2.769999991869554e-05,596,2,30,0.0,258812,ACL serializer; MobileAgentRuntime bundle serializer for A3,estimated_characters_div_4,synthetic-eval-v1
42,A3,TCK-00052,triage,5.200000305194408e-05,580,2,28,0.0,260591,ACL serializer; MobileAgentRuntime bundle serializer for A3,estimated_characters_div_4,synthetic-eval-v1
42,A3,TCK-00052,assignment,3.029999788850546e-05,596,2,28,0.0,261115,ACL serializer; MobileAgentRuntime bundle serializer for A3,estimated_characters_div_4,synthetic-eval-v1
42,A3,TCK-00052,investigation,4.6200002543628216e-05,1213,3,28,0.0,261722,ACL serializer; MobileAgentRuntime bundle serializer for A3,estimated_characters_div_4,synthetic-eval-v1
42,A3,TCK-00052,implementation,8.330000127898529e-05,612,2,28,0.0,262243,ACL serializer; MobileAgentRuntime bundle serializer for A3,estimated_characters_div_4,synthetic-eval-v1
42,A3,TCK-00052,qa,0.00026169999910052866,564,2,28,0.0,262751,ACL serializer; MobileAgentRuntime bundle serializer for A3,estimated_characters_div_4,synthetic-eval-v1
42,A3,TCK-00052,deployment,4.539999645203352e-05,596,2,28,0.0,263279,ACL serializer; MobileAgentRuntime bundle serializer for A3,estimated_characters_div_4,synthetic-eval-v1
42,A3,TCK-00053,triage,4.780000017490238e-05,580,2,30,0.0,265171,ACL serializer; MobileAgentRuntime bundle serializer for A3,estimated_characters_div_4,synthetic-eval-v1
42,A3,TCK-00053,assignment,4.479999915929511e-05,596,2,30,0.0,265695,ACL serializer; MobileAgentRuntime bundle serializer for A3,estimated_characters_div_4,synthetic-eval-v1
42,A3,TCK-00053,investigation,3.279999509686604e-05,1213,3,30,0.0,266302,ACL serializer; MobileAgentRuntime bundle serializer for A3,estimated_characters_div_4,synthetic-eval-v1
42,A3,TCK-00053,implementation,2.7900001441594213e-05,612,2,30,0.0,266823,ACL serializer; MobileAgentRuntime bundle serializer for A3,estimated_characters_div_4,synthetic-eval-v1
42,A3,TCK-00053,qa,2.8599999495781958e-05,564,2,30,0.0,267331,ACL serializer; MobileAgentRuntime bundle serializer for A3,estimated_characters_div_4,synthetic-eval-v1
42,A3,TCK-00053,deployment,2.8099995688535273e-05,596,2,30,0.0,267859,ACL serializer; MobileAgentRuntime bundle serializer for A3,estimated_characters_div_4,synthetic-eval-v1
42,A3,TCK-00054,triage,8.240000170189887e-05,580,2,28,0.0,269735,ACL serializer; MobileAgentRuntime bundle serializer for A3,estimated_characters_div_4,synthetic-eval-v1
42,A3,TCK-00054,assignment,8.179999713320285e-05,596,2,28,0.0,270259,ACL serializer; MobileAgentRuntime bundle serializer for A3,estimated_characters_div_4,synthetic-eval-v1
42,A3,TCK-00054,investigation,7.869999535614625e-05,1213,3,28,0.0,270866,ACL serializer; MobileAgentRuntime bundle serializer for A3,estimated_characters_div_4,synthetic-eval-v1
42,A3,TCK-00054,implementation,3.9900005504023284e-05,612,2,28,0.0,271387,ACL serializer; MobileAgentRuntime bundle serializer for A3,estimated_characters_div_4,synthetic-eval-v1
42,A3,TCK-00054,qa,3.029999788850546e-05,564,2,28,0.0,271895,ACL serializer; MobileAgentRuntime bundle serializer for A3,estimated_characters_div_4,synthetic-eval-v1
42,A3,TCK-00054,deployment,2.8399997972883284e-05,596,2,28,0.0,272423,ACL serializer; MobileAgentRuntime bundle serializer for A3,estimated_characters_div_4,synthetic-eval-v1
42,A3,TCK-00055,triage,4.3300002289470285e-05,580,2,30,0.0,274219,ACL serializer; MobileAgentRuntime bundle serializer for A3,estimated_characters_div_4,synthetic-eval-v1
42,A3,TCK-00055,assignment,2.970000059576705e-05,596,2,30,0.0,274743,ACL serializer; MobileAgentRuntime bundle serializer for A3,estimated_characters_div_4,synthetic-eval-v1
42,A3,TCK-00055,investigation,3.620000643422827e-05,1213,3,30,0.0,275350,ACL serializer; MobileAgentRuntime bundle serializer for A3,estimated_characters_div_4,synthetic-eval-v1
42,A3,TCK-00055,implementation,2.9499999072868377e-05,612,2,30,0.0,275871,ACL serializer; MobileAgentRuntime bundle serializer for A3,estimated_characters_div_4,synthetic-eval-v1
42,A3,TCK-00055,qa,2.7800000680144876e-05,564,2,30,0.0,276379,ACL serializer; MobileAgentRuntime bundle serializer for A3,estimated_characters_div_4,synthetic-eval-v1
42,A3,TCK-00055,deployment,2.750000567175448e-05,596,2,30,0.0,276907,ACL serializer; MobileAgentRuntime bundle serializer for A3,estimated_characters_div_4,synthetic-eval-v1
42,A3,TCK-00056,triage,8.570000500185415e-05,580,2,43,0.0,278746,ACL serializer; MobileAgentRuntime bundle serializer for A3,estimated_characters_div_4,synthetic-eval-v1
42,A3,TCK-00056,assignment,6.640000356128439e-05,596,2,43,0.0,279272,ACL serializer; MobileAgentRuntime bundle serializer for A3,estimated_characters_div_4,synthetic-eval-v1
42,A3,TCK-00056,investigation,4.520000220509246e-05,1213,3,43,0.0,279882,ACL serializer; MobileAgentRuntime bundle serializer for A3,estimated_characters_div_4,synthetic-eval-v1
42,A3,TCK-00056,implementation,3.5899996873922646e-05,612,2,43,0.0,280404,ACL serializer; MobileAgentRuntime bundle serializer for A3,estimated_characters_div_4,synthetic-eval-v1
42,A3,TCK-00056,qa,3.5099998058285564e-05,564,2,43,0.0,280906,ACL serializer; MobileAgentRuntime bundle serializer for A3,estimated_characters_div_4,synthetic-eval-v1
42,A3,TCK-00056,deployment,2.849999873433262e-05,596,2,43,0.0,281436,ACL serializer; MobileAgentRuntime bundle serializer for A3,estimated_characters_div_4,synthetic-eval-v1
42,A3,TCK-00057,triage,3.9500002458225936e-05,580,2,30,0.0,283155,ACL serializer; MobileAgentRuntime bundle serializer for A3,estimated_characters_div_4,synthetic-eval-v1
42,A3,TCK-00057,assignment,3.0099996365606785e-05,596,2,30,0.0,283679,ACL serializer; MobileAgentRuntime bundle serializer for A3,estimated_characters_div_4,synthetic-eval-v1
42,A3,TCK-00057,investigation,2.9100003303028643e-05,1213,3,30,0.0,284286,ACL serializer; MobileAgentRuntime bundle serializer for A3,estimated_characters_div_4,synthetic-eval-v1
42,A3,TCK-00057,implementation,3.4900003811344504e-05,612,2,30,0.0,284807,ACL serializer; MobileAgentRuntime bundle serializer for A3,estimated_characters_div_4,synthetic-eval-v1
42,A3,TCK-00057,qa,5.009999586036429e-05,564,2,30,0.0,285315,ACL serializer; MobileAgentRuntime bundle serializer for A3,estimated_characters_div_4,synthetic-eval-v1
42,A3,TCK-00057,deployment,4.7900000936351717e-05,596,2,30,0.0,285843,ACL serializer; MobileAgentRuntime bundle serializer for A3,estimated_characters_div_4,synthetic-eval-v1
42,A3,TCK-00058,triage,3.3700001949910074e-05,580,2,28,0.0,287663,ACL serializer; MobileAgentRuntime bundle serializer for A3,estimated_characters_div_4,synthetic-eval-v1
42,A3,TCK-00058,assignment,3.3399999665562063e-05,596,2,28,0.0,288187,ACL serializer; MobileAgentRuntime bundle serializer for A3,estimated_characters_div_4,synthetic-eval-v1
42,A3,TCK-00058,investigation,2.9599999834317714e-05,1213,3,28,0.0,288794,ACL serializer; MobileAgentRuntime bundle serializer for A3,estimated_characters_div_4,synthetic-eval-v1
42,A3,TCK-00058,implementation,2.800000220304355e-05,612,2,28,0.0,289315,ACL serializer; MobileAgentRuntime bundle serializer for A3,estimated_characters_div_4,synthetic-eval-v1
42,A3,TCK-00058,qa,2.720000338740647e-05,564,2,28,0.0,289823,ACL serializer; MobileAgentRuntime bundle serializer for A3,estimated_characters_div_4,synthetic-eval-v1
42,A3,TCK-00058,deployment,2.7000001864507794e-05,596,2,28,0.0,290735,ACL serializer; MobileAgentRuntime bundle serializer for A3,estimated_characters_div_4,synthetic-eval-v1
42,A3,TCK-00059,triage,4.189999890513718e-05,580,2,30,0.0,292531,ACL serializer; MobileAgentRuntime bundle serializer for A3,estimated_characters_div_4,synthetic-eval-v1
42,A3,TCK-00059,assignment,2.769999991869554e-05,596,2,30,0.0,293055,ACL serializer; MobileAgentRuntime bundle serializer for A3,estimated_characters_div_4,synthetic-eval-v1
42,A3,TCK-00059,investigation,3.3700001949910074e-05,1213,3,30,0.0,293662,ACL serializer; MobileAgentRuntime bundle serializer for A3,estimated_characters_div_4,synthetic-eval-v1
42,A3,TCK-00059,implementation,3.850000211969018e-05,612,2,30,0.0,294183,ACL serializer; MobileAgentRuntime bundle serializer for A3,estimated_characters_div_4,synthetic-eval-v1
42,A3,TCK-00059,qa,3.809999907389283e-05,564,2,30,0.0,294691,ACL serializer; MobileAgentRuntime bundle serializer for A3,estimated_characters_div_4,synthetic-eval-v1
42,A3,TCK-00059,deployment,2.8800001018680632e-05,596,2,30,0.0,295219,ACL serializer; MobileAgentRuntime bundle serializer for A3,estimated_characters_div_4,synthetic-eval-v1
42,A3,TCK-00060,triage,3.3899996196851134e-05,580,2,28,0.0,296999,ACL serializer; MobileAgentRuntime bundle serializer for A3,estimated_characters_div_4,synthetic-eval-v1
42,A3,TCK-00060,assignment,2.8100002964492887e-05,596,2,28,0.0,297523,ACL serializer; MobileAgentRuntime bundle serializer for A3,estimated_characters_div_4,synthetic-eval-v1
42,A3,TCK-00060,investigation,2.819999644998461e-05,1213,3,28,0.0,298130,ACL serializer; MobileAgentRuntime bundle serializer for A3,estimated_characters_div_4,synthetic-eval-v1
42,A3,TCK-00060,implementation,2.7900001441594213e-05,612,2,28,0.0,298651,ACL serializer; MobileAgentRuntime bundle serializer for A3,estimated_characters_div_4,synthetic-eval-v1
42,A3,TCK-00060,qa,2.7599999157246202e-05,564,2,28,0.0,299159,ACL serializer; MobileAgentRuntime bundle serializer for A3,estimated_characters_div_4,synthetic-eval-v1
42,A3,TCK-00060,deployment,2.7399997634347528e-05,596,2,28,0.0,299687,ACL serializer; MobileAgentRuntime bundle serializer for A3,estimated_characters_div_4,synthetic-eval-v1
42,A3,TCK-00061,triage,4.269999772077426e-05,580,2,30,0.0,301484,ACL serializer; MobileAgentRuntime bundle serializer for A3,estimated_characters_div_4,synthetic-eval-v1
42,A3,TCK-00061,assignment,4.230000195093453e-05,596,2,30,0.0,302008,ACL serializer; MobileAgentRuntime bundle serializer for A3,estimated_characters_div_4,synthetic-eval-v1
42,A3,TCK-00061,investigation,4.939999780617654e-05,1213,3,30,0.0,302615,ACL serializer; MobileAgentRuntime bundle serializer for A3,estimated_characters_div_4,synthetic-eval-v1
42,A3,TCK-00061,implementation,2.8399997972883284e-05,612,2,30,0.0,303136,ACL serializer; MobileAgentRuntime bundle serializer for A3,estimated_characters_div_4,synthetic-eval-v1
42,A3,TCK-00061,qa,2.800000220304355e-05,564,2,30,0.0,303644,ACL serializer; MobileAgentRuntime bundle serializer for A3,estimated_characters_div_4,synthetic-eval-v1
42,A3,TCK-00061,deployment,2.7800000680144876e-05,596,2,30,0.0,304172,ACL serializer; MobileAgentRuntime bundle serializer for A3,estimated_characters_div_4,synthetic-eval-v1
42,A3,TCK-00062,triage,3.51999988197349e-05,580,2,28,0.0,305951,ACL serializer; MobileAgentRuntime bundle serializer for A3,estimated_characters_div_4,synthetic-eval-v1
42,A3,TCK-00062,assignment,2.7800000680144876e-05,596,2,28,0.0,306475,ACL serializer; MobileAgentRuntime bundle serializer for A3,estimated_characters_div_4,synthetic-eval-v1
42,A3,TCK-00062,investigation,3.089999518124387e-05,1213,3,28,0.0,307082,ACL serializer; MobileAgentRuntime bundle serializer for A3,estimated_characters_div_4,synthetic-eval-v1
42,A3,TCK-00062,implementation,2.769999991869554e-05,612,2,28,0.0,307603,ACL serializer; MobileAgentRuntime bundle serializer for A3,estimated_characters_div_4,synthetic-eval-v1
42,A3,TCK-00062,qa,2.7599999157246202e-05,564,2,28,0.0,308111,ACL serializer; MobileAgentRuntime bundle serializer for A3,estimated_characters_div_4,synthetic-eval-v1
42,A3,TCK-00062,deployment,2.6900001103058457e-05,596,2,28,0.0,308639,ACL serializer; MobileAgentRuntime bundle serializer for A3,estimated_characters_div_4,synthetic-eval-v1
42,A3,TCK-00063,triage,8.22000001790002e-05,580,2,45,0.0,310526,ACL serializer; MobileAgentRuntime bundle serializer for A3,estimated_characters_div_4,synthetic-eval-v1
42,A3,TCK-00063,assignment,3.289999585831538e-05,596,2,45,0.0,311052,ACL serializer; MobileAgentRuntime bundle serializer for A3,estimated_characters_div_4,synthetic-eval-v1
42,A3,TCK-00063,investigation,0.0001264000020455569,1213,3,45,0.0,311662,ACL serializer; MobileAgentRuntime bundle serializer for A3,estimated_characters_div_4,synthetic-eval-v1
42,A3,TCK-00063,implementation,4.550000448944047e-05,612,2,45,0.0,312184,ACL serializer; MobileAgentRuntime bundle serializer for A3,estimated_characters_div_4,synthetic-eval-v1
42,A3,TCK-00063,qa,6.850000499980524e-05,564,2,45,0.0,312686,ACL serializer; MobileAgentRuntime bundle serializer for A3,estimated_characters_div_4,synthetic-eval-v1
42,A3,TCK-00063,deployment,5.589999636868015e-05,596,2,45,0.0,313216,ACL serializer; MobileAgentRuntime bundle serializer for A3,estimated_characters_div_4,synthetic-eval-v1
42,A3,TCK-00064,triage,4.900000203633681e-05,580,2,28,0.0,314912,ACL serializer; MobileAgentRuntime bundle serializer for A3,estimated_characters_div_4,synthetic-eval-v1
42,A3,TCK-00064,assignment,2.939999831141904e-05,596,2,28,0.0,315436,ACL serializer; MobileAgentRuntime bundle serializer for A3,estimated_characters_div_4,synthetic-eval-v1
42,A3,TCK-00064,investigation,3.109999670414254e-05,1213,3,28,0.0,316043,ACL serializer; MobileAgentRuntime bundle serializer for A3,estimated_characters_div_4,synthetic-eval-v1
42,A3,TCK-00064,implementation,0.0001784999985829927,612,2,28,0.0,316564,ACL serializer; MobileAgentRuntime bundle serializer for A3,estimated_characters_div_4,synthetic-eval-v1
42,A3,TCK-00064,qa,0.0001145999995060265,564,2,28,0.0,317072,ACL serializer; MobileAgentRuntime bundle serializer for A3,estimated_characters_div_4,synthetic-eval-v1
42,A3,TCK-00064,deployment,9.40000027185306e-05,596,2,28,0.0,317600,ACL serializer; MobileAgentRuntime bundle serializer for A3,estimated_characters_div_4,synthetic-eval-v1
42,A3,TCK-00065,triage,8.64000030560419e-05,580,2,30,0.0,319531,ACL serializer; MobileAgentRuntime bundle serializer for A3,estimated_characters_div_4,synthetic-eval-v1
42,A3,TCK-00065,assignment,0.00012399999832268804,596,2,30,0.0,320055,ACL serializer; MobileAgentRuntime bundle serializer for A3,estimated_characters_div_4,synthetic-eval-v1
42,A3,TCK-00065,investigation,0.0003097000007983297,1213,3,30,0.0,320662,ACL serializer; MobileAgentRuntime bundle serializer for A3,estimated_characters_div_4,synthetic-eval-v1
42,A3,TCK-00065,implementation,0.00013509999553207308,612,2,30,0.0,321183,ACL serializer; MobileAgentRuntime bundle serializer for A3,estimated_characters_div_4,synthetic-eval-v1
42,A3,TCK-00065,qa,7.74000000092201e-05,564,2,30,0.0,321691,ACL serializer; MobileAgentRuntime bundle serializer for A3,estimated_characters_div_4,synthetic-eval-v1
42,A3,TCK-00065,deployment,4.310000076657161e-05,596,2,30,0.0,322219,ACL serializer; MobileAgentRuntime bundle serializer for A3,estimated_characters_div_4,synthetic-eval-v1
42,A3,TCK-00066,triage,0.00010130000009667128,580,2,28,0.0,324095,ACL serializer; MobileAgentRuntime bundle serializer for A3,estimated_characters_div_4,synthetic-eval-v1
42,A3,TCK-00066,assignment,0.00010589999874355271,596,2,28,0.0,324619,ACL serializer; MobileAgentRuntime bundle serializer for A3,estimated_characters_div_4,synthetic-eval-v1
42,A3,TCK-00066,investigation,0.00013310000213095918,1213,3,28,0.0,325226,ACL serializer; MobileAgentRuntime bundle serializer for A3,estimated_characters_div_4,synthetic-eval-v1
42,A3,TCK-00066,implementation,8.560000424040481e-05,612,2,28,0.0,325747,ACL serializer; MobileAgentRuntime bundle serializer for A3,estimated_characters_div_4,synthetic-eval-v1
42,A3,TCK-00066,qa,6.320000102277845e-05,564,2,28,0.0,326255,ACL serializer; MobileAgentRuntime bundle serializer for A3,estimated_characters_div_4,synthetic-eval-v1
42,A3,TCK-00066,deployment,3.879999712808058e-05,596,2,28,0.0,327231,ACL serializer; MobileAgentRuntime bundle serializer for A3,estimated_characters_div_4,synthetic-eval-v1
42,A3,TCK-00067,triage,4.220000118948519e-05,580,2,30,0.0,329027,ACL serializer; MobileAgentRuntime bundle serializer for A3,estimated_characters_div_4,synthetic-eval-v1
42,A3,TCK-00067,assignment,2.9699993319809437e-05,596,2,30,0.0,329551,ACL serializer; MobileAgentRuntime bundle serializer for A3,estimated_characters_div_4,synthetic-eval-v1
42,A3,TCK-00067,investigation,3.479999577393755e-05,1213,3,30,0.0,330158,ACL serializer; MobileAgentRuntime bundle serializer for A3,estimated_characters_div_4,synthetic-eval-v1
42,A3,TCK-00067,implementation,2.939999831141904e-05,612,2,30,0.0,330679,ACL serializer; MobileAgentRuntime bundle serializer for A3,estimated_characters_div_4,synthetic-eval-v1
42,A3,TCK-00067,qa,5.01000031363219e-05,564,2,30,0.0,331187,ACL serializer; MobileAgentRuntime bundle serializer for A3,estimated_characters_div_4,synthetic-eval-v1
42,A3,TCK-00067,deployment,5.5800002883188426e-05,596,2,30,0.0,331715,ACL serializer; MobileAgentRuntime bundle serializer for A3,estimated_characters_div_4,synthetic-eval-v1
42,A3,TCK-00068,triage,3.899999865097925e-05,580,2,28,0.0,333495,ACL serializer; MobileAgentRuntime bundle serializer for A3,estimated_characters_div_4,synthetic-eval-v1
42,A3,TCK-00068,assignment,2.9800001357216388e-05,596,2,28,0.0,334019,ACL serializer; MobileAgentRuntime bundle serializer for A3,estimated_characters_div_4,synthetic-eval-v1
42,A3,TCK-00068,investigation,2.9900002118665725e-05,1213,3,28,0.0,334626,ACL serializer; MobileAgentRuntime bundle serializer for A3,estimated_characters_div_4,synthetic-eval-v1
42,A3,TCK-00068,implementation,3.550000110408291e-05,612,2,28,0.0,335147,ACL serializer; MobileAgentRuntime bundle serializer for A3,estimated_characters_div_4,synthetic-eval-v1
42,A3,TCK-00068,qa,2.8800001018680632e-05,564,2,28,0.0,335655,ACL serializer; MobileAgentRuntime bundle serializer for A3,estimated_characters_div_4,synthetic-eval-v1
42,A3,TCK-00068,deployment,2.8800001018680632e-05,596,2,28,0.0,336183,ACL serializer; MobileAgentRuntime bundle serializer for A3,estimated_characters_div_4,synthetic-eval-v1
42,A3,TCK-00069,triage,4.990000161342323e-05,580,2,30,0.0,338003,ACL serializer; MobileAgentRuntime bundle serializer for A3,estimated_characters_div_4,synthetic-eval-v1
42,A3,TCK-00069,assignment,3.1100003980100155e-05,596,2,30,0.0,338527,ACL serializer; MobileAgentRuntime bundle serializer for A3,estimated_characters_div_4,synthetic-eval-v1
42,A3,TCK-00069,investigation,3.210000431863591e-05,1213,3,30,0.0,339134,ACL serializer; MobileAgentRuntime bundle serializer for A3,estimated_characters_div_4,synthetic-eval-v1
42,A3,TCK-00069,implementation,2.9100003303028643e-05,612,2,30,0.0,339655,ACL serializer; MobileAgentRuntime bundle serializer for A3,estimated_characters_div_4,synthetic-eval-v1
42,A3,TCK-00069,qa,2.950000634882599e-05,564,2,30,0.0,340163,ACL serializer; MobileAgentRuntime bundle serializer for A3,estimated_characters_div_4,synthetic-eval-v1
42,A3,TCK-00069,deployment,7.90999984019436e-05,596,2,30,0.015625,340691,ACL serializer; MobileAgentRuntime bundle serializer for A3,estimated_characters_div_4,synthetic-eval-v1
42,A3,TCK-00070,triage,5.5999997130129486e-05,580,2,43,0.0,342554,ACL serializer; MobileAgentRuntime bundle serializer for A3,estimated_characters_div_4,synthetic-eval-v1
42,A3,TCK-00070,assignment,5.830000009154901e-05,596,2,43,0.0,343080,ACL serializer; MobileAgentRuntime bundle serializer for A3,estimated_characters_div_4,synthetic-eval-v1
42,A3,TCK-00070,investigation,5.140000575920567e-05,1213,3,43,0.0,343690,ACL serializer; MobileAgentRuntime bundle serializer for A3,estimated_characters_div_4,synthetic-eval-v1
42,A3,TCK-00070,implementation,3.0399998649954796e-05,612,2,43,0.0,344212,ACL serializer; MobileAgentRuntime bundle serializer for A3,estimated_characters_div_4,synthetic-eval-v1
42,A3,TCK-00070,qa,2.970000059576705e-05,564,2,43,0.0,344714,ACL serializer; MobileAgentRuntime bundle serializer for A3,estimated_characters_div_4,synthetic-eval-v1
42,A3,TCK-00070,deployment,3.0199997127056122e-05,596,2,43,0.0,345244,ACL serializer; MobileAgentRuntime bundle serializer for A3,estimated_characters_div_4,synthetic-eval-v1
42,A3,TCK-00071,triage,5.2100003813393414e-05,580,2,30,0.0,346963,ACL serializer; MobileAgentRuntime bundle serializer for A3,estimated_characters_div_4,synthetic-eval-v1
42,A3,TCK-00071,assignment,2.9499999072868377e-05,596,2,30,0.0,347487,ACL serializer; MobileAgentRuntime bundle serializer for A3,estimated_characters_div_4,synthetic-eval-v1
42,A3,TCK-00071,investigation,3.01000036415644e-05,1213,3,30,0.0,348094,ACL serializer; MobileAgentRuntime bundle serializer for A3,estimated_characters_div_4,synthetic-eval-v1
42,A3,TCK-00071,implementation,6.209999992279336e-05,612,2,30,0.0,348615,ACL serializer; MobileAgentRuntime bundle serializer for A3,estimated_characters_div_4,synthetic-eval-v1
42,A3,TCK-00071,qa,8.859999798005447e-05,564,2,30,0.0,349123,ACL serializer; MobileAgentRuntime bundle serializer for A3,estimated_characters_div_4,synthetic-eval-v1
42,A3,TCK-00071,deployment,8.879999950295314e-05,596,2,30,0.0,349651,ACL serializer; MobileAgentRuntime bundle serializer for A3,estimated_characters_div_4,synthetic-eval-v1
42,A3,TCK-00072,triage,4.900000203633681e-05,580,2,28,0.0,351495,ACL serializer; MobileAgentRuntime bundle serializer for A3,estimated_characters_div_4,synthetic-eval-v1
42,A3,TCK-00072,assignment,3.0199997127056122e-05,596,2,28,0.0,352019,ACL serializer; MobileAgentRuntime bundle serializer for A3,estimated_characters_div_4,synthetic-eval-v1
42,A3,TCK-00072,investigation,3.100000321865082e-05,1213,3,28,0.0,352626,ACL serializer; MobileAgentRuntime bundle serializer for A3,estimated_characters_div_4,synthetic-eval-v1
42,A3,TCK-00072,implementation,3.5899996873922646e-05,612,2,28,0.0,353147,ACL serializer; MobileAgentRuntime bundle serializer for A3,estimated_characters_div_4,synthetic-eval-v1
42,A3,TCK-00072,qa,2.9000002541579306e-05,564,2,28,0.0,353655,ACL serializer; MobileAgentRuntime bundle serializer for A3,estimated_characters_div_4,synthetic-eval-v1
42,A3,TCK-00072,deployment,3.0200004403013736e-05,596,2,28,0.0,354183,ACL serializer; MobileAgentRuntime bundle serializer for A3,estimated_characters_div_4,synthetic-eval-v1
42,A3,TCK-00073,triage,4.9299997044727206e-05,580,2,30,0.0,355979,ACL serializer; MobileAgentRuntime bundle serializer for A3,estimated_characters_div_4,synthetic-eval-v1
42,A3,TCK-00073,assignment,2.8999995265621692e-05,596,2,30,0.0,356503,ACL serializer; MobileAgentRuntime bundle serializer for A3,estimated_characters_div_4,synthetic-eval-v1
42,A3,TCK-00073,investigation,2.9499999072868377e-05,1213,3,30,0.0,357110,ACL serializer; MobileAgentRuntime bundle serializer for A3,estimated_characters_div_4,synthetic-eval-v1
42,A3,TCK-00073,implementation,3.4000004234258085e-05,612,2,30,0.0,357631,ACL serializer; MobileAgentRuntime bundle serializer for A3,estimated_characters_div_4,synthetic-eval-v1
42,A3,TCK-00073,qa,2.920000406447798e-05,564,2,30,0.0,358139,ACL serializer; MobileAgentRuntime bundle serializer for A3,estimated_characters_div_4,synthetic-eval-v1
42,A3,TCK-00073,deployment,2.8200003725942224e-05,596,2,30,0.0,358667,ACL serializer; MobileAgentRuntime bundle serializer for A3,estimated_characters_div_4,synthetic-eval-v1
42,A3,TCK-00074,triage,4.419999459059909e-05,580,2,28,0.0,360448,ACL serializer; MobileAgentRuntime bundle serializer for A3,estimated_characters_div_4,synthetic-eval-v1
42,A3,TCK-00074,assignment,3.909999941242859e-05,596,2,28,0.0,360972,ACL serializer; MobileAgentRuntime bundle serializer for A3,estimated_characters_div_4,synthetic-eval-v1
42,A3,TCK-00074,investigation,3.060000017285347e-05,1213,3,28,0.0,361579,ACL serializer; MobileAgentRuntime bundle serializer for A3,estimated_characters_div_4,synthetic-eval-v1
42,A3,TCK-00074,implementation,2.8999995265621692e-05,612,2,28,0.0,362100,ACL serializer; MobileAgentRuntime bundle serializer for A3,estimated_characters_div_4,synthetic-eval-v1
42,A3,TCK-00074,qa,2.920000406447798e-05,564,2,28,0.0,362608,ACL serializer; MobileAgentRuntime bundle serializer for A3,estimated_characters_div_4,synthetic-eval-v1
42,A3,TCK-00074,deployment,3.499999729683623e-05,596,2,28,0.0,363136,ACL serializer; MobileAgentRuntime bundle serializer for A3,estimated_characters_div_4,synthetic-eval-v1
42,A3,TCK-00075,triage,3.429999924264848e-05,580,2,30,0.0,364932,ACL serializer; MobileAgentRuntime bundle serializer for A3,estimated_characters_div_4,synthetic-eval-v1
42,A3,TCK-00075,assignment,3.2099997042678297e-05,596,2,30,0.0,365456,ACL serializer; MobileAgentRuntime bundle serializer for A3,estimated_characters_div_4,synthetic-eval-v1
42,A3,TCK-00075,investigation,2.8599999495781958e-05,1213,3,30,0.0,366063,ACL serializer; MobileAgentRuntime bundle serializer for A3,estimated_characters_div_4,synthetic-eval-v1
42,A3,TCK-00075,implementation,2.8400005248840898e-05,612,2,30,0.0,366584,ACL serializer; MobileAgentRuntime bundle serializer for A3,estimated_characters_div_4,synthetic-eval-v1
42,A3,TCK-00075,qa,2.7599999157246202e-05,564,2,30,0.0,367092,ACL serializer; MobileAgentRuntime bundle serializer for A3,estimated_characters_div_4,synthetic-eval-v1
42,A3,TCK-00075,deployment,2.729999687289819e-05,596,2,30,0.0,367620,ACL serializer; MobileAgentRuntime bundle serializer for A3,estimated_characters_div_4,synthetic-eval-v1
42,A3,TCK-00076,triage,4.719999560620636e-05,580,2,28,0.0,369400,ACL serializer; MobileAgentRuntime bundle serializer for A3,estimated_characters_div_4,synthetic-eval-v1
42,A3,TCK-00076,assignment,2.8599999495781958e-05,596,2,28,0.0,370436,ACL serializer; MobileAgentRuntime bundle serializer for A3,estimated_characters_div_4,synthetic-eval-v1
42,A3,TCK-00076,investigation,2.890000178012997e-05,1213,3,28,0.0,371043,ACL serializer; MobileAgentRuntime bundle serializer for A3,estimated_characters_div_4,synthetic-eval-v1
42,A3,TCK-00076,implementation,3.0199997127056122e-05,612,2,28,0.0,371564,ACL serializer; MobileAgentRuntime bundle serializer for A3,estimated_characters_div_4,synthetic-eval-v1
42,A3,TCK-00076,qa,2.750000567175448e-05,564,2,28,0.0,372072,ACL serializer; MobileAgentRuntime bundle serializer for A3,estimated_characters_div_4,synthetic-eval-v1
42,A3,TCK-00076,deployment,2.78999941656366e-05,596,2,28,0.0,372600,ACL serializer; MobileAgentRuntime bundle serializer for A3,estimated_characters_div_4,synthetic-eval-v1
42,A3,TCK-00077,triage,3.569999535102397e-05,580,2,45,0.0,374614,ACL serializer; MobileAgentRuntime bundle serializer for A3,estimated_characters_div_4,synthetic-eval-v1
42,A3,TCK-00077,assignment,2.8700000257231295e-05,596,2,45,0.0,375140,ACL serializer; MobileAgentRuntime bundle serializer for A3,estimated_characters_div_4,synthetic-eval-v1
42,A3,TCK-00077,investigation,3.2999996619764715e-05,1213,3,45,0.0,375750,ACL serializer; MobileAgentRuntime bundle serializer for A3,estimated_characters_div_4,synthetic-eval-v1
42,A3,TCK-00077,implementation,4.3600004573818296e-05,612,2,45,0.0,376272,ACL serializer; MobileAgentRuntime bundle serializer for A3,estimated_characters_div_4,synthetic-eval-v1
42,A3,TCK-00077,qa,4.600000102072954e-05,564,2,45,0.0,376774,ACL serializer; MobileAgentRuntime bundle serializer for A3,estimated_characters_div_4,synthetic-eval-v1
42,A3,TCK-00077,deployment,3.060000017285347e-05,596,2,45,0.0,377304,ACL serializer; MobileAgentRuntime bundle serializer for A3,estimated_characters_div_4,synthetic-eval-v1
42,A3,TCK-00078,triage,3.979999746661633e-05,580,2,28,0.0,379127,ACL serializer; MobileAgentRuntime bundle serializer for A3,estimated_characters_div_4,synthetic-eval-v1
42,A3,TCK-00078,assignment,3.060000017285347e-05,596,2,28,0.0,379651,ACL serializer; MobileAgentRuntime bundle serializer for A3,estimated_characters_div_4,synthetic-eval-v1
42,A3,TCK-00078,investigation,2.9299997549969703e-05,1213,3,28,0.0,380258,ACL serializer; MobileAgentRuntime bundle serializer for A3,estimated_characters_div_4,synthetic-eval-v1
42,A3,TCK-00078,implementation,2.7999994927085936e-05,612,2,28,0.0,380779,ACL serializer; MobileAgentRuntime bundle serializer for A3,estimated_characters_div_4,synthetic-eval-v1
42,A3,TCK-00078,qa,2.769999991869554e-05,564,2,28,0.0,381287,ACL serializer; MobileAgentRuntime bundle serializer for A3,estimated_characters_div_4,synthetic-eval-v1
42,A3,TCK-00078,deployment,2.8299997211433947e-05,596,2,28,0.0,381815,ACL serializer; MobileAgentRuntime bundle serializer for A3,estimated_characters_div_4,synthetic-eval-v1
42,A3,TCK-00079,triage,4.8800000513438135e-05,580,2,30,0.0,383627,ACL serializer; MobileAgentRuntime bundle serializer for A3,estimated_characters_div_4,synthetic-eval-v1
42,A3,TCK-00079,assignment,2.9400005587376654e-05,596,2,30,0.0,384151,ACL serializer; MobileAgentRuntime bundle serializer for A3,estimated_characters_div_4,synthetic-eval-v1
42,A3,TCK-00079,investigation,2.890000178012997e-05,1213,3,30,0.0,384758,ACL serializer; MobileAgentRuntime bundle serializer for A3,estimated_characters_div_4,synthetic-eval-v1
42,A3,TCK-00079,implementation,2.890000178012997e-05,612,2,30,0.0,385279,ACL serializer; MobileAgentRuntime bundle serializer for A3,estimated_characters_div_4,synthetic-eval-v1
42,A3,TCK-00079,qa,2.7499998395796865e-05,564,2,30,0.0,385787,ACL serializer; MobileAgentRuntime bundle serializer for A3,estimated_characters_div_4,synthetic-eval-v1
42,A3,TCK-00079,deployment,2.7499998395796865e-05,596,2,30,0.0,386315,ACL serializer; MobileAgentRuntime bundle serializer for A3,estimated_characters_div_4,synthetic-eval-v1
42,A3,TCK-00080,triage,3.8100006349850446e-05,580,2,28,0.0,388094,ACL serializer; MobileAgentRuntime bundle serializer for A3,estimated_characters_div_4,synthetic-eval-v1
42,A3,TCK-00080,assignment,4.0899998566601425e-05,596,2,28,0.0,388618,ACL serializer; MobileAgentRuntime bundle serializer for A3,estimated_characters_div_4,synthetic-eval-v1
42,A3,TCK-00080,investigation,4.3300002289470285e-05,1213,3,28,0.0,389225,ACL serializer; MobileAgentRuntime bundle serializer for A3,estimated_characters_div_4,synthetic-eval-v1
42,A3,TCK-00080,implementation,9.429999772692099e-05,612,2,28,0.0,389746,ACL serializer; MobileAgentRuntime bundle serializer for A3,estimated_characters_div_4,synthetic-eval-v1
42,A3,TCK-00080,qa,4.3000000005122274e-05,564,2,28,0.0,390254,ACL serializer; MobileAgentRuntime bundle serializer for A3,estimated_characters_div_4,synthetic-eval-v1
42,A3,TCK-00080,deployment,3.429999924264848e-05,596,2,28,0.0,390782,ACL serializer; MobileAgentRuntime bundle serializer for A3,estimated_characters_div_4,synthetic-eval-v1
42,A3,TCK-00081,triage,4.810000245925039e-05,580,2,30,0.0,392578,ACL serializer; MobileAgentRuntime bundle serializer for A3,estimated_characters_div_4,synthetic-eval-v1
42,A3,TCK-00081,assignment,2.920000406447798e-05,596,2,30,0.0,393102,ACL serializer; MobileAgentRuntime bundle serializer for A3,estimated_characters_div_4,synthetic-eval-v1
42,A3,TCK-00081,investigation,6.380000559147447e-05,1213,3,30,0.015625,393709,ACL serializer; MobileAgentRuntime bundle serializer for A3,estimated_characters_div_4,synthetic-eval-v1
42,A3,TCK-00081,implementation,5.199999577598646e-05,612,2,30,0.0,394230,ACL serializer; MobileAgentRuntime bundle serializer for A3,estimated_characters_div_4,synthetic-eval-v1
42,A3,TCK-00081,qa,0.00014910000027157366,564,2,30,0.0,394738,ACL serializer; MobileAgentRuntime bundle serializer for A3,estimated_characters_div_4,synthetic-eval-v1
42,A3,TCK-00081,deployment,0.00041969999438151717,596,2,30,0.0,395266,ACL serializer; MobileAgentRuntime bundle serializer for A3,estimated_characters_div_4,synthetic-eval-v1
42,A3,TCK-00082,triage,4.6799999836366624e-05,580,2,28,0.0,397047,ACL serializer; MobileAgentRuntime bundle serializer for A3,estimated_characters_div_4,synthetic-eval-v1
42,A3,TCK-00082,assignment,2.920000406447798e-05,596,2,28,0.0,397571,ACL serializer; MobileAgentRuntime bundle serializer for A3,estimated_characters_div_4,synthetic-eval-v1
42,A3,TCK-00082,investigation,2.849999873433262e-05,1213,3,28,0.0,398178,ACL serializer; MobileAgentRuntime bundle serializer for A3,estimated_characters_div_4,synthetic-eval-v1
42,A3,TCK-00082,implementation,3.289999585831538e-05,612,2,28,0.0,398699,ACL serializer; MobileAgentRuntime bundle serializer for A3,estimated_characters_div_4,synthetic-eval-v1
42,A3,TCK-00082,qa,2.939999831141904e-05,564,2,28,0.0,399207,ACL serializer; MobileAgentRuntime bundle serializer for A3,estimated_characters_div_4,synthetic-eval-v1
42,A3,TCK-00082,deployment,2.7599999157246202e-05,596,2,28,0.0,399735,ACL serializer; MobileAgentRuntime bundle serializer for A3,estimated_characters_div_4,synthetic-eval-v1
42,A3,TCK-00083,triage,4.649999755201861e-05,580,2,30,0.0,401531,ACL serializer; MobileAgentRuntime bundle serializer for A3,estimated_characters_div_4,synthetic-eval-v1
42,A3,TCK-00083,assignment,2.819999644998461e-05,596,2,30,0.0,402055,ACL serializer; MobileAgentRuntime bundle serializer for A3,estimated_characters_div_4,synthetic-eval-v1
42,A3,TCK-00083,investigation,2.939999831141904e-05,1213,3,30,0.0,402662,ACL serializer; MobileAgentRuntime bundle serializer for A3,estimated_characters_div_4,synthetic-eval-v1
42,A3,TCK-00083,implementation,2.830000448739156e-05,612,2,30,0.0,403183,ACL serializer; MobileAgentRuntime bundle serializer for A3,estimated_characters_div_4,synthetic-eval-v1
42,A3,TCK-00083,qa,5.1200004236306995e-05,564,2,30,0.0,403691,ACL serializer; MobileAgentRuntime bundle serializer for A3,estimated_characters_div_4,synthetic-eval-v1
42,A3,TCK-00083,deployment,2.819999644998461e-05,596,2,30,0.0,404219,ACL serializer; MobileAgentRuntime bundle serializer for A3,estimated_characters_div_4,synthetic-eval-v1
42,A3,TCK-00084,triage,7.959999493323267e-05,580,2,42,0.0,406080,ACL serializer; MobileAgentRuntime bundle serializer for A3,estimated_characters_div_4,synthetic-eval-v1
42,A3,TCK-00084,assignment,7.779999577905983e-05,596,2,42,0.0,406606,ACL serializer; MobileAgentRuntime bundle serializer for A3,estimated_characters_div_4,synthetic-eval-v1
42,A3,TCK-00084,investigation,3.860000288113952e-05,1213,3,42,0.0,407216,ACL serializer; MobileAgentRuntime bundle serializer for A3,estimated_characters_div_4,synthetic-eval-v1
42,A3,TCK-00084,implementation,8.19000051706098e-05,612,2,42,0.0,407738,ACL serializer; MobileAgentRuntime bundle serializer for A3,estimated_characters_div_4,synthetic-eval-v1
42,A3,TCK-00084,qa,3.529999958118424e-05,564,2,42,0.0,408240,ACL serializer; MobileAgentRuntime bundle serializer for A3,estimated_characters_div_4,synthetic-eval-v1
42,A3,TCK-00084,deployment,2.8599999495781958e-05,596,2,42,0.0,408770,ACL serializer; MobileAgentRuntime bundle serializer for A3,estimated_characters_div_4,synthetic-eval-v1
42,A3,TCK-00085,triage,4.169999738223851e-05,580,2,30,0.0,410491,ACL serializer; MobileAgentRuntime bundle serializer for A3,estimated_characters_div_4,synthetic-eval-v1
42,A3,TCK-00085,assignment,2.9800001357216388e-05,596,2,30,0.0,411015,ACL serializer; MobileAgentRuntime bundle serializer for A3,estimated_characters_div_4,synthetic-eval-v1
42,A3,TCK-00085,investigation,2.8700000257231295e-05,1213,3,30,0.0,411622,ACL serializer; MobileAgentRuntime bundle serializer for A3,estimated_characters_div_4,synthetic-eval-v1
42,A3,TCK-00085,implementation,3.0399998649954796e-05,612,2,30,0.0,412143,ACL serializer; MobileAgentRuntime bundle serializer for A3,estimated_characters_div_4,synthetic-eval-v1
42,A3,TCK-00085,qa,2.800000220304355e-05,564,2,30,0.0,412651,ACL serializer; MobileAgentRuntime bundle serializer for A3,estimated_characters_div_4,synthetic-eval-v1
42,A3,TCK-00085,deployment,2.7999994927085936e-05,596,2,30,0.0,413179,ACL serializer; MobileAgentRuntime bundle serializer for A3,estimated_characters_div_4,synthetic-eval-v1
42,A3,TCK-00086,triage,6.150000263005495e-05,580,2,28,0.0,414999,ACL serializer; MobileAgentRuntime bundle serializer for A3,estimated_characters_div_4,synthetic-eval-v1
42,A3,TCK-00086,assignment,2.8800001018680632e-05,596,2,28,0.0,415523,ACL serializer; MobileAgentRuntime bundle serializer for A3,estimated_characters_div_4,synthetic-eval-v1
42,A3,TCK-00086,investigation,2.9299997549969703e-05,1213,3,28,0.0,416130,ACL serializer; MobileAgentRuntime bundle serializer for A3,estimated_characters_div_4,synthetic-eval-v1
42,A3,TCK-00086,implementation,2.7499998395796865e-05,612,2,28,0.0,416651,ACL serializer; MobileAgentRuntime bundle serializer for A3,estimated_characters_div_4,synthetic-eval-v1
42,A3,TCK-00086,qa,2.6900001103058457e-05,564,2,28,0.0,417159,ACL serializer; MobileAgentRuntime bundle serializer for A3,estimated_characters_div_4,synthetic-eval-v1
42,A3,TCK-00086,deployment,2.7900001441594213e-05,596,2,28,0.0,418263,ACL serializer; MobileAgentRuntime bundle serializer for A3,estimated_characters_div_4,synthetic-eval-v1
42,A3,TCK-00087,triage,4.780000017490238e-05,580,2,30,0.0,420060,ACL serializer; MobileAgentRuntime bundle serializer for A3,estimated_characters_div_4,synthetic-eval-v1
42,A3,TCK-00087,assignment,2.7800000680144876e-05,596,2,30,0.0,420584,ACL serializer; MobileAgentRuntime bundle serializer for A3,estimated_characters_div_4,synthetic-eval-v1
42,A3,TCK-00087,investigation,2.9499999072868377e-05,1213,3,30,0.0,421191,ACL serializer; MobileAgentRuntime bundle serializer for A3,estimated_characters_div_4,synthetic-eval-v1
42,A3,TCK-00087,implementation,2.660000609466806e-05,612,2,30,0.0,421712,ACL serializer; MobileAgentRuntime bundle serializer for A3,estimated_characters_div_4,synthetic-eval-v1
42,A3,TCK-00087,qa,2.6900001103058457e-05,564,2,30,0.0,422220,ACL serializer; MobileAgentRuntime bundle serializer for A3,estimated_characters_div_4,synthetic-eval-v1
42,A3,TCK-00087,deployment,2.600000152597204e-05,596,2,30,0.0,422748,ACL serializer; MobileAgentRuntime bundle serializer for A3,estimated_characters_div_4,synthetic-eval-v1
42,A3,TCK-00088,triage,2.9800001357216388e-05,580,2,28,0.0,424528,ACL serializer; MobileAgentRuntime bundle serializer for A3,estimated_characters_div_4,synthetic-eval-v1
42,A3,TCK-00088,assignment,2.9499999072868377e-05,596,2,28,0.0,425052,ACL serializer; MobileAgentRuntime bundle serializer for A3,estimated_characters_div_4,synthetic-eval-v1
42,A3,TCK-00088,investigation,2.720000338740647e-05,1213,3,28,0.0,425659,ACL serializer; MobileAgentRuntime bundle serializer for A3,estimated_characters_div_4,synthetic-eval-v1
42,A3,TCK-00088,implementation,2.649999805726111e-05,612,2,28,0.0,426180,ACL serializer; MobileAgentRuntime bundle serializer for A3,estimated_characters_div_4,synthetic-eval-v1
42,A3,TCK-00088,qa,2.59000007645227e-05,564,2,28,0.0,426688,ACL serializer; MobileAgentRuntime bundle serializer for A3,estimated_characters_div_4,synthetic-eval-v1
42,A3,TCK-00088,deployment,4.890000127488747e-05,596,2,28,0.0,427216,ACL serializer; MobileAgentRuntime bundle serializer for A3,estimated_characters_div_4,synthetic-eval-v1
42,A3,TCK-00089,triage,4.739999712910503e-05,580,2,30,0.0,428988,ACL serializer; MobileAgentRuntime bundle serializer for A3,estimated_characters_div_4,synthetic-eval-v1
42,A3,TCK-00089,assignment,2.819999644998461e-05,596,2,30,0.0,429512,ACL serializer; MobileAgentRuntime bundle serializer for A3,estimated_characters_div_4,synthetic-eval-v1
42,A3,TCK-00089,investigation,2.7599999157246202e-05,1213,3,30,0.0,430119,ACL serializer; MobileAgentRuntime bundle serializer for A3,estimated_characters_div_4,synthetic-eval-v1
42,A3,TCK-00089,implementation,2.699999458855018e-05,612,2,30,0.0,430640,ACL serializer; MobileAgentRuntime bundle serializer for A3,estimated_characters_div_4,synthetic-eval-v1
42,A3,TCK-00089,qa,2.720000338740647e-05,564,2,30,0.0,431148,ACL serializer; MobileAgentRuntime bundle serializer for A3,estimated_characters_div_4,synthetic-eval-v1
42,A3,TCK-00089,deployment,2.6599998818710446e-05,596,2,30,0.0,431676,ACL serializer; MobileAgentRuntime bundle serializer for A3,estimated_characters_div_4,synthetic-eval-v1
42,A3,TCK-00090,triage,4.7299996367655694e-05,580,2,28,0.0,433456,ACL serializer; MobileAgentRuntime bundle serializer for A3,estimated_characters_div_4,synthetic-eval-v1
42,A3,TCK-00090,assignment,2.8100002964492887e-05,596,2,28,0.0,433980,ACL serializer; MobileAgentRuntime bundle serializer for A3,estimated_characters_div_4,synthetic-eval-v1
42,A3,TCK-00090,investigation,2.8599999495781958e-05,1213,3,28,0.0,434587,ACL serializer; MobileAgentRuntime bundle serializer for A3,estimated_characters_div_4,synthetic-eval-v1
42,A3,TCK-00090,implementation,2.7000001864507794e-05,612,2,28,0.0,435108,ACL serializer; MobileAgentRuntime bundle serializer for A3,estimated_characters_div_4,synthetic-eval-v1
42,A3,TCK-00090,qa,2.6400004571769387e-05,564,2,28,0.0,435616,ACL serializer; MobileAgentRuntime bundle serializer for A3,estimated_characters_div_4,synthetic-eval-v1
42,A3,TCK-00090,deployment,2.600000152597204e-05,596,2,28,0.0,436144,ACL serializer; MobileAgentRuntime bundle serializer for A3,estimated_characters_div_4,synthetic-eval-v1
42,A3,TCK-00091,triage,4.2400002712383866e-05,580,2,45,0.0,438032,ACL serializer; MobileAgentRuntime bundle serializer for A3,estimated_characters_div_4,synthetic-eval-v1
42,A3,TCK-00091,assignment,7.790000381646678e-05,596,2,45,0.0,438558,ACL serializer; MobileAgentRuntime bundle serializer for A3,estimated_characters_div_4,synthetic-eval-v1
42,A3,TCK-00091,investigation,2.9599999834317714e-05,1213,3,45,0.0,439168,ACL serializer; MobileAgentRuntime bundle serializer for A3,estimated_characters_div_4,synthetic-eval-v1
42,A3,TCK-00091,implementation,2.830000448739156e-05,612,2,45,0.0,439690,ACL serializer; MobileAgentRuntime bundle serializer for A3,estimated_characters_div_4,synthetic-eval-v1
42,A3,TCK-00091,qa,2.7400004910305142e-05,564,2,45,0.0,440192,ACL serializer; MobileAgentRuntime bundle serializer for A3,estimated_characters_div_4,synthetic-eval-v1
42,A3,TCK-00091,deployment,2.680000034160912e-05,596,2,45,0.0,440722,ACL serializer; MobileAgentRuntime bundle serializer for A3,estimated_characters_div_4,synthetic-eval-v1
42,A3,TCK-00092,triage,3.070000093430281e-05,580,2,28,0.0,442415,ACL serializer; MobileAgentRuntime bundle serializer for A3,estimated_characters_div_4,synthetic-eval-v1
42,A3,TCK-00092,assignment,2.710000262595713e-05,596,2,28,0.0,442939,ACL serializer; MobileAgentRuntime bundle serializer for A3,estimated_characters_div_4,synthetic-eval-v1
42,A3,TCK-00092,investigation,2.78999941656366e-05,1213,3,28,0.0,443546,ACL serializer; MobileAgentRuntime bundle serializer for A3,estimated_characters_div_4,synthetic-eval-v1
42,A3,TCK-00092,implementation,2.649999805726111e-05,612,2,28,0.0,444067,ACL serializer; MobileAgentRuntime bundle serializer for A3,estimated_characters_div_4,synthetic-eval-v1
42,A3,TCK-00092,qa,2.609999501146376e-05,564,2,28,0.0,444575,ACL serializer; MobileAgentRuntime bundle serializer for A3,estimated_characters_div_4,synthetic-eval-v1
42,A3,TCK-00092,deployment,2.6100002287421376e-05,596,2,28,0.0,445103,ACL serializer; MobileAgentRuntime bundle serializer for A3,estimated_characters_div_4,synthetic-eval-v1
42,A3,TCK-00093,triage,4.249999619787559e-05,580,2,30,0.0,447091,ACL serializer; MobileAgentRuntime bundle serializer for A3,estimated_characters_div_4,synthetic-eval-v1
42,A3,TCK-00093,assignment,2.769999991869554e-05,596,2,30,0.0,447615,ACL serializer; MobileAgentRuntime bundle serializer for A3,estimated_characters_div_4,synthetic-eval-v1
42,A3,TCK-00093,investigation,2.7499998395796865e-05,1213,3,30,0.0,448222,ACL serializer; MobileAgentRuntime bundle serializer for A3,estimated_characters_div_4,synthetic-eval-v1
42,A3,TCK-00093,implementation,2.7399997634347528e-05,612,2,30,0.0,448743,ACL serializer; MobileAgentRuntime bundle serializer for A3,estimated_characters_div_4,synthetic-eval-v1
42,A3,TCK-00093,qa,2.61999957729131e-05,564,2,30,0.0,449251,ACL serializer; MobileAgentRuntime bundle serializer for A3,estimated_characters_div_4,synthetic-eval-v1
42,A3,TCK-00093,deployment,2.59000007645227e-05,596,2,30,0.0,449779,ACL serializer; MobileAgentRuntime bundle serializer for A3,estimated_characters_div_4,synthetic-eval-v1
42,A3,TCK-00094,triage,3.0399998649954796e-05,580,2,28,0.0,451687,ACL serializer; MobileAgentRuntime bundle serializer for A3,estimated_characters_div_4,synthetic-eval-v1
42,A3,TCK-00094,assignment,6.98000003467314e-05,596,2,28,0.0,452211,ACL serializer; MobileAgentRuntime bundle serializer for A3,estimated_characters_div_4,synthetic-eval-v1
42,A3,TCK-00094,investigation,4.3499996536411345e-05,1213,3,28,0.0,452818,ACL serializer; MobileAgentRuntime bundle serializer for A3,estimated_characters_div_4,synthetic-eval-v1
42,A3,TCK-00094,implementation,2.7800000680144876e-05,612,2,28,0.0,453339,ACL serializer; MobileAgentRuntime bundle serializer for A3,estimated_characters_div_4,synthetic-eval-v1
42,A3,TCK-00094,qa,2.680000034160912e-05,564,2,28,0.0,453847,ACL serializer; MobileAgentRuntime bundle serializer for A3,estimated_characters_div_4,synthetic-eval-v1
42,A3,TCK-00094,deployment,2.729999687289819e-05,596,2,28,0.0,454375,ACL serializer; MobileAgentRuntime bundle serializer for A3,estimated_characters_div_4,synthetic-eval-v1
42,A3,TCK-00095,triage,3.0800001695752144e-05,580,2,30,0.0,456171,ACL serializer; MobileAgentRuntime bundle serializer for A3,estimated_characters_div_4,synthetic-eval-v1
42,A3,TCK-00095,assignment,2.6700006856117398e-05,596,2,30,0.0,456695,ACL serializer; MobileAgentRuntime bundle serializer for A3,estimated_characters_div_4,synthetic-eval-v1
42,A3,TCK-00095,investigation,2.660000609466806e-05,1213,3,30,0.0,457302,ACL serializer; MobileAgentRuntime bundle serializer for A3,estimated_characters_div_4,synthetic-eval-v1
42,A3,TCK-00095,implementation,2.6900001103058457e-05,612,2,30,0.0,457823,ACL serializer; MobileAgentRuntime bundle serializer for A3,estimated_characters_div_4,synthetic-eval-v1
42,A3,TCK-00095,qa,2.59000007645227e-05,564,2,30,0.0,458331,ACL serializer; MobileAgentRuntime bundle serializer for A3,estimated_characters_div_4,synthetic-eval-v1
42,A3,TCK-00095,deployment,2.5999994250014424e-05,596,2,30,0.0,458859,ACL serializer; MobileAgentRuntime bundle serializer for A3,estimated_characters_div_4,synthetic-eval-v1
42,A3,TCK-00096,triage,4.6200002543628216e-05,580,2,28,0.0,460639,ACL serializer; MobileAgentRuntime bundle serializer for A3,estimated_characters_div_4,synthetic-eval-v1
42,A3,TCK-00096,assignment,2.630000381032005e-05,596,2,28,0.0,461163,ACL serializer; MobileAgentRuntime bundle serializer for A3,estimated_characters_div_4,synthetic-eval-v1
42,A3,TCK-00096,investigation,2.6299996534362435e-05,1213,3,28,0.0,461770,ACL serializer; MobileAgentRuntime bundle serializer for A3,estimated_characters_div_4,synthetic-eval-v1
42,A3,TCK-00096,implementation,2.710000262595713e-05,612,2,28,0.0,462291,ACL serializer; MobileAgentRuntime bundle serializer for A3,estimated_characters_div_4,synthetic-eval-v1
42,A3,TCK-00096,qa,2.510000194888562e-05,564,2,28,0.0,462799,ACL serializer; MobileAgentRuntime bundle serializer for A3,estimated_characters_div_4,synthetic-eval-v1
42,A3,TCK-00096,deployment,2.5300003471784294e-05,596,2,28,0.0,463327,ACL serializer; MobileAgentRuntime bundle serializer for A3,estimated_characters_div_4,synthetic-eval-v1
42,A3,TCK-00097,triage,7.280000136233866e-05,580,2,30,0.0,465147,ACL serializer; MobileAgentRuntime bundle serializer for A3,estimated_characters_div_4,synthetic-eval-v1
42,A3,TCK-00097,assignment,4.159999662078917e-05,596,2,30,0.0,465671,ACL serializer; MobileAgentRuntime bundle serializer for A3,estimated_characters_div_4,synthetic-eval-v1
42,A3,TCK-00097,investigation,2.819999644998461e-05,1213,3,30,0.0,466278,ACL serializer; MobileAgentRuntime bundle serializer for A3,estimated_characters_div_4,synthetic-eval-v1
42,A3,TCK-00097,implementation,2.630000381032005e-05,612,2,30,0.0,466799,ACL serializer; MobileAgentRuntime bundle serializer for A3,estimated_characters_div_4,synthetic-eval-v1
42,A3,TCK-00097,qa,2.7000001864507794e-05,564,2,30,0.0,467307,ACL serializer; MobileAgentRuntime bundle serializer for A3,estimated_characters_div_4,synthetic-eval-v1
42,A3,TCK-00097,deployment,2.6200003048870713e-05,596,2,30,0.0,467835,ACL serializer; MobileAgentRuntime bundle serializer for A3,estimated_characters_div_4,synthetic-eval-v1
42,A3,TCK-00098,triage,3.0300005164463073e-05,580,2,43,0.0,469698,ACL serializer; MobileAgentRuntime bundle serializer for A3,estimated_characters_div_4,synthetic-eval-v1
42,A3,TCK-00098,assignment,2.6399997295811772e-05,596,2,43,0.0,470224,ACL serializer; MobileAgentRuntime bundle serializer for A3,estimated_characters_div_4,synthetic-eval-v1
42,A3,TCK-00098,investigation,2.769999991869554e-05,1213,3,43,0.0,470834,ACL serializer; MobileAgentRuntime bundle serializer for A3,estimated_characters_div_4,synthetic-eval-v1
42,A3,TCK-00098,implementation,2.570000651758164e-05,612,2,43,0.0,471356,ACL serializer; MobileAgentRuntime bundle serializer for A3,estimated_characters_div_4,synthetic-eval-v1
42,A3,TCK-00098,qa,2.5399996957276016e-05,564,2,43,0.0,471858,ACL serializer; MobileAgentRuntime bundle serializer for A3,estimated_characters_div_4,synthetic-eval-v1
42,A3,TCK-00098,deployment,2.5499997718725353e-05,596,2,43,0.0,473028,ACL serializer; MobileAgentRuntime bundle serializer for A3,estimated_characters_div_4,synthetic-eval-v1
42,A3,TCK-00099,triage,4.6799999836366624e-05,580,2,30,0.0,474747,ACL serializer; MobileAgentRuntime bundle serializer for A3,estimated_characters_div_4,synthetic-eval-v1
42,A3,TCK-00099,assignment,3.6299999919719994e-05,596,2,30,0.0,475271,ACL serializer; MobileAgentRuntime bundle serializer for A3,estimated_characters_div_4,synthetic-eval-v1
42,A3,TCK-00099,investigation,3.510000533424318e-05,1213,3,30,0.0,475878,ACL serializer; MobileAgentRuntime bundle serializer for A3,estimated_characters_div_4,synthetic-eval-v1
42,A3,TCK-00099,implementation,2.8899994504172355e-05,612,2,30,0.0,476399,ACL serializer; MobileAgentRuntime bundle serializer for A3,estimated_characters_div_4,synthetic-eval-v1
42,A3,TCK-00099,qa,2.680000034160912e-05,564,2,30,0.0,476907,ACL serializer; MobileAgentRuntime bundle serializer for A3,estimated_characters_div_4,synthetic-eval-v1
42,A3,TCK-00099,deployment,2.9599999834317714e-05,596,2,30,0.0,477435,ACL serializer; MobileAgentRuntime bundle serializer for A3,estimated_characters_div_4,synthetic-eval-v1
