seed,arm,ticket_id,stage,wall_time_s,network_bytes,messages,llm_tokens_estimated,cpu_seconds,peak_memory_bytes,bytes_source,token_source,dataset_version
42,A0,TCK-00000,triage,6.340000072668772e-05,0,0,0,0.0,790,ACL serializer; MobileAgentRuntime bundle serializer for A3,none,synthetic-eval-v1
42,A0,TCK-00000,assignment,1.9800001609837636e-05,0,0,0,0.0,1476,ACL serializer; MobileAgentRuntime bundle serializer for A3,none,synthetic-eval-v1
42,A0,TCK-00000,investigation,1.4200000805431046e-05,0,0,0,0.0,1958,ACL serializer; MobileAgentRuntime bundle serializer for A3,none,synthetic-eval-v1
42,A0,TCK-00000,implementation,1.4199998986441642e-05,0,0,0,0.0,2436,ACL serializer; MobileAgentRuntime bundle serializer for A3,none,synthetic-eval-v1
42,A0,TCK-00000,qa,1.3999999282532372e-05,0,0,0,0.0,2894,ACL serializer; MobileAgentRuntime bundle serializer for A3,none,synthetic-eval-v1
42,A0,TCK-00000,deployment,1.300000076298602e-05,0,0,0,0.0,3412,ACL serializer; MobileAgentRuntime bundle serializer for A3,none,synthetic-eval-v1
42,A0,TCK-00001,triage,1.4299999747890979e-05,0,0,0,0.0,4864,ACL serializer; MobileAgentRuntime bundle serializer for A3,none,synthetic-eval-v1
42,A0,TCK-00001,assignment,1.4900000678608194e-05,0,0,0,0.0,5442,ACL serializer; MobileAgentRuntime bundle serializer for A3,none,synthetic-eval-v1
42,A0,TCK-00001,investigation,1.340000017080456e-05,0,0,0,0.0,5924,ACL serializer; MobileAgentRuntime bundle serializer for A3,none,synthetic-eval-v1
42,A0,TCK-00001,implementation,1.340000017080456e-05,0,0,0,0.0,6466,ACL serializer; MobileAgentRuntime bundle serializer for A3,none,synthetic-eval-v1
42,A0,TCK-00001,qa,1.3299999409355223e-05,0,0,0,0.0,6988,ACL serializer; MobileAgentRuntime bundle serializer for A3,none,synthetic-eval-v1
42,A0,TCK-00001,deployment,1.340000017080456e-05,0,0,0,0.0,7538,ACL serializer; MobileAgentRuntime bundle serializer for A3,none,synthetic-eval-v1
42,A0,TCK-00002,triage,1.3299999409355223e-05,0,0,0,0.0,8942,ACL serializer; MobileAgentRuntime bundle serializer for A3,none,synthetic-eval-v1
42,A0,TCK-00002,assignment,1.5100000382517464e-05,0,0,0,0.0,9544,ACL serializer; MobileAgentRuntime bundle serializer for A3,none,synthetic-eval-v1
42,A0,TCK-00002,investigation,1.3499999113264494e-05,0,0,0,0.0,10090,ACL serializer; MobileAgentRuntime bundle serializer for A3,none,synthetic-eval-v1
42,A0,TCK-00002,implementation,1.2999998943996616e-05,0,0,0,0.0,10632,ACL serializer; MobileAgentRuntime bundle serializer for A3,none,synthetic-eval-v1
42,A0,TCK-00002,qa,1.2800001059076749e-05,0,0,0,0.0,11154,ACL serializer; MobileAgentRuntime bundle serializer for A3,none,synthetic-eval-v1
42,A0,TCK-00002,deployment,1.3199998647905886e-05,0,0,0,0.0,11768,ACL serializer; MobileAgentRuntime bundle serializer for A3,none,synthetic-eval-v1
42,A0,TCK-00003,triage,1.3799999578623101e-05,0,0,0,0.0,13208,ACL serializer; MobileAgentRuntime bundle serializer for A3,none,synthetic-eval-v1
42,A0,TCK-00003,assignment,1.5600000551785342e-05,0,0,0,0.0,13810,ACL serializer; MobileAgentRuntime bundle serializer for A3,none,synthetic-eval-v1
42,A0,TCK-00003,investigation,1.359999987471383e-05,0,0,0,0.0,14356,ACL serializer; MobileAgentRuntime bundle serializer for A3,none,synthetic-eval-v1
42,A0,TCK-00003,implementation,1.3300001228344627e-05,0,0,0,0.0,14898,ACL serializer; MobileAgentRuntime bundle serializer for A3,none,synthetic-eval-v1
42,A0,TCK-00003,qa,1.3499999113264494e-05,0,0,0,0.0,15420,ACL serializer; MobileAgentRuntime bundle serializer for A3,none,synthetic-eval-v1
42,A0,TCK-00003,deployment,1.3299999409355223e-05,0,0,0,0.0,15970,ACL serializer; MobileAgentRuntime bundle serializer for A3,none,synthetic-eval-v1
42,A0,TCK-00004,triage,1.340000017080456e-05,0,0,0,0.0,17376,ACL serializer; MobileAgentRuntime bundle serializer for A3,none,synthetic-eval-v1
42,A0,TCK-00004,assignment,1.4799999917158857e-05,0,0,0,0.0,18042,ACL serializer; MobileAgentRuntime bundle serializer for A3,none,synthetic-eval-v1
42,A0,TCK-00004,investigation,1.340000017080456e-05,0,0,0,0.0,18588,ACL serializer; MobileAgentRuntime bundle serializer for A3,none,synthetic-eval-v1
42,A0,TCK-00004,implementation,1.3300001228344627e-05,0,0,0,0.0,19130,ACL serializer; MobileAgentRuntime bundle serializer for A3,none,synthetic-eval-v1
42,A0,TCK-00004,qa,1.3799999578623101e-05,0,0,0,0.0,19652,ACL serializer; MobileAgentRuntime bundle serializer for A3,none,synthetic-eval-v1
42,A0,TCK-00004,deployment,1.3500000932253897e-05,0,0,0,0.0,20202,ACL serializer; MobileAgentRuntime bundle serializer for A3,none,synthetic-eval-v1
42,A0,TCK-00005,triage,1.3700000636163168e-05,0,0,0,0.0,21672,ACL serializer; MobileAgentRuntime bundle serializer for A3,none,synthetic-eval-v1
42,A0,TCK-00005,assignment,1.4799999917158857e-05,0,0,0,0.0,22274,ACL serializer; MobileAgentRuntime bundle serializer for A3,none,synthetic-eval-v1
42,A0,TCK-00005,investigation,1.3900000340072438e-05,0,0,0,0.0,22820,ACL serializer; MobileAgentRuntime bundle serializer for A3,none,synthetic-eval-v1
42,A0,TCK-00005,implementation,1.3700000636163168e-05,0,0,0,0.0,23426,ACL serializer; MobileAgentRuntime bundle serializer for A3,none,synthetic-eval-v1
42,A0,TCK-00005,qa,1.320000046689529e-05,0,0,0,0.0,23948,ACL serializer; MobileAgentRuntime bundle serializer for A3,none,synthetic-eval-v1
42,A0,TCK-00005,deployment,1.340000017080456e-05,0,0,0,0.0,24498,ACL serializer; MobileAgentRuntime bundle serializer for A3,none,synthetic-eval-v1
42,A0,TCK-00006,triage,1.3300001228344627e-05,0,0,0,0.0,25904,ACL serializer; MobileAgentRuntime bundle serializer for A3,none,synthetic-eval-v1
42,A0,TCK-00006,assignment,1.4799999917158857e-05,0,0,0,0.0,26506,ACL serializer; MobileAgentRuntime bundle serializer for A3,none,synthetic-eval-v1
42,A0,TCK-00006,investigation,1.340000017080456e-05,0,0,0,0.0,27052,ACL serializer; MobileAgentRuntime bundle serializer for A3,none,synthetic-eval-v1
42,A0,TCK-00006,implementation,1.320000046689529e-05,0,0,0,0.0,27594,ACL serializer; MobileAgentRuntime bundle serializer for A3,none,synthetic-eval-v1
42,A0,TCK-00006,qa,1.2900000001536682e-05,0,0,0,0.0,28116,ACL serializer; MobileAgentRuntime bundle serializer for A3,none,synthetic-eval-v1
42,A0,TCK-00006,deployment,1.7899999875226058e-05,0,0,0,0.0,28762,ACL serializer; MobileAgentRuntime bundle serializer for A3,none,synthetic-eval-v1
42,A0,TCK-00007,triage,1.3600001693703234e-05,0,0,0,0.0,30254,ACL serializer; MobileAgentRuntime bundle serializer for A3,none,synthetic-eval-v1
42,A0,TCK-00007,assignment,1.5000001440057531e-05,0,0,0,0.0,30856,ACL serializer; MobileAgentRuntime bundle serializer for A3,none,synthetic-eval-v1
42,A0,TCK-00007,investigation,1.3499999113264494e-05,0,0,0,0.0,31402,ACL serializer; MobileAgentRuntime bundle serializer for A3,none,synthetic-eval-v1
42,A0,TCK-00007,implementation,1.320000046689529e-05,0,0,0,0.0,31944,ACL serializer; MobileAgentRuntime bundle serializer for A3,none,synthetic-eval-v1
42,A0,TCK-00007,qa,1.340000017080456e-05,0,0,0,0.0,32466,ACL serializer; MobileAgentRuntime bundle serializer for A3,none,synthetic-eval-v1
42,A0,TCK-00007,deployment,1.3299999409355223e-05,0,0,0,0.0,33016,ACL serializer; MobileAgentRuntime bundle serializer for A3,none,synthetic-eval-v1
42,A0,TCK-00008,triage,1.4100000043981709e-05,0,0,0,0.0,34424,ACL serializer; MobileAgentRuntime bundle serializer for A3,none,synthetic-eval-v1
42,A0,TCK-00008,assignment,1.4999999621068127e-05,0,0,0,0.0,35026,ACL serializer; MobileAgentRuntime bundle serializer for A3,none,synthetic-eval-v1
42,A0,TCK-00008,investigation,1.340000017080456e-05,0,0,0,0.0,35572,ACL serializer; MobileAgentRuntime bundle serializer for A3,none,synthetic-eval-v1
42,A0,TCK-00008,implementation,1.2900000001536682e-05,0,0,0,0.0,36114,ACL serializer; MobileAgentRuntime bundle serializer for A3,none,synthetic-eval-v1
42,A0,TCK-00008,qa,1.3500000932253897e-05,0,0,0,0.0,36636,ACL serializer; MobileAgentRuntime bundle serializer for A3,none,synthetic-eval-v1
42,A0,TCK-00008,deployment,1.3300001228344627e-05,0,0,0,0.0,37282,ACL serializer; MobileAgentRuntime bundle serializer for A3,none,synthetic-eval-v1
42,A0,TCK-00009,triage,1.4299999747890979e-05,0,0,0,0.0,38770,ACL serializer; MobileAgentRuntime bundle serializer for A3,none,synthetic-eval-v1
42,A0,TCK-00009,assignment,1.489999885961879e-05,0,0,0,0.0,39372,ACL serializer; MobileAgentRuntime bundle serializer for A3,none,synthetic-eval-v1
42,A0,TCK-00009,investigation,1.320000046689529e-05,0,0,0,0.0,39918,ACL serializer; MobileAgentRuntime bundle serializer for A3,none,synthetic-eval-v1
42,A0,TCK-00009,implementation,1.3099999705445953e-05,0,0,0,0.0,40460,ACL serializer; MobileAgentRuntime bundle serializer for A3,none,synthetic-eval-v1
42,A0,TCK-00009,qa,1.3300001228344627e-05,0,0,0,0.0,40982,ACL serializer; MobileAgentRuntime bundle serializer for A3,none,synthetic-eval-v1
42,A0,TCK-00009,deployment,1.300000076298602e-05,0,0,0,0.0,41532,ACL serializer; MobileAgentRuntime bundle serializer for A3,none,synthetic-eval-v1
42,A0,TCK-00010,triage,1.320000046689529e-05,0,0,0,0.0,42938,ACL serializer; MobileAgentRuntime bundle serializer for A3,none,synthetic-eval-v1
42,A0,TCK-00010,assignment,1.4600000213249587e-05,0,0,0,0.0,43540,ACL serializer; MobileAgentRuntime bundle serializer for A3,none,synthetic-eval-v1
42,A0,TCK-00010,investigation,1.3500000932253897e-05,0,0,0,0.0,44086,ACL serializer; MobileAgentRuntime bundle serializer for A3,none,synthetic-eval-v1
42,A0,TCK-00010,implementation,1.3199998647905886e-05,0,0,0,0.0,44628,ACL serializer; MobileAgentRuntime bundle serializer for A3,none,synthetic-eval-v1
42,A0,TCK-00010,qa,1.2800001059076749e-05,0,0,0,0.0,45150,ACL serializer; MobileAgentRuntime bundle serializer for A3,none,synthetic-eval-v1
42,A0,TCK-00010,deployment,1.3299999409355223e-05,0,0,0,0.0,45796,ACL serializer; MobileAgentRuntime bundle serializer for A3,none,synthetic-eval-v1
42,A0,TCK-00011,triage,1.340000017080456e-05,0,0,0,0.0,47234,ACL serializer; MobileAgentRuntime bundle serializer for A3,none,synthetic-eval-v1
42,A0,TCK-00011,assignment,1.4700000974698924e-05,0,0,0,0.0,47836,ACL serializer; MobileAgentRuntime bundle serializer for A3,none,synthetic-eval-v1
42,A0,TCK-00011,investigation,1.320000046689529e-05,0,0,0,0.0,48382,ACL serializer; MobileAgentRuntime bundle serializer for A3,none,synthetic-eval-v1
42,A0,TCK-00011,implementation,1.3299999409355223e-05,0,0,0,0.0,48924,ACL serializer; MobileAgentRuntime bundle serializer for A3,none,synthetic-eval-v1
42,A0,TCK-00011,qa,1.3099999705445953e-05,0,0,0,0.0,49446,ACL serializer; MobileAgentRuntime bundle serializer for A3,none,synthetic-eval-v1
42,A0,TCK-00011,deployment,1.320000046689529e-05,0,0,0,0.0,49996,ACL serializer; MobileAgentRuntime bundle serializer for A3,none,synthetic-eval-v1
42,A0,TCK-00012,triage,1.3300001228344627e-05,0,0,0,0.0,51402,ACL serializer; MobileAgentRuntime bundle serializer for A3,none,synthetic-eval-v1
42,A0,TCK-00012,assignment,1.4799999917158857e-05,0,0,0,0.0,51980,ACL serializer; MobileAgentRuntime bundle serializer for A3,none,synthetic-eval-v1
42,A0,TCK-00012,investigation,1.3299999409355223e-05,0,0,0,0.0,52526,ACL serializer; MobileAgentRuntime bundle serializer for A3,none,synthetic-eval-v1
42,A0,TCK-00012,implementation,6.730000131938141e-05,0,0,0,0.015625,53068,ACL serializer; MobileAgentRuntime bundle serializer for A3,none,synthetic-eval-v1
42,A0,TCK-00012,qa,1.8700000509852543e-05,0,0,0,0.0,53590,ACL serializer; MobileAgentRuntime bundle serializer for A3,none,synthetic-eval-v1
42,A0,TCK-00012,deployment,1.4100000043981709e-05,0,0,0,0.0,54268,ACL serializer; MobileAgentRuntime bundle serializer for A3,none,synthetic-eval-v1
42,A0,TCK-00013,triage,1.3900000340072438e-05,0,0,0,0.0,55704,ACL serializer; MobileAgentRuntime bundle serializer for A3,none,synthetic-eval-v1
42,A0,TCK-00013,assignment,1.5499999790336005e-05,0,0,0,0.0,56306,ACL serializer; MobileAgentRuntime bundle serializer for A3,none,synthetic-eval-v1
42,A0,TCK-00013,investigation,1.449999945180025e-05,0,0,0,0.0,56852,ACL serializer; MobileAgentRuntime bundle serializer for A3,none,synthetic-eval-v1
42,A0,TCK-00013,implementation,1.320000046689529e-05,0,0,0,0.0,57394,ACL serializer; MobileAgentRuntime bundle serializer for A3,none,synthetic-eval-v1
42,A0,TCK-00013,qa,2.010000025620684e-05,0,0,0,0.0,57916,ACL serializer; MobileAgentRuntime bundle serializer for A3,none,synthetic-eval-v1
42,A0,TCK-00013,deployment,1.3299999409355223e-05,0,0,0,0.0,58466,ACL serializer; MobileAgentRuntime bundle serializer for A3,none,synthetic-eval-v1
42,A0,TCK-00014,triage,1.3799999578623101e-05,0,0,0,0.0,59934,ACL serializer; MobileAgentRuntime bundle serializer for A3,none,synthetic-eval-v1
42,A0,TCK-00014,assignment,1.449999945180025e-05,0,0,0,0.0,60536,ACL serializer; MobileAgentRuntime bundle serializer for A3,none,synthetic-eval-v1
42,A0,TCK-00014,investigation,1.3299999409355223e-05,0,0,0,0.0,61082,ACL serializer; MobileAgentRuntime bundle serializer for A3,none,synthetic-eval-v1
42,A0,TCK-00014,implementation,1.320000046689529e-05,0,0,0,0.0,61624,ACL serializer; MobileAgentRuntime bundle serializer for A3,none,synthetic-eval-v1
42,A0,TCK-00014,qa,1.300000076298602e-05,0,0,0,0.0,62146,ACL serializer; MobileAgentRuntime bundle serializer for A3,none,synthetic-eval-v1
42,A0,TCK-00014,deployment,1.320000046689529e-05,0,0,0,0.0,62696,ACL serializer; MobileAgentRuntime bundle serializer for A3,none,synthetic-eval-v1
42,A0,TCK-00015,triage,1.4100000043981709e-05,0,0,0,0.0,64128,ACL serializer; MobileAgentRuntime bundle serializer for A3,none,synthetic-eval-v1
42,A0,TCK-00015,assignment,1.5100000382517464e-05,0,0,0,0.0,64730,ACL serializer; MobileAgentRuntime bundle serializer for A3,none,synthetic-eval-v1
42,A0,TCK-00015,investigation,1.3299999409355223e-05,0,0,0,0.0,65276,ACL serializer; MobileAgentRuntime bundle serializer for A3,none,synthetic-eval-v1
42,A0,TCK-00015,implementation,1.320000046689529e-05,0,0,0,0.0,65946,ACL serializer; MobileAgentRuntime bundle serializer for A3,none,synthetic-eval-v1
42,A0,TCK-00015,qa,1.320000046689529e-05,0,0,0,0.0,66468,ACL serializer; MobileAgentRuntime bundle serializer for A3,none,synthetic-eval-v1
42,A0,TCK-00015,deployment,1.3299999409355223e-05,0,0,0,0.0,67018,ACL serializer; MobileAgentRuntime bundle serializer for A3,none,synthetic-eval-v1
42,A0,TCK-00016,triage,1.320000046689529e-05,0,0,0,0.0,68430,ACL serializer; MobileAgentRuntime bundle serializer for A3,none,synthetic-eval-v1
42,A0,TCK-00016,assignment,1.469999915570952e-05,0,0,0,0.0,69032,ACL serializer; MobileAgentRuntime bundle serializer for A3,none,synthetic-eval-v1
42,A0,TCK-00016,investigation,1.3300001228344627e-05,0,0,0,0.0,69578,ACL serializer; MobileAgentRuntime bundle serializer for A3,none,synthetic-eval-v1
42,A0,TCK-00016,implementation,1.2999998943996616e-05,0,0,0,0.0,70120,ACL serializer; MobileAgentRuntime bundle serializer for A3,none,synthetic-eval-v1
42,A0,TCK-00016,qa,1.320000046689529e-05,0,0,0,0.0,70642,ACL serializer; MobileAgentRuntime bundle serializer for A3,none,synthetic-eval-v1
42,A0,TCK-00016,deployment,1.359999987471383e-05,0,0,0,0.0,71192,ACL serializer; MobileAgentRuntime bundle serializer for A3,none,synthetic-eval-v1
42,A0,TCK-00017,triage,1.5800000255694613e-05,0,0,0,0.0,72694,ACL serializer; MobileAgentRuntime bundle serializer for A3,none,synthetic-eval-v1
42,A0,TCK-00017,assignment,1.720000000204891e-05,0,0,0,0.0,73296,ACL serializer; MobileAgentRuntime bundle serializer for A3,none,synthetic-eval-v1
42,A0,TCK-00017,investigation,2.409999979136046e-05,0,0,0,0.0,73842,ACL serializer; MobileAgentRuntime bundle serializer for A3,none,synthetic-eval-v1
42,A0,TCK-00017,implementation,1.809999957913533e-05,0,0,0,0.0,74384,ACL serializer; MobileAgentRuntime bundle serializer for A3,none,synthetic-eval-v1
42,A0,TCK-00017,qa,2.9000000722589903e-05,0,0,0,0.0,74906,ACL serializer; MobileAgentRuntime bundle serializer for A3,none,synthetic-eval-v1
42,A0,TCK-00017,deployment,1.6799998775240965e-05,0,0,0,0.0,75456,ACL serializer; MobileAgentRuntime bundle serializer for A3,none,synthetic-eval-v1
42,A0,TCK-00018,triage,1.4000001101521775e-05,0,0,0,0.0,76864,ACL serializer; MobileAgentRuntime bundle serializer for A3,none,synthetic-eval-v1
42,A0,TCK-00018,assignment,1.5899999198154546e-05,0,0,0,0.0,77626,ACL serializer; MobileAgentRuntime bundle serializer for A3,none,synthetic-eval-v1
42,A0,TCK-00018,investigation,1.3500000932253897e-05,0,0,0,0.0,78172,ACL serializer; MobileAgentRuntime bundle serializer for A3,none,synthetic-eval-v1
42,A0,TCK-00018,implementation,1.3399998351815157e-05,0,0,0,0.0,78714,ACL serializer; MobileAgentRuntime bundle serializer for A3,none,synthetic-eval-v1
42,A0,TCK-00018,qa,1.340000017080456e-05,0,0,0,0.0,79236,ACL serializer; MobileAgentRuntime bundle serializer for A3,none,synthetic-eval-v1
42,A0,TCK-00018,deployment,1.3700000636163168e-05,0,0,0,0.0,79786,ACL serializer; MobileAgentRuntime bundle serializer for A3,none,synthetic-eval-v1
42,A0,TCK-00019,triage,1.359999987471383e-05,0,0,0,0.0,81224,ACL serializer; MobileAgentRuntime bundle serializer for A3,none,synthetic-eval-v1
42,A0,TCK-00019,assignment,1.4900000678608194e-05,0,0,0,0.0,81826,ACL serializer; MobileAgentRuntime bundle serializer for A3,none,synthetic-eval-v1
42,A0,TCK-00019,investigation,1.320000046689529e-05,0,0,0,0.0,82372,ACL serializer; MobileAgentRuntime bundle serializer for A3,none,synthetic-eval-v1
42,A0,TCK-00019,implementation,1.320000046689529e-05,0,0,0,0.0,82914,ACL serializer; MobileAgentRuntime bundle serializer for A3,none,synthetic-eval-v1
42,A0,TCK-00019,qa,1.3199998647905886e-05,0,0,0,0.0,83436,ACL serializer; MobileAgentRuntime bundle serializer for A3,none,synthetic-eval-v1
42,A0,TCK-00019,deployment,1.3099999705445953e-05,0,0,0,0.0,83986,ACL serializer; MobileAgentRuntime bundle serializer for A3,none,synthetic-eval-v1
42,A0,TCK-00020,triage,1.2999998943996616e-05,0,0,0,0.0,85392,ACL serializer; MobileAgentRuntime bundle serializer for A3,none,synthetic-eval-v1
42,A0,TCK-00020,assignment,1.4999999621068127e-05,0,0,0,0.0,85994,ACL serializer; MobileAgentRuntime bundle serializer for A3,none,synthetic-eval-v1
42,A0,TCK-00020,investigation,1.3499999113264494e-05,0,0,0,0.0,86540,ACL serializer; MobileAgentRuntime bundle serializer for A3,none,synthetic-eval-v1
42,A0,TCK-00020,implementation,1.4100000043981709e-05,0,0,0,0.0,87082,ACL serializer; MobileAgentRuntime bundle serializer for A3,none,synthetic-eval-v1
42,A0,TCK-00020,qa,1.359999987471383e-05,0,0,0,0.0,87604,ACL serializer; MobileAgentRuntime bundle serializer for A3,none,synthetic-eval-v1
42,A0,TCK-00020,deployment,1.5699999494245276e-05,0,0,0,0.0,88154,ACL serializer; MobileAgentRuntime bundle serializer for A3,none,synthetic-eval-v1
42,A0,TCK-00021,triage,1.3900000340072438e-05,0,0,0,0.0,89654,ACL serializer; MobileAgentRuntime bundle serializer for A3,none,synthetic-eval-v1
42,A0,TCK-00021,assignment,1.489999885961879e-05,0,0,0,0.0,90256,ACL serializer; MobileAgentRuntime bundle serializer for A3,none,synthetic-eval-v1
42,A0,TCK-00021,investigation,1.3700000636163168e-05,0,0,0,0.0,90802,ACL serializer; MobileAgentRuntime bundle serializer for A3,none,synthetic-eval-v1
42,A0,TCK-00021,implementation,1.4400000509340316e-05,0,0,0,0.0,91504,ACL serializer; MobileAgentRuntime bundle serializer for A3,none,synthetic-eval-v1
42,A0,TCK-00021,qa,1.3300001228344627e-05,0,0,0,0.0,92026,ACL serializer; MobileAgentRuntime bundle serializer for A3,none,synthetic-eval-v1
42,A0,TCK-00021,deployment,1.3299999409355223e-05,0,0,0,0.0,92576,ACL serializer; MobileAgentRuntime bundle serializer for A3,none,synthetic-eval-v1
42,A0,TCK-00022,triage,1.3799999578623101e-05,0,0,0,0.0,93994,ACL serializer; MobileAgentRuntime bundle serializer for A3,none,synthetic-eval-v1
42,A0,TCK-00022,assignment,1.5300000086426735e-05,0,0,0,0.0,94596,ACL serializer; MobileAgentRuntime bundle serializer for A3,none,synthetic-eval-v1
42,A0,TCK-00022,investigation,1.3299999409355223e-05,0,0,0,0.0,95142,ACL serializer; MobileAgentRuntime bundle serializer for A3,none,synthetic-eval-v1
42,A0,TCK-00022,implementation,1.3099999705445953e-05,0,0,0,0.0,95684,ACL serializer; MobileAgentRuntime bundle serializer for A3,none,synthetic-eval-v1
42,A0,TCK-00022,qa,1.2900000001536682e-05,0,0,0,0.0,96206,ACL serializer; MobileAgentRuntime bundle serializer for A3,none,synthetic-eval-v1
42,A0,TCK-00022,deployment,1.3099999705445953e-05,0,0,0,0.0,96756,ACL serializer; MobileAgentRuntime bundle serializer for A3,none,synthetic-eval-v1
42,A0,TCK-00023,triage,1.320000046689529e-05,0,0,0,0.0,98184,ACL serializer; MobileAgentRuntime bundle serializer for A3,none,synthetic-eval-v1
42,A0,TCK-00023,assignment,1.4900000678608194e-05,0,0,0,0.0,98762,ACL serializer; MobileAgentRuntime bundle serializer for A3,none,synthetic-eval-v1
42,A0,TCK-00023,investigation,1.6199999663513154e-05,0,0,0,0.0,99308,ACL serializer; MobileAgentRuntime bundle serializer for A3,none,synthetic-eval-v1
42,A0,TCK-00023,implementation,1.3299999409355223e-05,0,0,0,0.0,99850,ACL serializer; MobileAgentRuntime bundle serializer for A3,none,synthetic-eval-v1
42,A0,TCK-00023,qa,1.340000017080456e-05,0,0,0,0.0,100372,ACL serializer; MobileAgentRuntime bundle serializer for A3,none,synthetic-eval-v1
42,A0,TCK-00023,deployment,1.3299999409355223e-05,0,0,0,0.0,100922,ACL serializer; MobileAgentRuntime bundle serializer for A3,none,synthetic-eval-v1
42,A0,TCK-00024,triage,1.300000076298602e-05,0,0,0,0.0,102338,ACL serializer; MobileAgentRuntime bundle serializer for A3,none,synthetic-eval-v1
42,A0,TCK-00024,assignment,1.4799999917158857e-05,0,0,0,0.0,102940,ACL serializer; MobileAgentRuntime bundle serializer for A3,none,synthetic-eval-v1
42,A0,TCK-00024,investigation,1.3099999705445953e-05,0,0,0,0.0,103486,ACL serializer; MobileAgentRuntime bundle serializer for A3,none,synthetic-eval-v1
42,A0,TCK-00024,implementation,1.3099999705445953e-05,0,0,0,0.0,104028,ACL serializer; MobileAgentRuntime bundle serializer for A3,none,synthetic-eval-v1
42,A0,TCK-00024,qa,1.2800001059076749e-05,0,0,0,0.0,104550,ACL serializer; MobileAgentRuntime bundle serializer for A3,none,synthetic-eval-v1
42,A0,TCK-00024,deployment,1.3299999409355223e-05,0,0,0,0.0,105292,ACL serializer; MobileAgentRuntime bundle serializer for A3,none,synthetic-eval-v1
42,A0,TCK-00025,triage,1.3500000932253897e-05,0,0,0,0.0,106802,ACL serializer; MobileAgentRuntime bundle serializer for A3,none,synthetic-eval-v1
42,A0,TCK-00025,assignment,1.539999902888667e-05,0,0,0,0.0,107404,ACL serializer; MobileAgentRuntime bundle serializer for A3,none,synthetic-eval-v1
42,A0,TCK-00025,investigation,1.3499999113264494e-05,0,0,0,0.0,107950,ACL serializer; MobileAgentRuntime bundle serializer for A3,none,synthetic-eval-v1
42,A0,TCK-00025,implementation,1.3799999578623101e-05,0,0,0,0.0,108492,ACL serializer; MobileAgentRuntime bundle serializer for A3,none,synthetic-eval-v1
42,A0,TCK-00025,qa,5.649999911838677e-05,0,0,0,0.0,109014,ACL serializer; MobileAgentRuntime bundle serializer for A3,none,synthetic-eval-v1
42,A0,TCK-00025,deployment,1.5300000086426735e-05,0,0,0,0.0,109564,ACL serializer; MobileAgentRuntime bundle serializer for A3,none,synthetic-eval-v1
42,A0,TCK-00026,triage,1.340000017080456e-05,0,0,0,0.0,110976,ACL serializer; MobileAgentRuntime bundle serializer for A3,none,synthetic-eval-v1
42,A0,TCK-00026,assignment,1.4900000678608194e-05,0,0,0,0.0,111578,ACL serializer; MobileAgentRuntime bundle serializer for A3,none,synthetic-eval-v1
42,A0,TCK-00026,investigation,1.340000017080456e-05,0,0,0,0.0,112124,ACL serializer; MobileAgentRuntime bundle serializer for A3,none,synthetic-eval-v1
42,A0,TCK-00026,implementation,1.320000046689529e-05,0,0,0,0.0,112666,ACL serializer; MobileAgentRuntime bundle serializer for A3,none,synthetic-eval-v1
42,A0,TCK-00026,qa,1.2999998943996616e-05,0,0,0,0.0,113188,ACL serializer; MobileAgentRuntime bundle serializer for A3,none,synthetic-eval-v1
42,A0,TCK-00026,deployment,1.320000046689529e-05,0,0,0,0.0,113738,ACL serializer; MobileAgentRuntime bundle serializer for A3,none,synthetic-eval-v1
42,A0,TCK-00027,triage,1.340000017080456e-05,0,0,0,0.0,115184,ACL serializer; MobileAgentRuntime bundle serializer for A3,none,synthetic-eval-v1
42,A0,TCK-00027,assignment,1.4999999621068127e-05,0,0,0,0.0,115786,ACL serializer; MobileAgentRuntime bundle serializer for A3,none,synthetic-eval-v1
42,A0,TCK-00027,investigation,3.780000042752363e-05,0,0,0,0.0,116332,ACL serializer; MobileAgentRuntime bundle serializer for A3,none,synthetic-eval-v1
42,A0,TCK-00027,implementation,1.359999987471383e-05,0,0,0,0.0,116874,ACL serializer; MobileAgentRuntime bundle serializer for A3,none,synthetic-eval-v1
42,A0,TCK-00027,qa,1.3300001228344627e-05,0,0,0,0.0,117396,ACL serializer; MobileAgentRuntime bundle serializer for A3,none,synthetic-eval-v1
42,A0,TCK-00027,deployment,1.3299999409355223e-05,0,0,0,0.0,117946,ACL serializer; MobileAgentRuntime bundle serializer for A3,none,synthetic-eval-v1
42,A0,TCK-00028,triage,1.3500000932253897e-05,0,0,0,0.0,119446,ACL serializer; MobileAgentRuntime bundle serializer for A3,none,synthetic-eval-v1
42,A0,TCK-00028,assignment,1.489999885961879e-05,0,0,0,0.0,120048,ACL serializer; MobileAgentRuntime bundle serializer for A3,none,synthetic-eval-v1
42,A0,TCK-00028,investigation,1.340000017080456e-05,0,0,0,0.0,120594,ACL serializer; MobileAgentRuntime bundle serializer for A3,none,synthetic-eval-v1
42,A0,TCK-00028,implementation,1.300000076298602e-05,0,0,0,0.0,121136,ACL serializer; MobileAgentRuntime bundle serializer for A3,none,synthetic-eval-v1
42,A0,TCK-00028,qa,1.320000046689529e-05,0,0,0,0.0,121658,ACL serializer; MobileAgentRuntime bundle serializer for A3,none,synthetic-eval-v1
42,A0,TCK-00028,deployment,1.320000046689529e-05,0,0,0,0.0,122432,ACL serializer; MobileAgentRuntime bundle serializer for A3,none,synthetic-eval-v1
42,A0,TCK-00029,triage,1.3999999282532372e-05,0,0,0,0.0,123880,ACL serializer; MobileAgentRuntime bundle serializer for A3,none,synthetic-eval-v1
42,A0,TCK-00029,assignment,1.4999999621068127e-05,0,0,0,0.0,124482,ACL serializer; MobileAgentRuntime bundle serializer for A3,none,synthetic-eval-v1
42,A0,TCK-00029,investigation,1.3399998351815157e-05,0,0,0,0.0,125028,ACL serializer; MobileAgentRuntime bundle serializer for A3,none,synthetic-eval-v1
42,A0,TCK-00029,implementation,1.3300001228344627e-05,0,0,0,0.0,125570,ACL serializer; MobileAgentRuntime bundle serializer for A3,none,synthetic-eval-v1
42,A0,TCK-00029,qa,1.3099999705445953e-05,0,0,0,0.0,126092,ACL serializer; MobileAgentRuntime bundle serializer for A3,none,synthetic-eval-v1
42,A0,TCK-00029,deployment,1.3099999705445953e-05,0,0,0,0.0,126642,ACL serializer; MobileAgentRuntime bundle serializer for A3,none,synthetic-eval-v1
42,A0,TCK-00030,triage,1.3699998817173764e-05,0,0,0,0.0,128040,ACL serializer; MobileAgentRuntime bundle serializer for A3,none,synthetic-eval-v1
42,A0,TCK-00030,assignment,1.4700000974698924e-05,0,0,0,0.0,128642,ACL serializer; MobileAgentRuntime bundle serializer for A3,none,synthetic-eval-v1
42,A0,TCK-00030,investigation,1.320000046689529e-05,0,0,0,0.0,129188,ACL serializer; MobileAgentRuntime bundle serializer for A3,none,synthetic-eval-v1
42,A0,TCK-00030,implementation,1.3099999705445953e-05,0,0,0,0.0,129730,ACL serializer; MobileAgentRuntime bundle serializer for A3,none,synthetic-eval-v1
42,A0,TCK-00030,qa,1.2900000001536682e-05,0,0,0,0.0,130252,ACL serializer; MobileAgentRuntime bundle serializer for A3,none,synthetic-eval-v1
42,A0,TCK-00030,deployment,1.3499999113264494e-05,0,0,0,0.0,130802,ACL serializer; MobileAgentRuntime bundle serializer for A3,none,synthetic-eval-v1
42,A0,TCK-00031,triage,1.320000046689529e-05,0,0,0,0.0,132272,ACL serializer; MobileAgentRuntime bundle serializer for A3,none,synthetic-eval-v1
42,A0,TCK-00031,assignment,1.4700000974698924e-05,0,0,0,0.0,132874,ACL serializer; MobileAgentRuntime bundle serializer for A3,none,synthetic-eval-v1
42,A0,TCK-00031,investigation,1.320000046689529e-05,0,0,0,0.0,133420,ACL serializer; MobileAgentRuntime bundle serializer for A3,none,synthetic-eval-v1
42,A0,TCK-00031,implementation,1.3099999705445953e-05,0,0,0,0.0,133962,ACL serializer; MobileAgentRuntime bundle serializer for A3,none,synthetic-eval-v1
42,A0,TCK-00031,qa,1.3099999705445953e-05,0,0,0,0.0,134484,ACL serializer; MobileAgentRuntime bundle serializer for A3,none,synthetic-eval-v1
42,A0,TCK-00031,deployment,1.320000046689529e-05,0,0,0,0.0,135034,ACL serializer; MobileAgentRuntime bundle serializer for A3,none,synthetic-eval-v1
42,A0,TCK-00032,triage,1.2699998478638008e-05,0,0,0,0.0,136448,ACL serializer; MobileAgentRuntime bundle serializer for A3,none,synthetic-eval-v1
42,A0,TCK-00032,assignment,1.4700000974698924e-05,0,0,0,0.0,137050,ACL serializer; MobileAgentRuntime bundle serializer for A3,none,synthetic-eval-v1
42,A0,TCK-00032,investigation,1.320000046689529e-05,0,0,0,0.0,137596,ACL serializer; MobileAgentRuntime bundle serializer for A3,none,synthetic-eval-v1
42,A0,TCK-00032,implementation,1.2999998943996616e-05,0,0,0,0.0,138138,ACL serializer; MobileAgentRuntime bundle serializer for A3,none,synthetic-eval-v1
42,A0,TCK-00032,qa,1.2799999240087345e-05,0,0,0,0.0,138660,ACL serializer; MobileAgentRuntime bundle serializer for A3,none,synthetic-eval-v1
42,A0,TCK-00032,deployment,1.3199998647905886e-05,0,0,0,0.0,139210,ACL serializer; MobileAgentRuntime bundle serializer for A3,none,synthetic-eval-v1
42,A0,TCK-00033,triage,1.2900000001536682e-05,0,0,0,0.0,140720,ACL serializer; MobileAgentRuntime bundle serializer for A3,none,synthetic-eval-v1
42,A0,TCK-00033,assignment,1.489999885961879e-05,0,0,0,0.0,141322,ACL serializer; MobileAgentRuntime bundle serializer for A3,none,synthetic-eval-v1
42,A0,TCK-00033,investigation,1.340000017080456e-05,0,0,0,0.0,141868,ACL serializer; MobileAgentRuntime bundle serializer for A3,none,synthetic-eval-v1
42,A0,TCK-00033,implementation,1.3299999409355223e-05,0,0,0,0.0,142666,ACL serializer; MobileAgentRuntime bundle serializer for A3,none,synthetic-eval-v1
42,A0,TCK-00033,qa,1.340000017080456e-05,0,0,0,0.0,143188,ACL serializer; MobileAgentRuntime bundle serializer for A3,none,synthetic-eval-v1
42,A0,TCK-00033,deployment,1.320000046689529e-05,0,0,0,0.0,143738,ACL serializer; MobileAgentRuntime bundle serializer for A3,none,synthetic-eval-v1
42,A0,TCK-00034,triage,1.3299999409355223e-05,0,0,0,0.0,145152,ACL serializer; MobileAgentRuntime bundle serializer for A3,none,synthetic-eval-v1
42,A0,TCK-00034,assignment,1.4700000974698924e-05,0,0,0,0.0,145730,ACL serializer; MobileAgentRuntime bundle serializer for A3,none,synthetic-eval-v1
42,A0,TCK-00034,investigation,1.7099999240599573e-05,0,0,0,0.0,146276,ACL serializer; MobileAgentRuntime bundle serializer for A3,none,synthetic-eval-v1
42,A0,TCK-00034,implementation,1.3099999705445953e-05,0,0,0,0.0,146818,ACL serializer; MobileAgentRuntime bundle serializer for A3,none,synthetic-eval-v1
42,A0,TCK-00034,qa,1.2700000297627412e-05,0,0,0,0.0,147340,ACL serializer; MobileAgentRuntime bundle serializer for A3,none,synthetic-eval-v1
42,A0,TCK-00034,deployment,1.2900000001536682e-05,0,0,0,0.0,147890,ACL serializer; MobileAgentRuntime bundle serializer for A3,none,synthetic-eval-v1
42,A0,TCK-00035,triage,1.3499999113264494e-05,0,0,0,0.0,149422,ACL serializer; MobileAgentRuntime bundle serializer for A3,none,synthetic-eval-v1
42,A0,TCK-00035,assignment,1.4900000678608194e-05,0,0,0,0.0,150024,ACL serializer; MobileAgentRuntime bundle serializer for A3,none,synthetic-eval-v1
42,A0,TCK-00035,investigation,1.3300001228344627e-05,0,0,0,0.0,150570,ACL serializer; MobileAgentRuntime bundle serializer for A3,none,synthetic-eval-v1
42,A0,TCK-00035,implementation,1.3300001228344627e-05,0,0,0,0.0,151112,ACL serializer; MobileAgentRuntime bundle serializer for A3,none,synthetic-eval-v1
42,A0,TCK-00035,qa,1.3099999705445953e-05,0,0,0,0.0,151634,ACL serializer; MobileAgentRuntime bundle serializer for A3,none,synthetic-eval-v1
42,A0,TCK-00035,deployment,1.3099999705445953e-05,0,0,0,0.0,152184,ACL serializer; MobileAgentRuntime bundle serializer for A3,none,synthetic-eval-v1
42,A0,TCK-00036,triage,1.320000046689529e-05,0,0,0,0.0,153602,ACL serializer; MobileAgentRuntime bundle serializer for A3,none,synthetic-eval-v1
42,A0,TCK-00036,assignment,1.489999885961879e-05,0,0,0,0.0,154204,ACL serializer; MobileAgentRuntime bundle serializer for A3,none,synthetic-eval-v1
42,A0,TCK-00036,investigation,1.3299999409355223e-05,0,0,0,0.0,154750,ACL serializer; MobileAgentRuntime bundle serializer for A3,none,synthetic-eval-v1
42,A0,TCK-00036,implementation,1.320000046689529e-05,0,0,0,0.0,155292,ACL serializer; MobileAgentRuntime bundle serializer for A3,none,synthetic-eval-v1
42,A0,TCK-00036,qa,1.2699998478638008e-05,0,0,0,0.0,155814,ACL serializer; MobileAgentRuntime bundle serializer for A3,none,synthetic-eval-v1
42,A0,TCK-00036,deployment,1.3199998647905886e-05,0,0,0,0.0,156364,ACL serializer; MobileAgentRuntime bundle serializer for A3,none,synthetic-eval-v1
42,A0,TCK-00037,triage,1.359999987471383e-05,0,0,0,0.0,157794,ACL serializer; MobileAgentRuntime bundle serializer for A3,none,synthetic-eval-v1
42,A0,TCK-00037,assignment,1.5099998563528061e-05,0,0,0,0.0,158396,ACL serializer; MobileAgentRuntime bundle serializer for A3,none,synthetic-eval-v1
42,A0,TCK-00037,investigation,1.340000017080456e-05,0,0,0,0.0,158942,ACL serializer; MobileAgentRuntime bundle serializer for A3,none,synthetic-eval-v1
42,A0,TCK-00037,implementation,1.3299999409355223e-05,0,0,0,0.0,159484,ACL serializer; MobileAgentRuntime bundle serializer for A3,none,synthetic-eval-v1
42,A0,TCK-00037,qa,1.3099999705445953e-05,0,0,0,0.0,160006,ACL serializer; MobileAgentRuntime bundle serializer for A3,none,synthetic-eval-v1
42,A0,TCK-00037,deployment,1.320000046689529e-05,0,0,0,0.0,160556,ACL serializer; MobileAgentRuntime bundle serializer for A3,none,synthetic-eval-v1
42,A0,TCK-00038,triage,1.2700000297627412e-05,0,0,0,0.0,161970,ACL serializer; MobileAgentRuntime bundle serializer for A3,none,synthetic-eval-v1
42,A0,TCK-00038,assignment,1.469999915570952e-05,0,0,0,0.0,162572,ACL serializer; MobileAgentRuntime bundle serializer for A3,none,synthetic-eval-v1
42,A0,TCK-00038,investigation,1.5899999198154546e-05,0,0,0,0.0,163118,ACL serializer; MobileAgentRuntime bundle serializer for A3,none,synthetic-eval-v1
42,A0,TCK-00038,implementation,1.3500000932253897e-05,0,0,0,0.0,163660,ACL serializer; MobileAgentRuntime bundle serializer for A3,none,synthetic-eval-v1
42,A0,TCK-00038,qa,1.340000017080456e-05,0,0,0,0.0,164182,ACL serializer; MobileAgentRuntime bundle serializer for A3,none,synthetic-eval-v1
42,A0,TCK-00038,deployment,1.359999987471383e-05,0,0,0,0.0,165020,ACL serializer; MobileAgentRuntime bundle serializer for A3,none,synthetic-eval-v1
42,A0,TCK-00039,triage,1.4599998394260183e-05,0,0,0,0.0,166464,ACL serializer; MobileAgentRuntime bundle serializer for A3,none,synthetic-eval-v1
42,A0,TCK-00039,assignment,1.5100000382517464e-05,0,0,0,0.0,167066,ACL serializer; MobileAgentRuntime bundle serializer for A3,none,synthetic-eval-v1
42,A0,TCK-00039,investigation,1.320000046689529e-05,0,0,0,0.0,167612,ACL serializer; MobileAgentRuntime bundle serializer for A3,none,synthetic-eval-v1
42,A0,TCK-00039,implementation,1.3099999705445953e-05,0,0,0,0.0,168154,ACL serializer; MobileAgentRuntime bundle serializer for A3,none,synthetic-eval-v1
42,A0,TCK-00039,qa,1.2900000001536682e-05,0,0,0,0.0,168676,ACL serializer; MobileAgentRuntime bundle serializer for A3,none,synthetic-eval-v1
42,A0,TCK-00039,deployment,1.3399998351815157e-05,0,0,0,0.0,169226,ACL serializer; MobileAgentRuntime bundle serializer for A3,none,synthetic-eval-v1
42,A0,TCK-00040,triage,1.300000076298602e-05,0,0,0,0.0,170640,ACL serializer; MobileAgentRuntime bundle serializer for A3,none,synthetic-eval-v1
42,A0,TCK-00040,assignment,1.4900000678608194e-05,0,0,0,0.0,171242,ACL serializer; MobileAgentRuntime bundle serializer for A3,none,synthetic-eval-v1
42,A0,TCK-00040,investigation,1.3299999409355223e-05,0,0,0,0.0,171788,ACL serializer; MobileAgentRuntime bundle serializer for A3,none,synthetic-eval-v1
42,A0,TCK-00040,implementation,1.320000046689529e-05,0,0,0,0.0,172330,ACL serializer; MobileAgentRuntime bundle serializer for A3,none,synthetic-eval-v1
42,A0,TCK-00040,qa,1.2999998943996616e-05,0,0,0,0.0,172852,ACL serializer; MobileAgentRuntime bundle serializer for A3,none,synthetic-eval-v1
42,A0,TCK-00040,deployment,1.320000046689529e-05,0,0,0,0.0,173402,ACL serializer; MobileAgentRuntime bundle serializer for A3,none,synthetic-eval-v1
42,A0,TCK-00041,triage,1.2900000001536682e-05,0,0,0,0.0,174944,ACL serializer; MobileAgentRuntime bundle serializer for A3,none,synthetic-eval-v1
42,A0,TCK-00041,assignment,1.4799999917158857e-05,0,0,0,0.0,175546,ACL serializer; MobileAgentRuntime bundle serializer for A3,none,synthetic-eval-v1
42,A0,TCK-00041,investigation,1.320000046689529e-05,0,0,0,0.0,176092,ACL serializer; MobileAgentRuntime bundle serializer for A3,none,synthetic-eval-v1
42,A0,TCK-00041,implementation,1.320000046689529e-05,0,0,0,0.0,176634,ACL serializer; MobileAgentRuntime bundle serializer for A3,none,synthetic-eval-v1
42,A0,TCK-00041,qa,1.320000046689529e-05,0,0,0,0.0,177156,ACL serializer; MobileAgentRuntime bundle serializer for A3,none,synthetic-eval-v1
42,A0,TCK-00041,deployment,1.3099999705445953e-05,0,0,0,0.0,177706,ACL serializer; MobileAgentRuntime bundle serializer for A3,none,synthetic-eval-v1
42,A0,TCK-00042,triage,1.3299999409355223e-05,0,0,0,0.0,179182,ACL serializer; MobileAgentRuntime bundle serializer for A3,none,synthetic-eval-v1
42,A0,TCK-00042,assignment,1.4799999917158857e-05,0,0,0,0.0,179784,ACL serializer; MobileAgentRuntime bundle serializer for A3,none,synthetic-eval-v1
42,A0,TCK-00042,investigation,1.3300001228344627e-05,0,0,0,0.0,180330,ACL serializer; MobileAgentRuntime bundle serializer for A3,none,synthetic-eval-v1
42,A0,TCK-00042,implementation,1.3799999578623101e-05,0,0,0,0.0,180872,ACL serializer; MobileAgentRuntime bundle serializer for A3,none,synthetic-eval-v1
42,A0,TCK-00042,qa,1.320000046689529e-05,0,0,0,0.0,181394,ACL serializer; MobileAgentRuntime bundle serializer for A3,none,synthetic-eval-v1
42,A0,TCK-00042,deployment,1.3099999705445953e-05,0,0,0,0.0,181944,ACL serializer; MobileAgentRuntime bundle serializer for A3,none,synthetic-eval-v1
42,A0,TCK-00043,triage,1.3799999578623101e-05,0,0,0,0.0,183392,ACL serializer; MobileAgentRuntime bundle serializer for A3,none,synthetic-eval-v1
42,A0,TCK-00043,assignment,1.5100000382517464e-05,0,0,0,0.0,183994,ACL serializer; MobileAgentRuntime bundle serializer for A3,none,synthetic-eval-v1
42,A0,TCK-00043,investigation,1.320000046689529e-05,0,0,0,0.0,184540,ACL serializer; MobileAgentRuntime bundle serializer for A3,none,synthetic-eval-v1
42,A0,TCK-00043,implementation,1.3199998647905886e-05,0,0,0,0.0,185082,ACL serializer; MobileAgentRuntime bundle serializer for A3,none,synthetic-eval-v1
42,A0,TCK-00043,qa,1.3499999113264494e-05,0,0,0,0.0,185604,ACL serializer; MobileAgentRuntime bundle serializer for A3,none,synthetic-eval-v1
42,A0,TCK-00043,deployment,1.320000046689529e-05,0,0,0,0.0,186154,ACL serializer; MobileAgentRuntime bundle serializer for A3,none,synthetic-eval-v1
42,A0,TCK-00044,triage,1.2900000001536682e-05,0,0,0,0.0,187552,ACL serializer; MobileAgentRuntime bundle serializer for A3,none,synthetic-eval-v1
42,A0,TCK-00044,assignment,1.4599998394260183e-05,0,0,0,0.0,188154,ACL serializer; MobileAgentRuntime bundle serializer for A3,none,synthetic-eval-v1
42,A0,TCK-00044,investigation,1.320000046689529e-05,0,0,0,0.0,188700,ACL serializer; MobileAgentRuntime bundle serializer for A3,none,synthetic-eval-v1
42,A0,TCK-00044,implementation,1.3199998647905886e-05,0,0,0,0.0,189242,ACL serializer; MobileAgentRuntime bundle serializer for A3,none,synthetic-eval-v1
42,A0,TCK-00044,qa,1.2799999240087345e-05,0,0,0,0.0,189764,ACL serializer; MobileAgentRuntime bundle serializer for A3,none,synthetic-eval-v1
42,A0,TCK-00044,deployment,1.340000017080456e-05,0,0,0,0.0,190634,ACL serializer; MobileAgentRuntime bundle serializer for A3,none,synthetic-eval-v1
42,A0,TCK-00045,triage,1.3100001524435356e-05,0,0,0,0.0,192080,ACL serializer; MobileAgentRuntime bundle serializer for A3,none,synthetic-eval-v1
42,A0,TCK-00045,assignment,1.7299998944508843e-05,0,0,0,0.0,192658,ACL serializer; MobileAgentRuntime bundle serializer for A3,none,synthetic-eval-v1
42,A0,TCK-00045,investigation,1.340000017080456e-05,0,0,0,0.0,193204,ACL serializer; MobileAgentRuntime bundle serializer for A3,none,synthetic-eval-v1
42,A0,TCK-00045,implementation,1.320000046689529e-05,0,0,0,0.0,193746,ACL serializer; MobileAgentRuntime bundle serializer for A3,none,synthetic-eval-v1
42,A0,TCK-00045,qa,1.320000046689529e-05,0,0,0,0.0,194268,ACL serializer; MobileAgentRuntime bundle serializer for A3,none,synthetic-eval-v1
42,A0,TCK-00045,deployment,1.5199999324977398e-05,0,0,0,0.0,194818,ACL serializer; MobileAgentRuntime bundle serializer for A3,none,synthetic-eval-v1
42,A0,TCK-00046,triage,1.340000017080456e-05,0,0,0,0.0,196232,ACL serializer; MobileAgentRuntime bundle serializer for A3,none,synthetic-eval-v1
42,A0,TCK-00046,assignment,1.4799999917158857e-05,0,0,0,0.0,196834,ACL serializer; MobileAgentRuntime bundle serializer for A3,none,synthetic-eval-v1
42,A0,TCK-00046,investigation,1.3299999409355223e-05,0,0,0,0.0,197380,ACL serializer; MobileAgentRuntime bundle serializer for A3,none,synthetic-eval-v1
42,A0,TCK-00046,implementation,1.3099999705445953e-05,0,0,0,0.0,197922,ACL serializer; MobileAgentRuntime bundle serializer for A3,none,synthetic-eval-v1
42,A0,TCK-00046,qa,1.2799999240087345e-05,0,0,0,0.0,198444,ACL serializer; MobileAgentRuntime bundle serializer for A3,none,synthetic-eval-v1
42,A0,TCK-00046,deployment,1.320000046689529e-05,0,0,0,0.0,198994,ACL serializer; MobileAgentRuntime bundle serializer for A3,none,synthetic-eval-v1
42,A0,TCK-00047,triage,1.3300001228344627e-05,0,0,0,0.0,200440,ACL serializer; MobileAgentRuntime bundle serializer for A3,none,synthetic-eval-v1
42,A0,TCK-00047,assignment,1.5100000382517464e-05,0,0,0,0.0,201042,ACL serializer; MobileAgentRuntime bundle serializer for A3,none,synthetic-eval-v1
42,A0,TCK-00047,investigation,1.3299999409355223e-05,0,0,0,0.0,201588,ACL serializer; MobileAgentRuntime bundle serializer for A3,none,synthetic-eval-v1
42,A0,TCK-00047,implementation,1.320000046689529e-05,0,0,0,0.0,202130,ACL serializer; MobileAgentRuntime bundle serializer for A3,none,synthetic-eval-v1
42,A0,TCK-00047,qa,1.320000046689529e-05,0,0,0,0.0,202652,ACL serializer; MobileAgentRuntime bundle serializer for A3,none,synthetic-eval-v1
42,A0,TCK-00047,deployment,1.3099999705445953e-05,0,0,0,0.0,203202,ACL serializer; MobileAgentRuntime bundle serializer for A3,none,synthetic-eval-v1
42,A0,TCK-00048,triage,1.2599999536178075e-05,0,0,0,0.0,204618,ACL serializer; MobileAgentRuntime bundle serializer for A3,none,synthetic-eval-v1
42,A0,TCK-00048,assignment,1.469999915570952e-05,0,0,0,0.0,205220,ACL serializer; MobileAgentRuntime bundle serializer for A3,none,synthetic-eval-v1
42,A0,TCK-00048,investigation,1.320000046689529e-05,0,0,0,0.0,205766,ACL serializer; MobileAgentRuntime bundle serializer for A3,none,synthetic-eval-v1
42,A0,TCK-00048,implementation,1.320000046689529e-05,0,0,0,0.0,206308,ACL serializer; MobileAgentRuntime bundle serializer for A3,none,synthetic-eval-v1
42,A0,TCK-00048,qa,1.3099999705445953e-05,0,0,0,0.0,206830,ACL serializer; MobileAgentRuntime bundle serializer for A3,none,synthetic-eval-v1
42,A0,TCK-00048,deployment,1.320000046689529e-05,0,0,0,0.0,207380,ACL serializer; MobileAgentRuntime bundle serializer for A3,none,synthetic-eval-v1
42,A0,TCK-00049,triage,1.3099999705445953e-05,0,0,0,0.0,208888,ACL serializer; MobileAgentRuntime bundle serializer for A3,none,synthetic-eval-v1
42,A0,TCK-00049,assignment,1.489999885961879e-05,0,0,0,0.0,209490,ACL serializer; MobileAgentRuntime bundle serializer for A3,none,synthetic-eval-v1
42,A0,TCK-00049,investigation,1.340000017080456e-05,0,0,0,0.0,210036,ACL serializer; MobileAgentRuntime bundle serializer for A3,none,synthetic-eval-v1
42,A0,TCK-00049,implementation,1.320000046689529e-05,0,0,0,0.0,210578,ACL serializer; MobileAgentRuntime bundle serializer for A3,none,synthetic-eval-v1
42,A0,TCK-00049,qa,1.3199998647905886e-05,0,0,0,0.0,211100,ACL serializer; MobileAgentRuntime bundle serializer for A3,none,synthetic-eval-v1
42,A0,TCK-00049,deployment,1.320000046689529e-05,0,0,0,0.0,211650,ACL serializer; MobileAgentRuntime bundle serializer for A3,none,synthetic-eval-v1
42,A0,TCK-00050,triage,1.3999999282532372e-05,0,0,0,0.0,213066,ACL serializer; MobileAgentRuntime bundle serializer for A3,none,synthetic-eval-v1
42,A0,TCK-00050,assignment,1.4799999917158857e-05,0,0,0,0.0,213668,ACL serializer; MobileAgentRuntime bundle serializer for A3,none,synthetic-eval-v1
42,A0,TCK-00050,investigation,1.3299999409355223e-05,0,0,0,0.0,214214,ACL serializer; MobileAgentRuntime bundle serializer for A3,none,synthetic-eval-v1
42,A0,TCK-00050,implementation,1.320000046689529e-05,0,0,0,0.0,214756,ACL serializer; MobileAgentRuntime bundle serializer for A3,none,synthetic-eval-v1
42,A0,TCK-00050,qa,1.3099999705445953e-05,0,0,0,0.0,215278,ACL serializer; MobileAgentRuntime bundle serializer for A3,none,synthetic-eval-v1
42,A0,TCK-00050,deployment,1.340000017080456e-05,0,0,0,0.0,215828,ACL serializer; MobileAgentRuntime bundle serializer for A3,none,synthetic-eval-v1
42,A0,TCK-00051,triage,1.340000017080456e-05,0,0,0,0.0,217282,ACL serializer; MobileAgentRuntime bundle serializer for A3,none,synthetic-eval-v1
42,A0,TCK-00051,assignment,1.5199999324977398e-05,0,0,0,0.0,217884,ACL serializer; MobileAgentRuntime bundle serializer for A3,none,synthetic-eval-v1
42,A0,TCK-00051,investigation,1.3499999113264494e-05,0,0,0,0.0,218430,ACL serializer; MobileAgentRuntime bundle serializer for A3,none,synthetic-eval-v1
42,A0,TCK-00051,implementation,1.3799999578623101e-05,0,0,0,0.0,219324,ACL serializer; MobileAgentRuntime bundle serializer for A3,none,synthetic-eval-v1
42,A0,TCK-00051,qa,1.340000017080456e-05,0,0,0,0.0,219846,ACL serializer; MobileAgentRuntime bundle serializer for A3,none,synthetic-eval-v1
42,A0,TCK-00051,deployment,1.359999987471383e-05,0,0,0,0.0,220396,ACL serializer; MobileAgentRuntime bundle serializer for A3,none,synthetic-eval-v1
42,A0,TCK-00052,triage,2.4400000256719068e-05,0,0,0,0.0,221808,ACL serializer; MobileAgentRuntime bundle serializer for A3,none,synthetic-eval-v1
42,A0,TCK-00052,assignment,1.7899999875226058e-05,0,0,0,0.0,222410,ACL serializer; MobileAgentRuntime bundle serializer for A3,none,synthetic-eval-v1
42,A0,TCK-00052,investigation,2.8000000384054147e-05,0,0,0,0.0,222956,ACL serializer; MobileAgentRuntime bundle serializer for A3,none,synthetic-eval-v1
42,A0,TCK-00052,implementation,1.5999999959603883e-05,0,0,0,0.0,223498,ACL serializer; MobileAgentRuntime bundle serializer for A3,none,synthetic-eval-v1
42,A0,TCK-00052,qa,1.3900000340072438e-05,0,0,0,0.0,224020,ACL serializer; MobileAgentRuntime bundle serializer for A3,none,synthetic-eval-v1
42,A0,TCK-00052,deployment,1.3699998817173764e-05,0,0,0,0.0,224570,ACL serializer; MobileAgentRuntime bundle serializer for A3,none,synthetic-eval-v1
42,A0,TCK-00053,triage,1.3799999578623101e-05,0,0,0,0.0,226112,ACL serializer; MobileAgentRuntime bundle serializer for A3,none,synthetic-eval-v1
42,A0,TCK-00053,assignment,1.5200001143966801e-05,0,0,0,0.0,226714,ACL serializer; MobileAgentRuntime bundle serializer for A3,none,synthetic-eval-v1
42,A0,TCK-00053,investigation,1.359999987471383e-05,0,0,0,0.0,227260,ACL serializer; MobileAgentRuntime bundle serializer for A3,none,synthetic-eval-v1
42,A0,TCK-00053,implementation,1.3300001228344627e-05,0,0,0,0.0,227802,ACL serializer; MobileAgentRuntime bundle serializer for A3,none,synthetic-eval-v1
42,A0,TCK-00053,qa,1.3499999113264494e-05,0,0,0,0.0,228324,ACL serializer; MobileAgentRuntime bundle serializer for A3,none,synthetic-eval-v1
42,A0,TCK-00053,deployment,1.3099999705445953e-05,0,0,0,0.0,228874,ACL serializer; MobileAgentRuntime bundle serializer for A3,none,synthetic-eval-v1
42,A0,TCK-00054,triage,1.4100000043981709e-05,0,0,0,0.0,230286,ACL serializer; MobileAgentRuntime bundle serializer for A3,none,synthetic-eval-v1
42,A0,TCK-00054,assignment,1.489999885961879e-05,0,0,0,0.0,230888,ACL serializer; MobileAgentRuntime bundle serializer for A3,none,synthetic-eval-v1
42,A0,TCK-00054,investigation,1.3600001693703234e-05,0,0,0,0.0,231434,ACL serializer; MobileAgentRuntime bundle serializer for A3,none,synthetic-eval-v1
42,A0,TCK-00054,implementation,1.320000046689529e-05,0,0,0,0.0,231976,ACL serializer; MobileAgentRuntime bundle serializer for A3,none,synthetic-eval-v1
42,A0,TCK-00054,qa,1.3199998647905886e-05,0,0,0,0.0,232498,ACL serializer; MobileAgentRuntime bundle serializer for A3,none,synthetic-eval-v1
42,A0,TCK-00054,deployment,8.410000009462237e-05,0,0,0,0.0,233048,ACL serializer; MobileAgentRuntime bundle serializer for A3,none,synthetic-eval-v1
42,A0,TCK-00055,triage,1.3900000340072438e-05,0,0,0,0.0,234496,ACL serializer; MobileAgentRuntime bundle serializer for A3,none,synthetic-eval-v1
42,A0,TCK-00055,assignment,1.5000001440057531e-05,0,0,0,0.0,235098,ACL serializer; MobileAgentRuntime bundle serializer for A3,none,synthetic-eval-v1
42,A0,TCK-00055,investigation,1.340000017080456e-05,0,0,0,0.0,235644,ACL serializer; MobileAgentRuntime bundle serializer for A3,none,synthetic-eval-v1
42,A0,TCK-00055,implementation,1.3199998647905886e-05,0,0,0,0.0,236186,ACL serializer; MobileAgentRuntime bundle serializer for A3,none,synthetic-eval-v1
42,A0,TCK-00055,qa,1.340000017080456e-05,0,0,0,0.0,236708,ACL serializer; MobileAgentRuntime bundle serializer for A3,none,synthetic-eval-v1
42,A0,TCK-00055,deployment,1.3799999578623101e-05,0,0,0,0.0,237258,ACL serializer; MobileAgentRuntime bundle serializer for A3,none,synthetic-eval-v1
42,A0,TCK-00056,triage,1.359999987471383e-05,0,0,0,0.0,238734,ACL serializer; MobileAgentRuntime bundle serializer for A3,none,synthetic-eval-v1
42,A0,TCK-00056,assignment,1.82999992830446e-05,0,0,0,0.0,239312,ACL serializer; MobileAgentRuntime bundle serializer for A3,none,synthetic-eval-v1
42,A0,TCK-00056,investigation,1.340000017080456e-05,0,0,0,0.0,239858,ACL serializer; MobileAgentRuntime bundle serializer for A3,none,synthetic-eval-v1
42,A0,TCK-00056,implementation,1.3099999705445953e-05,0,0,0,0.0,240400,ACL serializer; MobileAgentRuntime bundle serializer for A3,none,synthetic-eval-v1
42,A0,TCK-00056,qa,1.3099999705445953e-05,0,0,0,0.0,240922,ACL serializer; MobileAgentRuntime bundle serializer for A3,none,synthetic-eval-v1
42,A0,TCK-00056,deployment,1.2900000001536682e-05,0,0,0,0.0,241472,ACL serializer; MobileAgentRuntime bundle serializer for A3,none,synthetic-eval-v1
42,A0,TCK-00057,triage,1.4299999747890979e-05,0,0,0,0.0,242920,ACL serializer; MobileAgentRuntime bundle serializer for A3,none,synthetic-eval-v1
42,A0,TCK-00057,assignment,1.5199999324977398e-05,0,0,0,0.0,243522,ACL serializer; MobileAgentRuntime bundle serializer for A3,none,synthetic-eval-v1
42,A0,TCK-00057,investigation,1.3299999409355223e-05,0,0,0,0.0,244068,ACL serializer; MobileAgentRuntime bundle serializer for A3,none,synthetic-eval-v1
42,A0,TCK-00057,implementation,1.3300001228344627e-05,0,0,0,0.0,244610,ACL serializer; MobileAgentRuntime bundle serializer for A3,none,synthetic-eval-v1
42,A0,TCK-00057,qa,1.3199998647905886e-05,0,0,0,0.0,245132,ACL serializer; MobileAgentRuntime bundle serializer for A3,none,synthetic-eval-v1
42,A0,TCK-00057,deployment,1.3700000636163168e-05,0,0,0,0.0,245682,ACL serializer; MobileAgentRuntime bundle serializer for A3,none,synthetic-eval-v1
42,A0,TCK-00058,triage,1.2900000001536682e-05,0,0,0,0.0,247080,ACL serializer; MobileAgentRuntime bundle serializer for A3,none,synthetic-eval-v1
42,A0,TCK-00058,assignment,1.4600000213249587e-05,0,0,0,0.0,247682,ACL serializer; MobileAgentRuntime bundle serializer for A3,none,synthetic-eval-v1
42,A0,TCK-00058,investigation,1.320000046689529e-05,0,0,0,0.0,248228,ACL serializer; MobileAgentRuntime bundle serializer for A3,none,synthetic-eval-v1
42,A0,TCK-00058,implementation,1.300000076298602e-05,0,0,0,0.0,248770,ACL serializer; MobileAgentRuntime bundle serializer for A3,none,synthetic-eval-v1
42,A0,TCK-00058,qa,1.300000076298602e-05,0,0,0,0.0,249292,ACL serializer; MobileAgentRuntime bundle serializer for A3,none,synthetic-eval-v1
42,A0,TCK-00058,deployment,1.3500000932253897e-05,0,0,0,0.0,250226,ACL serializer; MobileAgentRuntime bundle serializer for A3,none,synthetic-eval-v1
42,A0,TCK-00059,triage,1.3999999282532372e-05,0,0,0,0.0,251672,ACL serializer; MobileAgentRuntime bundle serializer for A3,none,synthetic-eval-v1
42,A0,TCK-00059,assignment,1.4799999917158857e-05,0,0,0,0.0,252274,ACL serializer; MobileAgentRuntime bundle serializer for A3,none,synthetic-eval-v1
42,A0,TCK-00059,investigation,1.3300001228344627e-05,0,0,0,0.0,252820,ACL serializer; MobileAgentRuntime bundle serializer for A3,none,synthetic-eval-v1
42,A0,TCK-00059,implementation,1.320000046689529e-05,0,0,0,0.0,253362,ACL serializer; MobileAgentRuntime bundle serializer for A3,none,synthetic-eval-v1
42,A0,TCK-00059,qa,1.320000046689529e-05,0,0,0,0.0,253884,ACL serializer; MobileAgentRuntime bundle serializer for A3,none,synthetic-eval-v1
42,A0,TCK-00059,deployment,1.3299999409355223e-05,0,0,0,0.0,254434,ACL serializer; MobileAgentRuntime bundle serializer for A3,none,synthetic-eval-v1
42,A0,TCK-00060,triage,1.300000076298602e-05,0,0,0,0.0,255848,ACL serializer; MobileAgentRuntime bundle serializer for A3,none,synthetic-eval-v1
42,A0,TCK-00060,assignment,1.469999915570952e-05,0,0,0,0.0,256450,ACL serializer; MobileAgentRuntime bundle serializer for A3,none,synthetic-eval-v1
42,A0,TCK-00060,investigation,1.3099999705445953e-05,0,0,0,0.0,256996,ACL serializer; MobileAgentRuntime bundle serializer for A3,none,synthetic-eval-v1
42,A0,TCK-00060,implementation,1.3099999705445953e-05,0,0,0,0.0,257538,ACL serializer; MobileAgentRuntime bundle serializer for A3,none,synthetic-eval-v1
42,A0,TCK-00060,qa,1.2799999240087345e-05,0,0,0,0.0,258060,ACL serializer; MobileAgentRuntime bundle serializer for A3,none,synthetic-eval-v1
42,A0,TCK-00060,deployment,1.3199998647905886e-05,0,0,0,0.0,258610,ACL serializer; MobileAgentRuntime bundle serializer for A3,none,synthetic-eval-v1
42,A0,TCK-00061,triage,1.300000076298602e-05,0,0,0,0.0,260058,ACL serializer; MobileAgentRuntime bundle serializer for A3,none,synthetic-eval-v1
42,A0,TCK-00061,assignment,1.4900000678608194e-05,0,0,0,0.0,260660,ACL serializer; MobileAgentRuntime bundle serializer for A3,none,synthetic-eval-v1
42,A0,TCK-00061,investigation,1.3500000932253897e-05,0,0,0,0.0,261206,ACL serializer; MobileAgentRuntime bundle serializer for A3,none,synthetic-eval-v1
42,A0,TCK-00061,implementation,1.320000046689529e-05,0,0,0,0.0,261748,ACL serializer; MobileAgentRuntime bundle serializer for A3,none,synthetic-eval-v1
42,A0,TCK-00061,qa,1.5899999198154546e-05,0,0,0,0.0,262270,ACL serializer; MobileAgentRuntime bundle serializer for A3,none,synthetic-eval-v1
42,A0,TCK-00061,deployment,1.3300001228344627e-05,0,0,0,0.0,262820,ACL serializer; MobileAgentRuntime bundle serializer for A3,none,synthetic-eval-v1
42,A0,TCK-00062,triage,1.2900000001536682e-05,0,0,0,0.0,264234,ACL serializer; MobileAgentRuntime bundle serializer for A3,none,synthetic-eval-v1
42,A0,TCK-00062,assignment,1.4599998394260183e-05,0,0,0,0.0,264836,ACL serializer; MobileAgentRuntime bundle serializer for A3,none,synthetic-eval-v1
42,A0,TCK-00062,investigation,1.3300001228344627e-05,0,0,0,0.0,265382,ACL serializer; MobileAgentRuntime bundle serializer for A3,none,synthetic-eval-v1
42,A0,TCK-00062,implementation,1.340000017080456e-05,0,0,0,0.0,265924,ACL serializer; MobileAgentRuntime bundle serializer for A3,none,synthetic-eval-v1
42,A0,TCK-00062,qa,1.2800001059076749e-05,0,0,0,0.0,266446,ACL serializer; MobileAgentRuntime bundle serializer for A3,none,synthetic-eval-v1
42,A0,TCK-00062,deployment,1.320000046689529e-05,0,0,0,0.0,266996,ACL serializer; MobileAgentRuntime bundle serializer for A3,none,synthetic-eval-v1
42,A0,TCK-00063,triage,1.300000076298602e-05,0,0,0,0.0,268504,ACL serializer; MobileAgentRuntime bundle serializer for A3,none,synthetic-eval-v1
42,A0,TCK-00063,assignment,1.4900000678608194e-05,0,0,0,0.0,269106,ACL serializer; MobileAgentRuntime bundle serializer for A3,none,synthetic-eval-v1
42,A0,TCK-00063,investigation,1.320000046689529e-05,0,0,0,0.0,269652,ACL serializer; MobileAgentRuntime bundle serializer for A3,none,synthetic-eval-v1
42,A0,TCK-00063,implementation,1.3800001397612505e-05,0,0,0,0.0,270194,ACL serializer; MobileAgentRuntime bundle serializer for A3,none,synthetic-eval-v1
42,A0,TCK-00063,qa,1.359999987471383e-05,0,0,0,0.0,270716,ACL serializer; MobileAgentRuntime bundle serializer for A3,none,synthetic-eval-v1
42,A0,TCK-00063,deployment,1.340000017080456e-05,0,0,0,0.0,271266,ACL serializer; MobileAgentRuntime bundle serializer for A3,none,synthetic-eval-v1
42,A0,TCK-00064,triage,1.340000017080456e-05,0,0,0,0.0,272682,ACL serializer; MobileAgentRuntime bundle serializer for A3,none,synthetic-eval-v1
42,A0,TCK-00064,assignment,1.5099998563528061e-05,0,0,0,0.0,273284,ACL serializer; MobileAgentRuntime bundle serializer for A3,none,synthetic-eval-v1
42,A0,TCK-00064,investigation,1.3499999113264494e-05,0,0,0,0.0,273830,ACL serializer; MobileAgentRuntime bundle serializer for A3,none,synthetic-eval-v1
42,A0,TCK-00064,implementation,1.3299999409355223e-05,0,0,0,0.0,274372,ACL serializer; MobileAgentRuntime bundle serializer for A3,none,synthetic-eval-v1
42,A0,TCK-00064,qa,1.340000017080456e-05,0,0,0,0.0,274894,ACL serializer; MobileAgentRuntime bundle serializer for A3,none,synthetic-eval-v1
42,A0,TCK-00064,deployment,1.340000017080456e-05,0,0,0,0.0,275444,ACL serializer; MobileAgentRuntime bundle serializer for A3,none,synthetic-eval-v1
42,A0,TCK-00065,triage,1.2900000001536682e-05,0,0,0,0.0,276968,ACL serializer; MobileAgentRuntime bundle serializer for A3,none,synthetic-eval-v1
42,A0,TCK-00065,assignment,1.449999945180025e-05,0,0,0,0.0,277570,ACL serializer; MobileAgentRuntime bundle serializer for A3,none,synthetic-eval-v1
42,A0,TCK-00065,investigation,1.2900000001536682e-05,0,0,0,0.0,278116,ACL serializer; MobileAgentRuntime bundle serializer for A3,none,synthetic-eval-v1
42,A0,TCK-00065,implementation,1.2699998478638008e-05,0,0,0,0.0,278658,ACL serializer; MobileAgentRuntime bundle serializer for A3,none,synthetic-eval-v1
42,A0,TCK-00065,qa,1.2800001059076749e-05,0,0,0,0.0,279180,ACL serializer; MobileAgentRuntime bundle serializer for A3,none,synthetic-eval-v1
42,A0,TCK-00065,deployment,1.2799999240087345e-05,0,0,0,0.0,279730,ACL serializer; MobileAgentRuntime bundle serializer for A3,none,synthetic-eval-v1
42,A0,TCK-00066,triage,1.2799999240087345e-05,0,0,0,0.0,281144,ACL serializer; MobileAgentRuntime bundle serializer for A3,none,synthetic-eval-v1
42,A0,TCK-00066,assignment,1.4299999747890979e-05,0,0,0,0.0,281746,ACL serializer; MobileAgentRuntime bundle serializer for A3,none,synthetic-eval-v1
42,A0,TCK-00066,investigation,1.2800001059076749e-05,0,0,0,0.0,282292,ACL serializer; MobileAgentRuntime bundle serializer for A3,none,synthetic-eval-v1
42,A0,TCK-00066,implementation,1.2799999240087345e-05,0,0,0,0.0,282834,ACL serializer; MobileAgentRuntime bundle serializer for A3,none,synthetic-eval-v1
42,A0,TCK-00066,qa,1.2499998774728738e-05,0,0,0,0.0,283356,ACL serializer; MobileAgentRuntime bundle serializer for A3,none,synthetic-eval-v1
42,A0,TCK-00066,deployment,1.300000076298602e-05,0,0,0,0.0,284354,ACL serializer; MobileAgentRuntime bundle serializer for A3,none,synthetic-eval-v1
42,A0,TCK-00067,triage,1.2699998478638008e-05,0,0,0,0.0,285800,ACL serializer; MobileAgentRuntime bundle serializer for A3,none,synthetic-eval-v1
42,A0,TCK-00067,assignment,1.6799998775240965e-05,0,0,0,0.0,286378,ACL serializer; MobileAgentRuntime bundle serializer for A3,none,synthetic-eval-v1
42,A0,TCK-00067,investigation,1.2900000001536682e-05,0,0,0,0.0,286924,ACL serializer; MobileAgentRuntime bundle serializer for A3,none,synthetic-eval-v1
42,A0,TCK-00067,implementation,1.2799999240087345e-05,0,0,0,0.0,287466,ACL serializer; MobileAgentRuntime bundle serializer for A3,none,synthetic-eval-v1
42,A0,TCK-00067,qa,1.2800001059076749e-05,0,0,0,0.0,287988,ACL serializer; MobileAgentRuntime bundle serializer for A3,none,synthetic-eval-v1
42,A0,TCK-00067,deployment,1.3799999578623101e-05,0,0,0,0.0,288538,ACL serializer; MobileAgentRuntime bundle serializer for A3,none,synthetic-eval-v1
42,A0,TCK-00068,triage,1.2399999832268804e-05,0,0,0,0.0,289952,ACL serializer; MobileAgentRuntime bundle serializer for A3,none,synthetic-eval-v1
42,A0,TCK-00068,assignment,1.449999945180025e-05,0,0,0,0.0,290554,ACL serializer; MobileAgentRuntime bundle serializer for A3,none,synthetic-eval-v1
42,A0,TCK-00068,investigation,1.2800001059076749e-05,0,0,0,0.0,291100,ACL serializer; MobileAgentRuntime bundle serializer for A3,none,synthetic-eval-v1
42,A0,TCK-00068,implementation,1.2599999536178075e-05,0,0,0,0.0,291642,ACL serializer; MobileAgentRuntime bundle serializer for A3,none,synthetic-eval-v1
42,A0,TCK-00068,qa,1.2699998478638008e-05,0,0,0,0.0,292164,ACL serializer; MobileAgentRuntime bundle serializer for A3,none,synthetic-eval-v1
42,A0,TCK-00068,deployment,1.2700000297627412e-05,0,0,0,0.0,292714,ACL serializer; MobileAgentRuntime bundle serializer for A3,none,synthetic-eval-v1
42,A0,TCK-00069,triage,1.2599999536178075e-05,0,0,0,0.0,294158,ACL serializer; MobileAgentRuntime bundle serializer for A3,none,synthetic-eval-v1
42,A0,TCK-00069,assignment,1.4199998986441642e-05,0,0,0,0.0,294760,ACL serializer; MobileAgentRuntime bundle serializer for A3,none,synthetic-eval-v1
42,A0,TCK-00069,investigation,1.2800001059076749e-05,0,0,0,0.0,295306,ACL serializer; MobileAgentRuntime bundle serializer for A3,none,synthetic-eval-v1
42,A0,TCK-00069,implementation,1.2800001059076749e-05,0,0,0,0.0,295848,ACL serializer; MobileAgentRuntime bundle serializer for A3,none,synthetic-eval-v1
42,A0,TCK-00069,qa,1.2900000001536682e-05,0,0,0,0.0,296370,ACL serializer; MobileAgentRuntime bundle serializer for A3,none,synthetic-eval-v1
42,A0,TCK-00069,deployment,1.2799999240087345e-05,0,0,0,0.0,296920,ACL serializer; MobileAgentRuntime bundle serializer for A3,none,synthetic-eval-v1
42,A0,TCK-00070,triage,1.2900000001536682e-05,0,0,0,0.0,298396,ACL serializer; MobileAgentRuntime bundle serializer for A3,none,synthetic-eval-v1
42,A0,TCK-00070,assignment,1.4100000043981709e-05,0,0,0,0.0,298998,ACL serializer; MobileAgentRuntime bundle serializer for A3,none,synthetic-eval-v1
42,A0,TCK-00070,investigation,1.2799999240087345e-05,0,0,0,0.0,299544,ACL serializer; MobileAgentRuntime bundle serializer for A3,none,synthetic-eval-v1
42,A0,TCK-00070,implementation,1.2800001059076749e-05,0,0,0,0.0,300086,ACL serializer; MobileAgentRuntime bundle serializer for A3,none,synthetic-eval-v1
42,A0,TCK-00070,qa,1.2700000297627412e-05,0,0,0,0.0,300608,ACL serializer; MobileAgentRuntime bundle serializer for A3,none,synthetic-eval-v1
42,A0,TCK-00070,deployment,1.2599999536178075e-05,0,0,0,0.0,301158,ACL serializer; MobileAgentRuntime bundle serializer for A3,none,synthetic-eval-v1
42,A0,TCK-00071,triage,1.320000046689529e-05,0,0,0,0.0,302608,ACL serializer; MobileAgentRuntime bundle serializer for A3,none,synthetic-eval-v1
42,A0,TCK-00071,assignment,1.4600000213249587e-05,0,0,0,0.0,303210,ACL serializer; MobileAgentRuntime bundle serializer for A3,none,synthetic-eval-v1
42,A0,TCK-00071,investigation,1.2800001059076749e-05,0,0,0,0.0,303756,ACL serializer; MobileAgentRuntime bundle serializer for A3,none,synthetic-eval-v1
42,A0,TCK-00071,implementation,1.2700000297627412e-05,0,0,0,0.0,304298,ACL serializer; MobileAgentRuntime bundle serializer for A3,none,synthetic-eval-v1
42,A0,TCK-00071,qa,1.3300001228344627e-05,0,0,0,0.0,304820,ACL serializer; MobileAgentRuntime bundle serializer for A3,none,synthetic-eval-v1
42,A0,TCK-00071,deployment,1.2699998478638008e-05,0,0,0,0.0,305370,ACL serializer; MobileAgentRuntime bundle serializer for A3,none,synthetic-eval-v1
42,A0,TCK-00072,triage,1.9400000383029692e-05,0,0,0,0.0,306768,ACL serializer; MobileAgentRuntime bundle serializer for A3,none,synthetic-eval-v1
42,A0,TCK-00072,assignment,1.4399998690350913e-05,0,0,0,0.0,307370,ACL serializer; MobileAgentRuntime bundle serializer for A3,none,synthetic-eval-v1
42,A0,TCK-00072,investigation,1.2799999240087345e-05,0,0,0,0.0,307916,ACL serializer; MobileAgentRuntime bundle serializer for A3,none,synthetic-eval-v1
42,A0,TCK-00072,implementation,1.2599999536178075e-05,0,0,0,0.0,308458,ACL serializer; MobileAgentRuntime bundle serializer for A3,none,synthetic-eval-v1
42,A0,TCK-00072,qa,1.5199999324977398e-05,0,0,0,0.0,308980,ACL serializer; MobileAgentRuntime bundle serializer for A3,none,synthetic-eval-v1
42,A0,TCK-00072,deployment,1.2900000001536682e-05,0,0,0,0.0,309530,ACL serializer; MobileAgentRuntime bundle serializer for A3,none,synthetic-eval-v1
42,A0,TCK-00073,triage,1.2500000593718141e-05,0,0,0,0.0,310976,ACL serializer; MobileAgentRuntime bundle serializer for A3,none,synthetic-eval-v1
42,A0,TCK-00073,assignment,1.4299999747890979e-05,0,0,0,0.0,311578,ACL serializer; MobileAgentRuntime bundle serializer for A3,none,synthetic-eval-v1
42,A0,TCK-00073,investigation,1.2799999240087345e-05,0,0,0,0.0,312124,ACL serializer; MobileAgentRuntime bundle serializer for A3,none,synthetic-eval-v1
42,A0,TCK-00073,implementation,1.2900000001536682e-05,0,0,0,0.0,312666,ACL serializer; MobileAgentRuntime bundle serializer for A3,none,synthetic-eval-v1
42,A0,TCK-00073,qa,1.300000076298602e-05,0,0,0,0.0,313188,ACL serializer; MobileAgentRuntime bundle serializer for A3,none,synthetic-eval-v1
42,A0,TCK-00073,deployment,1.300000076298602e-05,0,0,0,0.0,313738,ACL serializer; MobileAgentRuntime bundle serializer for A3,none,synthetic-eval-v1
42,A0,TCK-00074,triage,1.2300000889808871e-05,0,0,0,0.0,315154,ACL serializer; MobileAgentRuntime bundle serializer for A3,none,synthetic-eval-v1
42,A0,TCK-00074,assignment,1.4400000509340316e-05,0,0,0,0.0,315756,ACL serializer; MobileAgentRuntime bundle serializer for A3,none,synthetic-eval-v1
42,A0,TCK-00074,investigation,1.2799999240087345e-05,0,0,0,0.0,316302,ACL serializer; MobileAgentRuntime bundle serializer for A3,none,synthetic-eval-v1
42,A0,TCK-00074,implementation,1.2600001355167478e-05,0,0,0,0.0,316844,ACL serializer; MobileAgentRuntime bundle serializer for A3,none,synthetic-eval-v1
42,A0,TCK-00074,qa,1.2500000593718141e-05,0,0,0,0.0,317366,ACL serializer; MobileAgentRuntime bundle serializer for A3,none,synthetic-eval-v1
42,A0,TCK-00074,deployment,1.2699998478638008e-05,0,0,0,0.0,317916,ACL serializer; MobileAgentRuntime bundle serializer for A3,none,synthetic-eval-v1
42,A0,TCK-00075,triage,1.2700000297627412e-05,0,0,0,0.0,319362,ACL serializer; MobileAgentRuntime bundle serializer for A3,none,synthetic-eval-v1
42,A0,TCK-00075,assignment,1.4400000509340316e-05,0,0,0,0.0,319964,ACL serializer; MobileAgentRuntime bundle serializer for A3,none,synthetic-eval-v1
42,A0,TCK-00075,investigation,1.2799999240087345e-05,0,0,0,0.0,320510,ACL serializer; MobileAgentRuntime bundle serializer for A3,none,synthetic-eval-v1
42,A0,TCK-00075,implementation,1.2999998943996616e-05,0,0,0,0.0,321052,ACL serializer; MobileAgentRuntime bundle serializer for A3,none,synthetic-eval-v1
42,A0,TCK-00075,qa,1.3100001524435356e-05,0,0,0,0.0,321574,ACL serializer; MobileAgentRuntime bundle serializer for A3,none,synthetic-eval-v1
42,A0,TCK-00075,deployment,1.2900000001536682e-05,0,0,0,0.0,322124,ACL serializer; MobileAgentRuntime bundle serializer for A3,none,synthetic-eval-v1
42,A0,TCK-00076,triage,1.2300000889808871e-05,0,0,0,0.0,323538,ACL serializer; MobileAgentRuntime bundle serializer for A3,none,synthetic-eval-v1
42,A0,TCK-00076,assignment,1.4600000213249587e-05,0,0,0,0.0,324652,ACL serializer; MobileAgentRuntime bundle serializer for A3,none,synthetic-eval-v1
42,A0,TCK-00076,investigation,1.2900000001536682e-05,0,0,0,0.0,325198,ACL serializer; MobileAgentRuntime bundle serializer for A3,none,synthetic-eval-v1
42,A0,TCK-00076,implementation,1.2599999536178075e-05,0,0,0,0.0,325740,ACL serializer; MobileAgentRuntime bundle serializer for A3,none,synthetic-eval-v1
42,A0,TCK-00076,qa,1.6699999832781032e-05,0,0,0,0.0,326262,ACL serializer; MobileAgentRuntime bundle serializer for A3,none,synthetic-eval-v1
42,A0,TCK-00076,deployment,1.3100001524435356e-05,0,0,0,0.0,326748,ACL serializer; MobileAgentRuntime bundle serializer for A3,none,synthetic-eval-v1
42,A0,TCK-00077,triage,1.3099999705445953e-05,0,0,0,0.0,328192,ACL serializer; MobileAgentRuntime bundle serializer for A3,none,synthetic-eval-v1
42,A0,TCK-00077,assignment,1.4400000509340316e-05,0,0,0,0.0,328794,ACL serializer; MobileAgentRuntime bundle serializer for A3,none,synthetic-eval-v1
42,A0,TCK-00077,investigation,1.2700000297627412e-05,0,0,0,0.0,329276,ACL serializer; MobileAgentRuntime bundle serializer for A3,none,synthetic-eval-v1
42,A0,TCK-00077,implementation,1.3100001524435356e-05,0,0,0,0.0,329754,ACL serializer; MobileAgentRuntime bundle serializer for A3,none,synthetic-eval-v1
42,A0,TCK-00077,qa,1.2399999832268804e-05,0,0,0,0.0,330212,ACL serializer; MobileAgentRuntime bundle serializer for A3,none,synthetic-eval-v1
42,A0,TCK-00077,deployment,1.2500000593718141e-05,0,0,0,0.0,330698,ACL serializer; MobileAgentRuntime bundle serializer for A3,none,synthetic-eval-v1
42,A0,TCK-00078,triage,1.2900000001536682e-05,0,0,0,0.0,331920,ACL serializer; MobileAgentRuntime bundle serializer for A3,none,synthetic-eval-v1
42,A0,TCK-00078,assignment,8.309999975608662e-05,0,0,0,0.0,332498,ACL serializer; MobileAgentRuntime bundle serializer for A3,none,synthetic-eval-v1
42,A0,TCK-00078,investigation,1.6699999832781032e-05,0,0,0,0.0,332980,ACL serializer; MobileAgentRuntime bundle serializer for A3,none,synthetic-eval-v1
42,A0,TCK-00078,implementation,1.300000076298602e-05,0,0,0,0.0,333458,ACL serializer; MobileAgentRuntime bundle serializer for A3,none,synthetic-eval-v1
42,A0,TCK-00078,qa,1.2700000297627412e-05,0,0,0,0.0,333916,ACL serializer; MobileAgentRuntime bundle serializer for A3,none,synthetic-eval-v1
42,A0,TCK-00078,deployment,1.2799999240087345e-05,0,0,0,0.0,334402,ACL serializer; MobileAgentRuntime bundle serializer for A3,none,synthetic-eval-v1
42,A0,TCK-00079,triage,1.2699998478638008e-05,0,0,0,0.0,335640,ACL serializer; MobileAgentRuntime bundle serializer for A3,none,synthetic-eval-v1
42,A0,TCK-00079,assignment,1.4400000509340316e-05,0,0,0,0.0,336242,ACL serializer; MobileAgentRuntime bundle serializer for A3,none,synthetic-eval-v1
42,A0,TCK-00079,investigation,1.2999998943996616e-05,0,0,0,0.0,336788,ACL serializer; MobileAgentRuntime bundle serializer for A3,none,synthetic-eval-v1
42,A0,TCK-00079,implementation,1.2700000297627412e-05,0,0,0,0.0,337330,ACL serializer; MobileAgentRuntime bundle serializer for A3,none,synthetic-eval-v1
42,A0,TCK-00079,qa,1.4500001270789653e-05,0,0,0,0.0,337852,ACL serializer; MobileAgentRuntime bundle serializer for A3,none,synthetic-eval-v1
42,A0,TCK-00079,deployment,1.300000076298602e-05,0,0,0,0.0,338402,ACL serializer; MobileAgentRuntime bundle serializer for A3,none,synthetic-eval-v1
42,A0,TCK-00080,triage,1.300000076298602e-05,0,0,0,0.0,339840,ACL serializer; MobileAgentRuntime bundle serializer for A3,none,synthetic-eval-v1
42,A0,TCK-00080,assignment,1.4299999747890979e-05,0,0,0,0.0,340442,ACL serializer; MobileAgentRuntime bundle serializer for A3,none,synthetic-eval-v1
42,A0,TCK-00080,investigation,1.2900000001536682e-05,0,0,0,0.0,340988,ACL serializer; MobileAgentRuntime bundle serializer for A3,none,synthetic-eval-v1
42,A0,TCK-00080,implementation,1.2799999240087345e-05,0,0,0,0.0,341530,ACL serializer; MobileAgentRuntime bundle serializer for A3,none,synthetic-eval-v1
42,A0,TCK-00080,qa,1.2599999536178075e-05,0,0,0,0.0,342052,ACL serializer; MobileAgentRuntime bundle serializer for A3,none,synthetic-eval-v1
42,A0,TCK-00080,deployment,1.2699998478638008e-05,0,0,0,0.0,342602,ACL serializer; MobileAgentRuntime bundle serializer for A3,none,synthetic-eval-v1
42,A0,TCK-00081,triage,1.2799999240087345e-05,0,0,0,0.0,344048,ACL serializer; MobileAgentRuntime bundle serializer for A3,none,synthetic-eval-v1
42,A0,TCK-00081,assignment,1.4299999747890979e-05,0,0,0,0.0,344650,ACL serializer; MobileAgentRuntime bundle serializer for A3,none,synthetic-eval-v1
42,A0,TCK-00081,investigation,1.2900000001536682e-05,0,0,0,0.0,345196,ACL serializer; MobileAgentRuntime bundle serializer for A3,none,synthetic-eval-v1
42,A0,TCK-00081,implementation,1.2799999240087345e-05,0,0,0,0.0,345738,ACL serializer; MobileAgentRuntime bundle serializer for A3,none,synthetic-eval-v1
42,A0,TCK-00081,qa,1.2800001059076749e-05,0,0,0,0.0,346260,ACL serializer; MobileAgentRuntime bundle serializer for A3,none,synthetic-eval-v1
42,A0,TCK-00081,deployment,1.2900000001536682e-05,0,0,0,0.0,346810,ACL serializer; MobileAgentRuntime bundle serializer for A3,none,synthetic-eval-v1
42,A0,TCK-00082,triage,1.2900000001536682e-05,0,0,0,0.0,348224,ACL serializer; MobileAgentRuntime bundle serializer for A3,none,synthetic-eval-v1
42,A0,TCK-00082,assignment,1.4299999747890979e-05,0,0,0,0.0,348826,ACL serializer; MobileAgentRuntime bundle serializer for A3,none,synthetic-eval-v1
42,A0,TCK-00082,investigation,1.2900000001536682e-05,0,0,0,0.0,349372,ACL serializer; MobileAgentRuntime bundle serializer for A3,none,synthetic-eval-v1
42,A0,TCK-00082,implementation,1.340000017080456e-05,0,0,0,0.0,349914,ACL serializer; MobileAgentRuntime bundle serializer for A3,none,synthetic-eval-v1
42,A0,TCK-00082,qa,1.2700000297627412e-05,0,0,0,0.0,350436,ACL serializer; MobileAgentRuntime bundle serializer for A3,none,synthetic-eval-v1
42,A0,TCK-00082,deployment,6.000000030326191e-05,0,0,0,0.0,350986,ACL serializer; MobileAgentRuntime bundle serializer for A3,none,synthetic-eval-v1
42,A0,TCK-00083,triage,1.320000046689529e-05,0,0,0,0.0,352456,ACL serializer; MobileAgentRuntime bundle serializer for A3,none,synthetic-eval-v1
42,A0,TCK-00083,assignment,1.4400000509340316e-05,0,0,0,0.0,353058,ACL serializer; MobileAgentRuntime bundle serializer for A3,none,synthetic-eval-v1
42,A0,TCK-00083,investigation,1.3099999705445953e-05,0,0,0,0.0,353604,ACL serializer; MobileAgentRuntime bundle serializer for A3,none,synthetic-eval-v1
42,A0,TCK-00083,implementation,1.340000017080456e-05,0,0,0,0.0,354146,ACL serializer; MobileAgentRuntime bundle serializer for A3,none,synthetic-eval-v1
42,A0,TCK-00083,qa,1.2999998943996616e-05,0,0,0,0.0,354668,ACL serializer; MobileAgentRuntime bundle serializer for A3,none,synthetic-eval-v1
42,A0,TCK-00083,deployment,1.2799999240087345e-05,0,0,0,0.0,355218,ACL serializer; MobileAgentRuntime bundle serializer for A3,none,synthetic-eval-v1
42,A0,TCK-00084,triage,1.3700000636163168e-05,0,0,0,0.0,356694,ACL serializer; MobileAgentRuntime bundle serializer for A3,none,synthetic-eval-v1
42,A0,TCK-00084,assignment,1.4500001270789653e-05,0,0,0,0.0,357296,ACL serializer; MobileAgentRuntime bundle serializer for A3,none,synthetic-eval-v1
42,A0,TCK-00084,investigation,1.2800001059076749e-05,0,0,0,0.0,357842,ACL serializer; MobileAgentRuntime bundle serializer for A3,none,synthetic-eval-v1
42,A0,TCK-00084,implementation,1.2700000297627412e-05,0,0,0,0.0,358384,ACL serializer; MobileAgentRuntime bundle serializer for A3,none,synthetic-eval-v1
42,A0,TCK-00084,qa,1.2599999536178075e-05,0,0,0,0.0,358906,ACL serializer; MobileAgentRuntime bundle serializer for A3,none,synthetic-eval-v1
42,A0,TCK-00084,deployment,1.2700000297627412e-05,0,0,0,0.0,359456,ACL serializer; MobileAgentRuntime bundle serializer for A3,none,synthetic-eval-v1
42,A0,TCK-00085,triage,1.3299999409355223e-05,0,0,0,0.0,360904,ACL serializer; MobileAgentRuntime bundle serializer for A3,none,synthetic-eval-v1
42,A0,TCK-00085,assignment,1.4600000213249587e-05,0,0,0,0.0,361506,ACL serializer; MobileAgentRuntime bundle serializer for A3,none,synthetic-eval-v1
42,A0,TCK-00085,investigation,1.300000076298602e-05,0,0,0,0.0,362052,ACL serializer; MobileAgentRuntime bundle serializer for A3,none,synthetic-eval-v1
42,A0,TCK-00085,implementation,1.2599999536178075e-05,0,0,0,0.0,362594,ACL serializer; MobileAgentRuntime bundle serializer for A3,none,synthetic-eval-v1
42,A0,TCK-00085,qa,1.2700000297627412e-05,0,0,0,0.0,363116,ACL serializer; MobileAgentRuntime bundle serializer for A3,none,synthetic-eval-v1
42,A0,TCK-00085,deployment,1.2900000001536682e-05,0,0,0,0.0,363666,ACL serializer; MobileAgentRuntime bundle serializer for A3,none,synthetic-eval-v1
42,A0,TCK-00086,triage,1.2799999240087345e-05,0,0,0,0.0,365064,ACL serializer; MobileAgentRuntime bundle serializer for A3,none,synthetic-eval-v1
42,A0,TCK-00086,assignment,1.4400000509340316e-05,0,0,0,0.0,365666,ACL serializer; MobileAgentRuntime bundle serializer for A3,none,synthetic-eval-v1
42,A0,TCK-00086,investigation,1.2900000001536682e-05,0,0,0,0.0,366212,ACL serializer; MobileAgentRuntime bundle serializer for A3,none,synthetic-eval-v1
42,A0,TCK-00086,implementation,3.260000084992498e-05,0,0,0,0.0,366754,ACL serializer; MobileAgentRuntime bundle serializer for A3,none,synthetic-eval-v1
42,A0,TCK-00086,qa,2.029999996011611e-05,0,0,0,0.0,367276,ACL serializer; MobileAgentRuntime bundle serializer for A3,none,synthetic-eval-v1
42,A0,TCK-00086,deployment,1.5100000382517464e-05,0,0,0,0.0,368402,ACL serializer; MobileAgentRuntime bundle serializer for A3,none,synthetic-eval-v1
42,A0,TCK-00087,triage,3.3099999200203456e-05,0,0,0,0.0,369850,ACL serializer; MobileAgentRuntime bundle serializer for A3,none,synthetic-eval-v1
42,A0,TCK-00087,assignment,2.069999936793465e-05,0,0,0,0.0,370452,ACL serializer; MobileAgentRuntime bundle serializer for A3,none,synthetic-eval-v1
42,A0,TCK-00087,investigation,3.9999998989515007e-05,0,0,0,0.0,370998,ACL serializer; MobileAgentRuntime bundle serializer for A3,none,synthetic-eval-v1
42,A0,TCK-00087,implementation,3.740000101970509e-05,0,0,0,0.0,371540,ACL serializer; MobileAgentRuntime bundle serializer for A3,none,synthetic-eval-v1
42,A0,TCK-00087,qa,3.440000000409782e-05,0,0,0,0.0,372062,ACL serializer; MobileAgentRuntime bundle serializer for A3,none,synthetic-eval-v1
42,A0,TCK-00087,deployment,3.420000030018855e-05,0,0,0,0.0,372612,ACL serializer; MobileAgentRuntime bundle serializer for A3,none,synthetic-eval-v1
42,A0,TCK-00088,triage,1.9600000086938962e-05,0,0,0,0.0,374026,ACL serializer; MobileAgentRuntime bundle serializer for A3,none,synthetic-eval-v1
42,A0,TCK-00088,assignment,1.5400000847876072e-05,0,0,0,0.0,374628,ACL serializer; MobileAgentRuntime bundle serializer for A3,none,synthetic-eval-v1
42,A0,TCK-00088,investigation,1.359999987471383e-05,0,0,0,0.0,375174,ACL serializer; MobileAgentRuntime bundle serializer for A3,none,synthetic-eval-v1
42,A0,TCK-00088,implementation,1.3299999409355223e-05,0,0,0,0.0,375716,ACL serializer; MobileAgentRuntime bundle serializer for A3,none,synthetic-eval-v1
42,A0,TCK-00088,qa,1.3099999705445953e-05,0,0,0,0.0,376238,ACL serializer; MobileAgentRuntime bundle serializer for A3,none,synthetic-eval-v1
42,A0,TCK-00088,deployment,1.4000001101521775e-05,0,0,0,0.0,376788,ACL serializer; MobileAgentRuntime bundle serializer for A3,none,synthetic-eval-v1
42,A0,TCK-00089,triage,1.3500000932253897e-05,0,0,0,0.0,378234,ACL serializer; MobileAgentRuntime bundle serializer for A3,none,synthetic-eval-v1
42,A0,TCK-00089,assignment,1.469999915570952e-05,0,0,0,0.0,378812,ACL serializer; MobileAgentRuntime bundle serializer for A3,none,synthetic-eval-v1
42,A0,TCK-00089,investigation,3.4500000765547156e-05,0,0,0,0.0,379358,ACL serializer; MobileAgentRuntime bundle serializer for A3,none,synthetic-eval-v1
42,A0,TCK-00089,implementation,1.2900000001536682e-05,0,0,0,0.0,379900,ACL serializer; MobileAgentRuntime bundle serializer for A3,none,synthetic-eval-v1
42,A0,TCK-00089,qa,1.2900000001536682e-05,0,0,0,0.0,380422,ACL serializer; MobileAgentRuntime bundle serializer for A3,none,synthetic-eval-v1
42,A0,TCK-00089,deployment,1.2900000001536682e-05,0,0,0,0.0,380972,ACL serializer; MobileAgentRuntime bundle serializer for A3,none,synthetic-eval-v1
42,A0,TCK-00090,triage,1.2999998943996616e-05,0,0,0,0.0,382386,ACL serializer; MobileAgentRuntime bundle serializer for A3,none,synthetic-eval-v1
42,A0,TCK-00090,assignment,1.469999915570952e-05,0,0,0,0.0,382988,ACL serializer; MobileAgentRuntime bundle serializer for A3,none,synthetic-eval-v1
42,A0,TCK-00090,investigation,1.2999998943996616e-05,0,0,0,0.0,383534,ACL serializer; MobileAgentRuntime bundle serializer for A3,none,synthetic-eval-v1
42,A0,TCK-00090,implementation,1.2799999240087345e-05,0,0,0,0.0,384076,ACL serializer; MobileAgentRuntime bundle serializer for A3,none,synthetic-eval-v1
42,A0,TCK-00090,qa,1.2500000593718141e-05,0,0,0,0.0,384598,ACL serializer; MobileAgentRuntime bundle serializer for A3,none,synthetic-eval-v1
42,A0,TCK-00090,deployment,1.2700000297627412e-05,0,0,0,0.0,385148,ACL serializer; MobileAgentRuntime bundle serializer for A3,none,synthetic-eval-v1
42,A0,TCK-00091,triage,1.4100000043981709e-05,0,0,0,0.0,386654,ACL serializer; MobileAgentRuntime bundle serializer for A3,none,synthetic-eval-v1
42,A0,TCK-00091,assignment,1.4799999917158857e-05,0,0,0,0.0,387256,ACL serializer; MobileAgentRuntime bundle serializer for A3,none,synthetic-eval-v1
42,A0,TCK-00091,investigation,1.3099999705445953e-05,0,0,0,0.0,387802,ACL serializer; MobileAgentRuntime bundle serializer for A3,none,synthetic-eval-v1
42,A0,TCK-00091,implementation,1.2799999240087345e-05,0,0,0,0.0,388344,ACL serializer; MobileAgentRuntime bundle serializer for A3,none,synthetic-eval-v1
42,A0,TCK-00091,qa,1.2700000297627412e-05,0,0,0,0.0,388866,ACL serializer; MobileAgentRuntime bundle serializer for A3,none,synthetic-eval-v1
42,A0,TCK-00091,deployment,1.2900000001536682e-05,0,0,0,0.0,389416,ACL serializer; MobileAgentRuntime bundle serializer for A3,none,synthetic-eval-v1
42,A0,TCK-00092,triage,1.340000017080456e-05,0,0,0,0.0,390832,ACL serializer; MobileAgentRuntime bundle serializer for A3,none,synthetic-eval-v1
42,A0,TCK-00092,assignment,1.4600000213249587e-05,0,0,0,0.0,391434,ACL serializer; MobileAgentRuntime bundle serializer for A3,none,synthetic-eval-v1
42,A0,TCK-00092,investigation,1.300000076298602e-05,0,0,0,0.0,391980,ACL serializer; MobileAgentRuntime bundle serializer for A3,none,synthetic-eval-v1
42,A0,TCK-00092,implementation,1.2900000001536682e-05,0,0,0,0.0,392522,ACL serializer; MobileAgentRuntime bundle serializer for A3,none,synthetic-eval-v1
42,A0,TCK-00092,qa,1.2900000001536682e-05,0,0,0,0.0,393044,ACL serializer; MobileAgentRuntime bundle serializer for A3,none,synthetic-eval-v1
42,A0,TCK-00092,deployment,1.2800001059076749e-05,0,0,0,0.0,393594,ACL serializer; MobileAgentRuntime bundle serializer for A3,none,synthetic-eval-v1
42,A0,TCK-00093,triage,1.3799999578623101e-05,0,0,0,0.0,395152,ACL serializer; MobileAgentRuntime bundle serializer for A3,none,synthetic-eval-v1
42,A0,TCK-00093,assignment,1.4600000213249587e-05,0,0,0,0.0,395754,ACL serializer; MobileAgentRuntime bundle serializer for A3,none,synthetic-eval-v1
42,A0,TCK-00093,investigation,1.2900000001536682e-05,0,0,0,0.0,396300,ACL serializer; MobileAgentRuntime bundle serializer for A3,none,synthetic-eval-v1
42,A0,TCK-00093,implementation,1.2799999240087345e-05,0,0,0,0.0,396842,ACL serializer; MobileAgentRuntime bundle serializer for A3,none,synthetic-eval-v1
42,A0,TCK-00093,qa,1.2900000001536682e-05,0,0,0,0.0,397364,ACL serializer; MobileAgentRuntime bundle serializer for A3,none,synthetic-eval-v1
42,A0,TCK-00093,deployment,1.2700000297627412e-05,0,0,0,0.0,397914,ACL serializer; MobileAgentRuntime bundle serializer for A3,none,synthetic-eval-v1
42,A0,TCK-00094,triage,1.2599999536178075e-05,0,0,0,0.0,399328,ACL serializer; MobileAgentRuntime bundle serializer for A3,none,synthetic-eval-v1
42,A0,TCK-00094,assignment,1.4299999747890979e-05,0,0,0,0.0,399930,ACL serializer; MobileAgentRuntime bundle serializer for A3,none,synthetic-eval-v1
42,A0,TCK-00094,investigation,1.2999998943996616e-05,0,0,0,0.0,400476,ACL serializer; MobileAgentRuntime bundle serializer for A3,none,synthetic-eval-v1
42,A0,TCK-00094,implementation,1.2800001059076749e-05,0,0,0,0.0,401018,ACL serializer; MobileAgentRuntime bundle serializer for A3,none,synthetic-eval-v1
42,A0,TCK-00094,qa,1.2499998774728738e-05,0,0,0,0.0,401540,ACL serializer; MobileAgentRuntime bundle serializer for A3,none,synthetic-eval-v1
42,A0,TCK-00094,deployment,1.2700000297627412e-05,0,0,0,0.0,402090,ACL serializer; MobileAgentRuntime bundle serializer for A3,none,synthetic-eval-v1
42,A0,TCK-00095,triage,1.2700000297627412e-05,0,0,0,0.0,403536,ACL serializer; MobileAgentRuntime bundle serializer for A3,none,synthetic-eval-v1
42,A0,TCK-00095,assignment,1.469999915570952e-05,0,0,0,0.0,404138,ACL serializer; MobileAgentRuntime bundle serializer for A3,none,synthetic-eval-v1
42,A0,TCK-00095,investigation,1.300000076298602e-05,0,0,0,0.0,404684,ACL serializer; MobileAgentRuntime bundle serializer for A3,none,synthetic-eval-v1
42,A0,TCK-00095,implementation,1.2800001059076749e-05,0,0,0,0.0,405226,ACL serializer; MobileAgentRuntime bundle serializer for A3,none,synthetic-eval-v1
42,A0,TCK-00095,qa,1.2900000001536682e-05,0,0,0,0.0,405748,ACL serializer; MobileAgentRuntime bundle serializer for A3,none,synthetic-eval-v1
42,A0,TCK-00095,deployment,1.2700000297627412e-05,0,0,0,0.0,406298,ACL serializer; MobileAgentRuntime bundle serializer for A3,none,synthetic-eval-v1
42,A0,TCK-00096,triage,1.2600001355167478e-05,0,0,0,0.0,407712,ACL serializer; MobileAgentRuntime bundle serializer for A3,none,synthetic-eval-v1
42,A0,TCK-00096,assignment,1.4400000509340316e-05,0,0,0,0.0,408314,ACL serializer; MobileAgentRuntime bundle serializer for A3,none,synthetic-eval-v1
42,A0,TCK-00096,investigation,1.3099999705445953e-05,0,0,0,0.0,408860,ACL serializer; MobileAgentRuntime bundle serializer for A3,none,synthetic-eval-v1
42,A0,TCK-00096,implementation,1.2900000001536682e-05,0,0,0,0.0,409402,ACL serializer; MobileAgentRuntime bundle serializer for A3,none,synthetic-eval-v1
42,A0,TCK-00096,qa,1.2499998774728738e-05,0,0,0,0.0,409924,ACL serializer; MobileAgentRuntime bundle serializer for A3,none,synthetic-eval-v1
42,A0,TCK-00096,deployment,1.2799999240087345e-05,0,0,0,0.0,410474,ACL serializer; MobileAgentRuntime bundle serializer for A3,none,synthetic-eval-v1
42,A0,TCK-00097,triage,1.2700000297627412e-05,0,0,0,0.0,411920,ACL serializer; MobileAgentRuntime bundle serializer for A3,none,synthetic-eval-v1
42,A0,TCK-00097,assignment,1.4199998986441642e-05,0,0,0,0.0,412522,ACL serializer; MobileAgentRuntime bundle serializer for A3,none,synthetic-eval-v1
42,A0,TCK-00097,investigation,1.3800001397612505e-05,0,0,0,0.0,413068,ACL serializer; MobileAgentRuntime bundle serializer for A3,none,synthetic-eval-v1
42,A0,TCK-00097,implementation,1.2799999240087345e-05,0,0,0,0.0,413610,ACL serializer; MobileAgentRuntime bundle serializer for A3,none,synthetic-eval-v1
42,A0,TCK-00097,qa,1.2900000001536682e-05,0,0,0,0.0,414132,ACL serializer; MobileAgentRuntime bundle serializer for A3,none,synthetic-eval-v1
42,A0,TCK-00097,deployment,1.2900000001536682e-05,0,0,0,0.0,414682,ACL serializer; MobileAgentRuntime bundle serializer for A3,none,synthetic-eval-v1
42,A0,TCK-00098,triage,1.2700000297627412e-05,0,0,0,0.0,416158,ACL serializer; MobileAgentRuntime bundle serializer for A3,none,synthetic-eval-v1
42,A0,TCK-00098,assignment,1.4200000805431046e-05,0,0,0,0.0,416760,ACL serializer; MobileAgentRuntime bundle serializer for A3,none,synthetic-eval-v1
42,A0,TCK-00098,investigation,1.2999998943996616e-05,0,0,0,0.0,417306,ACL serializer; MobileAgentRuntime bundle serializer for A3,none,synthetic-eval-v1
42,A0,TCK-00098,implementation,1.2799999240087345e-05,0,0,0,0.0,417848,ACL serializer; MobileAgentRuntime bundle serializer for A3,none,synthetic-eval-v1
42,A0,TCK-00098,qa,1.3099999705445953e-05,0,0,0,0.0,418370,ACL serializer; MobileAgentRuntime bundle serializer for A3,none,synthetic-eval-v1
42,A0,TCK-00098,deployment,1.3300001228344627e-05,0,0,0,0.0,419560,ACL serializer; MobileAgentRuntime bundle serializer for A3,none,synthetic-eval-v1
42,A0,TCK-00099,triage,1.3300001228344627e-05,0,0,0,0.0,421008,ACL serializer; MobileAgentRuntime bundle serializer for A3,none,synthetic-eval-v1
42,A0,TCK-00099,assignment,1.449999945180025e-05,0,0,0,0.0,421610,ACL serializer; MobileAgentRuntime bundle serializer for A3,none,synthetic-eval-v1
42,A0,TCK-00099,investigation,1.3099999705445953e-05,0,0,0,0.0,422156,ACL serializer; MobileAgentRuntime bundle serializer for A3,none,synthetic-eval-v1
42,A0,TCK-00099,implementation,1.3099999705445953e-05,0,0,0,0.0,422698,ACL serializer; MobileAgentRuntime bundle serializer for A3,none,synthetic-eval-v1
42,A0,TCK-00099,qa,1.2900000001536682e-05,0,0,0,0.0,423220,ACL serializer; MobileAgentRuntime bundle serializer for A3,none,synthetic-eval-v1
42,A0,TCK-00099,deployment,1.2900000001536682e-05,0,0,0,0.0,423770,ACL serializer; MobileAgentRuntime bundle serializer for A3,none,synthetic-eval-v1
42,A1,TCK-00000,triage,1.9600000086938962e-05,290,1,28,0.0,1700,ACL serializer; MobileAgentRuntime bundle serializer for A3,estimated_characters_div_4,synthetic-eval-v1
42,A1,TCK-00000,assignment,1.630000042496249e-05,298,1,28,0.0,2516,ACL serializer; MobileAgentRuntime bundle serializer for A3,estimated_characters_div_4,synthetic-eval-v1
42,A1,TCK-00000,investigation,1.4900000678608194e-05,304,1,28,0.0,3271,ACL serializer; MobileAgentRuntime bundle serializer for A3,estimated_characters_div_4,synthetic-eval-v1
42,A1,TCK-00000,implementation,1.449999945180025e-05,306,1,28,0.0,4024,ACL serializer; MobileAgentRuntime bundle serializer for A3,estimated_characters_div_4,synthetic-eval-v1
42,A1,TCK-00000,qa,1.4000001101521775e-05,282,1,28,0.0,4764,ACL serializer; MobileAgentRuntime bundle serializer for A3,estimated_characters_div_4,synthetic-eval-v1
42,A1,TCK-00000,deployment,1.4199998986441642e-05,298,1,28,0.0,5500,ACL serializer; MobileAgentRuntime bundle serializer for A3,estimated_characters_div_4,synthetic-eval-v1
42,A1,TCK-00001,triage,1.5300000086426735e-05,290,1,30,0.0,7262,ACL serializer; MobileAgentRuntime bundle serializer for A3,estimated_characters_div_4,synthetic-eval-v1
42,A1,TCK-00001,assignment,1.4400000509340316e-05,298,1,30,0.0,8018,ACL serializer; MobileAgentRuntime bundle serializer for A3,estimated_characters_div_4,synthetic-eval-v1
42,A1,TCK-00001,investigation,1.4100000043981709e-05,304,1,30,0.0,8717,ACL serializer; MobileAgentRuntime bundle serializer for A3,estimated_characters_div_4,synthetic-eval-v1
42,A1,TCK-00001,implementation,1.4500001270789653e-05,306,1,30,0.0,9478,ACL serializer; MobileAgentRuntime bundle serializer for A3,estimated_characters_div_4,synthetic-eval-v1
42,A1,TCK-00001,qa,1.4900000678608194e-05,282,1,30,0.0,10162,ACL serializer; MobileAgentRuntime bundle serializer for A3,estimated_characters_div_4,synthetic-eval-v1
42,A1,TCK-00001,deployment,1.4500001270789653e-05,298,1,30,0.0,10866,ACL serializer; MobileAgentRuntime bundle serializer for A3,estimated_characters_div_4,synthetic-eval-v1
42,A1,TCK-00002,triage,1.5499999790336005e-05,290,1,28,0.0,12349,ACL serializer; MobileAgentRuntime bundle serializer for A3,estimated_characters_div_4,synthetic-eval-v1
42,A1,TCK-00002,assignment,1.4100000043981709e-05,298,1,28,0.0,13049,ACL serializer; MobileAgentRuntime bundle serializer for A3,estimated_characters_div_4,synthetic-eval-v1
42,A1,TCK-00002,investigation,1.4200000805431046e-05,304,1,28,0.0,13748,ACL serializer; MobileAgentRuntime bundle serializer for A3,estimated_characters_div_4,synthetic-eval-v1
42,A1,TCK-00002,implementation,1.449999945180025e-05,306,1,28,0.0,14445,ACL serializer; MobileAgentRuntime bundle serializer for A3,estimated_characters_div_4,synthetic-eval-v1
42,A1,TCK-00002,qa,1.3900000340072438e-05,282,1,28,0.0,15129,ACL serializer; MobileAgentRuntime bundle serializer for A3,estimated_characters_div_4,synthetic-eval-v1
42,A1,TCK-00002,deployment,1.4100000043981709e-05,298,1,28,0.0,15897,ACL serializer; MobileAgentRuntime bundle serializer for A3,estimated_characters_div_4,synthetic-eval-v1
42,A1,TCK-00003,triage,1.579999843670521e-05,290,1,30,0.0,17398,ACL serializer; MobileAgentRuntime bundle serializer for A3,estimated_characters_div_4,synthetic-eval-v1
42,A1,TCK-00003,assignment,1.4200000805431046e-05,298,1,30,0.0,18098,ACL serializer; MobileAgentRuntime bundle serializer for A3,estimated_characters_div_4,synthetic-eval-v1
42,A1,TCK-00003,investigation,1.4199998986441642e-05,304,1,30,0.0,18797,ACL serializer; MobileAgentRuntime bundle serializer for A3,estimated_characters_div_4,synthetic-eval-v1
42,A1,TCK-00003,implementation,1.4100000043981709e-05,306,1,30,0.0,19494,ACL serializer; MobileAgentRuntime bundle serializer for A3,estimated_characters_div_4,synthetic-eval-v1
42,A1,TCK-00003,qa,1.469999915570952e-05,282,1,30,0.0,20178,ACL serializer; MobileAgentRuntime bundle serializer for A3,estimated_characters_div_4,synthetic-eval-v1
42,A1,TCK-00003,deployment,1.4200000805431046e-05,298,1,30,0.0,20882,ACL serializer; MobileAgentRuntime bundle serializer for A3,estimated_characters_div_4,synthetic-eval-v1
42,A1,TCK-00004,triage,1.4999999621068127e-05,290,1,28,0.0,22366,ACL serializer; MobileAgentRuntime bundle serializer for A3,estimated_characters_div_4,synthetic-eval-v1
42,A1,TCK-00004,assignment,1.4199998986441642e-05,298,1,28,0.0,23130,ACL serializer; MobileAgentRuntime bundle serializer for A3,estimated_characters_div_4,synthetic-eval-v1
42,A1,TCK-00004,investigation,1.4400000509340316e-05,304,1,28,0.0,23829,ACL serializer; MobileAgentRuntime bundle serializer for A3,estimated_characters_div_4,synthetic-eval-v1
42,A1,TCK-00004,implementation,1.4100000043981709e-05,306,1,28,0.0,24526,ACL serializer; MobileAgentRuntime bundle serializer for A3,estimated_characters_div_4,synthetic-eval-v1
42,A1,TCK-00004,qa,1.469999915570952e-05,282,1,28,0.0,25210,ACL serializer; MobileAgentRuntime bundle serializer for A3,estimated_characters_div_4,synthetic-eval-v1
42,A1,TCK-00004,deployment,1.4500001270789653e-05,298,1,28,0.0,25914,ACL serializer; MobileAgentRuntime bundle serializer for A3,estimated_characters_div_4,synthetic-eval-v1
42,A1,TCK-00005,triage,1.5600000551785342e-05,290,1,30,0.0,27446,ACL serializer; MobileAgentRuntime bundle serializer for A3,estimated_characters_div_4,synthetic-eval-v1
42,A1,TCK-00005,assignment,1.3999999282532372e-05,298,1,30,0.0,28146,ACL serializer; MobileAgentRuntime bundle serializer for A3,estimated_characters_div_4,synthetic-eval-v1
42,A1,TCK-00005,investigation,1.4400000509340316e-05,304,1,30,0.0,28845,ACL serializer; MobileAgentRuntime bundle serializer for A3,estimated_characters_div_4,synthetic-eval-v1
42,A1,TCK-00005,implementation,1.4600000213249587e-05,306,1,30,0.0,29606,ACL serializer; MobileAgentRuntime bundle serializer for A3,estimated_characters_div_4,synthetic-eval-v1
42,A1,TCK-00005,qa,1.700000029813964e-05,282,1,30,0.0,30338,ACL serializer; MobileAgentRuntime bundle serializer for A3,estimated_characters_div_4,synthetic-eval-v1
42,A1,TCK-00005,deployment,1.680000059423037e-05,298,1,30,0.0,31090,ACL serializer; MobileAgentRuntime bundle serializer for A3,estimated_characters_div_4,synthetic-eval-v1
42,A1,TCK-00006,triage,1.720000000204891e-05,290,1,28,0.0,32622,ACL serializer; MobileAgentRuntime bundle serializer for A3,estimated_characters_div_4,synthetic-eval-v1
42,A1,TCK-00006,assignment,2.3100001271814108e-05,298,1,28,0.0,33490,ACL serializer; MobileAgentRuntime bundle serializer for A3,estimated_characters_div_4,synthetic-eval-v1
42,A1,TCK-00006,investigation,1.939999856404029e-05,304,1,28,0.0,34237,ACL serializer; MobileAgentRuntime bundle serializer for A3,estimated_characters_div_4,synthetic-eval-v1
42,A1,TCK-00006,implementation,2.260000110254623e-05,306,1,28,0.0,34982,ACL serializer; MobileAgentRuntime bundle serializer for A3,estimated_characters_div_4,synthetic-eval-v1
42,A1,TCK-00006,qa,2.080000012938399e-05,282,1,28,0.0,35714,ACL serializer; MobileAgentRuntime bundle serializer for A3,estimated_characters_div_4,synthetic-eval-v1
42,A1,TCK-00006,deployment,1.9799999790848233e-05,298,1,28,0.0,36562,ACL serializer; MobileAgentRuntime bundle serializer for A3,estimated_characters_div_4,synthetic-eval-v1
42,A1,TCK-00007,triage,2.7099998987978324e-05,290,1,38,0.0,38146,ACL serializer; MobileAgentRuntime bundle serializer for A3,estimated_characters_div_4,synthetic-eval-v1
42,A1,TCK-00007,assignment,2.0599998606485315e-05,298,1,38,0.0,39016,ACL serializer; MobileAgentRuntime bundle serializer for A3,estimated_characters_div_4,synthetic-eval-v1
42,A1,TCK-00007,investigation,1.8900000213761814e-05,304,1,38,0.0,39766,ACL serializer; MobileAgentRuntime bundle serializer for A3,estimated_characters_div_4,synthetic-eval-v1
42,A1,TCK-00007,implementation,1.900000097521115e-05,306,1,38,0.0,40512,ACL serializer; MobileAgentRuntime bundle serializer for A3,estimated_characters_div_4,synthetic-eval-v1
42,A1,TCK-00007,qa,1.8300001102034003e-05,282,1,38,0.0,41238,ACL serializer; MobileAgentRuntime bundle serializer for A3,estimated_characters_div_4,synthetic-eval-v1
42,A1,TCK-00007,deployment,1.8700000509852543e-05,298,1,38,0.0,41992,ACL serializer; MobileAgentRuntime bundle serializer for A3,estimated_characters_div_4,synthetic-eval-v1
42,A1,TCK-00008,triage,1.8500000805943273e-05,290,1,28,0.0,43550,ACL serializer; MobileAgentRuntime bundle serializer for A3,estimated_characters_div_4,synthetic-eval-v1
42,A1,TCK-00008,assignment,1.8599999748403206e-05,298,1,28,0.0,44418,ACL serializer; MobileAgentRuntime bundle serializer for A3,estimated_characters_div_4,synthetic-eval-v1
42,A1,TCK-00008,investigation,1.8400000044493936e-05,304,1,28,0.0,45165,ACL serializer; MobileAgentRuntime bundle serializer for A3,estimated_characters_div_4,synthetic-eval-v1
42,A1,TCK-00008,implementation,1.8700000509852543e-05,306,1,28,0.0,45910,ACL serializer; MobileAgentRuntime bundle serializer for A3,estimated_characters_div_4,synthetic-eval-v1
42,A1,TCK-00008,qa,1.8199998521595262e-05,282,1,28,0.0,46642,ACL serializer; MobileAgentRuntime bundle serializer for A3,estimated_characters_div_4,synthetic-eval-v1
42,A1,TCK-00008,deployment,1.799999881768599e-05,298,1,28,0.0,47490,ACL serializer; MobileAgentRuntime bundle serializer for A3,estimated_characters_div_4,synthetic-eval-v1
42,A1,TCK-00009,triage,1.809999957913533e-05,290,1,30,0.0,49087,ACL serializer; MobileAgentRuntime bundle serializer for A3,estimated_characters_div_4,synthetic-eval-v1
42,A1,TCK-00009,assignment,1.8400000044493936e-05,298,1,30,0.0,49955,ACL serializer; MobileAgentRuntime bundle serializer for A3,estimated_characters_div_4,synthetic-eval-v1
42,A1,TCK-00009,investigation,1.7899999875226058e-05,304,1,30,0.0,50702,ACL serializer; MobileAgentRuntime bundle serializer for A3,estimated_characters_div_4,synthetic-eval-v1
42,A1,TCK-00009,implementation,1.799999881768599e-05,306,1,30,0.0,51447,ACL serializer; MobileAgentRuntime bundle serializer for A3,estimated_characters_div_4,synthetic-eval-v1
42,A1,TCK-00009,qa,1.8500000805943273e-05,282,1,30,0.0,52179,ACL serializer; MobileAgentRuntime bundle serializer for A3,estimated_characters_div_4,synthetic-eval-v1
42,A1,TCK-00009,deployment,2.5600000299164094e-05,298,1,30,0.0,52931,ACL serializer; MobileAgentRuntime bundle serializer for A3,estimated_characters_div_4,synthetic-eval-v1
42,A1,TCK-00010,triage,1.7899999875226058e-05,290,1,28,0.0,54463,ACL serializer; MobileAgentRuntime bundle serializer for A3,estimated_characters_div_4,synthetic-eval-v1
42,A1,TCK-00010,assignment,1.8700000509852543e-05,298,1,28,0.0,55331,ACL serializer; MobileAgentRuntime bundle serializer for A3,estimated_characters_div_4,synthetic-eval-v1
42,A1,TCK-00010,investigation,1.8400000044493936e-05,304,1,28,0.0,56078,ACL serializer; MobileAgentRuntime bundle serializer for A3,estimated_characters_div_4,synthetic-eval-v1
42,A1,TCK-00010,implementation,1.82999992830446e-05,306,1,28,0.0,56823,ACL serializer; MobileAgentRuntime bundle serializer for A3,estimated_characters_div_4,synthetic-eval-v1
42,A1,TCK-00010,qa,1.7899999875226058e-05,282,1,28,0.0,57555,ACL serializer; MobileAgentRuntime bundle serializer for A3,estimated_characters_div_4,synthetic-eval-v1
42,A1,TCK-00010,deployment,1.790000169421546e-05,298,1,28,0.0,58403,ACL serializer; MobileAgentRuntime bundle serializer for A3,estimated_characters_div_4,synthetic-eval-v1
42,A1,TCK-00011,triage,1.7899999875226058e-05,290,1,30,0.0,59951,ACL serializer; MobileAgentRuntime bundle serializer for A3,estimated_characters_div_4,synthetic-eval-v1
42,A1,TCK-00011,assignment,1.880000127130188e-05,298,1,30,0.0,60819,ACL serializer; MobileAgentRuntime bundle serializer for A3,estimated_characters_div_4,synthetic-eval-v1
42,A1,TCK-00011,investigation,1.7899999875226058e-05,304,1,30,0.0,61566,ACL serializer; MobileAgentRuntime bundle serializer for A3,estimated_characters_div_4,synthetic-eval-v1
42,A1,TCK-00011,implementation,1.799999881768599e-05,306,1,30,0.0,62311,ACL serializer; MobileAgentRuntime bundle serializer for A3,estimated_characters_div_4,synthetic-eval-v1
42,A1,TCK-00011,qa,1.8000000636675395e-05,282,1,30,0.0,63043,ACL serializer; MobileAgentRuntime bundle serializer for A3,estimated_characters_div_4,synthetic-eval-v1
42,A1,TCK-00011,deployment,1.7899999875226058e-05,298,1,30,0.0,63795,ACL serializer; MobileAgentRuntime bundle serializer for A3,estimated_characters_div_4,synthetic-eval-v1
42,A1,TCK-00012,triage,1.779999911377672e-05,290,1,28,0.0,65327,ACL serializer; MobileAgentRuntime bundle serializer for A3,estimated_characters_div_4,synthetic-eval-v1
42,A1,TCK-00012,assignment,1.8000000636675395e-05,298,1,28,0.0,66171,ACL serializer; MobileAgentRuntime bundle serializer for A3,estimated_characters_div_4,synthetic-eval-v1
42,A1,TCK-00012,investigation,1.7899999875226058e-05,304,1,28,0.0,66918,ACL serializer; MobileAgentRuntime bundle serializer for A3,estimated_characters_div_4,synthetic-eval-v1
42,A1,TCK-00012,implementation,1.7700000171316788e-05,306,1,28,0.0,67663,ACL serializer; MobileAgentRuntime bundle serializer for A3,estimated_characters_div_4,synthetic-eval-v1
42,A1,TCK-00012,qa,1.8000000636675395e-05,282,1,28,0.0,68395,ACL serializer; MobileAgentRuntime bundle serializer for A3,estimated_characters_div_4,synthetic-eval-v1
42,A1,TCK-00012,deployment,1.8400000044493936e-05,298,1,28,0.0,69275,ACL serializer; MobileAgentRuntime bundle serializer for A3,estimated_characters_div_4,synthetic-eval-v1
42,A1,TCK-00013,triage,1.7700000171316788e-05,290,1,30,0.0,70822,ACL serializer; MobileAgentRuntime bundle serializer for A3,estimated_characters_div_4,synthetic-eval-v1
42,A1,TCK-00013,assignment,1.8000000636675395e-05,298,1,30,0.0,71690,ACL serializer; MobileAgentRuntime bundle serializer for A3,estimated_characters_div_4,synthetic-eval-v1
42,A1,TCK-00013,investigation,1.779999911377672e-05,304,1,30,0.0,72437,ACL serializer; MobileAgentRuntime bundle serializer for A3,estimated_characters_div_4,synthetic-eval-v1
42,A1,TCK-00013,implementation,1.7800000932766125e-05,306,1,30,0.0,73182,ACL serializer; MobileAgentRuntime bundle serializer for A3,estimated_characters_div_4,synthetic-eval-v1
42,A1,TCK-00013,qa,1.8200000340584666e-05,282,1,30,0.0,73914,ACL serializer; MobileAgentRuntime bundle serializer for A3,estimated_characters_div_4,synthetic-eval-v1
42,A1,TCK-00013,deployment,1.779999911377672e-05,298,1,30,0.0,74666,ACL serializer; MobileAgentRuntime bundle serializer for A3,estimated_characters_div_4,synthetic-eval-v1
42,A1,TCK-00014,triage,1.8799999452312477e-05,290,1,36,0.0,76229,ACL serializer; MobileAgentRuntime bundle serializer for A3,estimated_characters_div_4,synthetic-eval-v1
42,A1,TCK-00014,assignment,1.7899999875226058e-05,298,1,36,0.0,77097,ACL serializer; MobileAgentRuntime bundle serializer for A3,estimated_characters_div_4,synthetic-eval-v1
42,A1,TCK-00014,investigation,1.8000000636675395e-05,304,1,36,0.0,77846,ACL serializer; MobileAgentRuntime bundle serializer for A3,estimated_characters_div_4,synthetic-eval-v1
42,A1,TCK-00014,implementation,1.7700000171316788e-05,306,1,36,0.0,78592,ACL serializer; MobileAgentRuntime bundle serializer for A3,estimated_characters_div_4,synthetic-eval-v1
42,A1,TCK-00014,qa,1.82999992830446e-05,282,1,36,0.0,79257,ACL serializer; MobileAgentRuntime bundle serializer for A3,estimated_characters_div_4,synthetic-eval-v1
42,A1,TCK-00014,deployment,1.809999957913533e-05,298,1,36,0.0,79945,ACL serializer; MobileAgentRuntime bundle serializer for A3,estimated_characters_div_4,synthetic-eval-v1
42,A1,TCK-00015,triage,1.809999957913533e-05,290,1,30,0.0,81526,ACL serializer; MobileAgentRuntime bundle serializer for A3,estimated_characters_div_4,synthetic-eval-v1
42,A1,TCK-00015,assignment,1.809999957913533e-05,298,1,30,0.0,82330,ACL serializer; MobileAgentRuntime bundle serializer for A3,estimated_characters_div_4,synthetic-eval-v1
42,A1,TCK-00015,investigation,1.8400000044493936e-05,304,1,30,0.0,83013,ACL serializer; MobileAgentRuntime bundle serializer for A3,estimated_characters_div_4,synthetic-eval-v1
42,A1,TCK-00015,implementation,1.7899999875226058e-05,306,1,30,0.0,83822,ACL serializer; MobileAgentRuntime bundle serializer for A3,estimated_characters_div_4,synthetic-eval-v1
42,A1,TCK-00015,qa,1.7800000932766125e-05,282,1,30,0.0,84490,ACL serializer; MobileAgentRuntime bundle serializer for A3,estimated_characters_div_4,synthetic-eval-v1
42,A1,TCK-00015,deployment,1.759999940986745e-05,298,1,30,0.0,85178,ACL serializer; MobileAgentRuntime bundle serializer for A3,estimated_characters_div_4,synthetic-eval-v1
42,A1,TCK-00016,triage,1.7700000171316788e-05,290,1,28,0.0,86693,ACL serializer; MobileAgentRuntime bundle serializer for A3,estimated_characters_div_4,synthetic-eval-v1
42,A1,TCK-00016,assignment,1.8599999748403206e-05,298,1,28,0.0,87497,ACL serializer; MobileAgentRuntime bundle serializer for A3,estimated_characters_div_4,synthetic-eval-v1
42,A1,TCK-00016,investigation,1.7899999875226058e-05,304,1,28,0.0,88180,ACL serializer; MobileAgentRuntime bundle serializer for A3,estimated_characters_div_4,synthetic-eval-v1
42,A1,TCK-00016,implementation,1.8000000636675395e-05,306,1,28,0.0,88861,ACL serializer; MobileAgentRuntime bundle serializer for A3,estimated_characters_div_4,synthetic-eval-v1
42,A1,TCK-00016,qa,1.7500000467407517e-05,282,1,28,0.0,89529,ACL serializer; MobileAgentRuntime bundle serializer for A3,estimated_characters_div_4,synthetic-eval-v1
42,A1,TCK-00016,deployment,1.8400000044493936e-05,298,1,28,0.0,90217,ACL serializer; MobileAgentRuntime bundle serializer for A3,estimated_characters_div_4,synthetic-eval-v1
42,A1,TCK-00017,triage,1.7899999875226058e-05,290,1,30,0.0,91829,ACL serializer; MobileAgentRuntime bundle serializer for A3,estimated_characters_div_4,synthetic-eval-v1
42,A1,TCK-00017,assignment,1.82999992830446e-05,298,1,30,0.0,92633,ACL serializer; MobileAgentRuntime bundle serializer for A3,estimated_characters_div_4,synthetic-eval-v1
42,A1,TCK-00017,investigation,2.28000008064555e-05,304,1,30,0.0,93316,ACL serializer; MobileAgentRuntime bundle serializer for A3,estimated_characters_div_4,synthetic-eval-v1
42,A1,TCK-00017,implementation,1.849999898695387e-05,306,1,30,0.0,93997,ACL serializer; MobileAgentRuntime bundle serializer for A3,estimated_characters_div_4,synthetic-eval-v1
42,A1,TCK-00017,qa,1.809999957913533e-05,282,1,30,0.0,94665,ACL serializer; MobileAgentRuntime bundle serializer for A3,estimated_characters_div_4,synthetic-eval-v1
42,A1,TCK-00017,deployment,1.8300001102034003e-05,298,1,30,0.0,95353,ACL serializer; MobileAgentRuntime bundle serializer for A3,estimated_characters_div_4,synthetic-eval-v1
42,A1,TCK-00018,triage,2.680000034160912e-05,290,1,28,0.0,96886,ACL serializer; MobileAgentRuntime bundle serializer for A3,estimated_characters_div_4,synthetic-eval-v1
42,A1,TCK-00018,assignment,1.9699999029398896e-05,298,1,28,0.0,97850,ACL serializer; MobileAgentRuntime bundle serializer for A3,estimated_characters_div_4,synthetic-eval-v1
42,A1,TCK-00018,investigation,1.809999957913533e-05,304,1,28,0.0,98533,ACL serializer; MobileAgentRuntime bundle serializer for A3,estimated_characters_div_4,synthetic-eval-v1
42,A1,TCK-00018,implementation,1.8900000213761814e-05,306,1,28,0.0,99214,ACL serializer; MobileAgentRuntime bundle serializer for A3,estimated_characters_div_4,synthetic-eval-v1
42,A1,TCK-00018,qa,1.8400000044493936e-05,282,1,28,0.0,99882,ACL serializer; MobileAgentRuntime bundle serializer for A3,estimated_characters_div_4,synthetic-eval-v1
42,A1,TCK-00018,deployment,1.779999911377672e-05,298,1,28,0.0,100570,ACL serializer; MobileAgentRuntime bundle serializer for A3,estimated_characters_div_4,synthetic-eval-v1
42,A1,TCK-00019,triage,2.1300000298651867e-05,290,1,30,0.0,102118,ACL serializer; MobileAgentRuntime bundle serializer for A3,estimated_characters_div_4,synthetic-eval-v1
42,A1,TCK-00019,assignment,1.849999898695387e-05,298,1,30,0.0,102922,ACL serializer; MobileAgentRuntime bundle serializer for A3,estimated_characters_div_4,synthetic-eval-v1
42,A1,TCK-00019,investigation,1.8700000509852543e-05,304,1,30,0.0,103605,ACL serializer; MobileAgentRuntime bundle serializer for A3,estimated_characters_div_4,synthetic-eval-v1
42,A1,TCK-00019,implementation,1.82999992830446e-05,306,1,30,0.0,104286,ACL serializer; MobileAgentRuntime bundle serializer for A3,estimated_characters_div_4,synthetic-eval-v1
42,A1,TCK-00019,qa,1.8300001102034003e-05,282,1,30,0.0,104954,ACL serializer; MobileAgentRuntime bundle serializer for A3,estimated_characters_div_4,synthetic-eval-v1
42,A1,TCK-00019,deployment,1.809999957913533e-05,298,1,30,0.0,105642,ACL serializer; MobileAgentRuntime bundle serializer for A3,estimated_characters_div_4,synthetic-eval-v1
42,A1,TCK-00020,triage,1.9099999917671084e-05,290,1,28,0.0,107174,ACL serializer; MobileAgentRuntime bundle serializer for A3,estimated_characters_div_4,synthetic-eval-v1
42,A1,TCK-00020,assignment,1.82999992830446e-05,298,1,28,0.0,107978,ACL serializer; MobileAgentRuntime bundle serializer for A3,estimated_characters_div_4,synthetic-eval-v1
42,A1,TCK-00020,investigation,1.8100001398124732e-05,304,1,28,0.0,108661,ACL serializer; MobileAgentRuntime bundle serializer for A3,estimated_characters_div_4,synthetic-eval-v1
42,A1,TCK-00020,implementation,1.82999992830446e-05,306,1,28,0.0,109342,ACL serializer; MobileAgentRuntime bundle serializer for A3,estimated_characters_div_4,synthetic-eval-v1
42,A1,TCK-00020,qa,1.8000000636675395e-05,282,1,28,0.0,110010,ACL serializer; MobileAgentRuntime bundle serializer for A3,estimated_characters_div_4,synthetic-eval-v1
42,A1,TCK-00020,deployment,1.8799999452312477e-05,298,1,28,0.0,110698,ACL serializer; MobileAgentRuntime bundle serializer for A3,estimated_characters_div_4,synthetic-eval-v1
42,A1,TCK-00021,triage,1.8000000636675395e-05,290,1,38,0.0,112282,ACL serializer; MobileAgentRuntime bundle serializer for A3,estimated_characters_div_4,synthetic-eval-v1
42,A1,TCK-00021,assignment,1.8400000044493936e-05,298,1,38,0.0,113088,ACL serializer; MobileAgentRuntime bundle serializer for A3,estimated_characters_div_4,synthetic-eval-v1
42,A1,TCK-00021,investigation,1.82999992830446e-05,304,1,38,0.0,113774,ACL serializer; MobileAgentRuntime bundle serializer for A3,estimated_characters_div_4,synthetic-eval-v1
42,A1,TCK-00021,implementation,1.809999957913533e-05,306,1,38,0.0,114616,ACL serializer; MobileAgentRuntime bundle serializer for A3,estimated_characters_div_4,synthetic-eval-v1
42,A1,TCK-00021,qa,1.790000169421546e-05,282,1,38,0.0,115278,ACL serializer; MobileAgentRuntime bundle serializer for A3,estimated_characters_div_4,synthetic-eval-v1
42,A1,TCK-00021,deployment,1.7800000932766125e-05,298,1,38,0.0,115968,ACL serializer; MobileAgentRuntime bundle serializer for A3,estimated_characters_div_4,synthetic-eval-v1
42,A1,TCK-00022,triage,1.889999839477241e-05,290,1,28,0.0,117527,ACL serializer; MobileAgentRuntime bundle serializer for A3,estimated_characters_div_4,synthetic-eval-v1
42,A1,TCK-00022,assignment,1.8599999748403206e-05,298,1,28,0.0,118331,ACL serializer; MobileAgentRuntime bundle serializer for A3,estimated_characters_div_4,synthetic-eval-v1
42,A1,TCK-00022,investigation,1.8400000044493936e-05,304,1,28,0.0,119014,ACL serializer; MobileAgentRuntime bundle serializer for A3,estimated_characters_div_4,synthetic-eval-v1
42,A1,TCK-00022,implementation,1.8400000044493936e-05,306,1,28,0.0,119695,ACL serializer; MobileAgentRuntime bundle serializer for A3,estimated_characters_div_4,synthetic-eval-v1
42,A1,TCK-00022,qa,1.8199998521595262e-05,282,1,28,0.0,120363,ACL serializer; MobileAgentRuntime bundle serializer for A3,estimated_characters_div_4,synthetic-eval-v1
42,A1,TCK-00022,deployment,1.799999881768599e-05,298,1,28,0.0,121051,ACL serializer; MobileAgentRuntime bundle serializer for A3,estimated_characters_div_4,synthetic-eval-v1
42,A1,TCK-00023,triage,1.7899999875226058e-05,290,1,30,0.0,122582,ACL serializer; MobileAgentRuntime bundle serializer for A3,estimated_characters_div_4,synthetic-eval-v1
42,A1,TCK-00023,assignment,1.8599999748403206e-05,298,1,30,0.0,123362,ACL serializer; MobileAgentRuntime bundle serializer for A3,estimated_characters_div_4,synthetic-eval-v1
42,A1,TCK-00023,investigation,1.8400000044493936e-05,304,1,30,0.0,124045,ACL serializer; MobileAgentRuntime bundle serializer for A3,estimated_characters_div_4,synthetic-eval-v1
42,A1,TCK-00023,implementation,1.880000127130188e-05,306,1,30,0.0,124726,ACL serializer; MobileAgentRuntime bundle serializer for A3,estimated_characters_div_4,synthetic-eval-v1
42,A1,TCK-00023,qa,1.8400000044493936e-05,282,1,30,0.0,125394,ACL serializer; MobileAgentRuntime bundle serializer for A3,estimated_characters_div_4,synthetic-eval-v1
42,A1,TCK-00023,deployment,1.8200000340584666e-05,298,1,30,0.0,126082,ACL serializer; MobileAgentRuntime bundle serializer for A3,estimated_characters_div_4,synthetic-eval-v1
42,A1,TCK-00024,triage,1.7600001228856854e-05,290,1,28,0.0,127639,ACL serializer; MobileAgentRuntime bundle serializer for A3,estimated_characters_div_4,synthetic-eval-v1
42,A1,TCK-00024,assignment,1.8500000805943273e-05,298,1,28,0.0,128443,ACL serializer; MobileAgentRuntime bundle serializer for A3,estimated_characters_div_4,synthetic-eval-v1
42,A1,TCK-00024,investigation,1.809999957913533e-05,304,1,28,0.0,129126,ACL serializer; MobileAgentRuntime bundle serializer for A3,estimated_characters_div_4,synthetic-eval-v1
42,A1,TCK-00024,implementation,1.8200000340584666e-05,306,1,28,0.0,129807,ACL serializer; MobileAgentRuntime bundle serializer for A3,estimated_characters_div_4,synthetic-eval-v1
42,A1,TCK-00024,qa,1.7700000171316788e-05,282,1,28,0.0,130475,ACL serializer; MobileAgentRuntime bundle serializer for A3,estimated_characters_div_4,synthetic-eval-v1
42,A1,TCK-00024,deployment,1.8200000340584666e-05,298,1,28,0.0,131355,ACL serializer; MobileAgentRuntime bundle serializer for A3,estimated_characters_div_4,synthetic-eval-v1
42,A1,TCK-00025,triage,1.8799999452312477e-05,290,1,30,0.0,132967,ACL serializer; MobileAgentRuntime bundle serializer for A3,estimated_characters_div_4,synthetic-eval-v1
42,A1,TCK-00025,assignment,1.849999898695387e-05,298,1,30,0.0,133771,ACL serializer; MobileAgentRuntime bundle serializer for A3,estimated_characters_div_4,synthetic-eval-v1
42,A1,TCK-00025,investigation,2.3100001271814108e-05,304,1,30,0.0,134246,ACL serializer; MobileAgentRuntime bundle serializer for A3,estimated_characters_div_4,synthetic-eval-v1
42,A1,TCK-00025,implementation,1.9299999621580355e-05,306,1,30,0.0,135047,ACL serializer; MobileAgentRuntime bundle serializer for A3,estimated_characters_div_4,synthetic-eval-v1
42,A1,TCK-00025,qa,2.789999962260481e-05,282,1,30,0.0,135779,ACL serializer; MobileAgentRuntime bundle serializer for A3,estimated_characters_div_4,synthetic-eval-v1
42,A1,TCK-00025,deployment,1.8999999156221747e-05,298,1,30,0.0,136467,ACL serializer; MobileAgentRuntime bundle serializer for A3,estimated_characters_div_4,synthetic-eval-v1
42,A1,TCK-00026,triage,1.8900000213761814e-05,290,1,28,0.0,137998,ACL serializer; MobileAgentRuntime bundle serializer for A3,estimated_characters_div_4,synthetic-eval-v1
42,A1,TCK-00026,assignment,1.880000127130188e-05,298,1,28,0.0,138802,ACL serializer; MobileAgentRuntime bundle serializer for A3,estimated_characters_div_4,synthetic-eval-v1
42,A1,TCK-00026,investigation,1.7899999875226058e-05,304,1,28,0.0,139485,ACL serializer; MobileAgentRuntime bundle serializer for A3,estimated_characters_div_4,synthetic-eval-v1
42,A1,TCK-00026,implementation,1.8599999748403206e-05,306,1,28,0.0,140166,ACL serializer; MobileAgentRuntime bundle serializer for A3,estimated_characters_div_4,synthetic-eval-v1
42,A1,TCK-00026,qa,1.8199998521595262e-05,282,1,28,0.0,140834,ACL serializer; MobileAgentRuntime bundle serializer for A3,estimated_characters_div_4,synthetic-eval-v1
42,A1,TCK-00026,deployment,1.8200000340584666e-05,298,1,28,0.0,141522,ACL serializer; MobileAgentRuntime bundle serializer for A3,estimated_characters_div_4,synthetic-eval-v1
42,A1,TCK-00027,triage,1.8700000509852543e-05,290,1,30,0.0,143070,ACL serializer; MobileAgentRuntime bundle serializer for A3,estimated_characters_div_4,synthetic-eval-v1
42,A1,TCK-00027,assignment,1.8599999748403206e-05,298,1,30,0.0,143874,ACL serializer; MobileAgentRuntime bundle serializer for A3,estimated_characters_div_4,synthetic-eval-v1
42,A1,TCK-00027,investigation,1.8300001102034003e-05,304,1,30,0.0,144557,ACL serializer; MobileAgentRuntime bundle serializer for A3,estimated_characters_div_4,synthetic-eval-v1
42,A1,TCK-00027,implementation,1.799999881768599e-05,306,1,30,0.0,145238,ACL serializer; MobileAgentRuntime bundle serializer for A3,estimated_characters_div_4,synthetic-eval-v1
42,A1,TCK-00027,qa,1.809999957913533e-05,282,1,30,0.0,145906,ACL serializer; MobileAgentRuntime bundle serializer for A3,estimated_characters_div_4,synthetic-eval-v1
42,A1,TCK-00027,deployment,1.809999957913533e-05,298,1,30,0.0,146594,ACL serializer; MobileAgentRuntime bundle serializer for A3,estimated_characters_div_4,synthetic-eval-v1
42,A1,TCK-00028,triage,1.809999957913533e-05,290,1,36,0.0,148157,ACL serializer; MobileAgentRuntime bundle serializer for A3,estimated_characters_div_4,synthetic-eval-v1
42,A1,TCK-00028,assignment,1.809999957913533e-05,298,1,36,0.0,148961,ACL serializer; MobileAgentRuntime bundle serializer for A3,estimated_characters_div_4,synthetic-eval-v1
42,A1,TCK-00028,investigation,1.82999992830446e-05,304,1,36,0.0,149646,ACL serializer; MobileAgentRuntime bundle serializer for A3,estimated_characters_div_4,synthetic-eval-v1
42,A1,TCK-00028,implementation,8.100000013655517e-05,306,1,36,0.0,150328,ACL serializer; MobileAgentRuntime bundle serializer for A3,estimated_characters_div_4,synthetic-eval-v1
42,A1,TCK-00028,qa,4.6299999667098746e-05,282,1,36,0.0,150993,ACL serializer; MobileAgentRuntime bundle serializer for A3,estimated_characters_div_4,synthetic-eval-v1
42,A1,TCK-00028,deployment,2.5299999833805487e-05,298,1,36,0.0,151905,ACL serializer; MobileAgentRuntime bundle serializer for A3,estimated_characters_div_4,synthetic-eval-v1
42,A1,TCK-00029,triage,1.950000114447903e-05,290,1,30,0.0,153486,ACL serializer; MobileAgentRuntime bundle serializer for A3,estimated_characters_div_4,synthetic-eval-v1
42,A1,TCK-00029,assignment,1.9099999917671084e-05,298,1,30,0.0,154290,ACL serializer; MobileAgentRuntime bundle serializer for A3,estimated_characters_div_4,synthetic-eval-v1
42,A1,TCK-00029,investigation,1.9799999790848233e-05,304,1,30,0.0,154973,ACL serializer; MobileAgentRuntime bundle serializer for A3,estimated_characters_div_4,synthetic-eval-v1
42,A1,TCK-00029,implementation,1.849999898695387e-05,306,1,30,0.0,155654,ACL serializer; MobileAgentRuntime bundle serializer for A3,estimated_characters_div_4,synthetic-eval-v1
42,A1,TCK-00029,qa,1.8400000044493936e-05,282,1,30,0.0,156322,ACL serializer; MobileAgentRuntime bundle serializer for A3,estimated_characters_div_4,synthetic-eval-v1
42,A1,TCK-00029,deployment,1.82999992830446e-05,298,1,30,0.0,157010,ACL serializer; MobileAgentRuntime bundle serializer for A3,estimated_characters_div_4,synthetic-eval-v1
42,A1,TCK-00030,triage,1.8900000213761814e-05,290,1,28,0.0,158526,ACL serializer; MobileAgentRuntime bundle serializer for A3,estimated_characters_div_4,synthetic-eval-v1
42,A1,TCK-00030,assignment,1.8599999748403206e-05,298,1,28,0.0,159330,ACL serializer; MobileAgentRuntime bundle serializer for A3,estimated_characters_div_4,synthetic-eval-v1
42,A1,TCK-00030,investigation,1.8599999748403206e-05,304,1,28,0.0,160013,ACL serializer; MobileAgentRuntime bundle serializer for A3,estimated_characters_div_4,synthetic-eval-v1
42,A1,TCK-00030,implementation,1.8300001102034003e-05,306,1,28,0.0,160694,ACL serializer; MobileAgentRuntime bundle serializer for A3,estimated_characters_div_4,synthetic-eval-v1
42,A1,TCK-00030,qa,1.7700000171316788e-05,282,1,28,0.0,161362,ACL serializer; MobileAgentRuntime bundle serializer for A3,estimated_characters_div_4,synthetic-eval-v1
42,A1,TCK-00030,deployment,1.8900000213761814e-05,298,1,28,0.0,162050,ACL serializer; MobileAgentRuntime bundle serializer for A3,estimated_characters_div_4,synthetic-eval-v1
42,A1,TCK-00031,triage,1.8200000340584666e-05,290,1,30,0.0,163598,ACL serializer; MobileAgentRuntime bundle serializer for A3,estimated_characters_div_4,synthetic-eval-v1
42,A1,TCK-00031,assignment,1.8700000509852543e-05,298,1,30,0.0,164402,ACL serializer; MobileAgentRuntime bundle serializer for A3,estimated_characters_div_4,synthetic-eval-v1
42,A1,TCK-00031,investigation,1.8100001398124732e-05,304,1,30,0.0,165085,ACL serializer; MobileAgentRuntime bundle serializer for A3,estimated_characters_div_4,synthetic-eval-v1
42,A1,TCK-00031,implementation,1.809999957913533e-05,306,1,30,0.0,165766,ACL serializer; MobileAgentRuntime bundle serializer for A3,estimated_characters_div_4,synthetic-eval-v1
42,A1,TCK-00031,qa,1.7800000932766125e-05,282,1,30,0.0,166434,ACL serializer; MobileAgentRuntime bundle serializer for A3,estimated_characters_div_4,synthetic-eval-v1
42,A1,TCK-00031,deployment,1.809999957913533e-05,298,1,30,0.0,167122,ACL serializer; MobileAgentRuntime bundle serializer for A3,estimated_characters_div_4,synthetic-eval-v1
42,A1,TCK-00032,triage,2.5800000003073364e-05,290,1,28,0.0,168654,ACL serializer; MobileAgentRuntime bundle serializer for A3,estimated_characters_div_4,synthetic-eval-v1
42,A1,TCK-00032,assignment,1.8599999748403206e-05,298,1,28,0.0,169458,ACL serializer; MobileAgentRuntime bundle serializer for A3,estimated_characters_div_4,synthetic-eval-v1
42,A1,TCK-00032,investigation,1.8100001398124732e-05,304,1,28,0.0,170141,ACL serializer; MobileAgentRuntime bundle serializer for A3,estimated_characters_div_4,synthetic-eval-v1
42,A1,TCK-00032,implementation,1.7899999875226058e-05,306,1,28,0.0,170822,ACL serializer; MobileAgentRuntime bundle serializer for A3,estimated_characters_div_4,synthetic-eval-v1
42,A1,TCK-00032,qa,1.8000000636675395e-05,282,1,28,0.0,171490,ACL serializer; MobileAgentRuntime bundle serializer for A3,estimated_characters_div_4,synthetic-eval-v1
42,A1,TCK-00032,deployment,1.790000169421546e-05,298,1,28,0.0,172178,ACL serializer; MobileAgentRuntime bundle serializer for A3,estimated_characters_div_4,synthetic-eval-v1
42,A1,TCK-00033,triage,1.799999881768599e-05,290,1,30,0.0,173790,ACL serializer; MobileAgentRuntime bundle serializer for A3,estimated_characters_div_4,synthetic-eval-v1
42,A1,TCK-00033,assignment,1.880000127130188e-05,298,1,30,0.0,174594,ACL serializer; MobileAgentRuntime bundle serializer for A3,estimated_characters_div_4,synthetic-eval-v1
42,A1,TCK-00033,investigation,1.8300001102034003e-05,304,1,30,0.0,175277,ACL serializer; MobileAgentRuntime bundle serializer for A3,estimated_characters_div_4,synthetic-eval-v1
42,A1,TCK-00033,implementation,1.8799999452312477e-05,306,1,30,0.0,176214,ACL serializer; MobileAgentRuntime bundle serializer for A3,estimated_characters_div_4,synthetic-eval-v1
42,A1,TCK-00033,qa,1.809999957913533e-05,282,1,30,0.0,176882,ACL serializer; MobileAgentRuntime bundle serializer for A3,estimated_characters_div_4,synthetic-eval-v1
42,A1,TCK-00033,deployment,1.8200000340584666e-05,298,1,30,0.0,177570,ACL serializer; MobileAgentRuntime bundle serializer for A3,estimated_characters_div_4,synthetic-eval-v1
42,A1,TCK-00034,triage,1.809999957913533e-05,290,1,28,0.0,179102,ACL serializer; MobileAgentRuntime bundle serializer for A3,estimated_characters_div_4,synthetic-eval-v1
42,A1,TCK-00034,assignment,1.8500000805943273e-05,298,1,28,0.0,179882,ACL serializer; MobileAgentRuntime bundle serializer for A3,estimated_characters_div_4,synthetic-eval-v1
42,A1,TCK-00034,investigation,1.779999911377672e-05,304,1,28,0.0,180565,ACL serializer; MobileAgentRuntime bundle serializer for A3,estimated_characters_div_4,synthetic-eval-v1
42,A1,TCK-00034,implementation,1.8200000340584666e-05,306,1,28,0.0,181246,ACL serializer; MobileAgentRuntime bundle serializer for A3,estimated_characters_div_4,synthetic-eval-v1
42,A1,TCK-00034,qa,1.779999911377672e-05,282,1,28,0.0,181914,ACL serializer; MobileAgentRuntime bundle serializer for A3,estimated_characters_div_4,synthetic-eval-v1
42,A1,TCK-00034,deployment,1.8100001398124732e-05,298,1,28,0.0,182602,ACL serializer; MobileAgentRuntime bundle serializer for A3,estimated_characters_div_4,synthetic-eval-v1
42,A1,TCK-00035,triage,1.8799999452312477e-05,290,1,38,0.0,184186,ACL serializer; MobileAgentRuntime bundle serializer for A3,estimated_characters_div_4,synthetic-eval-v1
42,A1,TCK-00035,assignment,1.8599999748403206e-05,298,1,38,0.0,184992,ACL serializer; MobileAgentRuntime bundle serializer for A3,estimated_characters_div_4,synthetic-eval-v1
42,A1,TCK-00035,investigation,1.8000000636675395e-05,304,1,38,0.0,185678,ACL serializer; MobileAgentRuntime bundle serializer for A3,estimated_characters_div_4,synthetic-eval-v1
42,A1,TCK-00035,implementation,1.8000000636675395e-05,306,1,38,0.0,186360,ACL serializer; MobileAgentRuntime bundle serializer for A3,estimated_characters_div_4,synthetic-eval-v1
42,A1,TCK-00035,qa,1.8000000636675395e-05,282,1,38,0.0,187022,ACL serializer; MobileAgentRuntime bundle serializer for A3,estimated_characters_div_4,synthetic-eval-v1
42,A1,TCK-00035,deployment,1.8400000044493936e-05,298,1,38,0.0,187712,ACL serializer; MobileAgentRuntime bundle serializer for A3,estimated_characters_div_4,synthetic-eval-v1
42,A1,TCK-00036,triage,1.82999992830446e-05,290,1,28,0.0,189271,ACL serializer; MobileAgentRuntime bundle serializer for A3,estimated_characters_div_4,synthetic-eval-v1
42,A1,TCK-00036,assignment,1.869999869086314e-05,298,1,28,0.0,190075,ACL serializer; MobileAgentRuntime bundle serializer for A3,estimated_characters_div_4,synthetic-eval-v1
42,A1,TCK-00036,investigation,1.8100001398124732e-05,304,1,28,0.0,190758,ACL serializer; MobileAgentRuntime bundle serializer for A3,estimated_characters_div_4,synthetic-eval-v1
42,A1,TCK-00036,implementation,1.779999911377672e-05,306,1,28,0.0,191439,ACL serializer; MobileAgentRuntime bundle serializer for A3,estimated_characters_div_4,synthetic-eval-v1
42,A1,TCK-00036,qa,1.7500000467407517e-05,282,1,28,0.0,192107,ACL serializer; MobileAgentRuntime bundle serializer for A3,estimated_characters_div_4,synthetic-eval-v1
42,A1,TCK-00036,deployment,1.759999940986745e-05,298,1,28,0.0,192795,ACL serializer; MobileAgentRuntime bundle serializer for A3,estimated_characters_div_4,synthetic-eval-v1
42,A1,TCK-00037,triage,1.8300001102034003e-05,290,1,30,0.0,194327,ACL serializer; MobileAgentRuntime bundle serializer for A3,estimated_characters_div_4,synthetic-eval-v1
42,A1,TCK-00037,assignment,1.8700000509852543e-05,298,1,30,0.0,195131,ACL serializer; MobileAgentRuntime bundle serializer for A3,estimated_characters_div_4,synthetic-eval-v1
42,A1,TCK-00037,investigation,1.8199998521595262e-05,304,1,30,0.0,195814,ACL serializer; MobileAgentRuntime bundle serializer for A3,estimated_characters_div_4,synthetic-eval-v1
42,A1,TCK-00037,implementation,1.7899999875226058e-05,306,1,30,0.0,196495,ACL serializer; MobileAgentRuntime bundle serializer for A3,estimated_characters_div_4,synthetic-eval-v1
42,A1,TCK-00037,qa,1.869999869086314e-05,282,1,30,0.0,197163,ACL serializer; MobileAgentRuntime bundle serializer for A3,estimated_characters_div_4,synthetic-eval-v1
42,A1,TCK-00037,deployment,1.8200000340584666e-05,298,1,30,0.0,197851,ACL serializer; MobileAgentRuntime bundle serializer for A3,estimated_characters_div_4,synthetic-eval-v1
42,A1,TCK-00038,triage,1.739999970595818e-05,290,1,28,0.0,199383,ACL serializer; MobileAgentRuntime bundle serializer for A3,estimated_characters_div_4,synthetic-eval-v1
42,A1,TCK-00038,assignment,1.7899999875226058e-05,298,1,28,0.0,200187,ACL serializer; MobileAgentRuntime bundle serializer for A3,estimated_characters_div_4,synthetic-eval-v1
42,A1,TCK-00038,investigation,1.799999881768599e-05,304,1,28,0.0,200870,ACL serializer; MobileAgentRuntime bundle serializer for A3,estimated_characters_div_4,synthetic-eval-v1
42,A1,TCK-00038,implementation,1.8199998521595262e-05,306,1,28,0.0,201551,ACL serializer; MobileAgentRuntime bundle serializer for A3,estimated_characters_div_4,synthetic-eval-v1
42,A1,TCK-00038,qa,1.7899999875226058e-05,282,1,28,0.0,202219,ACL serializer; MobileAgentRuntime bundle serializer for A3,estimated_characters_div_4,synthetic-eval-v1
42,A1,TCK-00038,deployment,1.8400000044493936e-05,298,1,28,0.0,203195,ACL serializer; MobileAgentRuntime bundle serializer for A3,estimated_characters_div_4,synthetic-eval-v1
42,A1,TCK-00039,triage,2.1500000002561137e-05,290,1,30,0.0,204742,ACL serializer; MobileAgentRuntime bundle serializer for A3,estimated_characters_div_4,synthetic-eval-v1
42,A1,TCK-00039,assignment,1.8900000213761814e-05,298,1,30,0.0,205546,ACL serializer; MobileAgentRuntime bundle serializer for A3,estimated_characters_div_4,synthetic-eval-v1
42,A1,TCK-00039,investigation,1.8300001102034003e-05,304,1,30,0.0,206229,ACL serializer; MobileAgentRuntime bundle serializer for A3,estimated_characters_div_4,synthetic-eval-v1
42,A1,TCK-00039,implementation,2.1899999410379678e-05,306,1,30,0.0,206910,ACL serializer; MobileAgentRuntime bundle serializer for A3,estimated_characters_div_4,synthetic-eval-v1
42,A1,TCK-00039,qa,2.429999949526973e-05,282,1,30,0.0,207578,ACL serializer; MobileAgentRuntime bundle serializer for A3,estimated_characters_div_4,synthetic-eval-v1
42,A1,TCK-00039,deployment,2.1500000002561137e-05,298,1,30,0.0,208266,ACL serializer; MobileAgentRuntime bundle serializer for A3,estimated_characters_div_4,synthetic-eval-v1
42,A1,TCK-00040,triage,2.930000118794851e-05,290,1,28,0.0,209798,ACL serializer; MobileAgentRuntime bundle serializer for A3,estimated_characters_div_4,synthetic-eval-v1
42,A1,TCK-00040,assignment,4.850000004807953e-05,298,1,28,0.0,210602,ACL serializer; MobileAgentRuntime bundle serializer for A3,estimated_characters_div_4,synthetic-eval-v1
42,A1,TCK-00040,investigation,3.590000051190145e-05,304,1,28,0.0,211285,ACL serializer; MobileAgentRuntime bundle serializer for A3,estimated_characters_div_4,synthetic-eval-v1
42,A1,TCK-00040,implementation,1.950000114447903e-05,306,1,28,0.0,211966,ACL serializer; MobileAgentRuntime bundle serializer for A3,estimated_characters_div_4,synthetic-eval-v1
42,A1,TCK-00040,qa,1.880000127130188e-05,282,1,28,0.0,212634,ACL serializer; MobileAgentRuntime bundle serializer for A3,estimated_characters_div_4,synthetic-eval-v1
42,A1,TCK-00040,deployment,1.82999992830446e-05,298,1,28,0.0,213322,ACL serializer; MobileAgentRuntime bundle serializer for A3,estimated_characters_div_4,synthetic-eval-v1
42,A1,TCK-00041,triage,1.8500000805943273e-05,290,1,30,0.0,214966,ACL serializer; MobileAgentRuntime bundle serializer for A3,estimated_characters_div_4,synthetic-eval-v1
42,A1,TCK-00041,assignment,1.9299999621580355e-05,298,1,30,0.0,215770,ACL serializer; MobileAgentRuntime bundle serializer for A3,estimated_characters_div_4,synthetic-eval-v1
42,A1,TCK-00041,investigation,1.8599999748403206e-05,304,1,30,0.0,216453,ACL serializer; MobileAgentRuntime bundle serializer for A3,estimated_characters_div_4,synthetic-eval-v1
42,A1,TCK-00041,implementation,1.8300001102034003e-05,306,1,30,0.0,217134,ACL serializer; MobileAgentRuntime bundle serializer for A3,estimated_characters_div_4,synthetic-eval-v1
42,A1,TCK-00041,qa,1.82999992830446e-05,282,1,30,0.0,217802,ACL serializer; MobileAgentRuntime bundle serializer for A3,estimated_characters_div_4,synthetic-eval-v1
42,A1,TCK-00041,deployment,1.8199998521595262e-05,298,1,30,0.0,218490,ACL serializer; MobileAgentRuntime bundle serializer for A3,estimated_characters_div_4,synthetic-eval-v1
42,A1,TCK-00042,triage,1.9400000383029692e-05,290,1,36,0.0,220053,ACL serializer; MobileAgentRuntime bundle serializer for A3,estimated_characters_div_4,synthetic-eval-v1
42,A1,TCK-00042,assignment,1.82999992830446e-05,298,1,36,0.0,220857,ACL serializer; MobileAgentRuntime bundle serializer for A3,estimated_characters_div_4,synthetic-eval-v1
42,A1,TCK-00042,investigation,1.8000000636675395e-05,304,1,36,0.0,221542,ACL serializer; MobileAgentRuntime bundle serializer for A3,estimated_characters_div_4,synthetic-eval-v1
42,A1,TCK-00042,implementation,1.8200000340584666e-05,306,1,36,0.0,222224,ACL serializer; MobileAgentRuntime bundle serializer for A3,estimated_characters_div_4,synthetic-eval-v1
42,A1,TCK-00042,qa,1.799999881768599e-05,282,1,36,0.0,222889,ACL serializer; MobileAgentRuntime bundle serializer for A3,estimated_characters_div_4,synthetic-eval-v1
42,A1,TCK-00042,deployment,1.7800000932766125e-05,298,1,36,0.0,223577,ACL serializer; MobileAgentRuntime bundle serializer for A3,estimated_characters_div_4,synthetic-eval-v1
42,A1,TCK-00043,triage,1.8400000044493936e-05,290,1,30,0.0,225158,ACL serializer; MobileAgentRuntime bundle serializer for A3,estimated_characters_div_4,synthetic-eval-v1
42,A1,TCK-00043,assignment,1.8700000509852543e-05,298,1,30,0.0,225962,ACL serializer; MobileAgentRuntime bundle serializer for A3,estimated_characters_div_4,synthetic-eval-v1
42,A1,TCK-00043,investigation,1.869999869086314e-05,304,1,30,0.0,226645,ACL serializer; MobileAgentRuntime bundle serializer for A3,estimated_characters_div_4,synthetic-eval-v1
42,A1,TCK-00043,implementation,1.799999881768599e-05,306,1,30,0.0,227326,ACL serializer; MobileAgentRuntime bundle serializer for A3,estimated_characters_div_4,synthetic-eval-v1
42,A1,TCK-00043,qa,1.8000000636675395e-05,282,1,30,0.0,227994,ACL serializer; MobileAgentRuntime bundle serializer for A3,estimated_characters_div_4,synthetic-eval-v1
42,A1,TCK-00043,deployment,1.7800000932766125e-05,298,1,30,0.0,228682,ACL serializer; MobileAgentRuntime bundle serializer for A3,estimated_characters_div_4,synthetic-eval-v1
42,A1,TCK-00044,triage,1.7700000171316788e-05,290,1,28,0.0,230198,ACL serializer; MobileAgentRuntime bundle serializer for A3,estimated_characters_div_4,synthetic-eval-v1
42,A1,TCK-00044,assignment,1.8000000636675395e-05,298,1,28,0.0,231002,ACL serializer; MobileAgentRuntime bundle serializer for A3,estimated_characters_div_4,synthetic-eval-v1
42,A1,TCK-00044,investigation,1.7800000932766125e-05,304,1,28,0.0,231685,ACL serializer; MobileAgentRuntime bundle serializer for A3,estimated_characters_div_4,synthetic-eval-v1
42,A1,TCK-00044,implementation,1.7800000932766125e-05,306,1,28,0.0,232366,ACL serializer; MobileAgentRuntime bundle serializer for A3,estimated_characters_div_4,synthetic-eval-v1
42,A1,TCK-00044,qa,1.779999911377672e-05,282,1,28,0.0,233034,ACL serializer; MobileAgentRuntime bundle serializer for A3,estimated_characters_div_4,synthetic-eval-v1
42,A1,TCK-00044,deployment,1.8100001398124732e-05,298,1,28,0.0,234042,ACL serializer; MobileAgentRuntime bundle serializer for A3,estimated_characters_div_4,synthetic-eval-v1
42,A1,TCK-00045,triage,1.779999911377672e-05,290,1,30,0.0,235590,ACL serializer; MobileAgentRuntime bundle serializer for A3,estimated_characters_div_4,synthetic-eval-v1
42,A1,TCK-00045,assignment,2.550000135670416e-05,298,1,30,0.0,236370,ACL serializer; MobileAgentRuntime bundle serializer for A3,estimated_characters_div_4,synthetic-eval-v1
42,A1,TCK-00045,investigation,1.82999992830446e-05,304,1,30,0.0,237053,ACL serializer; MobileAgentRuntime bundle serializer for A3,estimated_characters_div_4,synthetic-eval-v1
42,A1,TCK-00045,implementation,1.8000000636675395e-05,306,1,30,0.0,237734,ACL serializer; MobileAgentRuntime bundle serializer for A3,estimated_characters_div_4,synthetic-eval-v1
42,A1,TCK-00045,qa,1.7899999875226058e-05,282,1,30,0.0,238402,ACL serializer; MobileAgentRuntime bundle serializer for A3,estimated_characters_div_4,synthetic-eval-v1
42,A1,TCK-00045,deployment,1.7500000467407517e-05,298,1,30,0.0,239090,ACL serializer; MobileAgentRuntime bundle serializer for A3,estimated_characters_div_4,synthetic-eval-v1
42,A1,TCK-00046,triage,1.7500000467407517e-05,290,1,28,0.0,240622,ACL serializer; MobileAgentRuntime bundle serializer for A3,estimated_characters_div_4,synthetic-eval-v1
42,A1,TCK-00046,assignment,1.8000000636675395e-05,298,1,28,0.0,241426,ACL serializer; MobileAgentRuntime bundle serializer for A3,estimated_characters_div_4,synthetic-eval-v1
42,A1,TCK-00046,investigation,1.809999957913533e-05,304,1,28,0.0,242109,ACL serializer; MobileAgentRuntime bundle serializer for A3,estimated_characters_div_4,synthetic-eval-v1
42,A1,TCK-00046,implementation,1.7500000467407517e-05,306,1,28,0.0,242790,ACL serializer; MobileAgentRuntime bundle serializer for A3,estimated_characters_div_4,synthetic-eval-v1
42,A1,TCK-00046,qa,1.809999957913533e-05,282,1,28,0.0,243458,ACL serializer; MobileAgentRuntime bundle serializer for A3,estimated_characters_div_4,synthetic-eval-v1
42,A1,TCK-00046,deployment,1.8000000636675395e-05,298,1,28,0.0,244146,ACL serializer; MobileAgentRuntime bundle serializer for A3,estimated_characters_div_4,synthetic-eval-v1
42,A1,TCK-00047,triage,1.7700000171316788e-05,290,1,30,0.0,245694,ACL serializer; MobileAgentRuntime bundle serializer for A3,estimated_characters_div_4,synthetic-eval-v1
42,A1,TCK-00047,assignment,1.7800000932766125e-05,298,1,30,0.0,246498,ACL serializer; MobileAgentRuntime bundle serializer for A3,estimated_characters_div_4,synthetic-eval-v1
42,A1,TCK-00047,investigation,1.799999881768599e-05,304,1,30,0.0,247181,ACL serializer; MobileAgentRuntime bundle serializer for A3,estimated_characters_div_4,synthetic-eval-v1
42,A1,TCK-00047,implementation,1.7500000467407517e-05,306,1,30,0.0,247862,ACL serializer; MobileAgentRuntime bundle serializer for A3,estimated_characters_div_4,synthetic-eval-v1
42,A1,TCK-00047,qa,1.8200000340584666e-05,282,1,30,0.0,248530,ACL serializer; MobileAgentRuntime bundle serializer for A3,estimated_characters_div_4,synthetic-eval-v1
42,A1,TCK-00047,deployment,1.7899999875226058e-05,298,1,30,0.0,249218,ACL serializer; MobileAgentRuntime bundle serializer for A3,estimated_characters_div_4,synthetic-eval-v1
42,A1,TCK-00048,triage,1.7800000932766125e-05,290,1,28,0.0,250751,ACL serializer; MobileAgentRuntime bundle serializer for A3,estimated_characters_div_4,synthetic-eval-v1
42,A1,TCK-00048,assignment,1.7899999875226058e-05,298,1,28,0.0,251555,ACL serializer; MobileAgentRuntime bundle serializer for A3,estimated_characters_div_4,synthetic-eval-v1
42,A1,TCK-00048,investigation,1.7899999875226058e-05,304,1,28,0.0,252238,ACL serializer; MobileAgentRuntime bundle serializer for A3,estimated_characters_div_4,synthetic-eval-v1
42,A1,TCK-00048,implementation,1.7700000171316788e-05,306,1,28,0.0,252919,ACL serializer; MobileAgentRuntime bundle serializer for A3,estimated_characters_div_4,synthetic-eval-v1
42,A1,TCK-00048,qa,1.8000000636675395e-05,282,1,28,0.0,253587,ACL serializer; MobileAgentRuntime bundle serializer for A3,estimated_characters_div_4,synthetic-eval-v1
42,A1,TCK-00048,deployment,1.7700000171316788e-05,298,1,28,0.0,254275,ACL serializer; MobileAgentRuntime bundle serializer for A3,estimated_characters_div_4,synthetic-eval-v1
42,A1,TCK-00049,triage,1.7500000467407517e-05,290,1,38,0.0,255860,ACL serializer; MobileAgentRuntime bundle serializer for A3,estimated_characters_div_4,synthetic-eval-v1
42,A1,TCK-00049,assignment,1.82999992830446e-05,298,1,38,0.0,256666,ACL serializer; MobileAgentRuntime bundle serializer for A3,estimated_characters_div_4,synthetic-eval-v1
42,A1,TCK-00049,investigation,1.7800000932766125e-05,304,1,38,0.0,257352,ACL serializer; MobileAgentRuntime bundle serializer for A3,estimated_characters_div_4,synthetic-eval-v1
42,A1,TCK-00049,implementation,1.849999898695387e-05,306,1,38,0.0,258034,ACL serializer; MobileAgentRuntime bundle serializer for A3,estimated_characters_div_4,synthetic-eval-v1
42,A1,TCK-00049,qa,1.759999940986745e-05,282,1,38,0.0,258696,ACL serializer; MobileAgentRuntime bundle serializer for A3,estimated_characters_div_4,synthetic-eval-v1
42,A1,TCK-00049,deployment,1.7899999875226058e-05,298,1,38,0.0,259386,ACL serializer; MobileAgentRuntime bundle serializer for A3,estimated_characters_div_4,synthetic-eval-v1
42,A1,TCK-00050,triage,1.7899999875226058e-05,290,1,28,0.0,260943,ACL serializer; MobileAgentRuntime bundle serializer for A3,estimated_characters_div_4,synthetic-eval-v1
42,A1,TCK-00050,assignment,1.809999957913533e-05,298,1,28,0.0,261747,ACL serializer; MobileAgentRuntime bundle serializer for A3,estimated_characters_div_4,synthetic-eval-v1
42,A1,TCK-00050,investigation,1.8200000340584666e-05,304,1,28,0.0,262430,ACL serializer; MobileAgentRuntime bundle serializer for A3,estimated_characters_div_4,synthetic-eval-v1
42,A1,TCK-00050,implementation,4.670000089390669e-05,306,1,28,0.0,263111,ACL serializer; MobileAgentRuntime bundle serializer for A3,estimated_characters_div_4,synthetic-eval-v1
42,A1,TCK-00050,qa,2.0000001313746907e-05,282,1,28,0.0,263779,ACL serializer; MobileAgentRuntime bundle serializer for A3,estimated_characters_div_4,synthetic-eval-v1
42,A1,TCK-00050,deployment,2.1100000594742596e-05,298,1,28,0.0,264467,ACL serializer; MobileAgentRuntime bundle serializer for A3,estimated_characters_div_4,synthetic-eval-v1
42,A1,TCK-00051,triage,2.029999996011611e-05,290,1,30,0.0,265999,ACL serializer; MobileAgentRuntime bundle serializer for A3,estimated_characters_div_4,synthetic-eval-v1
42,A1,TCK-00051,assignment,1.900000097521115e-05,298,1,30,0.0,266803,ACL serializer; MobileAgentRuntime bundle serializer for A3,estimated_characters_div_4,synthetic-eval-v1
42,A1,TCK-00051,investigation,1.8400000044493936e-05,304,1,30,0.0,267486,ACL serializer; MobileAgentRuntime bundle serializer for A3,estimated_characters_div_4,synthetic-eval-v1
42,A1,TCK-00051,implementation,1.97000008483883e-05,306,1,30,0.0,268519,ACL serializer; MobileAgentRuntime bundle serializer for A3,estimated_characters_div_4,synthetic-eval-v1
42,A1,TCK-00051,qa,1.809999957913533e-05,282,1,30,0.0,269187,ACL serializer; MobileAgentRuntime bundle serializer for A3,estimated_characters_div_4,synthetic-eval-v1
42,A1,TCK-00051,deployment,1.900000097521115e-05,298,1,30,0.0,269875,ACL serializer; MobileAgentRuntime bundle serializer for A3,estimated_characters_div_4,synthetic-eval-v1
42,A1,TCK-00052,triage,1.809999957913533e-05,290,1,28,0.0,271430,ACL serializer; MobileAgentRuntime bundle serializer for A3,estimated_characters_div_4,synthetic-eval-v1
42,A1,TCK-00052,assignment,1.8199998521595262e-05,298,1,28,0.0,272234,ACL serializer; MobileAgentRuntime bundle serializer for A3,estimated_characters_div_4,synthetic-eval-v1
42,A1,TCK-00052,investigation,1.809999957913533e-05,304,1,28,0.0,272917,ACL serializer; MobileAgentRuntime bundle serializer for A3,estimated_characters_div_4,synthetic-eval-v1
42,A1,TCK-00052,implementation,1.7700000171316788e-05,306,1,28,0.0,273598,ACL serializer; MobileAgentRuntime bundle serializer for A3,estimated_characters_div_4,synthetic-eval-v1
42,A1,TCK-00052,qa,1.7300000763498247e-05,282,1,28,0.0,274266,ACL serializer; MobileAgentRuntime bundle serializer for A3,estimated_characters_div_4,synthetic-eval-v1
42,A1,TCK-00052,deployment,1.759999940986745e-05,298,1,28,0.0,274954,ACL serializer; MobileAgentRuntime bundle serializer for A3,estimated_characters_div_4,synthetic-eval-v1
42,A1,TCK-00053,triage,1.8200000340584666e-05,290,1,30,0.0,276598,ACL serializer; MobileAgentRuntime bundle serializer for A3,estimated_characters_div_4,synthetic-eval-v1
42,A1,TCK-00053,assignment,1.8199998521595262e-05,298,1,30,0.0,277402,ACL serializer; MobileAgentRuntime bundle serializer for A3,estimated_characters_div_4,synthetic-eval-v1
42,A1,TCK-00053,investigation,1.799999881768599e-05,304,1,30,0.0,278085,ACL serializer; MobileAgentRuntime bundle serializer for A3,estimated_characters_div_4,synthetic-eval-v1
42,A1,TCK-00053,implementation,1.7700000171316788e-05,306,1,30,0.0,278766,ACL serializer; MobileAgentRuntime bundle serializer for A3,estimated_characters_div_4,synthetic-eval-v1
42,A1,TCK-00053,qa,1.8100001398124732e-05,282,1,30,0.0,279434,ACL serializer; MobileAgentRuntime bundle serializer for A3,estimated_characters_div_4,synthetic-eval-v1
42,A1,TCK-00053,deployment,1.809999957913533e-05,298,1,30,0.0,280122,ACL serializer; MobileAgentRuntime bundle serializer for A3,estimated_characters_div_4,synthetic-eval-v1
42,A1,TCK-00054,triage,1.779999911377672e-05,290,1,28,0.0,281653,ACL serializer; MobileAgentRuntime bundle serializer for A3,estimated_characters_div_4,synthetic-eval-v1
42,A1,TCK-00054,assignment,1.920000067912042e-05,298,1,28,0.0,282457,ACL serializer; MobileAgentRuntime bundle serializer for A3,estimated_characters_div_4,synthetic-eval-v1
42,A1,TCK-00054,investigation,1.8100001398124732e-05,304,1,28,0.0,283140,ACL serializer; MobileAgentRuntime bundle serializer for A3,estimated_characters_div_4,synthetic-eval-v1
42,A1,TCK-00054,implementation,1.809999957913533e-05,306,1,28,0.0,283821,ACL serializer; MobileAgentRuntime bundle serializer for A3,estimated_characters_div_4,synthetic-eval-v1
42,A1,TCK-00054,qa,1.7500000467407517e-05,282,1,28,0.0,284489,ACL serializer; MobileAgentRuntime bundle serializer for A3,estimated_characters_div_4,synthetic-eval-v1
42,A1,TCK-00054,deployment,1.7700000171316788e-05,298,1,28,0.0,285177,ACL serializer; MobileAgentRuntime bundle serializer for A3,estimated_characters_div_4,synthetic-eval-v1
42,A1,TCK-00055,triage,1.7700000171316788e-05,290,1,30,0.0,286726,ACL serializer; MobileAgentRuntime bundle serializer for A3,estimated_characters_div_4,synthetic-eval-v1
42,A1,TCK-00055,assignment,1.809999957913533e-05,298,1,30,0.0,287530,ACL serializer; MobileAgentRuntime bundle serializer for A3,estimated_characters_div_4,synthetic-eval-v1
42,A1,TCK-00055,investigation,1.7700000171316788e-05,304,1,30,0.0,288213,ACL serializer; MobileAgentRuntime bundle serializer for A3,estimated_characters_div_4,synthetic-eval-v1
42,A1,TCK-00055,implementation,1.7899999875226058e-05,306,1,30,0.0,288894,ACL serializer; MobileAgentRuntime bundle serializer for A3,estimated_characters_div_4,synthetic-eval-v1
42,A1,TCK-00055,qa,1.799999881768599e-05,282,1,30,0.0,289562,ACL serializer; MobileAgentRuntime bundle serializer for A3,estimated_characters_div_4,synthetic-eval-v1
42,A1,TCK-00055,deployment,1.809999957913533e-05,298,1,30,0.0,290250,ACL serializer; MobileAgentRuntime bundle serializer for A3,estimated_characters_div_4,synthetic-eval-v1
42,A1,TCK-00056,triage,1.7899999875226058e-05,290,1,36,0.0,291813,ACL serializer; MobileAgentRuntime bundle serializer for A3,estimated_characters_div_4,synthetic-eval-v1
42,A1,TCK-00056,assignment,1.8300001102034003e-05,298,1,36,0.0,292593,ACL serializer; MobileAgentRuntime bundle serializer for A3,estimated_characters_div_4,synthetic-eval-v1
42,A1,TCK-00056,investigation,1.7699998352327384e-05,304,1,36,0.0,293278,ACL serializer; MobileAgentRuntime bundle serializer for A3,estimated_characters_div_4,synthetic-eval-v1
42,A1,TCK-00056,implementation,1.799999881768599e-05,306,1,36,0.0,293960,ACL serializer; MobileAgentRuntime bundle serializer for A3,estimated_characters_div_4,synthetic-eval-v1
42,A1,TCK-00056,qa,1.779999911377672e-05,282,1,36,0.0,294625,ACL serializer; MobileAgentRuntime bundle serializer for A3,estimated_characters_div_4,synthetic-eval-v1
42,A1,TCK-00056,deployment,1.920000067912042e-05,298,1,36,0.0,295313,ACL serializer; MobileAgentRuntime bundle serializer for A3,estimated_characters_div_4,synthetic-eval-v1
42,A1,TCK-00057,triage,1.9299999621580355e-05,290,1,30,0.0,296894,ACL serializer; MobileAgentRuntime bundle serializer for A3,estimated_characters_div_4,synthetic-eval-v1
42,A1,TCK-00057,assignment,1.8400000044493936e-05,298,1,30,0.0,297698,ACL serializer; MobileAgentRuntime bundle serializer for A3,estimated_characters_div_4,synthetic-eval-v1
42,A1,TCK-00057,investigation,1.8400000044493936e-05,304,1,30,0.0,298381,ACL serializer; MobileAgentRuntime bundle serializer for A3,estimated_characters_div_4,synthetic-eval-v1
42,A1,TCK-00057,implementation,1.7899999875226058e-05,306,1,30,0.0,299062,ACL serializer; MobileAgentRuntime bundle serializer for A3,estimated_characters_div_4,synthetic-eval-v1
42,A1,TCK-00057,qa,1.799999881768599e-05,282,1,30,0.0,299730,ACL serializer; MobileAgentRuntime bundle serializer for A3,estimated_characters_div_4,synthetic-eval-v1
42,A1,TCK-00057,deployment,1.8000000636675395e-05,298,1,30,0.0,300418,ACL serializer; MobileAgentRuntime bundle serializer for A3,estimated_characters_div_4,synthetic-eval-v1
42,A1,TCK-00058,triage,1.739999970595818e-05,290,1,28,0.0,301934,ACL serializer; MobileAgentRuntime bundle serializer for A3,estimated_characters_div_4,synthetic-eval-v1
42,A1,TCK-00058,assignment,1.809999957913533e-05,298,1,28,0.0,302738,ACL serializer; MobileAgentRuntime bundle serializer for A3,estimated_characters_div_4,synthetic-eval-v1
42,A1,TCK-00058,investigation,1.8599999748403206e-05,304,1,28,0.0,303421,ACL serializer; MobileAgentRuntime bundle serializer for A3,estimated_characters_div_4,synthetic-eval-v1
42,A1,TCK-00058,implementation,1.8000000636675395e-05,306,1,28,0.0,304102,ACL serializer; MobileAgentRuntime bundle serializer for A3,estimated_characters_div_4,synthetic-eval-v1
42,A1,TCK-00058,qa,1.759999940986745e-05,282,1,28,0.0,304770,ACL serializer; MobileAgentRuntime bundle serializer for A3,estimated_characters_div_4,synthetic-eval-v1
42,A1,TCK-00058,deployment,1.8200000340584666e-05,298,1,28,0.0,305842,ACL serializer; MobileAgentRuntime bundle serializer for A3,estimated_characters_div_4,synthetic-eval-v1
42,A1,TCK-00059,triage,1.7700000171316788e-05,290,1,30,0.0,307390,ACL serializer; MobileAgentRuntime bundle serializer for A3,estimated_characters_div_4,synthetic-eval-v1
42,A1,TCK-00059,assignment,1.8200000340584666e-05,298,1,30,0.0,308194,ACL serializer; MobileAgentRuntime bundle serializer for A3,estimated_characters_div_4,synthetic-eval-v1
42,A1,TCK-00059,investigation,1.7899999875226058e-05,304,1,30,0.0,308877,ACL serializer; MobileAgentRuntime bundle serializer for A3,estimated_characters_div_4,synthetic-eval-v1
42,A1,TCK-00059,implementation,1.7500000467407517e-05,306,1,30,0.0,309558,ACL serializer; MobileAgentRuntime bundle serializer for A3,estimated_characters_div_4,synthetic-eval-v1
42,A1,TCK-00059,qa,1.7600001228856854e-05,282,1,30,0.0,310226,ACL serializer; MobileAgentRuntime bundle serializer for A3,estimated_characters_div_4,synthetic-eval-v1
42,A1,TCK-00059,deployment,1.8900000213761814e-05,298,1,30,0.0,310914,ACL serializer; MobileAgentRuntime bundle serializer for A3,estimated_characters_div_4,synthetic-eval-v1
42,A1,TCK-00060,triage,1.7500000467407517e-05,290,1,28,0.0,312446,ACL serializer; MobileAgentRuntime bundle serializer for A3,estimated_characters_div_4,synthetic-eval-v1
42,A1,TCK-00060,assignment,1.8200000340584666e-05,298,1,28,0.0,313250,ACL serializer; MobileAgentRuntime bundle serializer for A3,estimated_characters_div_4,synthetic-eval-v1
42,A1,TCK-00060,investigation,1.8000000636675395e-05,304,1,28,0.0,313933,ACL serializer; MobileAgentRuntime bundle serializer for A3,estimated_characters_div_4,synthetic-eval-v1
42,A1,TCK-00060,implementation,1.809999957913533e-05,306,1,28,0.0,314614,ACL serializer; MobileAgentRuntime bundle serializer for A3,estimated_characters_div_4,synthetic-eval-v1
42,A1,TCK-00060,qa,1.739999970595818e-05,282,1,28,0.0,315282,ACL serializer; MobileAgentRuntime bundle serializer for A3,estimated_characters_div_4,synthetic-eval-v1
42,A1,TCK-00060,deployment,1.7600001228856854e-05,298,1,28,0.0,315970,ACL serializer; MobileAgentRuntime bundle serializer for A3,estimated_characters_div_4,synthetic-eval-v1
42,A1,TCK-00061,triage,1.8000000636675395e-05,290,1,30,0.0,317519,ACL serializer; MobileAgentRuntime bundle serializer for A3,estimated_characters_div_4,synthetic-eval-v1
42,A1,TCK-00061,assignment,2.0200001017656177e-05,298,1,30,0.0,318323,ACL serializer; MobileAgentRuntime bundle serializer for A3,estimated_characters_div_4,synthetic-eval-v1
42,A1,TCK-00061,investigation,1.8200000340584666e-05,304,1,30,0.0,319006,ACL serializer; MobileAgentRuntime bundle serializer for A3,estimated_characters_div_4,synthetic-eval-v1
42,A1,TCK-00061,implementation,1.8000000636675395e-05,306,1,30,0.0,319687,ACL serializer; MobileAgentRuntime bundle serializer for A3,estimated_characters_div_4,synthetic-eval-v1
42,A1,TCK-00061,qa,6.050000047252979e-05,282,1,30,0.0,320355,ACL serializer; MobileAgentRuntime bundle serializer for A3,estimated_characters_div_4,synthetic-eval-v1
42,A1,TCK-00061,deployment,2.300000051036477e-05,298,1,30,0.0,321043,ACL serializer; MobileAgentRuntime bundle serializer for A3,estimated_characters_div_4,synthetic-eval-v1
42,A1,TCK-00062,triage,2.1300000298651867e-05,290,1,28,0.0,322575,ACL serializer; MobileAgentRuntime bundle serializer for A3,estimated_characters_div_4,synthetic-eval-v1
42,A1,TCK-00062,assignment,1.8799999452312477e-05,298,1,28,0.0,323379,ACL serializer; MobileAgentRuntime bundle serializer for A3,estimated_characters_div_4,synthetic-eval-v1
42,A1,TCK-00062,investigation,1.920000067912042e-05,304,1,28,0.0,324062,ACL serializer; MobileAgentRuntime bundle serializer for A3,estimated_characters_div_4,synthetic-eval-v1
42,A1,TCK-00062,implementation,1.82999992830446e-05,306,1,28,0.0,324743,ACL serializer; MobileAgentRuntime bundle serializer for A3,estimated_characters_div_4,synthetic-eval-v1
42,A1,TCK-00062,qa,1.8200000340584666e-05,282,1,28,0.0,325411,ACL serializer; MobileAgentRuntime bundle serializer for A3,estimated_characters_div_4,synthetic-eval-v1
42,A1,TCK-00062,deployment,1.8900000213761814e-05,298,1,28,0.0,326099,ACL serializer; MobileAgentRuntime bundle serializer for A3,estimated_characters_div_4,synthetic-eval-v1
42,A1,TCK-00063,triage,1.8799999452312477e-05,290,1,38,0.0,327708,ACL serializer; MobileAgentRuntime bundle serializer for A3,estimated_characters_div_4,synthetic-eval-v1
42,A1,TCK-00063,assignment,1.8199998521595262e-05,298,1,38,0.0,328514,ACL serializer; MobileAgentRuntime bundle serializer for A3,estimated_characters_div_4,synthetic-eval-v1
42,A1,TCK-00063,investigation,1.7899999875226058e-05,304,1,38,0.0,329200,ACL serializer; MobileAgentRuntime bundle serializer for A3,estimated_characters_div_4,synthetic-eval-v1
42,A1,TCK-00063,implementation,1.7800000932766125e-05,306,1,38,0.0,329882,ACL serializer; MobileAgentRuntime bundle serializer for A3,estimated_characters_div_4,synthetic-eval-v1
42,A1,TCK-00063,qa,1.8500000805943273e-05,282,1,38,0.0,330544,ACL serializer; MobileAgentRuntime bundle serializer for A3,estimated_characters_div_4,synthetic-eval-v1
42,A1,TCK-00063,deployment,1.7899999875226058e-05,298,1,38,0.0,331234,ACL serializer; MobileAgentRuntime bundle serializer for A3,estimated_characters_div_4,synthetic-eval-v1
42,A1,TCK-00064,triage,1.8100001398124732e-05,290,1,28,0.0,332791,ACL serializer; MobileAgentRuntime bundle serializer for A3,estimated_characters_div_4,synthetic-eval-v1
42,A1,TCK-00064,assignment,1.809999957913533e-05,298,1,28,0.0,333595,ACL serializer; MobileAgentRuntime bundle serializer for A3,estimated_characters_div_4,synthetic-eval-v1
42,A1,TCK-00064,investigation,1.8000000636675395e-05,304,1,28,0.0,334278,ACL serializer; MobileAgentRuntime bundle serializer for A3,estimated_characters_div_4,synthetic-eval-v1
42,A1,TCK-00064,implementation,1.8300001102034003e-05,306,1,28,0.0,334959,ACL serializer; MobileAgentRuntime bundle serializer for A3,estimated_characters_div_4,synthetic-eval-v1
42,A1,TCK-00064,qa,1.7800000932766125e-05,282,1,28,0.0,335627,ACL serializer; MobileAgentRuntime bundle serializer for A3,estimated_characters_div_4,synthetic-eval-v1
42,A1,TCK-00064,deployment,1.8100001398124732e-05,298,1,28,0.0,336315,ACL serializer; MobileAgentRuntime bundle serializer for A3,estimated_characters_div_4,synthetic-eval-v1
42,A1,TCK-00065,triage,1.8599999748403206e-05,290,1,30,0.0,337942,ACL serializer; MobileAgentRuntime bundle serializer for A3,estimated_characters_div_4,synthetic-eval-v1
42,A1,TCK-00065,assignment,1.8400000044493936e-05,298,1,30,0.0,338746,ACL serializer; MobileAgentRuntime bundle serializer for A3,estimated_characters_div_4,synthetic-eval-v1
42,A1,TCK-00065,investigation,1.8000000636675395e-05,304,1,30,0.0,339429,ACL serializer; MobileAgentRuntime bundle serializer for A3,estimated_characters_div_4,synthetic-eval-v1
42,A1,TCK-00065,implementation,1.7899999875226058e-05,306,1,30,0.0,340110,ACL serializer; MobileAgentRuntime bundle serializer for A3,estimated_characters_div_4,synthetic-eval-v1
42,A1,TCK-00065,qa,1.799999881768599e-05,282,1,30,0.0,340778,ACL serializer; MobileAgentRuntime bundle serializer for A3,estimated_characters_div_4,synthetic-eval-v1
42,A1,TCK-00065,deployment,1.7700000171316788e-05,298,1,30,0.0,341466,ACL serializer; MobileAgentRuntime bundle serializer for A3,estimated_characters_div_4,synthetic-eval-v1
42,A1,TCK-00066,triage,1.7600001228856854e-05,290,1,28,0.0,342998,ACL serializer; MobileAgentRuntime bundle serializer for A3,estimated_characters_div_4,synthetic-eval-v1
42,A1,TCK-00066,assignment,1.809999957913533e-05,298,1,28,0.0,343802,ACL serializer; MobileAgentRuntime bundle serializer for A3,estimated_characters_div_4,synthetic-eval-v1
42,A1,TCK-00066,investigation,1.8200000340584666e-05,304,1,28,0.0,344485,ACL serializer; MobileAgentRuntime bundle serializer for A3,estimated_characters_div_4,synthetic-eval-v1
42,A1,TCK-00066,implementation,1.8500000805943273e-05,306,1,28,0.0,345166,ACL serializer; MobileAgentRuntime bundle serializer for A3,estimated_characters_div_4,synthetic-eval-v1
42,A1,TCK-00066,qa,1.7899999875226058e-05,282,1,28,0.0,345834,ACL serializer; MobileAgentRuntime bundle serializer for A3,estimated_characters_div_4,synthetic-eval-v1
42,A1,TCK-00066,deployment,1.8400000044493936e-05,298,1,28,0.0,346970,ACL serializer; MobileAgentRuntime bundle serializer for A3,estimated_characters_div_4,synthetic-eval-v1
42,A1,TCK-00067,triage,1.809999957913533e-05,290,1,30,0.0,348518,ACL serializer; MobileAgentRuntime bundle serializer for A3,estimated_characters_div_4,synthetic-eval-v1
42,A1,TCK-00067,assignment,1.8400000044493936e-05,298,1,30,0.0,349298,ACL serializer; MobileAgentRuntime bundle serializer for A3,estimated_characters_div_4,synthetic-eval-v1
42,A1,TCK-00067,investigation,1.82999992830446e-05,304,1,30,0.0,349981,ACL serializer; MobileAgentRuntime bundle serializer for A3,estimated_characters_div_4,synthetic-eval-v1
42,A1,TCK-00067,implementation,1.8000000636675395e-05,306,1,30,0.0,350662,ACL serializer; MobileAgentRuntime bundle serializer for A3,estimated_characters_div_4,synthetic-eval-v1
42,A1,TCK-00067,qa,1.8000000636675395e-05,282,1,30,0.0,351330,ACL serializer; MobileAgentRuntime bundle serializer for A3,estimated_characters_div_4,synthetic-eval-v1
42,A1,TCK-00067,deployment,1.8599999748403206e-05,298,1,30,0.0,352018,ACL serializer; MobileAgentRuntime bundle serializer for A3,estimated_characters_div_4,synthetic-eval-v1
42,A1,TCK-00068,triage,1.779999911377672e-05,290,1,28,0.0,353550,ACL serializer; MobileAgentRuntime bundle serializer for A3,estimated_characters_div_4,synthetic-eval-v1
42,A1,TCK-00068,assignment,1.82999992830446e-05,298,1,28,0.0,354354,ACL serializer; MobileAgentRuntime bundle serializer for A3,estimated_characters_div_4,synthetic-eval-v1
42,A1,TCK-00068,investigation,1.809999957913533e-05,304,1,28,0.0,355037,ACL serializer; MobileAgentRuntime bundle serializer for A3,estimated_characters_div_4,synthetic-eval-v1
42,A1,TCK-00068,implementation,1.779999911377672e-05,306,1,28,0.0,355718,ACL serializer; MobileAgentRuntime bundle serializer for A3,estimated_characters_div_4,synthetic-eval-v1
42,A1,TCK-00068,qa,1.799999881768599e-05,282,1,28,0.0,356386,ACL serializer; MobileAgentRuntime bundle serializer for A3,estimated_characters_div_4,synthetic-eval-v1
42,A1,TCK-00068,deployment,1.82999992830446e-05,298,1,28,0.0,357074,ACL serializer; MobileAgentRuntime bundle serializer for A3,estimated_characters_div_4,synthetic-eval-v1
42,A1,TCK-00069,triage,1.809999957913533e-05,290,1,30,0.0,358621,ACL serializer; MobileAgentRuntime bundle serializer for A3,estimated_characters_div_4,synthetic-eval-v1
42,A1,TCK-00069,assignment,1.880000127130188e-05,298,1,30,0.0,359425,ACL serializer; MobileAgentRuntime bundle serializer for A3,estimated_characters_div_4,synthetic-eval-v1
42,A1,TCK-00069,investigation,1.799999881768599e-05,304,1,30,0.0,360108,ACL serializer; MobileAgentRuntime bundle serializer for A3,estimated_characters_div_4,synthetic-eval-v1
42,A1,TCK-00069,implementation,1.7899999875226058e-05,306,1,30,0.0,360789,ACL serializer; MobileAgentRuntime bundle serializer for A3,estimated_characters_div_4,synthetic-eval-v1
42,A1,TCK-00069,qa,1.7899999875226058e-05,282,1,30,0.0,361457,ACL serializer; MobileAgentRuntime bundle serializer for A3,estimated_characters_div_4,synthetic-eval-v1
42,A1,TCK-00069,deployment,1.7800000932766125e-05,298,1,30,0.0,362145,ACL serializer; MobileAgentRuntime bundle serializer for A3,estimated_characters_div_4,synthetic-eval-v1
42,A1,TCK-00070,triage,1.8100001398124732e-05,290,1,36,0.0,363708,ACL serializer; MobileAgentRuntime bundle serializer for A3,estimated_characters_div_4,synthetic-eval-v1
42,A1,TCK-00070,assignment,1.8200000340584666e-05,298,1,36,0.0,364512,ACL serializer; MobileAgentRuntime bundle serializer for A3,estimated_characters_div_4,synthetic-eval-v1
42,A1,TCK-00070,investigation,1.8200000340584666e-05,304,1,36,0.0,365196,ACL serializer; MobileAgentRuntime bundle serializer for A3,estimated_characters_div_4,synthetic-eval-v1
42,A1,TCK-00070,implementation,1.7700000171316788e-05,306,1,36,0.0,365878,ACL serializer; MobileAgentRuntime bundle serializer for A3,estimated_characters_div_4,synthetic-eval-v1
42,A1,TCK-00070,qa,1.8200000340584666e-05,282,1,36,0.0,366544,ACL serializer; MobileAgentRuntime bundle serializer for A3,estimated_characters_div_4,synthetic-eval-v1
42,A1,TCK-00070,deployment,1.7600001228856854e-05,298,1,36,0.0,367232,ACL serializer; MobileAgentRuntime bundle serializer for A3,estimated_characters_div_4,synthetic-eval-v1
42,A1,TCK-00071,triage,1.809999957913533e-05,290,1,30,0.0,368814,ACL serializer; MobileAgentRuntime bundle serializer for A3,estimated_characters_div_4,synthetic-eval-v1
42,A1,TCK-00071,assignment,1.799999881768599e-05,298,1,30,0.0,369618,ACL serializer; MobileAgentRuntime bundle serializer for A3,estimated_characters_div_4,synthetic-eval-v1
42,A1,TCK-00071,investigation,1.8200000340584666e-05,304,1,30,0.0,370301,ACL serializer; MobileAgentRuntime bundle serializer for A3,estimated_characters_div_4,synthetic-eval-v1
42,A1,TCK-00071,implementation,1.7800000932766125e-05,306,1,30,0.0,370982,ACL serializer; MobileAgentRuntime bundle serializer for A3,estimated_characters_div_4,synthetic-eval-v1
42,A1,TCK-00071,qa,1.7800000932766125e-05,282,1,30,0.0,371650,ACL serializer; MobileAgentRuntime bundle serializer for A3,estimated_characters_div_4,synthetic-eval-v1
42,A1,TCK-00071,deployment,1.809999957913533e-05,298,1,30,0.0,372338,ACL serializer; MobileAgentRuntime bundle serializer for A3,estimated_characters_div_4,synthetic-eval-v1
42,A1,TCK-00072,triage,1.799999881768599e-05,290,1,28,0.0,373854,ACL serializer; MobileAgentRuntime bundle serializer for A3,estimated_characters_div_4,synthetic-eval-v1
42,A1,TCK-00072,assignment,1.8300001102034003e-05,298,1,28,0.0,374658,ACL serializer; MobileAgentRuntime bundle serializer for A3,estimated_characters_div_4,synthetic-eval-v1
42,A1,TCK-00072,investigation,1.8500000805943273e-05,304,1,28,0.0,375341,ACL serializer; MobileAgentRuntime bundle serializer for A3,estimated_characters_div_4,synthetic-eval-v1
42,A1,TCK-00072,implementation,1.7899999875226058e-05,306,1,28,0.0,376022,ACL serializer; MobileAgentRuntime bundle serializer for A3,estimated_characters_div_4,synthetic-eval-v1
42,A1,TCK-00072,qa,1.759999940986745e-05,282,1,28,0.0,376690,ACL serializer; MobileAgentRuntime bundle serializer for A3,estimated_characters_div_4,synthetic-eval-v1
42,A1,TCK-00072,deployment,1.7700000171316788e-05,298,1,28,0.0,377378,ACL serializer; MobileAgentRuntime bundle serializer for A3,estimated_characters_div_4,synthetic-eval-v1
42,A1,TCK-00073,triage,3.859999924316071e-05,290,1,30,0.0,378926,ACL serializer; MobileAgentRuntime bundle serializer for A3,estimated_characters_div_4,synthetic-eval-v1
42,A1,TCK-00073,assignment,1.9499999325489625e-05,298,1,30,0.0,379730,ACL serializer; MobileAgentRuntime bundle serializer for A3,estimated_characters_div_4,synthetic-eval-v1
42,A1,TCK-00073,investigation,2.13999992411118e-05,304,1,30,0.0,380413,ACL serializer; MobileAgentRuntime bundle serializer for A3,estimated_characters_div_4,synthetic-eval-v1
42,A1,TCK-00073,implementation,1.8799999452312477e-05,306,1,30,0.0,381094,ACL serializer; MobileAgentRuntime bundle serializer for A3,estimated_characters_div_4,synthetic-eval-v1
42,A1,TCK-00073,qa,1.9699999029398896e-05,282,1,30,0.0,381762,ACL serializer; MobileAgentRuntime bundle serializer for A3,estimated_characters_div_4,synthetic-eval-v1
42,A1,TCK-00073,deployment,1.920000067912042e-05,298,1,30,0.0,382450,ACL serializer; MobileAgentRuntime bundle serializer for A3,estimated_characters_div_4,synthetic-eval-v1
42,A1,TCK-00074,triage,1.8799999452312477e-05,290,1,28,0.0,383983,ACL serializer; MobileAgentRuntime bundle serializer for A3,estimated_characters_div_4,synthetic-eval-v1
42,A1,TCK-00074,assignment,1.9799999790848233e-05,298,1,28,0.0,384787,ACL serializer; MobileAgentRuntime bundle serializer for A3,estimated_characters_div_4,synthetic-eval-v1
42,A1,TCK-00074,investigation,1.950000114447903e-05,304,1,28,0.0,385470,ACL serializer; MobileAgentRuntime bundle serializer for A3,estimated_characters_div_4,synthetic-eval-v1
42,A1,TCK-00074,implementation,1.8500000805943273e-05,306,1,28,0.0,386151,ACL serializer; MobileAgentRuntime bundle serializer for A3,estimated_characters_div_4,synthetic-eval-v1
42,A1,TCK-00074,qa,1.8400000044493936e-05,282,1,28,0.0,386819,ACL serializer; MobileAgentRuntime bundle serializer for A3,estimated_characters_div_4,synthetic-eval-v1
42,A1,TCK-00074,deployment,1.8300001102034003e-05,298,1,28,0.0,387507,ACL serializer; MobileAgentRuntime bundle serializer for A3,estimated_characters_div_4,synthetic-eval-v1
42,A1,TCK-00075,triage,1.8400000044493936e-05,290,1,30,0.0,389055,ACL serializer; MobileAgentRuntime bundle serializer for A3,estimated_characters_div_4,synthetic-eval-v1
42,A1,TCK-00075,assignment,1.8400000044493936e-05,298,1,30,0.0,389859,ACL serializer; MobileAgentRuntime bundle serializer for A3,estimated_characters_div_4,synthetic-eval-v1
42,A1,TCK-00075,investigation,1.8000000636675395e-05,304,1,30,0.0,390542,ACL serializer; MobileAgentRuntime bundle serializer for A3,estimated_characters_div_4,synthetic-eval-v1
42,A1,TCK-00075,implementation,1.799999881768599e-05,306,1,30,0.0,391223,ACL serializer; MobileAgentRuntime bundle serializer for A3,estimated_characters_div_4,synthetic-eval-v1
42,A1,TCK-00075,qa,1.8200000340584666e-05,282,1,30,0.0,391891,ACL serializer; MobileAgentRuntime bundle serializer for A3,estimated_characters_div_4,synthetic-eval-v1
42,A1,TCK-00075,deployment,1.7899999875226058e-05,298,1,30,0.0,392579,ACL serializer; MobileAgentRuntime bundle serializer for A3,estimated_characters_div_4,synthetic-eval-v1
42,A1,TCK-00076,triage,1.8100001398124732e-05,290,1,28,0.0,394111,ACL serializer; MobileAgentRuntime bundle serializer for A3,estimated_characters_div_4,synthetic-eval-v1
42,A1,TCK-00076,assignment,1.8700000509852543e-05,298,1,28,0.0,395427,ACL serializer; MobileAgentRuntime bundle serializer for A3,estimated_characters_div_4,synthetic-eval-v1
42,A1,TCK-00076,investigation,1.8000000636675395e-05,304,1,28,0.0,396110,ACL serializer; MobileAgentRuntime bundle serializer for A3,estimated_characters_div_4,synthetic-eval-v1
42,A1,TCK-00076,implementation,1.8000000636675395e-05,306,1,28,0.0,396791,ACL serializer; MobileAgentRuntime bundle serializer for A3,estimated_characters_div_4,synthetic-eval-v1
42,A1,TCK-00076,qa,1.759999940986745e-05,282,1,28,0.0,397459,ACL serializer; MobileAgentRuntime bundle serializer for A3,estimated_characters_div_4,synthetic-eval-v1
42,A1,TCK-00076,deployment,1.779999911377672e-05,298,1,28,0.0,398147,ACL serializer; MobileAgentRuntime bundle serializer for A3,estimated_characters_div_4,synthetic-eval-v1
42,A1,TCK-00077,triage,1.8000000636675395e-05,290,1,38,0.0,399860,ACL serializer; MobileAgentRuntime bundle serializer for A3,estimated_characters_div_4,synthetic-eval-v1
42,A1,TCK-00077,assignment,1.860000156739261e-05,298,1,38,0.0,400666,ACL serializer; MobileAgentRuntime bundle serializer for A3,estimated_characters_div_4,synthetic-eval-v1
42,A1,TCK-00077,investigation,1.8200000340584666e-05,304,1,38,0.0,401352,ACL serializer; MobileAgentRuntime bundle serializer for A3,estimated_characters_div_4,synthetic-eval-v1
42,A1,TCK-00077,implementation,1.8400000044493936e-05,306,1,38,0.0,402034,ACL serializer; MobileAgentRuntime bundle serializer for A3,estimated_characters_div_4,synthetic-eval-v1
42,A1,TCK-00077,qa,1.7899999875226058e-05,282,1,38,0.0,402696,ACL serializer; MobileAgentRuntime bundle serializer for A3,estimated_characters_div_4,synthetic-eval-v1
42,A1,TCK-00077,deployment,1.799999881768599e-05,298,1,38,0.0,403386,ACL serializer; MobileAgentRuntime bundle serializer for A3,estimated_characters_div_4,synthetic-eval-v1
42,A1,TCK-00078,triage,1.779999911377672e-05,290,1,28,0.0,404942,ACL serializer; MobileAgentRuntime bundle serializer for A3,estimated_characters_div_4,synthetic-eval-v1
42,A1,TCK-00078,assignment,1.8200000340584666e-05,298,1,28,0.0,405722,ACL serializer; MobileAgentRuntime bundle serializer for A3,estimated_characters_div_4,synthetic-eval-v1
42,A1,TCK-00078,investigation,1.8700000509852543e-05,304,1,28,0.0,406405,ACL serializer; MobileAgentRuntime bundle serializer for A3,estimated_characters_div_4,synthetic-eval-v1
42,A1,TCK-00078,implementation,1.8100001398124732e-05,306,1,28,0.0,407086,ACL serializer; MobileAgentRuntime bundle serializer for A3,estimated_characters_div_4,synthetic-eval-v1
42,A1,TCK-00078,qa,1.8599999748403206e-05,282,1,28,0.0,407754,ACL serializer; MobileAgentRuntime bundle serializer for A3,estimated_characters_div_4,synthetic-eval-v1
42,A1,TCK-00078,deployment,1.8599999748403206e-05,298,1,28,0.0,408442,ACL serializer; MobileAgentRuntime bundle serializer for A3,estimated_characters_div_4,synthetic-eval-v1
42,A1,TCK-00079,triage,1.7899999875226058e-05,290,1,30,0.0,409974,ACL serializer; MobileAgentRuntime bundle serializer for A3,estimated_characters_div_4,synthetic-eval-v1
42,A1,TCK-00079,assignment,1.8200000340584666e-05,298,1,30,0.0,410778,ACL serializer; MobileAgentRuntime bundle serializer for A3,estimated_characters_div_4,synthetic-eval-v1
42,A1,TCK-00079,investigation,1.8199998521595262e-05,304,1,30,0.0,411461,ACL serializer; MobileAgentRuntime bundle serializer for A3,estimated_characters_div_4,synthetic-eval-v1
42,A1,TCK-00079,implementation,1.7899999875226058e-05,306,1,30,0.0,412142,ACL serializer; MobileAgentRuntime bundle serializer for A3,estimated_characters_div_4,synthetic-eval-v1
42,A1,TCK-00079,qa,1.779999911377672e-05,282,1,30,0.0,412810,ACL serializer; MobileAgentRuntime bundle serializer for A3,estimated_characters_div_4,synthetic-eval-v1
42,A1,TCK-00079,deployment,1.7899999875226058e-05,298,1,30,0.0,413498,ACL serializer; MobileAgentRuntime bundle serializer for A3,estimated_characters_div_4,synthetic-eval-v1
42,A1,TCK-00080,triage,1.759999940986745e-05,290,1,28,0.0,415030,ACL serializer; MobileAgentRuntime bundle serializer for A3,estimated_characters_div_4,synthetic-eval-v1
42,A1,TCK-00080,assignment,1.8500000805943273e-05,298,1,28,0.0,415834,ACL serializer; MobileAgentRuntime bundle serializer for A3,estimated_characters_div_4,synthetic-eval-v1
42,A1,TCK-00080,investigation,1.82999992830446e-05,304,1,28,0.0,416517,ACL serializer; MobileAgentRuntime bundle serializer for A3,estimated_characters_div_4,synthetic-eval-v1
42,A1,TCK-00080,implementation,1.8000000636675395e-05,306,1,28,0.0,417198,ACL serializer; MobileAgentRuntime bundle serializer for A3,estimated_characters_div_4,synthetic-eval-v1
42,A1,TCK-00080,qa,1.7800000932766125e-05,282,1,28,0.0,417866,ACL serializer; MobileAgentRuntime bundle serializer for A3,estimated_characters_div_4,synthetic-eval-v1
42,A1,TCK-00080,deployment,1.7899999875226058e-05,298,1,28,0.0,418554,ACL serializer; MobileAgentRuntime bundle serializer for A3,estimated_characters_div_4,synthetic-eval-v1
42,A1,TCK-00081,triage,1.950000114447903e-05,290,1,30,0.0,420102,ACL serializer; MobileAgentRuntime bundle serializer for A3,estimated_characters_div_4,synthetic-eval-v1
42,A1,TCK-00081,assignment,1.82999992830446e-05,298,1,30,0.0,420906,ACL serializer; MobileAgentRuntime bundle serializer for A3,estimated_characters_div_4,synthetic-eval-v1
42,A1,TCK-00081,investigation,1.7899999875226058e-05,304,1,30,0.0,421589,ACL serializer; MobileAgentRuntime bundle serializer for A3,estimated_characters_div_4,synthetic-eval-v1
42,A1,TCK-00081,implementation,1.8400000044493936e-05,306,1,30,0.0,422270,ACL serializer; MobileAgentRuntime bundle serializer for A3,estimated_characters_div_4,synthetic-eval-v1
42,A1,TCK-00081,qa,1.779999911377672e-05,282,1,30,0.0,422938,ACL serializer; MobileAgentRuntime bundle serializer for A3,estimated_characters_div_4,synthetic-eval-v1
42,A1,TCK-00081,deployment,1.8000000636675395e-05,298,1,30,0.0,423626,ACL serializer; MobileAgentRuntime bundle serializer for A3,estimated_characters_div_4,synthetic-eval-v1
42,A1,TCK-00082,triage,1.809999957913533e-05,290,1,28,0.0,425158,ACL serializer; MobileAgentRuntime bundle serializer for A3,estimated_characters_div_4,synthetic-eval-v1
42,A1,TCK-00082,assignment,1.8400000044493936e-05,298,1,28,0.0,425962,ACL serializer; MobileAgentRuntime bundle serializer for A3,estimated_characters_div_4,synthetic-eval-v1
42,A1,TCK-00082,investigation,1.7899999875226058e-05,304,1,28,0.0,426645,ACL serializer; MobileAgentRuntime bundle serializer for A3,estimated_characters_div_4,synthetic-eval-v1
42,A1,TCK-00082,implementation,1.809999957913533e-05,306,1,28,0.0,427326,ACL serializer; MobileAgentRuntime bundle serializer for A3,estimated_characters_div_4,synthetic-eval-v1
42,A1,TCK-00082,qa,1.759999940986745e-05,282,1,28,0.0,427994,ACL serializer; MobileAgentRuntime bundle serializer for A3,estimated_characters_div_4,synthetic-eval-v1
42,A1,TCK-00082,deployment,1.779999911377672e-05,298,1,28,0.0,428682,ACL serializer; MobileAgentRuntime bundle serializer for A3,estimated_characters_div_4,synthetic-eval-v1
42,A1,TCK-00083,triage,1.8000000636675395e-05,290,1,30,0.0,430230,ACL serializer; MobileAgentRuntime bundle serializer for A3,estimated_characters_div_4,synthetic-eval-v1
42,A1,TCK-00083,assignment,1.8200000340584666e-05,298,1,30,0.0,431034,ACL serializer; MobileAgentRuntime bundle serializer for A3,estimated_characters_div_4,synthetic-eval-v1
42,A1,TCK-00083,investigation,1.7899999875226058e-05,304,1,30,0.0,431717,ACL serializer; MobileAgentRuntime bundle serializer for A3,estimated_characters_div_4,synthetic-eval-v1
42,A1,TCK-00083,implementation,1.8000000636675395e-05,306,1,30,0.0,432398,ACL serializer; MobileAgentRuntime bundle serializer for A3,estimated_characters_div_4,synthetic-eval-v1
42,A1,TCK-00083,qa,1.7800000932766125e-05,282,1,30,0.0,433066,ACL serializer; MobileAgentRuntime bundle serializer for A3,estimated_characters_div_4,synthetic-eval-v1
42,A1,TCK-00083,deployment,1.7700000171316788e-05,298,1,30,0.0,433754,ACL serializer; MobileAgentRuntime bundle serializer for A3,estimated_characters_div_4,synthetic-eval-v1
42,A1,TCK-00084,triage,1.7700000171316788e-05,290,1,36,0.0,435317,ACL serializer; MobileAgentRuntime bundle serializer for A3,estimated_characters_div_4,synthetic-eval-v1
42,A1,TCK-00084,assignment,4.6499999371008016e-05,298,1,36,0.0,436121,ACL serializer; MobileAgentRuntime bundle serializer for A3,estimated_characters_div_4,synthetic-eval-v1
42,A1,TCK-00084,investigation,1.9999999494757503e-05,304,1,36,0.0,436806,ACL serializer; MobileAgentRuntime bundle serializer for A3,estimated_characters_div_4,synthetic-eval-v1
42,A1,TCK-00084,implementation,1.9799999790848233e-05,306,1,36,0.0,437488,ACL serializer; MobileAgentRuntime bundle serializer for A3,estimated_characters_div_4,synthetic-eval-v1
42,A1,TCK-00084,qa,2.479999966453761e-05,282,1,36,0.0,438153,ACL serializer; MobileAgentRuntime bundle serializer for A3,estimated_characters_div_4,synthetic-eval-v1
42,A1,TCK-00084,deployment,1.8799999452312477e-05,298,1,36,0.0,438841,ACL serializer; MobileAgentRuntime bundle serializer for A3,estimated_characters_div_4,synthetic-eval-v1
42,A1,TCK-00085,triage,2.049999966402538e-05,290,1,30,0.0,440422,ACL serializer; MobileAgentRuntime bundle serializer for A3,estimated_characters_div_4,synthetic-eval-v1
42,A1,TCK-00085,assignment,2.9599999834317714e-05,298,1,30,0.0,441226,ACL serializer; MobileAgentRuntime bundle serializer for A3,estimated_characters_div_4,synthetic-eval-v1
42,A1,TCK-00085,investigation,3.7900001188972965e-05,304,1,30,0.0,441909,ACL serializer; MobileAgentRuntime bundle serializer for A3,estimated_characters_div_4,synthetic-eval-v1
42,A1,TCK-00085,implementation,2.1100000594742596e-05,306,1,30,0.0,442590,ACL serializer; MobileAgentRuntime bundle serializer for A3,estimated_characters_div_4,synthetic-eval-v1
42,A1,TCK-00085,qa,2.4399998437729664e-05,282,1,30,0.0,443258,ACL serializer; MobileAgentRuntime bundle serializer for A3,estimated_characters_div_4,synthetic-eval-v1
42,A1,TCK-00085,deployment,1.8700000509852543e-05,298,1,30,0.0,443946,ACL serializer; MobileAgentRuntime bundle serializer for A3,estimated_characters_div_4,synthetic-eval-v1
42,A1,TCK-00086,triage,1.82999992830446e-05,290,1,28,0.0,445462,ACL serializer; MobileAgentRuntime bundle serializer for A3,estimated_characters_div_4,synthetic-eval-v1
42,A1,TCK-00086,assignment,1.8300001102034003e-05,298,1,28,0.0,446266,ACL serializer; MobileAgentRuntime bundle serializer for A3,estimated_characters_div_4,synthetic-eval-v1
42,A1,TCK-00086,investigation,1.8500000805943273e-05,304,1,28,0.0,446949,ACL serializer; MobileAgentRuntime bundle serializer for A3,estimated_characters_div_4,synthetic-eval-v1
42,A1,TCK-00086,implementation,1.8500000805943273e-05,306,1,28,0.0,447630,ACL serializer; MobileAgentRuntime bundle serializer for A3,estimated_characters_div_4,synthetic-eval-v1
42,A1,TCK-00086,qa,1.7899999875226058e-05,282,1,28,0.0,448298,ACL serializer; MobileAgentRuntime bundle serializer for A3,estimated_characters_div_4,synthetic-eval-v1
42,A1,TCK-00086,deployment,1.790000169421546e-05,298,1,28,0.0,449562,ACL serializer; MobileAgentRuntime bundle serializer for A3,estimated_characters_div_4,synthetic-eval-v1
42,A1,TCK-00087,triage,1.8599999748403206e-05,290,1,30,0.0,451111,ACL serializer; MobileAgentRuntime bundle serializer for A3,estimated_characters_div_4,synthetic-eval-v1
42,A1,TCK-00087,assignment,1.8200000340584666e-05,298,1,30,0.0,451915,ACL serializer; MobileAgentRuntime bundle serializer for A3,estimated_characters_div_4,synthetic-eval-v1
42,A1,TCK-00087,investigation,1.8300001102034003e-05,304,1,30,0.0,452598,ACL serializer; MobileAgentRuntime bundle serializer for A3,estimated_characters_div_4,synthetic-eval-v1
42,A1,TCK-00087,implementation,1.82999992830446e-05,306,1,30,0.0,453279,ACL serializer; MobileAgentRuntime bundle serializer for A3,estimated_characters_div_4,synthetic-eval-v1
42,A1,TCK-00087,qa,1.8200000340584666e-05,282,1,30,0.0,453947,ACL serializer; MobileAgentRuntime bundle serializer for A3,estimated_characters_div_4,synthetic-eval-v1
42,A1,TCK-00087,deployment,1.8599999748403206e-05,298,1,30,0.0,454635,ACL serializer; MobileAgentRuntime bundle serializer for A3,estimated_characters_div_4,synthetic-eval-v1
42,A1,TCK-00088,triage,1.7899999875226058e-05,290,1,28,0.0,456167,ACL serializer; MobileAgentRuntime bundle serializer for A3,estimated_characters_div_4,synthetic-eval-v1
42,A1,TCK-00088,assignment,1.8599999748403206e-05,298,1,28,0.0,456971,ACL serializer; MobileAgentRuntime bundle serializer for A3,estimated_characters_div_4,synthetic-eval-v1
42,A1,TCK-00088,investigation,1.8200000340584666e-05,304,1,28,0.0,457654,ACL serializer; MobileAgentRuntime bundle serializer for A3,estimated_characters_div_4,synthetic-eval-v1
42,A1,TCK-00088,implementation,1.7800000932766125e-05,306,1,28,0.0,458335,ACL serializer; MobileAgentRuntime bundle serializer for A3,estimated_characters_div_4,synthetic-eval-v1
42,A1,TCK-00088,qa,1.8000000636675395e-05,282,1,28,0.0,459003,ACL serializer; MobileAgentRuntime bundle serializer for A3,estimated_characters_div_4,synthetic-eval-v1
42,A1,TCK-00088,deployment,1.8200000340584666e-05,298,1,28,0.0,459691,ACL serializer; MobileAgentRuntime bundle serializer for A3,estimated_characters_div_4,synthetic-eval-v1
42,A1,TCK-00089,triage,1.7899999875226058e-05,290,1,30,0.0,461239,ACL serializer; MobileAgentRuntime bundle serializer for A3,estimated_characters_div_4,synthetic-eval-v1
42,A1,TCK-00089,assignment,1.9099999917671084e-05,298,1,30,0.0,462019,ACL serializer; MobileAgentRuntime bundle serializer for A3,estimated_characters_div_4,synthetic-eval-v1
42,A1,TCK-00089,investigation,1.8000000636675395e-05,304,1,30,0.0,462702,ACL serializer; MobileAgentRuntime bundle serializer for A3,estimated_characters_div_4,synthetic-eval-v1
42,A1,TCK-00089,implementation,1.790000169421546e-05,306,1,30,0.0,463383,ACL serializer; MobileAgentRuntime bundle serializer for A3,estimated_characters_div_4,synthetic-eval-v1
42,A1,TCK-00089,qa,1.7899999875226058e-05,282,1,30,0.0,464051,ACL serializer; MobileAgentRuntime bundle serializer for A3,estimated_characters_div_4,synthetic-eval-v1
42,A1,TCK-00089,deployment,1.7899999875226058e-05,298,1,30,0.0,464739,ACL serializer; MobileAgentRuntime bundle serializer for A3,estimated_characters_div_4,synthetic-eval-v1
42,A1,TCK-00090,triage,1.8200000340584666e-05,290,1,28,0.0,466271,ACL serializer; MobileAgentRuntime bundle serializer for A3,estimated_characters_div_4,synthetic-eval-v1
42,A1,TCK-00090,assignment,1.8400000044493936e-05,298,1,28,0.0,467075,ACL serializer; MobileAgentRuntime bundle serializer for A3,estimated_characters_div_4,synthetic-eval-v1
42,A1,TCK-00090,investigation,1.8000000636675395e-05,304,1,28,0.0,467758,ACL serializer; MobileAgentRuntime bundle serializer for A3,estimated_characters_div_4,synthetic-eval-v1
42,A1,TCK-00090,implementation,1.809999957913533e-05,306,1,28,0.0,468439,ACL serializer; MobileAgentRuntime bundle serializer for A3,estimated_characters_div_4,synthetic-eval-v1
42,A1,TCK-00090,qa,1.8300001102034003e-05,282,1,28,0.0,469107,ACL serializer; MobileAgentRuntime bundle serializer for A3,estimated_characters_div_4,synthetic-eval-v1
42,A1,TCK-00090,deployment,1.8000000636675395e-05,298,1,28,0.0,469795,ACL serializer; MobileAgentRuntime bundle serializer for A3,estimated_characters_div_4,synthetic-eval-v1
42,A1,TCK-00091,triage,1.809999957913533e-05,290,1,38,0.0,471378,ACL serializer; MobileAgentRuntime bundle serializer for A3,estimated_characters_div_4,synthetic-eval-v1
42,A1,TCK-00091,assignment,1.8500000805943273e-05,298,1,38,0.0,472184,ACL serializer; MobileAgentRuntime bundle serializer for A3,estimated_characters_div_4,synthetic-eval-v1
42,A1,TCK-00091,investigation,1.809999957913533e-05,304,1,38,0.0,472870,ACL serializer; MobileAgentRuntime bundle serializer for A3,estimated_characters_div_4,synthetic-eval-v1
42,A1,TCK-00091,implementation,1.7700000171316788e-05,306,1,38,0.0,473552,ACL serializer; MobileAgentRuntime bundle serializer for A3,estimated_characters_div_4,synthetic-eval-v1
42,A1,TCK-00091,qa,1.8100001398124732e-05,282,1,38,0.0,474214,ACL serializer; MobileAgentRuntime bundle serializer for A3,estimated_characters_div_4,synthetic-eval-v1
42,A1,TCK-00091,deployment,1.799999881768599e-05,298,1,38,0.0,474904,ACL serializer; MobileAgentRuntime bundle serializer for A3,estimated_characters_div_4,synthetic-eval-v1
42,A1,TCK-00092,triage,1.8399998225504532e-05,290,1,28,0.0,476462,ACL serializer; MobileAgentRuntime bundle serializer for A3,estimated_characters_div_4,synthetic-eval-v1
42,A1,TCK-00092,assignment,1.8700000509852543e-05,298,1,28,0.0,477266,ACL serializer; MobileAgentRuntime bundle serializer for A3,estimated_characters_div_4,synthetic-eval-v1
42,A1,TCK-00092,investigation,1.82999992830446e-05,304,1,28,0.0,477949,ACL serializer; MobileAgentRuntime bundle serializer for A3,estimated_characters_div_4,synthetic-eval-v1
42,A1,TCK-00092,implementation,1.8200000340584666e-05,306,1,28,0.0,478630,ACL serializer; MobileAgentRuntime bundle serializer for A3,estimated_characters_div_4,synthetic-eval-v1
42,A1,TCK-00092,qa,1.7700000171316788e-05,282,1,28,0.0,479298,ACL serializer; MobileAgentRuntime bundle serializer for A3,estimated_characters_div_4,synthetic-eval-v1
42,A1,TCK-00092,deployment,1.799999881768599e-05,298,1,28,0.0,479986,ACL serializer; MobileAgentRuntime bundle serializer for A3,estimated_characters_div_4,synthetic-eval-v1
42,A1,TCK-00093,triage,1.799999881768599e-05,290,1,30,0.0,481646,ACL serializer; MobileAgentRuntime bundle serializer for A3,estimated_characters_div_4,synthetic-eval-v1
42,A1,TCK-00093,assignment,1.8500000805943273e-05,298,1,30,0.0,482450,ACL serializer; MobileAgentRuntime bundle serializer for A3,estimated_characters_div_4,synthetic-eval-v1
42,A1,TCK-00093,investigation,1.8500000805943273e-05,304,1,30,0.0,483133,ACL serializer; MobileAgentRuntime bundle serializer for A3,estimated_characters_div_4,synthetic-eval-v1
42,A1,TCK-00093,implementation,1.8199998521595262e-05,306,1,30,0.0,483814,ACL serializer; MobileAgentRuntime bundle serializer for A3,estimated_characters_div_4,synthetic-eval-v1
42,A1,TCK-00093,qa,1.8000000636675395e-05,282,1,30,0.0,484482,ACL serializer; MobileAgentRuntime bundle serializer for A3,estimated_characters_div_4,synthetic-eval-v1
42,A1,TCK-00093,deployment,1.7800000932766125e-05,298,1,30,0.0,485170,ACL serializer; MobileAgentRuntime bundle serializer for A3,estimated_characters_div_4,synthetic-eval-v1
42,A1,TCK-00094,triage,1.7600001228856854e-05,290,1,28,0.0,486702,ACL serializer; MobileAgentRuntime bundle serializer for A3,estimated_characters_div_4,synthetic-eval-v1
42,A1,TCK-00094,assignment,2.4300001314259134e-05,298,1,28,0.0,487506,ACL serializer; MobileAgentRuntime bundle serializer for A3,estimated_characters_div_4,synthetic-eval-v1
42,A1,TCK-00094,investigation,1.920000067912042e-05,304,1,28,0.0,488189,ACL serializer; MobileAgentRuntime bundle serializer for A3,estimated_characters_div_4,synthetic-eval-v1
42,A1,TCK-00094,implementation,1.849999898695387e-05,306,1,28,0.0,488870,ACL serializer; MobileAgentRuntime bundle serializer for A3,estimated_characters_div_4,synthetic-eval-v1
42,A1,TCK-00094,qa,1.8799999452312477e-05,282,1,28,0.0,489538,ACL serializer; MobileAgentRuntime bundle serializer for A3,estimated_characters_div_4,synthetic-eval-v1
42,A1,TCK-00094,deployment,1.8200000340584666e-05,298,1,28,0.0,490226,ACL serializer; MobileAgentRuntime bundle serializer for A3,estimated_characters_div_4,synthetic-eval-v1
42,A1,TCK-00095,triage,2.9000000722589903e-05,290,1,30,0.0,491774,ACL serializer; MobileAgentRuntime bundle serializer for A3,estimated_characters_div_4,synthetic-eval-v1
42,A1,TCK-00095,assignment,2.099999983329326e-05,298,1,30,0.0,492578,ACL serializer; MobileAgentRuntime bundle serializer for A3,estimated_characters_div_4,synthetic-eval-v1
42,A1,TCK-00095,investigation,1.900000097521115e-05,304,1,30,0.0,493261,ACL serializer; MobileAgentRuntime bundle serializer for A3,estimated_characters_div_4,synthetic-eval-v1
42,A1,TCK-00095,implementation,2.2799998987466097e-05,306,1,30,0.0,493942,ACL serializer; MobileAgentRuntime bundle serializer for A3,estimated_characters_div_4,synthetic-eval-v1
42,A1,TCK-00095,qa,2.950000089185778e-05,282,1,30,0.0,494610,ACL serializer; MobileAgentRuntime bundle serializer for A3,estimated_characters_div_4,synthetic-eval-v1
42,A1,TCK-00095,deployment,1.8799999452312477e-05,298,1,30,0.0,495298,ACL serializer; MobileAgentRuntime bundle serializer for A3,estimated_characters_div_4,synthetic-eval-v1
42,A1,TCK-00096,triage,1.8400000044493936e-05,290,1,28,0.0,496830,ACL serializer; MobileAgentRuntime bundle serializer for A3,estimated_characters_div_4,synthetic-eval-v1
42,A1,TCK-00096,assignment,2.13999992411118e-05,298,1,28,0.0,497634,ACL serializer; MobileAgentRuntime bundle serializer for A3,estimated_characters_div_4,synthetic-eval-v1
42,A1,TCK-00096,investigation,2.3599999622092582e-05,304,1,28,0.0,498317,ACL serializer; MobileAgentRuntime bundle serializer for A3,estimated_characters_div_4,synthetic-eval-v1
42,A1,TCK-00096,implementation,2.0399998902576044e-05,306,1,28,0.0,498998,ACL serializer; MobileAgentRuntime bundle serializer for A3,estimated_characters_div_4,synthetic-eval-v1
42,A1,TCK-00096,qa,1.809999957913533e-05,282,1,28,0.0,499666,ACL serializer; MobileAgentRuntime bundle serializer for A3,estimated_characters_div_4,synthetic-eval-v1
42,A1,TCK-00096,deployment,1.8000000636675395e-05,298,1,28,0.0,500354,ACL serializer; MobileAgentRuntime bundle serializer for A3,estimated_characters_div_4,synthetic-eval-v1
42,A1,TCK-00097,triage,1.8400000044493936e-05,290,1,30,0.0,501902,ACL serializer; MobileAgentRuntime bundle serializer for A3,estimated_characters_div_4,synthetic-eval-v1
42,A1,TCK-00097,assignment,1.8199998521595262e-05,298,1,30,0.0,502706,ACL serializer; MobileAgentRuntime bundle serializer for A3,estimated_characters_div_4,synthetic-eval-v1
42,A1,TCK-00097,investigation,1.8100001398124732e-05,304,1,30,0.0,503389,ACL serializer; MobileAgentRuntime bundle serializer for A3,estimated_characters_div_4,synthetic-eval-v1
42,A1,TCK-00097,implementation,1.809999957913533e-05,306,1,30,0.0,504070,ACL serializer; MobileAgentRuntime bundle serializer for A3,estimated_characters_div_4,synthetic-eval-v1
42,A1,TCK-00097,qa,1.790000169421546e-05,282,1,30,0.0,504738,ACL serializer; MobileAgentRuntime bundle serializer for A3,estimated_characters_div_4,synthetic-eval-v1
42,A1,TCK-00097,deployment,2.5999999706982635e-05,298,1,30,0.0,505426,ACL serializer; MobileAgentRuntime bundle serializer for A3,estimated_characters_div_4,synthetic-eval-v1
42,A1,TCK-00098,triage,1.8200000340584666e-05,290,1,36,0.0,506989,ACL serializer; MobileAgentRuntime bundle serializer for A3,estimated_characters_div_4,synthetic-eval-v1
42,A1,TCK-00098,assignment,1.8300001102034003e-05,298,1,36,0.0,507793,ACL serializer; MobileAgentRuntime bundle serializer for A3,estimated_characters_div_4,synthetic-eval-v1
42,A1,TCK-00098,investigation,1.7700000171316788e-05,304,1,36,0.0,508478,ACL serializer; MobileAgentRuntime bundle serializer for A3,estimated_characters_div_4,synthetic-eval-v1
42,A1,TCK-00098,implementation,1.8100001398124732e-05,306,1,36,0.0,509160,ACL serializer; MobileAgentRuntime bundle serializer for A3,estimated_characters_div_4,synthetic-eval-v1
42,A1,TCK-00098,qa,1.7800000932766125e-05,282,1,36,0.0,509825,ACL serializer; MobileAgentRuntime bundle serializer for A3,estimated_characters_div_4,synthetic-eval-v1
42,A1,TCK-00098,deployment,1.8300001102034003e-05,298,1,36,0.0,511153,ACL serializer; MobileAgentRuntime bundle serializer for A3,estimated_characters_div_4,synthetic-eval-v1
42,A1,TCK-00099,triage,1.8400000044493936e-05,290,1,30,0.0,512734,ACL serializer; MobileAgentRuntime bundle serializer for A3,estimated_characters_div_4,synthetic-eval-v1
42,A1,TCK-00099,assignment,1.9099999917671084e-05,298,1,30,0.0,513538,ACL serializer; MobileAgentRuntime bundle serializer for A3,estimated_characters_div_4,synthetic-eval-v1
42,A1,TCK-00099,investigation,1.809999957913533e-05,304,1,30,0.0,514221,ACL serializer; MobileAgentRuntime bundle serializer for A3,estimated_characters_div_4,synthetic-eval-v1
42,A1,TCK-00099,implementation,1.779999911377672e-05,306,1,30,0.0,514902,ACL serializer; MobileAgentRuntime bundle serializer for A3,estimated_characters_div_4,synthetic-eval-v1
42,A1,TCK-00099,qa,1.7800000932766125e-05,282,1,30,0.0,515570,ACL serializer; MobileAgentRuntime bundle serializer for A3,estimated_characters_div_4,synthetic-eval-v1
42,A1,TCK-00099,deployment,1.779999911377672e-05,298,1,30,0.0,516258,ACL serializer; MobileAgentRuntime bundle serializer for A3,estimated_characters_div_4,synthetic-eval-v1
42,A2,TCK-00000,triage,2.0700001186924055e-05,580,2,28,0.0,1260,ACL serializer; MobileAgentRuntime bundle serializer for A3,estimated_characters_div_4,synthetic-eval-v1
42,A2,TCK-00000,assignment,1.8500000805943273e-05,596,2,28,0.0,2308,ACL serializer; MobileAgentRuntime bundle serializer for A3,estimated_characters_div_4,synthetic-eval-v1
42,A2,TCK-00000,investigation,1.7600001228856854e-05,608,2,28,0.0,3111,ACL serializer; MobileAgentRuntime bundle serializer for A3,estimated_characters_div_4,synthetic-eval-v1
42,A2,TCK-00000,implementation,1.7499998648418114e-05,612,2,28,0.0,3856,ACL serializer; MobileAgentRuntime bundle serializer for A3,estimated_characters_div_4,synthetic-eval-v1
42,A2,TCK-00000,qa,1.6899999536690302e-05,564,2,28,0.0,4588,ACL serializer; MobileAgentRuntime bundle serializer for A3,estimated_characters_div_4,synthetic-eval-v1
42,A2,TCK-00000,deployment,1.7500000467407517e-05,596,2,28,0.0,5372,ACL serializer; MobileAgentRuntime bundle serializer for A3,estimated_characters_div_4,synthetic-eval-v1
42,A2,TCK-00001,triage,1.9600000086938962e-05,580,2,30,0.0,7302,ACL serializer; MobileAgentRuntime bundle serializer for A3,estimated_characters_div_4,synthetic-eval-v1
42,A2,TCK-00001,assignment,1.7500000467407517e-05,596,2,30,0.0,8050,ACL serializer; MobileAgentRuntime bundle serializer for A3,estimated_characters_div_4,synthetic-eval-v1
42,A2,TCK-00001,investigation,1.720000000204891e-05,608,2,30,0.0,8797,ACL serializer; MobileAgentRuntime bundle serializer for A3,estimated_characters_div_4,synthetic-eval-v1
42,A2,TCK-00001,implementation,1.7300000763498247e-05,612,2,30,0.0,9606,ACL serializer; MobileAgentRuntime bundle serializer for A3,estimated_characters_div_4,synthetic-eval-v1
42,A2,TCK-00001,qa,1.7500000467407517e-05,564,2,30,0.0,10338,ACL serializer; MobileAgentRuntime bundle serializer for A3,estimated_characters_div_4,synthetic-eval-v1
42,A2,TCK-00001,deployment,1.739999970595818e-05,596,2,30,0.0,11090,ACL serializer; MobileAgentRuntime bundle serializer for A3,estimated_characters_div_4,synthetic-eval-v1
42,A2,TCK-00002,triage,1.8799999452312477e-05,580,2,28,0.0,12685,ACL serializer; MobileAgentRuntime bundle serializer for A3,estimated_characters_div_4,synthetic-eval-v1
42,A2,TCK-00002,assignment,1.7500000467407517e-05,596,2,28,0.0,13433,ACL serializer; MobileAgentRuntime bundle serializer for A3,estimated_characters_div_4,synthetic-eval-v1
42,A2,TCK-00002,investigation,1.7299998944508843e-05,608,2,28,0.0,14180,ACL serializer; MobileAgentRuntime bundle serializer for A3,estimated_characters_div_4,synthetic-eval-v1
42,A2,TCK-00002,implementation,1.6899999536690302e-05,612,2,28,0.0,14925,ACL serializer; MobileAgentRuntime bundle serializer for A3,estimated_characters_div_4,synthetic-eval-v1
42,A2,TCK-00002,qa,1.6899999536690302e-05,564,2,28,0.0,15657,ACL serializer; MobileAgentRuntime bundle serializer for A3,estimated_characters_div_4,synthetic-eval-v1
42,A2,TCK-00002,deployment,1.7899999875226058e-05,596,2,28,0.0,16473,ACL serializer; MobileAgentRuntime bundle serializer for A3,estimated_characters_div_4,synthetic-eval-v1
42,A2,TCK-00003,triage,2.570000106061343e-05,580,2,30,0.0,18086,ACL serializer; MobileAgentRuntime bundle serializer for A3,estimated_characters_div_4,synthetic-eval-v1
42,A2,TCK-00003,assignment,1.82999992830446e-05,596,2,30,0.0,18834,ACL serializer; MobileAgentRuntime bundle serializer for A3,estimated_characters_div_4,synthetic-eval-v1
42,A2,TCK-00003,investigation,1.7899999875226058e-05,608,2,30,0.0,19581,ACL serializer; MobileAgentRuntime bundle serializer for A3,estimated_characters_div_4,synthetic-eval-v1
42,A2,TCK-00003,implementation,1.720000000204891e-05,612,2,30,0.0,20326,ACL serializer; MobileAgentRuntime bundle serializer for A3,estimated_characters_div_4,synthetic-eval-v1
42,A2,TCK-00003,qa,1.8400000044493936e-05,564,2,30,0.0,21058,ACL serializer; MobileAgentRuntime bundle serializer for A3,estimated_characters_div_4,synthetic-eval-v1
42,A2,TCK-00003,deployment,1.7700000171316788e-05,596,2,30,0.0,21810,ACL serializer; MobileAgentRuntime bundle serializer for A3,estimated_characters_div_4,synthetic-eval-v1
42,A2,TCK-00004,triage,2.6699999580159783e-05,580,2,28,0.0,23406,ACL serializer; MobileAgentRuntime bundle serializer for A3,estimated_characters_div_4,synthetic-eval-v1
42,A2,TCK-00004,assignment,1.8500000805943273e-05,596,2,28,0.0,24218,ACL serializer; MobileAgentRuntime bundle serializer for A3,estimated_characters_div_4,synthetic-eval-v1
42,A2,TCK-00004,investigation,1.7899999875226058e-05,608,2,28,0.0,24965,ACL serializer; MobileAgentRuntime bundle serializer for A3,estimated_characters_div_4,synthetic-eval-v1
42,A2,TCK-00004,implementation,1.8599999748403206e-05,612,2,28,0.0,25710,ACL serializer; MobileAgentRuntime bundle serializer for A3,estimated_characters_div_4,synthetic-eval-v1
42,A2,TCK-00004,qa,1.7899999875226058e-05,564,2,28,0.0,26442,ACL serializer; MobileAgentRuntime bundle serializer for A3,estimated_characters_div_4,synthetic-eval-v1
42,A2,TCK-00004,deployment,1.779999911377672e-05,596,2,28,0.0,27194,ACL serializer; MobileAgentRuntime bundle serializer for A3,estimated_characters_div_4,synthetic-eval-v1
42,A2,TCK-00005,triage,1.900000097521115e-05,580,2,30,0.0,28838,ACL serializer; MobileAgentRuntime bundle serializer for A3,estimated_characters_div_4,synthetic-eval-v1
42,A2,TCK-00005,assignment,1.779999911377672e-05,596,2,30,0.0,29586,ACL serializer; MobileAgentRuntime bundle serializer for A3,estimated_characters_div_4,synthetic-eval-v1
42,A2,TCK-00005,investigation,1.82999992830446e-05,608,2,30,0.0,30333,ACL serializer; MobileAgentRuntime bundle serializer for A3,estimated_characters_div_4,synthetic-eval-v1
42,A2,TCK-00005,implementation,1.759999940986745e-05,612,2,30,0.0,31142,ACL serializer; MobileAgentRuntime bundle serializer for A3,estimated_characters_div_4,synthetic-eval-v1
42,A2,TCK-00005,qa,2.0399998902576044e-05,564,2,30,0.0,31922,ACL serializer; MobileAgentRuntime bundle serializer for A3,estimated_characters_div_4,synthetic-eval-v1
42,A2,TCK-00005,deployment,1.990000055229757e-05,596,2,30,0.0,32722,ACL serializer; MobileAgentRuntime bundle serializer for A3,estimated_characters_div_4,synthetic-eval-v1
42,A2,TCK-00006,triage,1.9999999494757503e-05,580,2,28,0.0,34366,ACL serializer; MobileAgentRuntime bundle serializer for A3,estimated_characters_div_4,synthetic-eval-v1
42,A2,TCK-00006,assignment,2.8800001018680632e-05,596,2,28,0.0,35282,ACL serializer; MobileAgentRuntime bundle serializer for A3,estimated_characters_div_4,synthetic-eval-v1
42,A2,TCK-00006,investigation,2.1899999410379678e-05,608,2,28,0.0,36077,ACL serializer; MobileAgentRuntime bundle serializer for A3,estimated_characters_div_4,synthetic-eval-v1
42,A2,TCK-00006,implementation,2.1200001356191933e-05,612,2,28,0.0,36870,ACL serializer; MobileAgentRuntime bundle serializer for A3,estimated_characters_div_4,synthetic-eval-v1
42,A2,TCK-00006,qa,2.119999953720253e-05,564,2,28,0.0,37650,ACL serializer; MobileAgentRuntime bundle serializer for A3,estimated_characters_div_4,synthetic-eval-v1
42,A2,TCK-00006,deployment,2.1699999706470408e-05,596,2,28,0.0,38546,ACL serializer; MobileAgentRuntime bundle serializer for A3,estimated_characters_div_4,synthetic-eval-v1
42,A2,TCK-00007,triage,2.1100000594742596e-05,580,2,38,0.0,40266,ACL serializer; MobileAgentRuntime bundle serializer for A3,estimated_characters_div_4,synthetic-eval-v1
42,A2,TCK-00007,assignment,2.179999864893034e-05,596,2,38,0.0,41184,ACL serializer; MobileAgentRuntime bundle serializer for A3,estimated_characters_div_4,synthetic-eval-v1
42,A2,TCK-00007,investigation,2.1500000002561137e-05,608,2,38,0.0,41982,ACL serializer; MobileAgentRuntime bundle serializer for A3,estimated_characters_div_4,synthetic-eval-v1
42,A2,TCK-00007,implementation,2.119999953720253e-05,612,2,38,0.0,42776,ACL serializer; MobileAgentRuntime bundle serializer for A3,estimated_characters_div_4,synthetic-eval-v1
42,A2,TCK-00007,qa,2.119999953720253e-05,564,2,38,0.0,43550,ACL serializer; MobileAgentRuntime bundle serializer for A3,estimated_characters_div_4,synthetic-eval-v1
42,A2,TCK-00007,deployment,2.099999983329326e-05,596,2,38,0.0,44352,ACL serializer; MobileAgentRuntime bundle serializer for A3,estimated_characters_div_4,synthetic-eval-v1
42,A2,TCK-00008,triage,2.1600000764010474e-05,580,2,28,0.0,46022,ACL serializer; MobileAgentRuntime bundle serializer for A3,estimated_characters_div_4,synthetic-eval-v1
42,A2,TCK-00008,assignment,2.159999894502107e-05,596,2,28,0.0,46938,ACL serializer; MobileAgentRuntime bundle serializer for A3,estimated_characters_div_4,synthetic-eval-v1
42,A2,TCK-00008,investigation,2.1300000298651867e-05,608,2,28,0.0,47733,ACL serializer; MobileAgentRuntime bundle serializer for A3,estimated_characters_div_4,synthetic-eval-v1
42,A2,TCK-00008,implementation,2.099999983329326e-05,612,2,28,0.0,48526,ACL serializer; MobileAgentRuntime bundle serializer for A3,estimated_characters_div_4,synthetic-eval-v1
42,A2,TCK-00008,qa,2.1500000002561137e-05,564,2,28,0.0,49306,ACL serializer; MobileAgentRuntime bundle serializer for A3,estimated_characters_div_4,synthetic-eval-v1
42,A2,TCK-00008,deployment,2.2199999875738285e-05,596,2,28,0.0,50202,ACL serializer; MobileAgentRuntime bundle serializer for A3,estimated_characters_div_4,synthetic-eval-v1
42,A2,TCK-00009,triage,2.1400001060101204e-05,580,2,30,0.0,51911,ACL serializer; MobileAgentRuntime bundle serializer for A3,estimated_characters_div_4,synthetic-eval-v1
42,A2,TCK-00009,assignment,2.1500000002561137e-05,596,2,30,0.0,52827,ACL serializer; MobileAgentRuntime bundle serializer for A3,estimated_characters_div_4,synthetic-eval-v1
42,A2,TCK-00009,investigation,2.1300000298651867e-05,608,2,30,0.0,53622,ACL serializer; MobileAgentRuntime bundle serializer for A3,estimated_characters_div_4,synthetic-eval-v1
42,A2,TCK-00009,implementation,2.119999953720253e-05,612,2,30,0.0,54415,ACL serializer; MobileAgentRuntime bundle serializer for A3,estimated_characters_div_4,synthetic-eval-v1
42,A2,TCK-00009,qa,2.1699999706470408e-05,564,2,30,0.0,55195,ACL serializer; MobileAgentRuntime bundle serializer for A3,estimated_characters_div_4,synthetic-eval-v1
42,A2,TCK-00009,deployment,2.1400001060101204e-05,596,2,30,0.0,55995,ACL serializer; MobileAgentRuntime bundle serializer for A3,estimated_characters_div_4,synthetic-eval-v1
42,A2,TCK-00010,triage,2.1099998775753193e-05,580,2,28,0.0,57639,ACL serializer; MobileAgentRuntime bundle serializer for A3,estimated_characters_div_4,synthetic-eval-v1
42,A2,TCK-00010,assignment,2.1600000764010474e-05,596,2,28,0.0,58555,ACL serializer; MobileAgentRuntime bundle serializer for A3,estimated_characters_div_4,synthetic-eval-v1
42,A2,TCK-00010,investigation,2.1500000002561137e-05,608,2,28,0.0,59350,ACL serializer; MobileAgentRuntime bundle serializer for A3,estimated_characters_div_4,synthetic-eval-v1
42,A2,TCK-00010,implementation,2.159999894502107e-05,612,2,28,0.0,60143,ACL serializer; MobileAgentRuntime bundle serializer for A3,estimated_characters_div_4,synthetic-eval-v1
42,A2,TCK-00010,qa,2.1200001356191933e-05,564,2,28,0.0,60923,ACL serializer; MobileAgentRuntime bundle serializer for A3,estimated_characters_div_4,synthetic-eval-v1
42,A2,TCK-00010,deployment,2.1300000298651867e-05,596,2,28,0.0,61819,ACL serializer; MobileAgentRuntime bundle serializer for A3,estimated_characters_div_4,synthetic-eval-v1
42,A2,TCK-00011,triage,2.2300000637187622e-05,580,2,30,0.0,63479,ACL serializer; MobileAgentRuntime bundle serializer for A3,estimated_characters_div_4,synthetic-eval-v1
42,A2,TCK-00011,assignment,3.479999941191636e-05,596,2,30,0.0,64395,ACL serializer; MobileAgentRuntime bundle serializer for A3,estimated_characters_div_4,synthetic-eval-v1
42,A2,TCK-00011,investigation,2.2399999579647556e-05,608,2,30,0.0,65190,ACL serializer; MobileAgentRuntime bundle serializer for A3,estimated_characters_div_4,synthetic-eval-v1
42,A2,TCK-00011,implementation,2.209999911428895e-05,612,2,30,0.0,65983,ACL serializer; MobileAgentRuntime bundle serializer for A3,estimated_characters_div_4,synthetic-eval-v1
42,A2,TCK-00011,qa,2.1500000002561137e-05,564,2,30,0.0,66763,ACL serializer; MobileAgentRuntime bundle serializer for A3,estimated_characters_div_4,synthetic-eval-v1
42,A2,TCK-00011,deployment,2.190000122936908e-05,596,2,30,0.0,67563,ACL serializer; MobileAgentRuntime bundle serializer for A3,estimated_characters_div_4,synthetic-eval-v1
42,A2,TCK-00012,triage,2.119999953720253e-05,580,2,28,0.0,69207,ACL serializer; MobileAgentRuntime bundle serializer for A3,estimated_characters_div_4,synthetic-eval-v1
42,A2,TCK-00012,assignment,2.119999953720253e-05,596,2,28,0.0,70099,ACL serializer; MobileAgentRuntime bundle serializer for A3,estimated_characters_div_4,synthetic-eval-v1
42,A2,TCK-00012,investigation,2.1600000764010474e-05,608,2,28,0.0,70894,ACL serializer; MobileAgentRuntime bundle serializer for A3,estimated_characters_div_4,synthetic-eval-v1
42,A2,TCK-00012,implementation,2.1300000298651867e-05,612,2,28,0.0,71687,ACL serializer; MobileAgentRuntime bundle serializer for A3,estimated_characters_div_4,synthetic-eval-v1
42,A2,TCK-00012,qa,2.1500000002561137e-05,564,2,28,0.0,72467,ACL serializer; MobileAgentRuntime bundle serializer for A3,estimated_characters_div_4,synthetic-eval-v1
42,A2,TCK-00012,deployment,2.2599999283556826e-05,596,2,28,0.0,73395,ACL serializer; MobileAgentRuntime bundle serializer for A3,estimated_characters_div_4,synthetic-eval-v1
42,A2,TCK-00013,triage,2.13999992411118e-05,580,2,30,0.0,75054,ACL serializer; MobileAgentRuntime bundle serializer for A3,estimated_characters_div_4,synthetic-eval-v1
42,A2,TCK-00013,assignment,2.1699999706470408e-05,596,2,30,0.0,75970,ACL serializer; MobileAgentRuntime bundle serializer for A3,estimated_characters_div_4,synthetic-eval-v1
42,A2,TCK-00013,investigation,2.1300000298651867e-05,608,2,30,0.0,76765,ACL serializer; MobileAgentRuntime bundle serializer for A3,estimated_characters_div_4,synthetic-eval-v1
42,A2,TCK-00013,implementation,2.2000000171829015e-05,612,2,30,0.0,77558,ACL serializer; MobileAgentRuntime bundle serializer for A3,estimated_characters_div_4,synthetic-eval-v1
42,A2,TCK-00013,qa,2.170000152545981e-05,564,2,30,0.0,78338,ACL serializer; MobileAgentRuntime bundle serializer for A3,estimated_characters_div_4,synthetic-eval-v1
42,A2,TCK-00013,deployment,2.1300000298651867e-05,596,2,30,0.0,79138,ACL serializer; MobileAgentRuntime bundle serializer for A3,estimated_characters_div_4,synthetic-eval-v1
42,A2,TCK-00014,triage,2.1500000002561137e-05,580,2,36,0.0,80813,ACL serializer; MobileAgentRuntime bundle serializer for A3,estimated_characters_div_4,synthetic-eval-v1
42,A2,TCK-00014,assignment,2.13999992411118e-05,596,2,36,0.0,81729,ACL serializer; MobileAgentRuntime bundle serializer for A3,estimated_characters_div_4,synthetic-eval-v1
42,A2,TCK-00014,investigation,2.229999881819822e-05,608,2,36,0.0,82526,ACL serializer; MobileAgentRuntime bundle serializer for A3,estimated_characters_div_4,synthetic-eval-v1
42,A2,TCK-00014,implementation,2.159999894502107e-05,612,2,36,0.0,83320,ACL serializer; MobileAgentRuntime bundle serializer for A3,estimated_characters_div_4,synthetic-eval-v1
42,A2,TCK-00014,qa,2.1400001060101204e-05,564,2,36,0.0,84097,ACL serializer; MobileAgentRuntime bundle serializer for A3,estimated_characters_div_4,synthetic-eval-v1
42,A2,TCK-00014,deployment,2.119999953720253e-05,596,2,36,0.0,84897,ACL serializer; MobileAgentRuntime bundle serializer for A3,estimated_characters_div_4,synthetic-eval-v1
42,A2,TCK-00015,triage,2.159999894502107e-05,580,2,30,0.0,86590,ACL serializer; MobileAgentRuntime bundle serializer for A3,estimated_characters_div_4,synthetic-eval-v1
42,A2,TCK-00015,assignment,2.2199999875738285e-05,596,2,30,0.0,87506,ACL serializer; MobileAgentRuntime bundle serializer for A3,estimated_characters_div_4,synthetic-eval-v1
42,A2,TCK-00015,investigation,2.1400001060101204e-05,608,2,30,0.0,88301,ACL serializer; MobileAgentRuntime bundle serializer for A3,estimated_characters_div_4,synthetic-eval-v1
42,A2,TCK-00015,implementation,2.2000000171829015e-05,612,2,30,0.0,89222,ACL serializer; MobileAgentRuntime bundle serializer for A3,estimated_characters_div_4,synthetic-eval-v1
42,A2,TCK-00015,qa,2.1899999410379678e-05,564,2,30,0.0,90002,ACL serializer; MobileAgentRuntime bundle serializer for A3,estimated_characters_div_4,synthetic-eval-v1
42,A2,TCK-00015,deployment,2.170000152545981e-05,596,2,30,0.0,90802,ACL serializer; MobileAgentRuntime bundle serializer for A3,estimated_characters_div_4,synthetic-eval-v1
42,A2,TCK-00016,triage,2.099999983329326e-05,580,2,28,0.0,92429,ACL serializer; MobileAgentRuntime bundle serializer for A3,estimated_characters_div_4,synthetic-eval-v1
42,A2,TCK-00016,assignment,2.1699999706470408e-05,596,2,28,0.0,93345,ACL serializer; MobileAgentRuntime bundle serializer for A3,estimated_characters_div_4,synthetic-eval-v1
42,A2,TCK-00016,investigation,2.119999953720253e-05,608,2,28,0.0,94140,ACL serializer; MobileAgentRuntime bundle serializer for A3,estimated_characters_div_4,synthetic-eval-v1
42,A2,TCK-00016,implementation,2.1600000764010474e-05,612,2,28,0.0,94933,ACL serializer; MobileAgentRuntime bundle serializer for A3,estimated_characters_div_4,synthetic-eval-v1
42,A2,TCK-00016,qa,2.069999936793465e-05,564,2,28,0.0,95713,ACL serializer; MobileAgentRuntime bundle serializer for A3,estimated_characters_div_4,synthetic-eval-v1
42,A2,TCK-00016,deployment,2.1500000002561137e-05,596,2,28,0.0,96513,ACL serializer; MobileAgentRuntime bundle serializer for A3,estimated_characters_div_4,synthetic-eval-v1
42,A2,TCK-00017,triage,2.1500000002561137e-05,580,2,30,0.0,98237,ACL serializer; MobileAgentRuntime bundle serializer for A3,estimated_characters_div_4,synthetic-eval-v1
42,A2,TCK-00017,assignment,2.1699999706470408e-05,596,2,30,0.0,99153,ACL serializer; MobileAgentRuntime bundle serializer for A3,estimated_characters_div_4,synthetic-eval-v1
42,A2,TCK-00017,investigation,2.1899999410379678e-05,608,2,30,0.0,99948,ACL serializer; MobileAgentRuntime bundle serializer for A3,estimated_characters_div_4,synthetic-eval-v1
42,A2,TCK-00017,implementation,2.1699999706470408e-05,612,2,30,0.0,100741,ACL serializer; MobileAgentRuntime bundle serializer for A3,estimated_characters_div_4,synthetic-eval-v1
42,A2,TCK-00017,qa,2.170000152545981e-05,564,2,30,0.0,101521,ACL serializer; MobileAgentRuntime bundle serializer for A3,estimated_characters_div_4,synthetic-eval-v1
42,A2,TCK-00017,deployment,4.240000089339446e-05,596,2,30,0.0,102321,ACL serializer; MobileAgentRuntime bundle serializer for A3,estimated_characters_div_4,synthetic-eval-v1
42,A2,TCK-00018,triage,3.360000118846074e-05,580,2,28,0.0,103966,ACL serializer; MobileAgentRuntime bundle serializer for A3,estimated_characters_div_4,synthetic-eval-v1
42,A2,TCK-00018,assignment,2.3599999622092582e-05,596,2,28,0.0,105042,ACL serializer; MobileAgentRuntime bundle serializer for A3,estimated_characters_div_4,synthetic-eval-v1
42,A2,TCK-00018,investigation,2.1800000467919745e-05,608,2,28,0.0,105837,ACL serializer; MobileAgentRuntime bundle serializer for A3,estimated_characters_div_4,synthetic-eval-v1
42,A2,TCK-00018,implementation,2.2700000045006163e-05,612,2,28,0.0,106630,ACL serializer; MobileAgentRuntime bundle serializer for A3,estimated_characters_div_4,synthetic-eval-v1
42,A2,TCK-00018,qa,2.190000122936908e-05,564,2,28,0.0,107410,ACL serializer; MobileAgentRuntime bundle serializer for A3,estimated_characters_div_4,synthetic-eval-v1
42,A2,TCK-00018,deployment,2.170000152545981e-05,596,2,28,0.0,108210,ACL serializer; MobileAgentRuntime bundle serializer for A3,estimated_characters_div_4,synthetic-eval-v1
42,A2,TCK-00019,triage,2.1500000002561137e-05,580,2,30,0.0,109870,ACL serializer; MobileAgentRuntime bundle serializer for A3,estimated_characters_div_4,synthetic-eval-v1
42,A2,TCK-00019,assignment,2.2300000637187622e-05,596,2,30,0.0,110786,ACL serializer; MobileAgentRuntime bundle serializer for A3,estimated_characters_div_4,synthetic-eval-v1
42,A2,TCK-00019,investigation,2.209999911428895e-05,608,2,30,0.0,111581,ACL serializer; MobileAgentRuntime bundle serializer for A3,estimated_characters_div_4,synthetic-eval-v1
42,A2,TCK-00019,implementation,2.1500000002561137e-05,612,2,30,0.0,112374,ACL serializer; MobileAgentRuntime bundle serializer for A3,estimated_characters_div_4,synthetic-eval-v1
42,A2,TCK-00019,qa,2.119999953720253e-05,564,2,30,0.0,113154,ACL serializer; MobileAgentRuntime bundle serializer for A3,estimated_characters_div_4,synthetic-eval-v1
42,A2,TCK-00019,deployment,2.1100000594742596e-05,596,2,30,0.0,113954,ACL serializer; MobileAgentRuntime bundle serializer for A3,estimated_characters_div_4,synthetic-eval-v1
42,A2,TCK-00020,triage,2.099999983329326e-05,580,2,28,0.0,115598,ACL serializer; MobileAgentRuntime bundle serializer for A3,estimated_characters_div_4,synthetic-eval-v1
42,A2,TCK-00020,assignment,2.2000000171829015e-05,596,2,28,0.0,116514,ACL serializer; MobileAgentRuntime bundle serializer for A3,estimated_characters_div_4,synthetic-eval-v1
42,A2,TCK-00020,investigation,2.1500000002561137e-05,608,2,28,0.0,117309,ACL serializer; MobileAgentRuntime bundle serializer for A3,estimated_characters_div_4,synthetic-eval-v1
42,A2,TCK-00020,implementation,2.1300000298651867e-05,612,2,28,0.0,118102,ACL serializer; MobileAgentRuntime bundle serializer for A3,estimated_characters_div_4,synthetic-eval-v1
42,A2,TCK-00020,qa,2.1300000298651867e-05,564,2,28,0.0,118882,ACL serializer; MobileAgentRuntime bundle serializer for A3,estimated_characters_div_4,synthetic-eval-v1
42,A2,TCK-00020,deployment,2.1099998775753193e-05,596,2,28,0.0,119682,ACL serializer; MobileAgentRuntime bundle serializer for A3,estimated_characters_div_4,synthetic-eval-v1
42,A2,TCK-00021,triage,2.1300000298651867e-05,580,2,38,0.0,121378,ACL serializer; MobileAgentRuntime bundle serializer for A3,estimated_characters_div_4,synthetic-eval-v1
42,A2,TCK-00021,assignment,2.1500000002561137e-05,596,2,38,0.0,122296,ACL serializer; MobileAgentRuntime bundle serializer for A3,estimated_characters_div_4,synthetic-eval-v1
42,A2,TCK-00021,investigation,2.1800000467919745e-05,608,2,38,0.0,123094,ACL serializer; MobileAgentRuntime bundle serializer for A3,estimated_characters_div_4,synthetic-eval-v1
42,A2,TCK-00021,implementation,2.1300000298651867e-05,612,2,38,0.0,124048,ACL serializer; MobileAgentRuntime bundle serializer for A3,estimated_characters_div_4,synthetic-eval-v1
42,A2,TCK-00021,qa,2.099999983329326e-05,564,2,38,0.0,124822,ACL serializer; MobileAgentRuntime bundle serializer for A3,estimated_characters_div_4,synthetic-eval-v1
42,A2,TCK-00021,deployment,2.159999894502107e-05,596,2,38,0.0,125624,ACL serializer; MobileAgentRuntime bundle serializer for A3,estimated_characters_div_4,synthetic-eval-v1
42,A2,TCK-00022,triage,2.1100000594742596e-05,580,2,28,0.0,127295,ACL serializer; MobileAgentRuntime bundle serializer for A3,estimated_characters_div_4,synthetic-eval-v1
42,A2,TCK-00022,assignment,2.1600000764010474e-05,596,2,28,0.0,128211,ACL serializer; MobileAgentRuntime bundle serializer for A3,estimated_characters_div_4,synthetic-eval-v1
42,A2,TCK-00022,investigation,2.119999953720253e-05,608,2,28,0.0,129006,ACL serializer; MobileAgentRuntime bundle serializer for A3,estimated_characters_div_4,synthetic-eval-v1
42,A2,TCK-00022,implementation,2.1300000298651867e-05,612,2,28,0.0,129799,ACL serializer; MobileAgentRuntime bundle serializer for A3,estimated_characters_div_4,synthetic-eval-v1
42,A2,TCK-00022,qa,2.13999992411118e-05,564,2,28,0.0,130579,ACL serializer; MobileAgentRuntime bundle serializer for A3,estimated_characters_div_4,synthetic-eval-v1
42,A2,TCK-00022,deployment,2.119999953720253e-05,596,2,28,0.0,131379,ACL serializer; MobileAgentRuntime bundle serializer for A3,estimated_characters_div_4,synthetic-eval-v1
42,A2,TCK-00023,triage,2.0600000425474718e-05,580,2,30,0.0,133022,ACL serializer; MobileAgentRuntime bundle serializer for A3,estimated_characters_div_4,synthetic-eval-v1
42,A2,TCK-00023,assignment,2.119999953720253e-05,596,2,30,0.0,133914,ACL serializer; MobileAgentRuntime bundle serializer for A3,estimated_characters_div_4,synthetic-eval-v1
42,A2,TCK-00023,investigation,2.1099998775753193e-05,608,2,30,0.0,134709,ACL serializer; MobileAgentRuntime bundle serializer for A3,estimated_characters_div_4,synthetic-eval-v1
42,A2,TCK-00023,implementation,2.119999953720253e-05,612,2,30,0.0,135502,ACL serializer; MobileAgentRuntime bundle serializer for A3,estimated_characters_div_4,synthetic-eval-v1
42,A2,TCK-00023,qa,2.1699999706470408e-05,564,2,30,0.0,136282,ACL serializer; MobileAgentRuntime bundle serializer for A3,estimated_characters_div_4,synthetic-eval-v1
42,A2,TCK-00023,deployment,2.0899999071843922e-05,596,2,30,0.0,137082,ACL serializer; MobileAgentRuntime bundle serializer for A3,estimated_characters_div_4,synthetic-eval-v1
42,A2,TCK-00024,triage,2.069999936793465e-05,580,2,28,0.0,138727,ACL serializer; MobileAgentRuntime bundle serializer for A3,estimated_characters_div_4,synthetic-eval-v1
42,A2,TCK-00024,assignment,2.1699999706470408e-05,596,2,28,0.0,139643,ACL serializer; MobileAgentRuntime bundle serializer for A3,estimated_characters_div_4,synthetic-eval-v1
42,A2,TCK-00024,investigation,2.1099998775753193e-05,608,2,28,0.0,140438,ACL serializer; MobileAgentRuntime bundle serializer for A3,estimated_characters_div_4,synthetic-eval-v1
42,A2,TCK-00024,implementation,2.1800000467919745e-05,612,2,28,0.0,141231,ACL serializer; MobileAgentRuntime bundle serializer for A3,estimated_characters_div_4,synthetic-eval-v1
42,A2,TCK-00024,qa,2.1100000594742596e-05,564,2,28,0.0,142011,ACL serializer; MobileAgentRuntime bundle serializer for A3,estimated_characters_div_4,synthetic-eval-v1
42,A2,TCK-00024,deployment,2.1899999410379678e-05,596,2,28,0.0,143003,ACL serializer; MobileAgentRuntime bundle serializer for A3,estimated_characters_div_4,synthetic-eval-v1
42,A2,TCK-00025,triage,2.479999966453761e-05,580,2,30,0.0,144727,ACL serializer; MobileAgentRuntime bundle serializer for A3,estimated_characters_div_4,synthetic-eval-v1
42,A2,TCK-00025,assignment,2.5800000003073364e-05,596,2,30,0.0,145643,ACL serializer; MobileAgentRuntime bundle serializer for A3,estimated_characters_div_4,synthetic-eval-v1
42,A2,TCK-00025,investigation,2.409999979136046e-05,608,2,30,0.0,146438,ACL serializer; MobileAgentRuntime bundle serializer for A3,estimated_characters_div_4,synthetic-eval-v1
42,A2,TCK-00025,implementation,2.680000034160912e-05,612,2,30,0.0,147231,ACL serializer; MobileAgentRuntime bundle serializer for A3,estimated_characters_div_4,synthetic-eval-v1
42,A2,TCK-00025,qa,2.2500000341096893e-05,564,2,30,0.0,148011,ACL serializer; MobileAgentRuntime bundle serializer for A3,estimated_characters_div_4,synthetic-eval-v1
42,A2,TCK-00025,deployment,2.2599999283556826e-05,596,2,30,0.0,148811,ACL serializer; MobileAgentRuntime bundle serializer for A3,estimated_characters_div_4,synthetic-eval-v1
42,A2,TCK-00026,triage,2.4200000552809797e-05,580,2,28,0.0,150454,ACL serializer; MobileAgentRuntime bundle serializer for A3,estimated_characters_div_4,synthetic-eval-v1
42,A2,TCK-00026,assignment,2.1800000467919745e-05,596,2,28,0.0,151370,ACL serializer; MobileAgentRuntime bundle serializer for A3,estimated_characters_div_4,synthetic-eval-v1
42,A2,TCK-00026,investigation,2.119999953720253e-05,608,2,28,0.0,152165,ACL serializer; MobileAgentRuntime bundle serializer for A3,estimated_characters_div_4,synthetic-eval-v1
42,A2,TCK-00026,implementation,2.1100000594742596e-05,612,2,28,0.0,152958,ACL serializer; MobileAgentRuntime bundle serializer for A3,estimated_characters_div_4,synthetic-eval-v1
42,A2,TCK-00026,qa,2.1200001356191933e-05,564,2,28,0.0,153738,ACL serializer; MobileAgentRuntime bundle serializer for A3,estimated_characters_div_4,synthetic-eval-v1
42,A2,TCK-00026,deployment,2.1600000764010474e-05,596,2,28,0.0,154538,ACL serializer; MobileAgentRuntime bundle serializer for A3,estimated_characters_div_4,synthetic-eval-v1
42,A2,TCK-00027,triage,2.1400001060101204e-05,580,2,30,0.0,156198,ACL serializer; MobileAgentRuntime bundle serializer for A3,estimated_characters_div_4,synthetic-eval-v1
42,A2,TCK-00027,assignment,2.1500000002561137e-05,596,2,30,0.0,157114,ACL serializer; MobileAgentRuntime bundle serializer for A3,estimated_characters_div_4,synthetic-eval-v1
42,A2,TCK-00027,investigation,2.1300000298651867e-05,608,2,30,0.0,157909,ACL serializer; MobileAgentRuntime bundle serializer for A3,estimated_characters_div_4,synthetic-eval-v1
42,A2,TCK-00027,implementation,2.1500000002561137e-05,612,2,30,0.0,158702,ACL serializer; MobileAgentRuntime bundle serializer for A3,estimated_characters_div_4,synthetic-eval-v1
42,A2,TCK-00027,qa,2.159999894502107e-05,564,2,30,0.0,159482,ACL serializer; MobileAgentRuntime bundle serializer for A3,estimated_characters_div_4,synthetic-eval-v1
42,A2,TCK-00027,deployment,2.2500000341096893e-05,596,2,30,0.0,160282,ACL serializer; MobileAgentRuntime bundle serializer for A3,estimated_characters_div_4,synthetic-eval-v1
42,A2,TCK-00028,triage,2.099999983329326e-05,580,2,36,0.0,161957,ACL serializer; MobileAgentRuntime bundle serializer for A3,estimated_characters_div_4,synthetic-eval-v1
42,A2,TCK-00028,assignment,2.099999983329326e-05,596,2,36,0.0,162873,ACL serializer; MobileAgentRuntime bundle serializer for A3,estimated_characters_div_4,synthetic-eval-v1
42,A2,TCK-00028,investigation,2.080000012938399e-05,608,2,36,0.0,163670,ACL serializer; MobileAgentRuntime bundle serializer for A3,estimated_characters_div_4,synthetic-eval-v1
42,A2,TCK-00028,implementation,2.080000012938399e-05,612,2,36,0.0,164464,ACL serializer; MobileAgentRuntime bundle serializer for A3,estimated_characters_div_4,synthetic-eval-v1
42,A2,TCK-00028,qa,2.190000122936908e-05,564,2,36,0.0,165241,ACL serializer; MobileAgentRuntime bundle serializer for A3,estimated_characters_div_4,synthetic-eval-v1
42,A2,TCK-00028,deployment,2.1099998775753193e-05,596,2,36,0.0,166265,ACL serializer; MobileAgentRuntime bundle serializer for A3,estimated_characters_div_4,synthetic-eval-v1
42,A2,TCK-00029,triage,2.080000012938399e-05,580,2,30,0.0,167958,ACL serializer; MobileAgentRuntime bundle serializer for A3,estimated_characters_div_4,synthetic-eval-v1
42,A2,TCK-00029,assignment,2.13999992411118e-05,596,2,30,0.0,168874,ACL serializer; MobileAgentRuntime bundle serializer for A3,estimated_characters_div_4,synthetic-eval-v1
42,A2,TCK-00029,investigation,2.119999953720253e-05,608,2,30,0.0,169669,ACL serializer; MobileAgentRuntime bundle serializer for A3,estimated_characters_div_4,synthetic-eval-v1
42,A2,TCK-00029,implementation,2.1899999410379678e-05,612,2,30,0.0,170462,ACL serializer; MobileAgentRuntime bundle serializer for A3,estimated_characters_div_4,synthetic-eval-v1
42,A2,TCK-00029,qa,2.13999992411118e-05,564,2,30,0.0,171242,ACL serializer; MobileAgentRuntime bundle serializer for A3,estimated_characters_div_4,synthetic-eval-v1
42,A2,TCK-00029,deployment,2.0900000890833326e-05,596,2,30,0.0,172042,ACL serializer; MobileAgentRuntime bundle serializer for A3,estimated_characters_div_4,synthetic-eval-v1
42,A2,TCK-00030,triage,2.099999983329326e-05,580,2,28,0.0,173670,ACL serializer; MobileAgentRuntime bundle serializer for A3,estimated_characters_div_4,synthetic-eval-v1
42,A2,TCK-00030,assignment,2.1699999706470408e-05,596,2,28,0.0,174586,ACL serializer; MobileAgentRuntime bundle serializer for A3,estimated_characters_div_4,synthetic-eval-v1
42,A2,TCK-00030,investigation,2.159999894502107e-05,608,2,28,0.0,175381,ACL serializer; MobileAgentRuntime bundle serializer for A3,estimated_characters_div_4,synthetic-eval-v1
42,A2,TCK-00030,implementation,2.1100000594742596e-05,612,2,28,0.0,176174,ACL serializer; MobileAgentRuntime bundle serializer for A3,estimated_characters_div_4,synthetic-eval-v1
42,A2,TCK-00030,qa,2.1000001652282663e-05,564,2,28,0.0,176954,ACL serializer; MobileAgentRuntime bundle serializer for A3,estimated_characters_div_4,synthetic-eval-v1
42,A2,TCK-00030,deployment,2.1099998775753193e-05,596,2,28,0.0,177754,ACL serializer; MobileAgentRuntime bundle serializer for A3,estimated_characters_div_4,synthetic-eval-v1
42,A2,TCK-00031,triage,2.1099998775753193e-05,580,2,30,0.0,179414,ACL serializer; MobileAgentRuntime bundle serializer for A3,estimated_characters_div_4,synthetic-eval-v1
42,A2,TCK-00031,assignment,2.1200001356191933e-05,596,2,30,0.0,180330,ACL serializer; MobileAgentRuntime bundle serializer for A3,estimated_characters_div_4,synthetic-eval-v1
42,A2,TCK-00031,investigation,2.1800000467919745e-05,608,2,30,0.0,181125,ACL serializer; MobileAgentRuntime bundle serializer for A3,estimated_characters_div_4,synthetic-eval-v1
42,A2,TCK-00031,implementation,2.1099998775753193e-05,612,2,30,0.0,181918,ACL serializer; MobileAgentRuntime bundle serializer for A3,estimated_characters_div_4,synthetic-eval-v1
42,A2,TCK-00031,qa,2.080000012938399e-05,564,2,30,0.0,182698,ACL serializer; MobileAgentRuntime bundle serializer for A3,estimated_characters_div_4,synthetic-eval-v1
42,A2,TCK-00031,deployment,2.0900000890833326e-05,596,2,30,0.0,183498,ACL serializer; MobileAgentRuntime bundle serializer for A3,estimated_characters_div_4,synthetic-eval-v1
42,A2,TCK-00032,triage,3.789999936998356e-05,580,2,28,0.0,185142,ACL serializer; MobileAgentRuntime bundle serializer for A3,estimated_characters_div_4,synthetic-eval-v1
42,A2,TCK-00032,assignment,6.750000102329068e-05,596,2,28,0.0,186058,ACL serializer; MobileAgentRuntime bundle serializer for A3,estimated_characters_div_4,synthetic-eval-v1
42,A2,TCK-00032,investigation,2.3299999156733975e-05,608,2,28,0.0,186853,ACL serializer; MobileAgentRuntime bundle serializer for A3,estimated_characters_div_4,synthetic-eval-v1
42,A2,TCK-00032,implementation,2.190000122936908e-05,612,2,28,0.0,187646,ACL serializer; MobileAgentRuntime bundle serializer for A3,estimated_characters_div_4,synthetic-eval-v1
42,A2,TCK-00032,qa,2.13999992411118e-05,564,2,28,0.0,188426,ACL serializer; MobileAgentRuntime bundle serializer for A3,estimated_characters_div_4,synthetic-eval-v1
42,A2,TCK-00032,deployment,2.2799998987466097e-05,596,2,28,0.0,189226,ACL serializer; MobileAgentRuntime bundle serializer for A3,estimated_characters_div_4,synthetic-eval-v1
42,A2,TCK-00033,triage,2.1600000764010474e-05,580,2,30,0.0,190950,ACL serializer; MobileAgentRuntime bundle serializer for A3,estimated_characters_div_4,synthetic-eval-v1
42,A2,TCK-00033,assignment,2.2199999875738285e-05,596,2,30,0.0,191866,ACL serializer; MobileAgentRuntime bundle serializer for A3,estimated_characters_div_4,synthetic-eval-v1
42,A2,TCK-00033,investigation,2.170000152545981e-05,608,2,30,0.0,192661,ACL serializer; MobileAgentRuntime bundle serializer for A3,estimated_characters_div_4,synthetic-eval-v1
42,A2,TCK-00033,implementation,2.159999894502107e-05,612,2,30,0.0,193710,ACL serializer; MobileAgentRuntime bundle serializer for A3,estimated_characters_div_4,synthetic-eval-v1
42,A2,TCK-00033,qa,2.2000000171829015e-05,564,2,30,0.0,194490,ACL serializer; MobileAgentRuntime bundle serializer for A3,estimated_characters_div_4,synthetic-eval-v1
42,A2,TCK-00033,deployment,2.13999992411118e-05,596,2,30,0.0,195290,ACL serializer; MobileAgentRuntime bundle serializer for A3,estimated_characters_div_4,synthetic-eval-v1
42,A2,TCK-00034,triage,2.119999953720253e-05,580,2,28,0.0,196934,ACL serializer; MobileAgentRuntime bundle serializer for A3,estimated_characters_div_4,synthetic-eval-v1
42,A2,TCK-00034,assignment,2.1600000764010474e-05,596,2,28,0.0,197826,ACL serializer; MobileAgentRuntime bundle serializer for A3,estimated_characters_div_4,synthetic-eval-v1
42,A2,TCK-00034,investigation,2.1300000298651867e-05,608,2,28,0.0,198621,ACL serializer; MobileAgentRuntime bundle serializer for A3,estimated_characters_div_4,synthetic-eval-v1
42,A2,TCK-00034,implementation,2.9299999368959107e-05,612,2,28,0.0,199414,ACL serializer; MobileAgentRuntime bundle serializer for A3,estimated_characters_div_4,synthetic-eval-v1
42,A2,TCK-00034,qa,2.1299998479662463e-05,564,2,28,0.0,200194,ACL serializer; MobileAgentRuntime bundle serializer for A3,estimated_characters_div_4,synthetic-eval-v1
42,A2,TCK-00034,deployment,2.1299998479662463e-05,596,2,28,0.0,200994,ACL serializer; MobileAgentRuntime bundle serializer for A3,estimated_characters_div_4,synthetic-eval-v1
42,A2,TCK-00035,triage,2.0899999071843922e-05,580,2,38,0.0,202690,ACL serializer; MobileAgentRuntime bundle serializer for A3,estimated_characters_div_4,synthetic-eval-v1
42,A2,TCK-00035,assignment,2.1800000467919745e-05,596,2,38,0.0,203608,ACL serializer; MobileAgentRuntime bundle serializer for A3,estimated_characters_div_4,synthetic-eval-v1
42,A2,TCK-00035,investigation,2.1500000002561137e-05,608,2,38,0.0,204406,ACL serializer; MobileAgentRuntime bundle serializer for A3,estimated_characters_div_4,synthetic-eval-v1
42,A2,TCK-00035,implementation,2.2399999579647556e-05,612,2,38,0.0,205200,ACL serializer; MobileAgentRuntime bundle serializer for A3,estimated_characters_div_4,synthetic-eval-v1
42,A2,TCK-00035,qa,2.229999881819822e-05,564,2,38,0.0,205974,ACL serializer; MobileAgentRuntime bundle serializer for A3,estimated_characters_div_4,synthetic-eval-v1
42,A2,TCK-00035,deployment,2.13999992411118e-05,596,2,38,0.0,206776,ACL serializer; MobileAgentRuntime bundle serializer for A3,estimated_characters_div_4,synthetic-eval-v1
42,A2,TCK-00036,triage,2.13999992411118e-05,580,2,28,0.0,208447,ACL serializer; MobileAgentRuntime bundle serializer for A3,estimated_characters_div_4,synthetic-eval-v1
42,A2,TCK-00036,assignment,2.249999852210749e-05,596,2,28,0.0,209363,ACL serializer; MobileAgentRuntime bundle serializer for A3,estimated_characters_div_4,synthetic-eval-v1
42,A2,TCK-00036,investigation,2.1699999706470408e-05,608,2,28,0.0,210158,ACL serializer; MobileAgentRuntime bundle serializer for A3,estimated_characters_div_4,synthetic-eval-v1
42,A2,TCK-00036,implementation,2.1300000298651867e-05,612,2,28,0.0,210951,ACL serializer; MobileAgentRuntime bundle serializer for A3,estimated_characters_div_4,synthetic-eval-v1
42,A2,TCK-00036,qa,2.119999953720253e-05,564,2,28,0.0,211731,ACL serializer; MobileAgentRuntime bundle serializer for A3,estimated_characters_div_4,synthetic-eval-v1
42,A2,TCK-00036,deployment,2.0900000890833326e-05,596,2,28,0.0,212531,ACL serializer; MobileAgentRuntime bundle serializer for A3,estimated_characters_div_4,synthetic-eval-v1
42,A2,TCK-00037,triage,2.1400001060101204e-05,580,2,30,0.0,214175,ACL serializer; MobileAgentRuntime bundle serializer for A3,estimated_characters_div_4,synthetic-eval-v1
42,A2,TCK-00037,assignment,2.1699999706470408e-05,596,2,30,0.0,215091,ACL serializer; MobileAgentRuntime bundle serializer for A3,estimated_characters_div_4,synthetic-eval-v1
42,A2,TCK-00037,investigation,2.1899999410379678e-05,608,2,30,0.0,215886,ACL serializer; MobileAgentRuntime bundle serializer for A3,estimated_characters_div_4,synthetic-eval-v1
42,A2,TCK-00037,implementation,2.1200001356191933e-05,612,2,30,0.0,216679,ACL serializer; MobileAgentRuntime bundle serializer for A3,estimated_characters_div_4,synthetic-eval-v1
42,A2,TCK-00037,qa,2.1200001356191933e-05,564,2,30,0.0,217459,ACL serializer; MobileAgentRuntime bundle serializer for A3,estimated_characters_div_4,synthetic-eval-v1
42,A2,TCK-00037,deployment,2.099999983329326e-05,596,2,30,0.0,218259,ACL serializer; MobileAgentRuntime bundle serializer for A3,estimated_characters_div_4,synthetic-eval-v1
42,A2,TCK-00038,triage,2.1200001356191933e-05,580,2,28,0.0,219903,ACL serializer; MobileAgentRuntime bundle serializer for A3,estimated_characters_div_4,synthetic-eval-v1
42,A2,TCK-00038,assignment,2.2599999283556826e-05,596,2,28,0.0,220819,ACL serializer; MobileAgentRuntime bundle serializer for A3,estimated_characters_div_4,synthetic-eval-v1
42,A2,TCK-00038,investigation,2.1500000002561137e-05,608,2,28,0.0,221614,ACL serializer; MobileAgentRuntime bundle serializer for A3,estimated_characters_div_4,synthetic-eval-v1
42,A2,TCK-00038,implementation,2.1400001060101204e-05,612,2,28,0.0,222407,ACL serializer; MobileAgentRuntime bundle serializer for A3,estimated_characters_div_4,synthetic-eval-v1
42,A2,TCK-00038,qa,2.069999936793465e-05,564,2,28,0.0,223187,ACL serializer; MobileAgentRuntime bundle serializer for A3,estimated_characters_div_4,synthetic-eval-v1
42,A2,TCK-00038,deployment,2.1899999410379678e-05,596,2,28,0.0,224275,ACL serializer; MobileAgentRuntime bundle serializer for A3,estimated_characters_div_4,synthetic-eval-v1
42,A2,TCK-00039,triage,3.7200001315795816e-05,580,2,30,0.0,225934,ACL serializer; MobileAgentRuntime bundle serializer for A3,estimated_characters_div_4,synthetic-eval-v1
42,A2,TCK-00039,assignment,2.28000008064555e-05,596,2,30,0.0,226850,ACL serializer; MobileAgentRuntime bundle serializer for A3,estimated_characters_div_4,synthetic-eval-v1
42,A2,TCK-00039,investigation,2.1500000002561137e-05,608,2,30,0.0,227645,ACL serializer; MobileAgentRuntime bundle serializer for A3,estimated_characters_div_4,synthetic-eval-v1
42,A2,TCK-00039,implementation,2.2100000933278352e-05,612,2,30,0.0,228438,ACL serializer; MobileAgentRuntime bundle serializer for A3,estimated_characters_div_4,synthetic-eval-v1
42,A2,TCK-00039,qa,2.1699999706470408e-05,564,2,30,0.0,229218,ACL serializer; MobileAgentRuntime bundle serializer for A3,estimated_characters_div_4,synthetic-eval-v1
42,A2,TCK-00039,deployment,2.1800000467919745e-05,596,2,30,0.0,230018,ACL serializer; MobileAgentRuntime bundle serializer for A3,estimated_characters_div_4,synthetic-eval-v1
42,A2,TCK-00040,triage,2.1600000764010474e-05,580,2,28,0.0,231662,ACL serializer; MobileAgentRuntime bundle serializer for A3,estimated_characters_div_4,synthetic-eval-v1
42,A2,TCK-00040,assignment,2.1699999706470408e-05,596,2,28,0.0,232578,ACL serializer; MobileAgentRuntime bundle serializer for A3,estimated_characters_div_4,synthetic-eval-v1
42,A2,TCK-00040,investigation,2.2000000171829015e-05,608,2,28,0.0,233373,ACL serializer; MobileAgentRuntime bundle serializer for A3,estimated_characters_div_4,synthetic-eval-v1
42,A2,TCK-00040,implementation,2.1300000298651867e-05,612,2,28,0.0,234166,ACL serializer; MobileAgentRuntime bundle serializer for A3,estimated_characters_div_4,synthetic-eval-v1
42,A2,TCK-00040,qa,2.1099998775753193e-05,564,2,28,0.0,234946,ACL serializer; MobileAgentRuntime bundle serializer for A3,estimated_characters_div_4,synthetic-eval-v1
42,A2,TCK-00040,deployment,2.1300000298651867e-05,596,2,28,0.0,235746,ACL serializer; MobileAgentRuntime bundle serializer for A3,estimated_characters_div_4,synthetic-eval-v1
42,A2,TCK-00041,triage,2.080000012938399e-05,580,2,30,0.0,237502,ACL serializer; MobileAgentRuntime bundle serializer for A3,estimated_characters_div_4,synthetic-eval-v1
42,A2,TCK-00041,assignment,2.209999911428895e-05,596,2,30,0.0,238418,ACL serializer; MobileAgentRuntime bundle serializer for A3,estimated_characters_div_4,synthetic-eval-v1
42,A2,TCK-00041,investigation,2.13999992411118e-05,608,2,30,0.0,239213,ACL serializer; MobileAgentRuntime bundle serializer for A3,estimated_characters_div_4,synthetic-eval-v1
42,A2,TCK-00041,implementation,2.1100000594742596e-05,612,2,30,0.0,240006,ACL serializer; MobileAgentRuntime bundle serializer for A3,estimated_characters_div_4,synthetic-eval-v1
42,A2,TCK-00041,qa,2.099999983329326e-05,564,2,30,0.0,240786,ACL serializer; MobileAgentRuntime bundle serializer for A3,estimated_characters_div_4,synthetic-eval-v1
42,A2,TCK-00041,deployment,2.080000012938399e-05,596,2,30,0.0,241586,ACL serializer; MobileAgentRuntime bundle serializer for A3,estimated_characters_div_4,synthetic-eval-v1
42,A2,TCK-00042,triage,2.1300000298651867e-05,580,2,36,0.0,243261,ACL serializer; MobileAgentRuntime bundle serializer for A3,estimated_characters_div_4,synthetic-eval-v1
42,A2,TCK-00042,assignment,2.119999953720253e-05,596,2,36,0.0,244177,ACL serializer; MobileAgentRuntime bundle serializer for A3,estimated_characters_div_4,synthetic-eval-v1
42,A2,TCK-00042,investigation,2.099999983329326e-05,608,2,36,0.0,244974,ACL serializer; MobileAgentRuntime bundle serializer for A3,estimated_characters_div_4,synthetic-eval-v1
42,A2,TCK-00042,implementation,2.080000012938399e-05,612,2,36,0.0,245768,ACL serializer; MobileAgentRuntime bundle serializer for A3,estimated_characters_div_4,synthetic-eval-v1
42,A2,TCK-00042,qa,2.080000012938399e-05,564,2,36,0.0,246545,ACL serializer; MobileAgentRuntime bundle serializer for A3,estimated_characters_div_4,synthetic-eval-v1
42,A2,TCK-00042,deployment,2.0899999071843922e-05,596,2,36,0.0,247345,ACL serializer; MobileAgentRuntime bundle serializer for A3,estimated_characters_div_4,synthetic-eval-v1
42,A2,TCK-00043,triage,2.1300000298651867e-05,580,2,30,0.0,249038,ACL serializer; MobileAgentRuntime bundle serializer for A3,estimated_characters_div_4,synthetic-eval-v1
42,A2,TCK-00043,assignment,2.159999894502107e-05,596,2,30,0.0,249954,ACL serializer; MobileAgentRuntime bundle serializer for A3,estimated_characters_div_4,synthetic-eval-v1
42,A2,TCK-00043,investigation,2.1200001356191933e-05,608,2,30,0.0,250749,ACL serializer; MobileAgentRuntime bundle serializer for A3,estimated_characters_div_4,synthetic-eval-v1
42,A2,TCK-00043,implementation,2.080000012938399e-05,612,2,30,0.0,251542,ACL serializer; MobileAgentRuntime bundle serializer for A3,estimated_characters_div_4,synthetic-eval-v1
42,A2,TCK-00043,qa,2.1100000594742596e-05,564,2,30,0.0,252322,ACL serializer; MobileAgentRuntime bundle serializer for A3,estimated_characters_div_4,synthetic-eval-v1
42,A2,TCK-00043,deployment,2.1400001060101204e-05,596,2,30,0.0,253122,ACL serializer; MobileAgentRuntime bundle serializer for A3,estimated_characters_div_4,synthetic-eval-v1
42,A2,TCK-00044,triage,2.0400000721565448e-05,580,2,28,0.0,254774,ACL serializer; MobileAgentRuntime bundle serializer for A3,estimated_characters_div_4,synthetic-eval-v1
42,A2,TCK-00044,assignment,2.1300000298651867e-05,596,2,28,0.0,255690,ACL serializer; MobileAgentRuntime bundle serializer for A3,estimated_characters_div_4,synthetic-eval-v1
42,A2,TCK-00044,investigation,2.1100000594742596e-05,608,2,28,0.0,256485,ACL serializer; MobileAgentRuntime bundle serializer for A3,estimated_characters_div_4,synthetic-eval-v1
42,A2,TCK-00044,implementation,2.1300000298651867e-05,612,2,28,0.0,257278,ACL serializer; MobileAgentRuntime bundle serializer for A3,estimated_characters_div_4,synthetic-eval-v1
42,A2,TCK-00044,qa,2.1699999706470408e-05,564,2,28,0.0,258058,ACL serializer; MobileAgentRuntime bundle serializer for A3,estimated_characters_div_4,synthetic-eval-v1
42,A2,TCK-00044,deployment,2.1299998479662463e-05,596,2,28,0.0,259178,ACL serializer; MobileAgentRuntime bundle serializer for A3,estimated_characters_div_4,synthetic-eval-v1
42,A2,TCK-00045,triage,2.0899999071843922e-05,580,2,30,0.0,260838,ACL serializer; MobileAgentRuntime bundle serializer for A3,estimated_characters_div_4,synthetic-eval-v1
42,A2,TCK-00045,assignment,2.1400001060101204e-05,596,2,30,0.0,261730,ACL serializer; MobileAgentRuntime bundle serializer for A3,estimated_characters_div_4,synthetic-eval-v1
42,A2,TCK-00045,investigation,2.1099998775753193e-05,608,2,30,0.0,262525,ACL serializer; MobileAgentRuntime bundle serializer for A3,estimated_characters_div_4,synthetic-eval-v1
42,A2,TCK-00045,implementation,2.1699999706470408e-05,612,2,30,0.0,263318,ACL serializer; MobileAgentRuntime bundle serializer for A3,estimated_characters_div_4,synthetic-eval-v1
42,A2,TCK-00045,qa,2.0900000890833326e-05,564,2,30,0.0,264098,ACL serializer; MobileAgentRuntime bundle serializer for A3,estimated_characters_div_4,synthetic-eval-v1
42,A2,TCK-00045,deployment,2.119999953720253e-05,596,2,30,0.0,264898,ACL serializer; MobileAgentRuntime bundle serializer for A3,estimated_characters_div_4,synthetic-eval-v1
42,A2,TCK-00046,triage,3.5999999454361387e-05,580,2,28,0.0,266542,ACL serializer; MobileAgentRuntime bundle serializer for A3,estimated_characters_div_4,synthetic-eval-v1
42,A2,TCK-00046,assignment,2.390000008745119e-05,596,2,28,0.0,267458,ACL serializer; MobileAgentRuntime bundle serializer for A3,estimated_characters_div_4,synthetic-eval-v1
42,A2,TCK-00046,investigation,2.1800000467919745e-05,608,2,28,0.0,268253,ACL serializer; MobileAgentRuntime bundle serializer for A3,estimated_characters_div_4,synthetic-eval-v1
42,A2,TCK-00046,implementation,2.1500000002561137e-05,612,2,28,0.0,269046,ACL serializer; MobileAgentRuntime bundle serializer for A3,estimated_characters_div_4,synthetic-eval-v1
42,A2,TCK-00046,qa,2.099999983329326e-05,564,2,28,0.0,269826,ACL serializer; MobileAgentRuntime bundle serializer for A3,estimated_characters_div_4,synthetic-eval-v1
42,A2,TCK-00046,deployment,2.1300000298651867e-05,596,2,28,0.0,270626,ACL serializer; MobileAgentRuntime bundle serializer for A3,estimated_characters_div_4,synthetic-eval-v1
42,A2,TCK-00047,triage,2.1800000467919745e-05,580,2,30,0.0,272286,ACL serializer; MobileAgentRuntime bundle serializer for A3,estimated_characters_div_4,synthetic-eval-v1
42,A2,TCK-00047,assignment,2.1800000467919745e-05,596,2,30,0.0,273202,ACL serializer; MobileAgentRuntime bundle serializer for A3,estimated_characters_div_4,synthetic-eval-v1
42,A2,TCK-00047,investigation,2.1500000002561137e-05,608,2,30,0.0,273997,ACL serializer; MobileAgentRuntime bundle serializer for A3,estimated_characters_div_4,synthetic-eval-v1
42,A2,TCK-00047,implementation,2.119999953720253e-05,612,2,30,0.0,274790,ACL serializer; MobileAgentRuntime bundle serializer for A3,estimated_characters_div_4,synthetic-eval-v1
42,A2,TCK-00047,qa,2.0900000890833326e-05,564,2,30,0.0,275570,ACL serializer; MobileAgentRuntime bundle serializer for A3,estimated_characters_div_4,synthetic-eval-v1
42,A2,TCK-00047,deployment,2.119999953720253e-05,596,2,30,0.0,276370,ACL serializer; MobileAgentRuntime bundle serializer for A3,estimated_characters_div_4,synthetic-eval-v1
42,A2,TCK-00048,triage,2.1300000298651867e-05,580,2,28,0.0,278015,ACL serializer; MobileAgentRuntime bundle serializer for A3,estimated_characters_div_4,synthetic-eval-v1
42,A2,TCK-00048,assignment,2.13999992411118e-05,596,2,28,0.0,278931,ACL serializer; MobileAgentRuntime bundle serializer for A3,estimated_characters_div_4,synthetic-eval-v1
42,A2,TCK-00048,investigation,2.1500000002561137e-05,608,2,28,0.0,279726,ACL serializer; MobileAgentRuntime bundle serializer for A3,estimated_characters_div_4,synthetic-eval-v1
42,A2,TCK-00048,implementation,2.080000012938399e-05,612,2,28,0.0,280519,ACL serializer; MobileAgentRuntime bundle serializer for A3,estimated_characters_div_4,synthetic-eval-v1
42,A2,TCK-00048,qa,2.1300000298651867e-05,564,2,28,0.0,281299,ACL serializer; MobileAgentRuntime bundle serializer for A3,estimated_characters_div_4,synthetic-eval-v1
42,A2,TCK-00048,deployment,2.170000152545981e-05,596,2,28,0.0,282099,ACL serializer; MobileAgentRuntime bundle serializer for A3,estimated_characters_div_4,synthetic-eval-v1
42,A2,TCK-00049,triage,2.1300000298651867e-05,580,2,38,0.0,283796,ACL serializer; MobileAgentRuntime bundle serializer for A3,estimated_characters_div_4,synthetic-eval-v1
42,A2,TCK-00049,assignment,2.1500000002561137e-05,596,2,38,0.0,284714,ACL serializer; MobileAgentRuntime bundle serializer for A3,estimated_characters_div_4,synthetic-eval-v1
42,A2,TCK-00049,investigation,2.119999953720253e-05,608,2,38,0.0,285512,ACL serializer; MobileAgentRuntime bundle serializer for A3,estimated_characters_div_4,synthetic-eval-v1
42,A2,TCK-00049,implementation,2.119999953720253e-05,612,2,38,0.0,286306,ACL serializer; MobileAgentRuntime bundle serializer for A3,estimated_characters_div_4,synthetic-eval-v1
42,A2,TCK-00049,qa,2.1899999410379678e-05,564,2,38,0.0,287080,ACL serializer; MobileAgentRuntime bundle serializer for A3,estimated_characters_div_4,synthetic-eval-v1
42,A2,TCK-00049,deployment,2.13999992411118e-05,596,2,38,0.0,287882,ACL serializer; MobileAgentRuntime bundle serializer for A3,estimated_characters_div_4,synthetic-eval-v1
42,A2,TCK-00050,triage,2.1100000594742596e-05,580,2,28,0.0,289551,ACL serializer; MobileAgentRuntime bundle serializer for A3,estimated_characters_div_4,synthetic-eval-v1
42,A2,TCK-00050,assignment,2.1500000002561137e-05,596,2,28,0.0,290467,ACL serializer; MobileAgentRuntime bundle serializer for A3,estimated_characters_div_4,synthetic-eval-v1
42,A2,TCK-00050,investigation,2.1500000002561137e-05,608,2,28,0.0,291262,ACL serializer; MobileAgentRuntime bundle serializer for A3,estimated_characters_div_4,synthetic-eval-v1
42,A2,TCK-00050,implementation,2.170000152545981e-05,612,2,28,0.0,292055,ACL serializer; MobileAgentRuntime bundle serializer for A3,estimated_characters_div_4,synthetic-eval-v1
42,A2,TCK-00050,qa,2.0899999071843922e-05,564,2,28,0.0,292835,ACL serializer; MobileAgentRuntime bundle serializer for A3,estimated_characters_div_4,synthetic-eval-v1
42,A2,TCK-00050,deployment,2.099999983329326e-05,596,2,28,0.0,293635,ACL serializer; MobileAgentRuntime bundle serializer for A3,estimated_characters_div_4,synthetic-eval-v1
42,A2,TCK-00051,triage,2.069999936793465e-05,580,2,30,0.0,295279,ACL serializer; MobileAgentRuntime bundle serializer for A3,estimated_characters_div_4,synthetic-eval-v1
42,A2,TCK-00051,assignment,2.1500000002561137e-05,596,2,30,0.0,296195,ACL serializer; MobileAgentRuntime bundle serializer for A3,estimated_characters_div_4,synthetic-eval-v1
42,A2,TCK-00051,investigation,2.229999881819822e-05,608,2,30,0.0,296990,ACL serializer; MobileAgentRuntime bundle serializer for A3,estimated_characters_div_4,synthetic-eval-v1
42,A2,TCK-00051,implementation,2.2000000171829015e-05,612,2,30,0.0,298135,ACL serializer; MobileAgentRuntime bundle serializer for A3,estimated_characters_div_4,synthetic-eval-v1
42,A2,TCK-00051,qa,2.13999992411118e-05,564,2,30,0.0,298915,ACL serializer; MobileAgentRuntime bundle serializer for A3,estimated_characters_div_4,synthetic-eval-v1
42,A2,TCK-00051,deployment,2.099999983329326e-05,596,2,30,0.0,299715,ACL serializer; MobileAgentRuntime bundle serializer for A3,estimated_characters_div_4,synthetic-eval-v1
42,A2,TCK-00052,triage,2.069999936793465e-05,580,2,28,0.0,301358,ACL serializer; MobileAgentRuntime bundle serializer for A3,estimated_characters_div_4,synthetic-eval-v1
42,A2,TCK-00052,assignment,2.1800000467919745e-05,596,2,28,0.0,302274,ACL serializer; MobileAgentRuntime bundle serializer for A3,estimated_characters_div_4,synthetic-eval-v1
42,A2,TCK-00052,investigation,2.1300000298651867e-05,608,2,28,0.0,303069,ACL serializer; MobileAgentRuntime bundle serializer for A3,estimated_characters_div_4,synthetic-eval-v1
42,A2,TCK-00052,implementation,2.2399999579647556e-05,612,2,28,0.0,303862,ACL serializer; MobileAgentRuntime bundle serializer for A3,estimated_characters_div_4,synthetic-eval-v1
42,A2,TCK-00052,qa,2.0899999071843922e-05,564,2,28,0.0,304642,ACL serializer; MobileAgentRuntime bundle serializer for A3,estimated_characters_div_4,synthetic-eval-v1
42,A2,TCK-00052,deployment,2.1300000298651867e-05,596,2,28,0.0,305442,ACL serializer; MobileAgentRuntime bundle serializer for A3,estimated_characters_div_4,synthetic-eval-v1
42,A2,TCK-00053,triage,3.6100000215810724e-05,580,2,30,0.0,307198,ACL serializer; MobileAgentRuntime bundle serializer for A3,estimated_characters_div_4,synthetic-eval-v1
42,A2,TCK-00053,assignment,2.370000038354192e-05,596,2,30,0.0,308114,ACL serializer; MobileAgentRuntime bundle serializer for A3,estimated_characters_div_4,synthetic-eval-v1
42,A2,TCK-00053,investigation,2.13999992411118e-05,608,2,30,0.0,308909,ACL serializer; MobileAgentRuntime bundle serializer for A3,estimated_characters_div_4,synthetic-eval-v1
42,A2,TCK-00053,implementation,2.1699999706470408e-05,612,2,30,0.0,309702,ACL serializer; MobileAgentRuntime bundle serializer for A3,estimated_characters_div_4,synthetic-eval-v1
42,A2,TCK-00053,qa,2.209999911428895e-05,564,2,30,0.0,310482,ACL serializer; MobileAgentRuntime bundle serializer for A3,estimated_characters_div_4,synthetic-eval-v1
42,A2,TCK-00053,deployment,2.2199999875738285e-05,596,2,30,0.0,311282,ACL serializer; MobileAgentRuntime bundle serializer for A3,estimated_characters_div_4,synthetic-eval-v1
42,A2,TCK-00054,triage,2.1400001060101204e-05,580,2,28,0.0,312925,ACL serializer; MobileAgentRuntime bundle serializer for A3,estimated_characters_div_4,synthetic-eval-v1
42,A2,TCK-00054,assignment,2.2000000171829015e-05,596,2,28,0.0,313841,ACL serializer; MobileAgentRuntime bundle serializer for A3,estimated_characters_div_4,synthetic-eval-v1
42,A2,TCK-00054,investigation,2.1600000764010474e-05,608,2,28,0.0,314636,ACL serializer; MobileAgentRuntime bundle serializer for A3,estimated_characters_div_4,synthetic-eval-v1
42,A2,TCK-00054,implementation,2.1300000298651867e-05,612,2,28,0.0,315429,ACL serializer; MobileAgentRuntime bundle serializer for A3,estimated_characters_div_4,synthetic-eval-v1
42,A2,TCK-00054,qa,2.190000122936908e-05,564,2,28,0.0,316209,ACL serializer; MobileAgentRuntime bundle serializer for A3,estimated_characters_div_4,synthetic-eval-v1
42,A2,TCK-00054,deployment,2.1300000298651867e-05,596,2,28,0.0,317009,ACL serializer; MobileAgentRuntime bundle serializer for A3,estimated_characters_div_4,synthetic-eval-v1
42,A2,TCK-00055,triage,2.0799998310394585e-05,580,2,30,0.0,318670,ACL serializer; MobileAgentRuntime bundle serializer for A3,estimated_characters_div_4,synthetic-eval-v1
42,A2,TCK-00055,assignment,2.1800000467919745e-05,596,2,30,0.0,319586,ACL serializer; MobileAgentRuntime bundle serializer for A3,estimated_characters_div_4,synthetic-eval-v1
42,A2,TCK-00055,investigation,2.119999953720253e-05,608,2,30,0.0,320381,ACL serializer; MobileAgentRuntime bundle serializer for A3,estimated_characters_div_4,synthetic-eval-v1
42,A2,TCK-00055,implementation,2.8300000849412754e-05,612,2,30,0.0,321174,ACL serializer; MobileAgentRuntime bundle serializer for A3,estimated_characters_div_4,synthetic-eval-v1
42,A2,TCK-00055,qa,2.1500000002561137e-05,564,2,30,0.0,321954,ACL serializer; MobileAgentRuntime bundle serializer for A3,estimated_characters_div_4,synthetic-eval-v1
42,A2,TCK-00055,deployment,2.119999953720253e-05,596,2,30,0.0,322754,ACL serializer; MobileAgentRuntime bundle serializer for A3,estimated_characters_div_4,synthetic-eval-v1
42,A2,TCK-00056,triage,2.0900000890833326e-05,580,2,36,0.0,324429,ACL serializer; MobileAgentRuntime bundle serializer for A3,estimated_characters_div_4,synthetic-eval-v1
42,A2,TCK-00056,assignment,2.1299998479662463e-05,596,2,36,0.0,325321,ACL serializer; MobileAgentRuntime bundle serializer for A3,estimated_characters_div_4,synthetic-eval-v1
42,A2,TCK-00056,investigation,2.1300000298651867e-05,608,2,36,0.0,326118,ACL serializer; MobileAgentRuntime bundle serializer for A3,estimated_characters_div_4,synthetic-eval-v1
42,A2,TCK-00056,implementation,2.1600000764010474e-05,612,2,36,0.0,326912,ACL serializer; MobileAgentRuntime bundle serializer for A3,estimated_characters_div_4,synthetic-eval-v1
42,A2,TCK-00056,qa,2.0900000890833326e-05,564,2,36,0.0,327689,ACL serializer; MobileAgentRuntime bundle serializer for A3,estimated_characters_div_4,synthetic-eval-v1
42,A2,TCK-00056,deployment,2.0899999071843922e-05,596,2,36,0.0,328489,ACL serializer; MobileAgentRuntime bundle serializer for A3,estimated_characters_div_4,synthetic-eval-v1
42,A2,TCK-00057,triage,2.170000152545981e-05,580,2,30,0.0,330182,ACL serializer; MobileAgentRuntime bundle serializer for A3,estimated_characters_div_4,synthetic-eval-v1
42,A2,TCK-00057,assignment,2.1800000467919745e-05,596,2,30,0.0,331098,ACL serializer; MobileAgentRuntime bundle serializer for A3,estimated_characters_div_4,synthetic-eval-v1
42,A2,TCK-00057,investigation,2.2000000171829015e-05,608,2,30,0.0,331893,ACL serializer; MobileAgentRuntime bundle serializer for A3,estimated_characters_div_4,synthetic-eval-v1
42,A2,TCK-00057,implementation,2.099999983329326e-05,612,2,30,0.0,332686,ACL serializer; MobileAgentRuntime bundle serializer for A3,estimated_characters_div_4,synthetic-eval-v1
42,A2,TCK-00057,qa,2.1200001356191933e-05,564,2,30,0.0,333466,ACL serializer; MobileAgentRuntime bundle serializer for A3,estimated_characters_div_4,synthetic-eval-v1
42,A2,TCK-00057,deployment,2.1500000002561137e-05,596,2,30,0.0,334266,ACL serializer; MobileAgentRuntime bundle serializer for A3,estimated_characters_div_4,synthetic-eval-v1
42,A2,TCK-00058,triage,2.0900000890833326e-05,580,2,28,0.0,335894,ACL serializer; MobileAgentRuntime bundle serializer for A3,estimated_characters_div_4,synthetic-eval-v1
42,A2,TCK-00058,assignment,2.179999864893034e-05,596,2,28,0.0,336810,ACL serializer; MobileAgentRuntime bundle serializer for A3,estimated_characters_div_4,synthetic-eval-v1
42,A2,TCK-00058,investigation,2.1300000298651867e-05,608,2,28,0.0,337605,ACL serializer; MobileAgentRuntime bundle serializer for A3,estimated_characters_div_4,synthetic-eval-v1
42,A2,TCK-00058,implementation,2.099999983329326e-05,612,2,28,0.0,338398,ACL serializer; MobileAgentRuntime bundle serializer for A3,estimated_characters_div_4,synthetic-eval-v1
42,A2,TCK-00058,qa,2.0899999071843922e-05,564,2,28,0.0,339178,ACL serializer; MobileAgentRuntime bundle serializer for A3,estimated_characters_div_4,synthetic-eval-v1
42,A2,TCK-00058,deployment,2.159999894502107e-05,596,2,28,0.0,340362,ACL serializer; MobileAgentRuntime bundle serializer for A3,estimated_characters_div_4,synthetic-eval-v1
42,A2,TCK-00059,triage,2.1099998775753193e-05,580,2,30,0.0,342022,ACL serializer; MobileAgentRuntime bundle serializer for A3,estimated_characters_div_4,synthetic-eval-v1
42,A2,TCK-00059,assignment,2.1500000002561137e-05,596,2,30,0.0,342938,ACL serializer; MobileAgentRuntime bundle serializer for A3,estimated_characters_div_4,synthetic-eval-v1
42,A2,TCK-00059,investigation,2.5899998945533298e-05,608,2,30,0.0,343733,ACL serializer; MobileAgentRuntime bundle serializer for A3,estimated_characters_div_4,synthetic-eval-v1
42,A2,TCK-00059,implementation,2.1300000298651867e-05,612,2,30,0.0,344526,ACL serializer; MobileAgentRuntime bundle serializer for A3,estimated_characters_div_4,synthetic-eval-v1
42,A2,TCK-00059,qa,2.1500000002561137e-05,564,2,30,0.0,345306,ACL serializer; MobileAgentRuntime bundle serializer for A3,estimated_characters_div_4,synthetic-eval-v1
42,A2,TCK-00059,deployment,2.159999894502107e-05,596,2,30,0.0,346106,ACL serializer; MobileAgentRuntime bundle serializer for A3,estimated_characters_div_4,synthetic-eval-v1
42,A2,TCK-00060,triage,6.0599999414989725e-05,580,2,28,0.0,347750,ACL serializer; MobileAgentRuntime bundle serializer for A3,estimated_characters_div_4,synthetic-eval-v1
42,A2,TCK-00060,assignment,2.89999989036005e-05,596,2,28,0.0,348666,ACL serializer; MobileAgentRuntime bundle serializer for A3,estimated_characters_div_4,synthetic-eval-v1
42,A2,TCK-00060,investigation,2.2100000933278352e-05,608,2,28,0.0,349461,ACL serializer; MobileAgentRuntime bundle serializer for A3,estimated_characters_div_4,synthetic-eval-v1
42,A2,TCK-00060,implementation,2.300000051036477e-05,612,2,28,0.0,350254,ACL serializer; MobileAgentRuntime bundle serializer for A3,estimated_characters_div_4,synthetic-eval-v1
42,A2,TCK-00060,qa,2.119999953720253e-05,564,2,28,0.0,351034,ACL serializer; MobileAgentRuntime bundle serializer for A3,estimated_characters_div_4,synthetic-eval-v1
42,A2,TCK-00060,deployment,2.099999983329326e-05,596,2,28,0.0,351834,ACL serializer; MobileAgentRuntime bundle serializer for A3,estimated_characters_div_4,synthetic-eval-v1
42,A2,TCK-00061,triage,2.119999953720253e-05,580,2,30,0.0,353495,ACL serializer; MobileAgentRuntime bundle serializer for A3,estimated_characters_div_4,synthetic-eval-v1
42,A2,TCK-00061,assignment,2.119999953720253e-05,596,2,30,0.0,354411,ACL serializer; MobileAgentRuntime bundle serializer for A3,estimated_characters_div_4,synthetic-eval-v1
42,A2,TCK-00061,investigation,3.2500000088475645e-05,608,2,30,0.0,355206,ACL serializer; MobileAgentRuntime bundle serializer for A3,estimated_characters_div_4,synthetic-eval-v1
42,A2,TCK-00061,implementation,2.2000000171829015e-05,612,2,30,0.0,355999,ACL serializer; MobileAgentRuntime bundle serializer for A3,estimated_characters_div_4,synthetic-eval-v1
42,A2,TCK-00061,qa,2.1100000594742596e-05,564,2,30,0.0,356779,ACL serializer; MobileAgentRuntime bundle serializer for A3,estimated_characters_div_4,synthetic-eval-v1
42,A2,TCK-00061,deployment,2.1300000298651867e-05,596,2,30,0.0,357579,ACL serializer; MobileAgentRuntime bundle serializer for A3,estimated_characters_div_4,synthetic-eval-v1
42,A2,TCK-00062,triage,2.1100000594742596e-05,580,2,28,0.0,359223,ACL serializer; MobileAgentRuntime bundle serializer for A3,estimated_characters_div_4,synthetic-eval-v1
42,A2,TCK-00062,assignment,2.1500000002561137e-05,596,2,28,0.0,360139,ACL serializer; MobileAgentRuntime bundle serializer for A3,estimated_characters_div_4,synthetic-eval-v1
42,A2,TCK-00062,investigation,2.1800000467919745e-05,608,2,28,0.0,360934,ACL serializer; MobileAgentRuntime bundle serializer for A3,estimated_characters_div_4,synthetic-eval-v1
42,A2,TCK-00062,implementation,2.1100000594742596e-05,612,2,28,0.0,361727,ACL serializer; MobileAgentRuntime bundle serializer for A3,estimated_characters_div_4,synthetic-eval-v1
42,A2,TCK-00062,qa,2.1100000594742596e-05,564,2,28,0.0,362507,ACL serializer; MobileAgentRuntime bundle serializer for A3,estimated_characters_div_4,synthetic-eval-v1
42,A2,TCK-00062,deployment,2.080000012938399e-05,596,2,28,0.0,363307,ACL serializer; MobileAgentRuntime bundle serializer for A3,estimated_characters_div_4,synthetic-eval-v1
42,A2,TCK-00063,triage,2.0599998606485315e-05,580,2,38,0.0,365004,ACL serializer; MobileAgentRuntime bundle serializer for A3,estimated_characters_div_4,synthetic-eval-v1
42,A2,TCK-00063,assignment,2.2000000171829015e-05,596,2,38,0.0,365922,ACL serializer; MobileAgentRuntime bundle serializer for A3,estimated_characters_div_4,synthetic-eval-v1
42,A2,TCK-00063,investigation,2.13999992411118e-05,608,2,38,0.0,366720,ACL serializer; MobileAgentRuntime bundle serializer for A3,estimated_characters_div_4,synthetic-eval-v1
42,A2,TCK-00063,implementation,2.1200001356191933e-05,612,2,38,0.0,367514,ACL serializer; MobileAgentRuntime bundle serializer for A3,estimated_characters_div_4,synthetic-eval-v1
42,A2,TCK-00063,qa,2.0899999071843922e-05,564,2,38,0.0,368288,ACL serializer; MobileAgentRuntime bundle serializer for A3,estimated_characters_div_4,synthetic-eval-v1
42,A2,TCK-00063,deployment,2.1300000298651867e-05,596,2,38,0.0,369090,ACL serializer; MobileAgentRuntime bundle serializer for A3,estimated_characters_div_4,synthetic-eval-v1
42,A2,TCK-00064,triage,2.1500000002561137e-05,580,2,28,0.0,370759,ACL serializer; MobileAgentRuntime bundle serializer for A3,estimated_characters_div_4,synthetic-eval-v1
42,A2,TCK-00064,assignment,2.119999953720253e-05,596,2,28,0.0,371675,ACL serializer; MobileAgentRuntime bundle serializer for A3,estimated_characters_div_4,synthetic-eval-v1
42,A2,TCK-00064,investigation,2.0899999071843922e-05,608,2,28,0.0,372470,ACL serializer; MobileAgentRuntime bundle serializer for A3,estimated_characters_div_4,synthetic-eval-v1
42,A2,TCK-00064,implementation,2.119999953720253e-05,612,2,28,0.0,373263,ACL serializer; MobileAgentRuntime bundle serializer for A3,estimated_characters_div_4,synthetic-eval-v1
42,A2,TCK-00064,qa,2.080000012938399e-05,564,2,28,0.0,374043,ACL serializer; MobileAgentRuntime bundle serializer for A3,estimated_characters_div_4,synthetic-eval-v1
42,A2,TCK-00064,deployment,2.159999894502107e-05,596,2,28,0.0,374843,ACL serializer; MobileAgentRuntime bundle serializer for A3,estimated_characters_div_4,synthetic-eval-v1
42,A2,TCK-00065,triage,2.119999953720253e-05,580,2,30,0.0,376582,ACL serializer; MobileAgentRuntime bundle serializer for A3,estimated_characters_div_4,synthetic-eval-v1
42,A2,TCK-00065,assignment,2.1600000764010474e-05,596,2,30,0.0,377498,ACL serializer; MobileAgentRuntime bundle serializer for A3,estimated_characters_div_4,synthetic-eval-v1
42,A2,TCK-00065,investigation,2.1300000298651867e-05,608,2,30,0.0,378293,ACL serializer; MobileAgentRuntime bundle serializer for A3,estimated_characters_div_4,synthetic-eval-v1
42,A2,TCK-00065,implementation,2.1500000002561137e-05,612,2,30,0.0,379086,ACL serializer; MobileAgentRuntime bundle serializer for A3,estimated_characters_div_4,synthetic-eval-v1
42,A2,TCK-00065,qa,2.260000110254623e-05,564,2,30,0.0,379866,ACL serializer; MobileAgentRuntime bundle serializer for A3,estimated_characters_div_4,synthetic-eval-v1
42,A2,TCK-00065,deployment,2.6300000172341242e-05,596,2,30,0.0,380666,ACL serializer; MobileAgentRuntime bundle serializer for A3,estimated_characters_div_4,synthetic-eval-v1
42,A2,TCK-00066,triage,2.3799999326001853e-05,580,2,28,0.0,382310,ACL serializer; MobileAgentRuntime bundle serializer for A3,estimated_characters_div_4,synthetic-eval-v1
42,A2,TCK-00066,assignment,2.2000000171829015e-05,596,2,28,0.0,383226,ACL serializer; MobileAgentRuntime bundle serializer for A3,estimated_characters_div_4,synthetic-eval-v1
42,A2,TCK-00066,investigation,2.1699999706470408e-05,608,2,28,0.0,384021,ACL serializer; MobileAgentRuntime bundle serializer for A3,estimated_characters_div_4,synthetic-eval-v1
42,A2,TCK-00066,implementation,2.220000169472769e-05,612,2,28,0.0,384814,ACL serializer; MobileAgentRuntime bundle serializer for A3,estimated_characters_div_4,synthetic-eval-v1
42,A2,TCK-00066,qa,2.080000012938399e-05,564,2,28,0.0,385594,ACL serializer; MobileAgentRuntime bundle serializer for A3,estimated_characters_div_4,synthetic-eval-v1
42,A2,TCK-00066,deployment,4.0499999158782884e-05,596,2,28,0.0,386842,ACL serializer; MobileAgentRuntime bundle serializer for A3,estimated_characters_div_4,synthetic-eval-v1
42,A2,TCK-00067,triage,5.559999954130035e-05,580,2,30,0.0,388502,ACL serializer; MobileAgentRuntime bundle serializer for A3,estimated_characters_div_4,synthetic-eval-v1
42,A2,TCK-00067,assignment,5.259999852569308e-05,596,2,30,0.0,389394,ACL serializer; MobileAgentRuntime bundle serializer for A3,estimated_characters_div_4,synthetic-eval-v1
42,A2,TCK-00067,investigation,4.760000047099311e-05,608,2,30,0.0,390189,ACL serializer; MobileAgentRuntime bundle serializer for A3,estimated_characters_div_4,synthetic-eval-v1
42,A2,TCK-00067,implementation,5.4999998610583134e-05,612,2,30,0.0,390982,ACL serializer; MobileAgentRuntime bundle serializer for A3,estimated_characters_div_4,synthetic-eval-v1
42,A2,TCK-00067,qa,5.5500000598840415e-05,564,2,30,0.0,391762,ACL serializer; MobileAgentRuntime bundle serializer for A3,estimated_characters_div_4,synthetic-eval-v1
42,A2,TCK-00067,deployment,6.679999933112413e-05,596,2,30,0.0,392562,ACL serializer; MobileAgentRuntime bundle serializer for A3,estimated_characters_div_4,synthetic-eval-v1
42,A2,TCK-00068,triage,2.5100000129896216e-05,580,2,28,0.0,394206,ACL serializer; MobileAgentRuntime bundle serializer for A3,estimated_characters_div_4,synthetic-eval-v1
42,A2,TCK-00068,assignment,2.3100001271814108e-05,596,2,28,0.0,395122,ACL serializer; MobileAgentRuntime bundle serializer for A3,estimated_characters_div_4,synthetic-eval-v1
42,A2,TCK-00068,investigation,2.1500000002561137e-05,608,2,28,0.0,395917,ACL serializer; MobileAgentRuntime bundle serializer for A3,estimated_characters_div_4,synthetic-eval-v1
42,A2,TCK-00068,implementation,2.1600000764010474e-05,612,2,28,0.0,396710,ACL serializer; MobileAgentRuntime bundle serializer for A3,estimated_characters_div_4,synthetic-eval-v1
42,A2,TCK-00068,qa,2.2300000637187622e-05,564,2,28,0.0,397490,ACL serializer; MobileAgentRuntime bundle serializer for A3,estimated_characters_div_4,synthetic-eval-v1
42,A2,TCK-00068,deployment,2.099999983329326e-05,596,2,28,0.0,398290,ACL serializer; MobileAgentRuntime bundle serializer for A3,estimated_characters_div_4,synthetic-eval-v1
42,A2,TCK-00069,triage,2.119999953720253e-05,580,2,30,0.0,399949,ACL serializer; MobileAgentRuntime bundle serializer for A3,estimated_characters_div_4,synthetic-eval-v1
42,A2,TCK-00069,assignment,2.119999953720253e-05,596,2,30,0.0,400865,ACL serializer; MobileAgentRuntime bundle serializer for A3,estimated_characters_div_4,synthetic-eval-v1
42,A2,TCK-00069,investigation,2.099999983329326e-05,608,2,30,0.0,401660,ACL serializer; MobileAgentRuntime bundle serializer for A3,estimated_characters_div_4,synthetic-eval-v1
42,A2,TCK-00069,implementation,2.1800000467919745e-05,612,2,30,0.0,402453,ACL serializer; MobileAgentRuntime bundle serializer for A3,estimated_characters_div_4,synthetic-eval-v1
42,A2,TCK-00069,qa,2.1300000298651867e-05,564,2,30,0.0,403233,ACL serializer; MobileAgentRuntime bundle serializer for A3,estimated_characters_div_4,synthetic-eval-v1
42,A2,TCK-00069,deployment,2.099999983329326e-05,596,2,30,0.0,404033,ACL serializer; MobileAgentRuntime bundle serializer for A3,estimated_characters_div_4,synthetic-eval-v1
42,A2,TCK-00070,triage,2.1300000298651867e-05,580,2,36,0.0,405708,ACL serializer; MobileAgentRuntime bundle serializer for A3,estimated_characters_div_4,synthetic-eval-v1
42,A2,TCK-00070,assignment,2.1099998775753193e-05,596,2,36,0.0,406624,ACL serializer; MobileAgentRuntime bundle serializer for A3,estimated_characters_div_4,synthetic-eval-v1
42,A2,TCK-00070,investigation,2.1699999706470408e-05,608,2,36,0.0,407420,ACL serializer; MobileAgentRuntime bundle serializer for A3,estimated_characters_div_4,synthetic-eval-v1
42,A2,TCK-00070,implementation,2.0899999071843922e-05,612,2,36,0.0,408214,ACL serializer; MobileAgentRuntime bundle serializer for A3,estimated_characters_div_4,synthetic-eval-v1
42,A2,TCK-00070,qa,2.1299998479662463e-05,564,2,36,0.0,408992,ACL serializer; MobileAgentRuntime bundle serializer for A3,estimated_characters_div_4,synthetic-eval-v1
42,A2,TCK-00070,deployment,2.099999983329326e-05,596,2,36,0.0,409792,ACL serializer; MobileAgentRuntime bundle serializer for A3,estimated_characters_div_4,synthetic-eval-v1
42,A2,TCK-00071,triage,2.119999953720253e-05,580,2,30,0.0,411486,ACL serializer; MobileAgentRuntime bundle serializer for A3,estimated_characters_div_4,synthetic-eval-v1
42,A2,TCK-00071,assignment,2.1899999410379678e-05,596,2,30,0.0,412402,ACL serializer; MobileAgentRuntime bundle serializer for A3,estimated_characters_div_4,synthetic-eval-v1
42,A2,TCK-00071,investigation,2.1100000594742596e-05,608,2,30,0.0,413197,ACL serializer; MobileAgentRuntime bundle serializer for A3,estimated_characters_div_4,synthetic-eval-v1
42,A2,TCK-00071,implementation,2.119999953720253e-05,612,2,30,0.0,413990,ACL serializer; MobileAgentRuntime bundle serializer for A3,estimated_characters_div_4,synthetic-eval-v1
42,A2,TCK-00071,qa,2.099999983329326e-05,564,2,30,0.0,414770,ACL serializer; MobileAgentRuntime bundle serializer for A3,estimated_characters_div_4,synthetic-eval-v1
42,A2,TCK-00071,deployment,2.1400001060101204e-05,596,2,30,0.0,415570,ACL serializer; MobileAgentRuntime bundle serializer for A3,estimated_characters_div_4,synthetic-eval-v1
42,A2,TCK-00072,triage,3.590000051190145e-05,580,2,28,0.0,417222,ACL serializer; MobileAgentRuntime bundle serializer for A3,estimated_characters_div_4,synthetic-eval-v1
42,A2,TCK-00072,assignment,2.4000000848900527e-05,596,2,28,0.0,418138,ACL serializer; MobileAgentRuntime bundle serializer for A3,estimated_characters_div_4,synthetic-eval-v1
42,A2,TCK-00072,investigation,2.209999911428895e-05,608,2,28,0.0,418933,ACL serializer; MobileAgentRuntime bundle serializer for A3,estimated_characters_div_4,synthetic-eval-v1
42,A2,TCK-00072,implementation,2.179999864893034e-05,612,2,28,0.0,419726,ACL serializer; MobileAgentRuntime bundle serializer for A3,estimated_characters_div_4,synthetic-eval-v1
42,A2,TCK-00072,qa,2.1699999706470408e-05,564,2,28,0.0,420506,ACL serializer; MobileAgentRuntime bundle serializer for A3,estimated_characters_div_4,synthetic-eval-v1
42,A2,TCK-00072,deployment,3.2699999792384915e-05,596,2,28,0.0,421306,ACL serializer; MobileAgentRuntime bundle serializer for A3,estimated_characters_div_4,synthetic-eval-v1
42,A2,TCK-00073,triage,2.2199999875738285e-05,580,2,30,0.0,422966,ACL serializer; MobileAgentRuntime bundle serializer for A3,estimated_characters_div_4,synthetic-eval-v1
42,A2,TCK-00073,assignment,2.2700000045006163e-05,596,2,30,0.0,423882,ACL serializer; MobileAgentRuntime bundle serializer for A3,estimated_characters_div_4,synthetic-eval-v1
42,A2,TCK-00073,investigation,2.1299998479662463e-05,608,2,30,0.0,424677,ACL serializer; MobileAgentRuntime bundle serializer for A3,estimated_characters_div_4,synthetic-eval-v1
42,A2,TCK-00073,implementation,2.1400001060101204e-05,612,2,30,0.0,425470,ACL serializer; MobileAgentRuntime bundle serializer for A3,estimated_characters_div_4,synthetic-eval-v1
42,A2,TCK-00073,qa,2.2899999748915434e-05,564,2,30,0.0,426250,ACL serializer; MobileAgentRuntime bundle serializer for A3,estimated_characters_div_4,synthetic-eval-v1
42,A2,TCK-00073,deployment,2.1500000002561137e-05,596,2,30,0.0,427050,ACL serializer; MobileAgentRuntime bundle serializer for A3,estimated_characters_div_4,synthetic-eval-v1
42,A2,TCK-00074,triage,2.0599998606485315e-05,580,2,28,0.0,428695,ACL serializer; MobileAgentRuntime bundle serializer for A3,estimated_characters_div_4,synthetic-eval-v1
42,A2,TCK-00074,assignment,2.1699999706470408e-05,596,2,28,0.0,429611,ACL serializer; MobileAgentRuntime bundle serializer for A3,estimated_characters_div_4,synthetic-eval-v1
42,A2,TCK-00074,investigation,2.1200001356191933e-05,608,2,28,0.0,430406,ACL serializer; MobileAgentRuntime bundle serializer for A3,estimated_characters_div_4,synthetic-eval-v1
42,A2,TCK-00074,implementation,2.2000000171829015e-05,612,2,28,0.0,431199,ACL serializer; MobileAgentRuntime bundle serializer for A3,estimated_characters_div_4,synthetic-eval-v1
42,A2,TCK-00074,qa,2.1099998775753193e-05,564,2,28,0.0,431979,ACL serializer; MobileAgentRuntime bundle serializer for A3,estimated_characters_div_4,synthetic-eval-v1
42,A2,TCK-00074,deployment,2.099999983329326e-05,596,2,28,0.0,432779,ACL serializer; MobileAgentRuntime bundle serializer for A3,estimated_characters_div_4,synthetic-eval-v1
42,A2,TCK-00075,triage,2.1300000298651867e-05,580,2,30,0.0,434439,ACL serializer; MobileAgentRuntime bundle serializer for A3,estimated_characters_div_4,synthetic-eval-v1
42,A2,TCK-00075,assignment,2.1299998479662463e-05,596,2,30,0.0,435355,ACL serializer; MobileAgentRuntime bundle serializer for A3,estimated_characters_div_4,synthetic-eval-v1
42,A2,TCK-00075,investigation,2.1800000467919745e-05,608,2,30,0.0,436150,ACL serializer; MobileAgentRuntime bundle serializer for A3,estimated_characters_div_4,synthetic-eval-v1
42,A2,TCK-00075,implementation,2.0900000890833326e-05,612,2,30,0.0,436943,ACL serializer; MobileAgentRuntime bundle serializer for A3,estimated_characters_div_4,synthetic-eval-v1
42,A2,TCK-00075,qa,2.1099998775753193e-05,564,2,30,0.0,437723,ACL serializer; MobileAgentRuntime bundle serializer for A3,estimated_characters_div_4,synthetic-eval-v1
42,A2,TCK-00075,deployment,2.080000012938399e-05,596,2,30,0.0,438523,ACL serializer; MobileAgentRuntime bundle serializer for A3,estimated_characters_div_4,synthetic-eval-v1
42,A2,TCK-00076,triage,2.049999966402538e-05,580,2,28,0.0,440167,ACL serializer; MobileAgentRuntime bundle serializer for A3,estimated_characters_div_4,synthetic-eval-v1
42,A2,TCK-00076,assignment,2.2199999875738285e-05,596,2,28,0.0,441595,ACL serializer; MobileAgentRuntime bundle serializer for A3,estimated_characters_div_4,synthetic-eval-v1
42,A2,TCK-00076,investigation,2.1400001060101204e-05,608,2,28,0.0,442390,ACL serializer; MobileAgentRuntime bundle serializer for A3,estimated_characters_div_4,synthetic-eval-v1
42,A2,TCK-00076,implementation,2.0900000890833326e-05,612,2,28,0.0,443183,ACL serializer; MobileAgentRuntime bundle serializer for A3,estimated_characters_div_4,synthetic-eval-v1
42,A2,TCK-00076,qa,2.0700001186924055e-05,564,2,28,0.0,443963,ACL serializer; MobileAgentRuntime bundle serializer for A3,estimated_characters_div_4,synthetic-eval-v1
42,A2,TCK-00076,deployment,2.080000012938399e-05,596,2,28,0.0,444763,ACL serializer; MobileAgentRuntime bundle serializer for A3,estimated_characters_div_4,synthetic-eval-v1
42,A2,TCK-00077,triage,2.1300000298651867e-05,580,2,38,0.0,446588,ACL serializer; MobileAgentRuntime bundle serializer for A3,estimated_characters_div_4,synthetic-eval-v1
42,A2,TCK-00077,assignment,2.1500000002561137e-05,596,2,38,0.0,447506,ACL serializer; MobileAgentRuntime bundle serializer for A3,estimated_characters_div_4,synthetic-eval-v1
42,A2,TCK-00077,investigation,2.13999992411118e-05,608,2,38,0.0,448304,ACL serializer; MobileAgentRuntime bundle serializer for A3,estimated_characters_div_4,synthetic-eval-v1
42,A2,TCK-00077,implementation,2.0899999071843922e-05,612,2,38,0.0,449098,ACL serializer; MobileAgentRuntime bundle serializer for A3,estimated_characters_div_4,synthetic-eval-v1
42,A2,TCK-00077,qa,2.099999983329326e-05,564,2,38,0.0,449872,ACL serializer; MobileAgentRuntime bundle serializer for A3,estimated_characters_div_4,synthetic-eval-v1
42,A2,TCK-00077,deployment,2.1100000594742596e-05,596,2,38,0.0,450674,ACL serializer; MobileAgentRuntime bundle serializer for A3,estimated_characters_div_4,synthetic-eval-v1
42,A2,TCK-00078,triage,2.1100000594742596e-05,580,2,28,0.0,452342,ACL serializer; MobileAgentRuntime bundle serializer for A3,estimated_characters_div_4,synthetic-eval-v1
42,A2,TCK-00078,assignment,2.1400001060101204e-05,596,2,28,0.0,453234,ACL serializer; MobileAgentRuntime bundle serializer for A3,estimated_characters_div_4,synthetic-eval-v1
42,A2,TCK-00078,investigation,2.1300000298651867e-05,608,2,28,0.0,454029,ACL serializer; MobileAgentRuntime bundle serializer for A3,estimated_characters_div_4,synthetic-eval-v1
42,A2,TCK-00078,implementation,2.1300000298651867e-05,612,2,28,0.0,454822,ACL serializer; MobileAgentRuntime bundle serializer for A3,estimated_characters_div_4,synthetic-eval-v1
42,A2,TCK-00078,qa,2.119999953720253e-05,564,2,28,0.0,455602,ACL serializer; MobileAgentRuntime bundle serializer for A3,estimated_characters_div_4,synthetic-eval-v1
42,A2,TCK-00078,deployment,2.3399999918183312e-05,596,2,28,0.0,456402,ACL serializer; MobileAgentRuntime bundle serializer for A3,estimated_characters_div_4,synthetic-eval-v1
42,A2,TCK-00079,triage,2.159999894502107e-05,580,2,30,0.0,458046,ACL serializer; MobileAgentRuntime bundle serializer for A3,estimated_characters_div_4,synthetic-eval-v1
42,A2,TCK-00079,assignment,2.13999992411118e-05,596,2,30,0.0,458962,ACL serializer; MobileAgentRuntime bundle serializer for A3,estimated_characters_div_4,synthetic-eval-v1
42,A2,TCK-00079,investigation,2.099999983329326e-05,608,2,30,0.0,459757,ACL serializer; MobileAgentRuntime bundle serializer for A3,estimated_characters_div_4,synthetic-eval-v1
42,A2,TCK-00079,implementation,2.13999992411118e-05,612,2,30,0.0,460550,ACL serializer; MobileAgentRuntime bundle serializer for A3,estimated_characters_div_4,synthetic-eval-v1
42,A2,TCK-00079,qa,2.2399999579647556e-05,564,2,30,0.0,461330,ACL serializer; MobileAgentRuntime bundle serializer for A3,estimated_characters_div_4,synthetic-eval-v1
42,A2,TCK-00079,deployment,4.5900000259280205e-05,596,2,30,0.0,462130,ACL serializer; MobileAgentRuntime bundle serializer for A3,estimated_characters_div_4,synthetic-eval-v1
42,A2,TCK-00080,triage,2.2399999579647556e-05,580,2,28,0.0,463774,ACL serializer; MobileAgentRuntime bundle serializer for A3,estimated_characters_div_4,synthetic-eval-v1
42,A2,TCK-00080,assignment,2.1899999410379678e-05,596,2,28,0.0,464690,ACL serializer; MobileAgentRuntime bundle serializer for A3,estimated_characters_div_4,synthetic-eval-v1
42,A2,TCK-00080,investigation,2.179999864893034e-05,608,2,28,0.0,465485,ACL serializer; MobileAgentRuntime bundle serializer for A3,estimated_characters_div_4,synthetic-eval-v1
42,A2,TCK-00080,implementation,2.2100000933278352e-05,612,2,28,0.0,466278,ACL serializer; MobileAgentRuntime bundle serializer for A3,estimated_characters_div_4,synthetic-eval-v1
42,A2,TCK-00080,qa,2.080000012938399e-05,564,2,28,0.0,467058,ACL serializer; MobileAgentRuntime bundle serializer for A3,estimated_characters_div_4,synthetic-eval-v1
42,A2,TCK-00080,deployment,2.119999953720253e-05,596,2,28,0.0,467858,ACL serializer; MobileAgentRuntime bundle serializer for A3,estimated_characters_div_4,synthetic-eval-v1
42,A2,TCK-00081,triage,2.0600000425474718e-05,580,2,30,0.0,469518,ACL serializer; MobileAgentRuntime bundle serializer for A3,estimated_characters_div_4,synthetic-eval-v1
42,A2,TCK-00081,assignment,2.1699999706470408e-05,596,2,30,0.0,470434,ACL serializer; MobileAgentRuntime bundle serializer for A3,estimated_characters_div_4,synthetic-eval-v1
42,A2,TCK-00081,investigation,2.1600000764010474e-05,608,2,30,0.0,471229,ACL serializer; MobileAgentRuntime bundle serializer for A3,estimated_characters_div_4,synthetic-eval-v1
42,A2,TCK-00081,implementation,2.0700001186924055e-05,612,2,30,0.0,472022,ACL serializer; MobileAgentRuntime bundle serializer for A3,estimated_characters_div_4,synthetic-eval-v1
42,A2,TCK-00081,qa,2.080000012938399e-05,564,2,30,0.0,472802,ACL serializer; MobileAgentRuntime bundle serializer for A3,estimated_characters_div_4,synthetic-eval-v1
42,A2,TCK-00081,deployment,2.0899999071843922e-05,596,2,30,0.0,473602,ACL serializer; MobileAgentRuntime bundle serializer for A3,estimated_characters_div_4,synthetic-eval-v1
42,A2,TCK-00082,triage,2.080000012938399e-05,580,2,28,0.0,475246,ACL serializer; MobileAgentRuntime bundle serializer for A3,estimated_characters_div_4,synthetic-eval-v1
42,A2,TCK-00082,assignment,2.190000122936908e-05,596,2,28,0.0,476162,ACL serializer; MobileAgentRuntime bundle serializer for A3,estimated_characters_div_4,synthetic-eval-v1
42,A2,TCK-00082,investigation,2.099999983329326e-05,608,2,28,0.0,476957,ACL serializer; MobileAgentRuntime bundle serializer for A3,estimated_characters_div_4,synthetic-eval-v1
42,A2,TCK-00082,implementation,2.080000012938399e-05,612,2,28,0.0,477750,ACL serializer; MobileAgentRuntime bundle serializer for A3,estimated_characters_div_4,synthetic-eval-v1
42,A2,TCK-00082,qa,2.13999992411118e-05,564,2,28,0.0,478530,ACL serializer; MobileAgentRuntime bundle serializer for A3,estimated_characters_div_4,synthetic-eval-v1
42,A2,TCK-00082,deployment,2.1300000298651867e-05,596,2,28,0.0,479330,ACL serializer; MobileAgentRuntime bundle serializer for A3,estimated_characters_div_4,synthetic-eval-v1
42,A2,TCK-00083,triage,2.099999983329326e-05,580,2,30,0.0,480990,ACL serializer; MobileAgentRuntime bundle serializer for A3,estimated_characters_div_4,synthetic-eval-v1
42,A2,TCK-00083,assignment,2.1300000298651867e-05,596,2,30,0.0,481906,ACL serializer; MobileAgentRuntime bundle serializer for A3,estimated_characters_div_4,synthetic-eval-v1
42,A2,TCK-00083,investigation,2.099999983329326e-05,608,2,30,0.0,482701,ACL serializer; MobileAgentRuntime bundle serializer for A3,estimated_characters_div_4,synthetic-eval-v1
42,A2,TCK-00083,implementation,2.0899999071843922e-05,612,2,30,0.0,483494,ACL serializer; MobileAgentRuntime bundle serializer for A3,estimated_characters_div_4,synthetic-eval-v1
42,A2,TCK-00083,qa,2.1500000002561137e-05,564,2,30,0.0,484274,ACL serializer; MobileAgentRuntime bundle serializer for A3,estimated_characters_div_4,synthetic-eval-v1
42,A2,TCK-00083,deployment,2.13999992411118e-05,596,2,30,0.0,485074,ACL serializer; MobileAgentRuntime bundle serializer for A3,estimated_characters_div_4,synthetic-eval-v1
42,A2,TCK-00084,triage,2.2199999875738285e-05,580,2,36,0.0,486749,ACL serializer; MobileAgentRuntime bundle serializer for A3,estimated_characters_div_4,synthetic-eval-v1
42,A2,TCK-00084,assignment,2.1899999410379678e-05,596,2,36,0.0,487665,ACL serializer; MobileAgentRuntime bundle serializer for A3,estimated_characters_div_4,synthetic-eval-v1
42,A2,TCK-00084,investigation,2.13999992411118e-05,608,2,36,0.0,488462,ACL serializer; MobileAgentRuntime bundle serializer for A3,estimated_characters_div_4,synthetic-eval-v1
42,A2,TCK-00084,implementation,2.1200001356191933e-05,612,2,36,0.0,489256,ACL serializer; MobileAgentRuntime bundle serializer for A3,estimated_characters_div_4,synthetic-eval-v1
42,A2,TCK-00084,qa,2.099999983329326e-05,564,2,36,0.0,490033,ACL serializer; MobileAgentRuntime bundle serializer for A3,estimated_characters_div_4,synthetic-eval-v1
42,A2,TCK-00084,deployment,2.1500000002561137e-05,596,2,36,0.0,490833,ACL serializer; MobileAgentRuntime bundle serializer for A3,estimated_characters_div_4,synthetic-eval-v1
42,A2,TCK-00085,triage,2.1100000594742596e-05,580,2,30,0.0,492526,ACL serializer; MobileAgentRuntime bundle serializer for A3,estimated_characters_div_4,synthetic-eval-v1
42,A2,TCK-00085,assignment,2.1699999706470408e-05,596,2,30,0.0,493442,ACL serializer; MobileAgentRuntime bundle serializer for A3,estimated_characters_div_4,synthetic-eval-v1
42,A2,TCK-00085,investigation,2.1400001060101204e-05,608,2,30,0.0,494237,ACL serializer; MobileAgentRuntime bundle serializer for A3,estimated_characters_div_4,synthetic-eval-v1
42,A2,TCK-00085,implementation,2.1200001356191933e-05,612,2,30,0.0,495030,ACL serializer; MobileAgentRuntime bundle serializer for A3,estimated_characters_div_4,synthetic-eval-v1
42,A2,TCK-00085,qa,2.1899999410379678e-05,564,2,30,0.0,495810,ACL serializer; MobileAgentRuntime bundle serializer for A3,estimated_characters_div_4,synthetic-eval-v1
42,A2,TCK-00085,deployment,2.1500000002561137e-05,596,2,30,0.0,496610,ACL serializer; MobileAgentRuntime bundle serializer for A3,estimated_characters_div_4,synthetic-eval-v1
42,A2,TCK-00086,triage,2.0500001483014785e-05,580,2,28,0.0,498238,ACL serializer; MobileAgentRuntime bundle serializer for A3,estimated_characters_div_4,synthetic-eval-v1
42,A2,TCK-00086,assignment,2.1300000298651867e-05,596,2,28,0.0,499154,ACL serializer; MobileAgentRuntime bundle serializer for A3,estimated_characters_div_4,synthetic-eval-v1
42,A2,TCK-00086,investigation,2.1299998479662463e-05,608,2,28,0.0,499949,ACL serializer; MobileAgentRuntime bundle serializer for A3,estimated_characters_div_4,synthetic-eval-v1
42,A2,TCK-00086,implementation,2.1699999706470408e-05,612,2,28,0.0,500742,ACL serializer; MobileAgentRuntime bundle serializer for A3,estimated_characters_div_4,synthetic-eval-v1
42,A2,TCK-00086,qa,2.2199999875738285e-05,564,2,28,0.0,501522,ACL serializer; MobileAgentRuntime bundle serializer for A3,estimated_characters_div_4,synthetic-eval-v1
42,A2,TCK-00086,deployment,2.2500000341096893e-05,596,2,28,0.0,502898,ACL serializer; MobileAgentRuntime bundle serializer for A3,estimated_characters_div_4,synthetic-eval-v1
42,A2,TCK-00087,triage,2.8000000384054147e-05,580,2,30,0.0,504583,ACL serializer; MobileAgentRuntime bundle serializer for A3,estimated_characters_div_4,synthetic-eval-v1
42,A2,TCK-00087,assignment,2.3600001441081986e-05,596,2,30,0.0,505499,ACL serializer; MobileAgentRuntime bundle serializer for A3,estimated_characters_div_4,synthetic-eval-v1
42,A2,TCK-00087,investigation,2.2899999748915434e-05,608,2,30,0.0,506294,ACL serializer; MobileAgentRuntime bundle serializer for A3,estimated_characters_div_4,synthetic-eval-v1
42,A2,TCK-00087,implementation,2.5299999833805487e-05,612,2,30,0.0,507087,ACL serializer; MobileAgentRuntime bundle serializer for A3,estimated_characters_div_4,synthetic-eval-v1
42,A2,TCK-00087,qa,2.1500000002561137e-05,564,2,30,0.0,507867,ACL serializer; MobileAgentRuntime bundle serializer for A3,estimated_characters_div_4,synthetic-eval-v1
42,A2,TCK-00087,deployment,2.1300000298651867e-05,596,2,30,0.0,508667,ACL serializer; MobileAgentRuntime bundle serializer for A3,estimated_characters_div_4,synthetic-eval-v1
42,A2,TCK-00088,triage,2.069999936793465e-05,580,2,28,0.0,510311,ACL serializer; MobileAgentRuntime bundle serializer for A3,estimated_characters_div_4,synthetic-eval-v1
42,A2,TCK-00088,assignment,2.1699999706470408e-05,596,2,28,0.0,511227,ACL serializer; MobileAgentRuntime bundle serializer for A3,estimated_characters_div_4,synthetic-eval-v1
42,A2,TCK-00088,investigation,2.2100000933278352e-05,608,2,28,0.0,512022,ACL serializer; MobileAgentRuntime bundle serializer for A3,estimated_characters_div_4,synthetic-eval-v1
42,A2,TCK-00088,implementation,2.1500000002561137e-05,612,2,28,0.0,512815,ACL serializer; MobileAgentRuntime bundle serializer for A3,estimated_characters_div_4,synthetic-eval-v1
42,A2,TCK-00088,qa,2.1100000594742596e-05,564,2,28,0.0,513595,ACL serializer; MobileAgentRuntime bundle serializer for A3,estimated_characters_div_4,synthetic-eval-v1
42,A2,TCK-00088,deployment,2.13999992411118e-05,596,2,28,0.0,514395,ACL serializer; MobileAgentRuntime bundle serializer for A3,estimated_characters_div_4,synthetic-eval-v1
42,A2,TCK-00089,triage,2.119999953720253e-05,580,2,30,0.0,516055,ACL serializer; MobileAgentRuntime bundle serializer for A3,estimated_characters_div_4,synthetic-eval-v1
42,A2,TCK-00089,assignment,2.13999992411118e-05,596,2,30,0.0,516947,ACL serializer; MobileAgentRuntime bundle serializer for A3,estimated_characters_div_4,synthetic-eval-v1
42,A2,TCK-00089,investigation,2.1300000298651867e-05,608,2,30,0.0,517742,ACL serializer; MobileAgentRuntime bundle serializer for A3,estimated_characters_div_4,synthetic-eval-v1
42,A2,TCK-00089,implementation,2.0900000890833326e-05,612,2,30,0.0,518535,ACL serializer; MobileAgentRuntime bundle serializer for A3,estimated_characters_div_4,synthetic-eval-v1
42,A2,TCK-00089,qa,2.080000012938399e-05,564,2,30,0.0,519315,ACL serializer; MobileAgentRuntime bundle serializer for A3,estimated_characters_div_4,synthetic-eval-v1
42,A2,TCK-00089,deployment,2.8000000384054147e-05,596,2,30,0.0,520115,ACL serializer; MobileAgentRuntime bundle serializer for A3,estimated_characters_div_4,synthetic-eval-v1
42,A2,TCK-00090,triage,2.080000012938399e-05,580,2,28,0.0,521759,ACL serializer; MobileAgentRuntime bundle serializer for A3,estimated_characters_div_4,synthetic-eval-v1
42,A2,TCK-00090,assignment,2.170000152545981e-05,596,2,28,0.0,522675,ACL serializer; MobileAgentRuntime bundle serializer for A3,estimated_characters_div_4,synthetic-eval-v1
42,A2,TCK-00090,investigation,2.1300000298651867e-05,608,2,28,0.0,523470,ACL serializer; MobileAgentRuntime bundle serializer for A3,estimated_characters_div_4,synthetic-eval-v1
42,A2,TCK-00090,implementation,2.1300000298651867e-05,612,2,28,0.0,524263,ACL serializer; MobileAgentRuntime bundle serializer for A3,estimated_characters_div_4,synthetic-eval-v1
42,A2,TCK-00090,qa,2.080000012938399e-05,564,2,28,0.0,525043,ACL serializer; MobileAgentRuntime bundle serializer for A3,estimated_characters_div_4,synthetic-eval-v1
42,A2,TCK-00090,deployment,2.159999894502107e-05,596,2,28,0.0,525843,ACL serializer; MobileAgentRuntime bundle serializer for A3,estimated_characters_div_4,synthetic-eval-v1
42,A2,TCK-00091,triage,2.0900000890833326e-05,580,2,38,0.0,527538,ACL serializer; MobileAgentRuntime bundle serializer for A3,estimated_characters_div_4,synthetic-eval-v1
42,A2,TCK-00091,assignment,2.179999864893034e-05,596,2,38,0.0,528456,ACL serializer; MobileAgentRuntime bundle serializer for A3,estimated_characters_div_4,synthetic-eval-v1
42,A2,TCK-00091,investigation,2.2999998691375367e-05,608,2,38,0.0,529254,ACL serializer; MobileAgentRuntime bundle serializer for A3,estimated_characters_div_4,synthetic-eval-v1
42,A2,TCK-00091,implementation,2.240000139863696e-05,612,2,38,0.0,530048,ACL serializer; MobileAgentRuntime bundle serializer for A3,estimated_characters_div_4,synthetic-eval-v1
42,A2,TCK-00091,qa,2.1099998775753193e-05,564,2,38,0.0,530822,ACL serializer; MobileAgentRuntime bundle serializer for A3,estimated_characters_div_4,synthetic-eval-v1
42,A2,TCK-00091,deployment,2.119999953720253e-05,596,2,38,0.0,531624,ACL serializer; MobileAgentRuntime bundle serializer for A3,estimated_characters_div_4,synthetic-eval-v1
42,A2,TCK-00092,triage,2.099999983329326e-05,580,2,28,0.0,533294,ACL serializer; MobileAgentRuntime bundle serializer for A3,estimated_characters_div_4,synthetic-eval-v1
42,A2,TCK-00092,assignment,2.1600000764010474e-05,596,2,28,0.0,534210,ACL serializer; MobileAgentRuntime bundle serializer for A3,estimated_characters_div_4,synthetic-eval-v1
42,A2,TCK-00092,investigation,2.209999911428895e-05,608,2,28,0.0,535005,ACL serializer; MobileAgentRuntime bundle serializer for A3,estimated_characters_div_4,synthetic-eval-v1
42,A2,TCK-00092,implementation,2.1400001060101204e-05,612,2,28,0.0,535798,ACL serializer; MobileAgentRuntime bundle serializer for A3,estimated_characters_div_4,synthetic-eval-v1
42,A2,TCK-00092,qa,2.069999936793465e-05,564,2,28,0.0,536578,ACL serializer; MobileAgentRuntime bundle serializer for A3,estimated_characters_div_4,synthetic-eval-v1
42,A2,TCK-00092,deployment,2.099999983329326e-05,596,2,28,0.0,537378,ACL serializer; MobileAgentRuntime bundle serializer for A3,estimated_characters_div_4,synthetic-eval-v1
42,A2,TCK-00093,triage,2.0900000890833326e-05,580,2,30,0.0,539150,ACL serializer; MobileAgentRuntime bundle serializer for A3,estimated_characters_div_4,synthetic-eval-v1
42,A2,TCK-00093,assignment,2.8800001018680632e-05,596,2,30,0.0,540066,ACL serializer; MobileAgentRuntime bundle serializer for A3,estimated_characters_div_4,synthetic-eval-v1
42,A2,TCK-00093,investigation,2.159999894502107e-05,608,2,30,0.0,540861,ACL serializer; MobileAgentRuntime bundle serializer for A3,estimated_characters_div_4,synthetic-eval-v1
42,A2,TCK-00093,implementation,2.1400001060101204e-05,612,2,30,0.0,541654,ACL serializer; MobileAgentRuntime bundle serializer for A3,estimated_characters_div_4,synthetic-eval-v1
42,A2,TCK-00093,qa,2.099999983329326e-05,564,2,30,0.0,542434,ACL serializer; MobileAgentRuntime bundle serializer for A3,estimated_characters_div_4,synthetic-eval-v1
42,A2,TCK-00093,deployment,5.669999882229604e-05,596,2,30,0.0,543234,ACL serializer; MobileAgentRuntime bundle serializer for A3,estimated_characters_div_4,synthetic-eval-v1
42,A2,TCK-00094,triage,6.209999992279336e-05,580,2,28,0.0,544878,ACL serializer; MobileAgentRuntime bundle serializer for A3,estimated_characters_div_4,synthetic-eval-v1
42,A2,TCK-00094,assignment,5.109999983687885e-05,596,2,28,0.0,545794,ACL serializer; MobileAgentRuntime bundle serializer for A3,estimated_characters_div_4,synthetic-eval-v1
42,A2,TCK-00094,investigation,2.3800001144991256e-05,608,2,28,0.0,546589,ACL serializer; MobileAgentRuntime bundle serializer for A3,estimated_characters_div_4,synthetic-eval-v1
42,A2,TCK-00094,implementation,2.209999911428895e-05,612,2,28,0.0,547382,ACL serializer; MobileAgentRuntime bundle serializer for A3,estimated_characters_div_4,synthetic-eval-v1
42,A2,TCK-00094,qa,2.1800000467919745e-05,564,2,28,0.0,548162,ACL serializer; MobileAgentRuntime bundle serializer for A3,estimated_characters_div_4,synthetic-eval-v1
42,A2,TCK-00094,deployment,2.1600000764010474e-05,596,2,28,0.0,548962,ACL serializer; MobileAgentRuntime bundle serializer for A3,estimated_characters_div_4,synthetic-eval-v1
42,A2,TCK-00095,triage,3.0299999707494862e-05,580,2,30,0.0,550622,ACL serializer; MobileAgentRuntime bundle serializer for A3,estimated_characters_div_4,synthetic-eval-v1
42,A2,TCK-00095,assignment,2.2199999875738285e-05,596,2,30,0.0,551538,ACL serializer; MobileAgentRuntime bundle serializer for A3,estimated_characters_div_4,synthetic-eval-v1
42,A2,TCK-00095,investigation,2.1500000002561137e-05,608,2,30,0.0,552333,ACL serializer; MobileAgentRuntime bundle serializer for A3,estimated_characters_div_4,synthetic-eval-v1
42,A2,TCK-00095,implementation,2.159999894502107e-05,612,2,30,0.0,553126,ACL serializer; MobileAgentRuntime bundle serializer for A3,estimated_characters_div_4,synthetic-eval-v1
42,A2,TCK-00095,qa,2.1500000002561137e-05,564,2,30,0.0,553906,ACL serializer; MobileAgentRuntime bundle serializer for A3,estimated_characters_div_4,synthetic-eval-v1
42,A2,TCK-00095,deployment,2.099999983329326e-05,596,2,30,0.0,554706,ACL serializer; MobileAgentRuntime bundle serializer for A3,estimated_characters_div_4,synthetic-eval-v1
42,A2,TCK-00096,triage,2.119999953720253e-05,580,2,28,0.0,556350,ACL serializer; MobileAgentRuntime bundle serializer for A3,estimated_characters_div_4,synthetic-eval-v1
42,A2,TCK-00096,assignment,2.1500000002561137e-05,596,2,28,0.0,557266,ACL serializer; MobileAgentRuntime bundle serializer for A3,estimated_characters_div_4,synthetic-eval-v1
42,A2,TCK-00096,investigation,2.1500000002561137e-05,608,2,28,0.0,558061,ACL serializer; MobileAgentRuntime bundle serializer for A3,estimated_characters_div_4,synthetic-eval-v1
42,A2,TCK-00096,implementation,2.1099998775753193e-05,612,2,28,0.0,558854,ACL serializer; MobileAgentRuntime bundle serializer for A3,estimated_characters_div_4,synthetic-eval-v1
42,A2,TCK-00096,qa,2.099999983329326e-05,564,2,28,0.0,559634,ACL serializer; MobileAgentRuntime bundle serializer for A3,estimated_characters_div_4,synthetic-eval-v1
42,A2,TCK-00096,deployment,2.2000000171829015e-05,596,2,28,0.0,560434,ACL serializer; MobileAgentRuntime bundle serializer for A3,estimated_characters_div_4,synthetic-eval-v1
42,A2,TCK-00097,triage,2.2700000045006163e-05,580,2,30,0.0,562094,ACL serializer; MobileAgentRuntime bundle serializer for A3,estimated_characters_div_4,synthetic-eval-v1
42,A2,TCK-00097,assignment,2.159999894502107e-05,596,2,30,0.0,563010,ACL serializer; MobileAgentRuntime bundle serializer for A3,estimated_characters_div_4,synthetic-eval-v1
42,A2,TCK-00097,investigation,2.1300000298651867e-05,608,2,30,0.0,563805,ACL serializer; MobileAgentRuntime bundle serializer for A3,estimated_characters_div_4,synthetic-eval-v1
42,A2,TCK-00097,implementation,2.1300000298651867e-05,612,2,30,0.0,564598,ACL serializer; MobileAgentRuntime bundle serializer for A3,estimated_characters_div_4,synthetic-eval-v1
42,A2,TCK-00097,qa,2.2000000171829015e-05,564,2,30,0.0,565378,ACL serializer; MobileAgentRuntime bundle serializer for A3,estimated_characters_div_4,synthetic-eval-v1
42,A2,TCK-00097,deployment,2.119999953720253e-05,596,2,30,0.0,566178,ACL serializer; MobileAgentRuntime bundle serializer for A3,estimated_characters_div_4,synthetic-eval-v1
42,A2,TCK-00098,triage,2.119999953720253e-05,580,2,36,0.0,567853,ACL serializer; MobileAgentRuntime bundle serializer for A3,estimated_characters_div_4,synthetic-eval-v1
42,A2,TCK-00098,assignment,2.1500000002561137e-05,596,2,36,0.0,568769,ACL serializer; MobileAgentRuntime bundle serializer for A3,estimated_characters_div_4,synthetic-eval-v1
42,A2,TCK-00098,investigation,2.1100000594742596e-05,608,2,36,0.0,569566,ACL serializer; MobileAgentRuntime bundle serializer for A3,estimated_characters_div_4,synthetic-eval-v1
42,A2,TCK-00098,implementation,2.1800000467919745e-05,612,2,36,0.0,570360,ACL serializer; MobileAgentRuntime bundle serializer for A3,estimated_characters_div_4,synthetic-eval-v1
42,A2,TCK-00098,qa,2.1100000594742596e-05,564,2,36,0.0,571137,ACL serializer; MobileAgentRuntime bundle serializer for A3,estimated_characters_div_4,synthetic-eval-v1
42,A2,TCK-00098,deployment,2.1500000002561137e-05,596,2,36,0.0,572577,ACL serializer; MobileAgentRuntime bundle serializer for A3,estimated_characters_div_4,synthetic-eval-v1
42,A2,TCK-00099,triage,2.099999983329326e-05,580,2,30,0.0,574270,ACL serializer; MobileAgentRuntime bundle serializer for A3,estimated_characters_div_4,synthetic-eval-v1
42,A2,TCK-00099,assignment,2.119999953720253e-05,596,2,30,0.0,575186,ACL serializer; MobileAgentRuntime bundle serializer for A3,estimated_characters_div_4,synthetic-eval-v1
42,A2,TCK-00099,investigation,2.170000152545981e-05,608,2,30,0.0,575981,ACL serializer; MobileAgentRuntime bundle serializer for A3,estimated_characters_div_4,synthetic-eval-v1
42,A2,TCK-00099,implementation,2.170000152545981e-05,612,2,30,0.0,576774,ACL serializer; MobileAgentRuntime bundle serializer for A3,estimated_characters_div_4,synthetic-eval-v1
42,A2,TCK-00099,qa,2.1300000298651867e-05,564,2,30,0.0,577554,ACL serializer; MobileAgentRuntime bundle serializer for A3,estimated_characters_div_4,synthetic-eval-v1
42,A2,TCK-00099,deployment,2.1300000298651867e-05,596,2,30,0.0,578354,ACL serializer; MobileAgentRuntime bundle serializer for A3,estimated_characters_div_4,synthetic-eval-v1
42,A3,TCK-00000,triage,3.130000004603062e-05,580,2,28,0.0,1260,ACL serializer; MobileAgentRuntime bundle serializer for A3,estimated_characters_div_4,synthetic-eval-v1
42,A3,TCK-00000,assignment,2.4700000722077675e-05,596,2,28,0.0,2308,ACL serializer; MobileAgentRuntime bundle serializer for A3,estimated_characters_div_4,synthetic-eval-v1
42,A3,TCK-00000,investigation,3.190000097674783e-05,1213,3,28,0.0,3307,ACL serializer; MobileAgentRuntime bundle serializer for A3,estimated_characters_div_4,synthetic-eval-v1
42,A3,TCK-00000,implementation,5.650000093737617e-05,612,2,28,0.0,4052,ACL serializer; MobileAgentRuntime bundle serializer for A3,estimated_characters_div_4,synthetic-eval-v1
42,A3,TCK-00000,qa,2.1899999410379678e-05,564,2,28,0.0,4784,ACL serializer; MobileAgentRuntime bundle serializer for A3,estimated_characters_div_4,synthetic-eval-v1
42,A3,TCK-00000,deployment,2.049999966402538e-05,596,2,28,0.0,5568,ACL serializer; MobileAgentRuntime bundle serializer for A3,estimated_characters_div_4,synthetic-eval-v1
42,A3,TCK-00001,triage,2.209999911428895e-05,580,2,30,0.0,7498,ACL serializer; MobileAgentRuntime bundle serializer for A3,estimated_characters_div_4,synthetic-eval-v1
42,A3,TCK-00001,assignment,2.049999966402538e-05,596,2,30,0.0,8246,ACL serializer; MobileAgentRuntime bundle serializer for A3,estimated_characters_div_4,synthetic-eval-v1
42,A3,TCK-00001,investigation,2.1699999706470408e-05,1213,3,30,0.0,9189,ACL serializer; MobileAgentRuntime bundle serializer for A3,estimated_characters_div_4,synthetic-eval-v1
42,A3,TCK-00001,implementation,1.9999999494757503e-05,612,2,30,0.0,9998,ACL serializer; MobileAgentRuntime bundle serializer for A3,estimated_characters_div_4,synthetic-eval-v1
42,A3,TCK-00001,qa,1.9899998733308166e-05,564,2,30,0.0,10730,ACL serializer; MobileAgentRuntime bundle serializer for A3,estimated_characters_div_4,synthetic-eval-v1
42,A3,TCK-00001,deployment,1.9799999790848233e-05,596,2,30,0.0,11482,ACL serializer; MobileAgentRuntime bundle serializer for A3,estimated_characters_div_4,synthetic-eval-v1
42,A3,TCK-00002,triage,2.099999983329326e-05,580,2,28,0.0,13077,ACL serializer; MobileAgentRuntime bundle serializer for A3,estimated_characters_div_4,synthetic-eval-v1
42,A3,TCK-00002,assignment,2.0400000721565448e-05,596,2,28,0.0,13825,ACL serializer; MobileAgentRuntime bundle serializer for A3,estimated_characters_div_4,synthetic-eval-v1
42,A3,TCK-00002,investigation,2.029999996011611e-05,1213,3,28,0.0,14768,ACL serializer; MobileAgentRuntime bundle serializer for A3,estimated_characters_div_4,synthetic-eval-v1
42,A3,TCK-00002,implementation,1.9799999790848233e-05,612,2,28,0.0,15513,ACL serializer; MobileAgentRuntime bundle serializer for A3,estimated_characters_div_4,synthetic-eval-v1
42,A3,TCK-00002,qa,1.9699999029398896e-05,564,2,28,0.0,16245,ACL serializer; MobileAgentRuntime bundle serializer for A3,estimated_characters_div_4,synthetic-eval-v1
42,A3,TCK-00002,deployment,1.9600000086938962e-05,596,2,28,0.0,17061,ACL serializer; MobileAgentRuntime bundle serializer for A3,estimated_characters_div_4,synthetic-eval-v1
42,A3,TCK-00003,triage,2.1100000594742596e-05,580,2,30,0.0,18674,ACL serializer; MobileAgentRuntime bundle serializer for A3,estimated_characters_div_4,synthetic-eval-v1
42,A3,TCK-00003,assignment,2.0000001313746907e-05,596,2,30,0.0,19422,ACL serializer; MobileAgentRuntime bundle serializer for A3,estimated_characters_div_4,synthetic-eval-v1
42,A3,TCK-00003,investigation,4.3000000005122274e-05,1213,3,30,0.0,20365,ACL serializer; MobileAgentRuntime bundle serializer for A3,estimated_characters_div_4,synthetic-eval-v1
42,A3,TCK-00003,implementation,2.13999992411118e-05,612,2,30,0.0,21110,ACL serializer; MobileAgentRuntime bundle serializer for A3,estimated_characters_div_4,synthetic-eval-v1
42,A3,TCK-00003,qa,2.190000122936908e-05,564,2,30,0.0,21842,ACL serializer; MobileAgentRuntime bundle serializer for A3,estimated_characters_div_4,synthetic-eval-v1
42,A3,TCK-00003,deployment,2.1500000002561137e-05,596,2,30,0.0,22594,ACL serializer; MobileAgentRuntime bundle serializer for A3,estimated_characters_div_4,synthetic-eval-v1
42,A3,TCK-00004,triage,2.1300000298651867e-05,580,2,28,0.0,24190,ACL serializer; MobileAgentRuntime bundle serializer for A3,estimated_characters_div_4,synthetic-eval-v1
42,A3,TCK-00004,assignment,2.029999996011611e-05,596,2,28,0.0,25002,ACL serializer; MobileAgentRuntime bundle serializer for A3,estimated_characters_div_4,synthetic-eval-v1
42,A3,TCK-00004,investigation,2.1800000467919745e-05,1213,3,28,0.0,25945,ACL serializer; MobileAgentRuntime bundle serializer for A3,estimated_characters_div_4,synthetic-eval-v1
42,A3,TCK-00004,implementation,2.0700001186924055e-05,612,2,28,0.0,26690,ACL serializer; MobileAgentRuntime bundle serializer for A3,estimated_characters_div_4,synthetic-eval-v1
42,A3,TCK-00004,qa,2.049999966402538e-05,564,2,28,0.0,27422,ACL serializer; MobileAgentRuntime bundle serializer for A3,estimated_characters_div_4,synthetic-eval-v1
42,A3,TCK-00004,deployment,2.13999992411118e-05,596,2,28,0.0,28174,ACL serializer; MobileAgentRuntime bundle serializer for A3,estimated_characters_div_4,synthetic-eval-v1
42,A3,TCK-00005,triage,2.409999979136046e-05,580,2,30,0.0,29818,ACL serializer; MobileAgentRuntime bundle serializer for A3,estimated_characters_div_4,synthetic-eval-v1
42,A3,TCK-00005,assignment,2.0899999071843922e-05,596,2,30,0.0,30566,ACL serializer; MobileAgentRuntime bundle serializer for A3,estimated_characters_div_4,synthetic-eval-v1
42,A3,TCK-00005,investigation,2.1899999410379678e-05,1213,3,30,0.0,31509,ACL serializer; MobileAgentRuntime bundle serializer for A3,estimated_characters_div_4,synthetic-eval-v1
42,A3,TCK-00005,implementation,2.049999966402538e-05,612,2,30,0.0,32318,ACL serializer; MobileAgentRuntime bundle serializer for A3,estimated_characters_div_4,synthetic-eval-v1
42,A3,TCK-00005,qa,2.3100001271814108e-05,564,2,30,0.0,33098,ACL serializer; MobileAgentRuntime bundle serializer for A3,estimated_characters_div_4,synthetic-eval-v1
42,A3,TCK-00005,deployment,2.2899999748915434e-05,596,2,30,0.0,33898,ACL serializer; MobileAgentRuntime bundle serializer for A3,estimated_characters_div_4,synthetic-eval-v1
42,A3,TCK-00006,triage,2.2599999283556826e-05,580,2,28,0.0,35542,ACL serializer; MobileAgentRuntime bundle serializer for A3,estimated_characters_div_4,synthetic-eval-v1
42,A3,TCK-00006,assignment,2.4900000425986946e-05,596,2,28,0.0,36458,ACL serializer; MobileAgentRuntime bundle serializer for A3,estimated_characters_div_4,synthetic-eval-v1
42,A3,TCK-00006,investigation,4.0099999750964344e-05,1213,3,28,0.0,37449,ACL serializer; MobileAgentRuntime bundle serializer for A3,estimated_characters_div_4,synthetic-eval-v1
42,A3,TCK-00006,implementation,2.7100000806967728e-05,612,2,28,0.0,38242,ACL serializer; MobileAgentRuntime bundle serializer for A3,estimated_characters_div_4,synthetic-eval-v1
42,A3,TCK-00006,qa,4.42000000475673e-05,564,2,28,0.0,39022,ACL serializer; MobileAgentRuntime bundle serializer for A3,estimated_characters_div_4,synthetic-eval-v1
42,A3,TCK-00006,deployment,3.280000055383425e-05,596,2,28,0.0,39918,ACL serializer; MobileAgentRuntime bundle serializer for A3,estimated_characters_div_4,synthetic-eval-v1
42,A3,TCK-00007,triage,2.680000034160912e-05,580,2,38,0.0,41614,ACL serializer; MobileAgentRuntime bundle serializer for A3,estimated_characters_div_4,synthetic-eval-v1
42,A3,TCK-00007,assignment,2.5600000299164094e-05,596,2,38,0.0,42532,ACL serializer; MobileAgentRuntime bundle serializer for A3,estimated_characters_div_4,synthetic-eval-v1
42,A3,TCK-00007,investigation,2.609999864944257e-05,1213,3,38,0.0,43526,ACL serializer; MobileAgentRuntime bundle serializer for A3,estimated_characters_div_4,synthetic-eval-v1
42,A3,TCK-00007,implementation,2.5000001187436283e-05,612,2,38,0.0,44320,ACL serializer; MobileAgentRuntime bundle serializer for A3,estimated_characters_div_4,synthetic-eval-v1
42,A3,TCK-00007,qa,2.4499999199179e-05,564,2,38,0.0,45094,ACL serializer; MobileAgentRuntime bundle serializer for A3,estimated_characters_div_4,synthetic-eval-v1
42,A3,TCK-00007,deployment,2.4199998733820394e-05,596,2,38,0.0,45896,ACL serializer; MobileAgentRuntime bundle serializer for A3,estimated_characters_div_4,synthetic-eval-v1
42,A3,TCK-00008,triage,2.3999999029911123e-05,580,2,28,0.0,47566,ACL serializer; MobileAgentRuntime bundle serializer for A3,estimated_characters_div_4,synthetic-eval-v1
42,A3,TCK-00008,assignment,2.4700000722077675e-05,596,2,28,0.0,48482,ACL serializer; MobileAgentRuntime bundle serializer for A3,estimated_characters_div_4,synthetic-eval-v1
42,A3,TCK-00008,investigation,2.5400000595254824e-05,1213,3,28,0.0,49473,ACL serializer; MobileAgentRuntime bundle serializer for A3,estimated_characters_div_4,synthetic-eval-v1
42,A3,TCK-00008,implementation,2.4200000552809797e-05,612,2,28,0.0,50266,ACL serializer; MobileAgentRuntime bundle serializer for A3,estimated_characters_div_4,synthetic-eval-v1
42,A3,TCK-00008,qa,2.3800001144991256e-05,564,2,28,0.0,51046,ACL serializer; MobileAgentRuntime bundle serializer for A3,estimated_characters_div_4,synthetic-eval-v1
42,A3,TCK-00008,deployment,2.4500001018168405e-05,596,2,28,0.0,51942,ACL serializer; MobileAgentRuntime bundle serializer for A3,estimated_characters_div_4,synthetic-eval-v1
42,A3,TCK-00009,triage,2.429999949526973e-05,580,2,30,0.0,53651,ACL serializer; MobileAgentRuntime bundle serializer for A3,estimated_characters_div_4,synthetic-eval-v1
42,A3,TCK-00009,assignment,2.4499999199179e-05,596,2,30,0.0,54567,ACL serializer; MobileAgentRuntime bundle serializer for A3,estimated_characters_div_4,synthetic-eval-v1
42,A3,TCK-00009,investigation,2.5000001187436283e-05,1213,3,30,0.0,55558,ACL serializer; MobileAgentRuntime bundle serializer for A3,estimated_characters_div_4,synthetic-eval-v1
42,A3,TCK-00009,implementation,2.409999979136046e-05,612,2,30,0.0,56351,ACL serializer; MobileAgentRuntime bundle serializer for A3,estimated_characters_div_4,synthetic-eval-v1
42,A3,TCK-00009,qa,2.4700000722077675e-05,564,2,30,0.0,57131,ACL serializer; MobileAgentRuntime bundle serializer for A3,estimated_characters_div_4,synthetic-eval-v1
42,A3,TCK-00009,deployment,2.4499999199179e-05,596,2,30,0.0,57931,ACL serializer; MobileAgentRuntime bundle serializer for A3,estimated_characters_div_4,synthetic-eval-v1
42,A3,TCK-00010,triage,2.370000038354192e-05,580,2,28,0.0,59575,ACL serializer; MobileAgentRuntime bundle serializer for A3,estimated_characters_div_4,synthetic-eval-v1
42,A3,TCK-00010,assignment,2.390000008745119e-05,596,2,28,0.0,60491,ACL serializer; MobileAgentRuntime bundle serializer for A3,estimated_characters_div_4,synthetic-eval-v1
42,A3,TCK-00010,investigation,2.4900000425986946e-05,1213,3,28,0.0,61482,ACL serializer; MobileAgentRuntime bundle serializer for A3,estimated_characters_div_4,synthetic-eval-v1
42,A3,TCK-00010,implementation,2.4400000256719068e-05,612,2,28,0.0,62275,ACL serializer; MobileAgentRuntime bundle serializer for A3,estimated_characters_div_4,synthetic-eval-v1
42,A3,TCK-00010,qa,2.3100001271814108e-05,564,2,28,0.0,63055,ACL serializer; MobileAgentRuntime bundle serializer for A3,estimated_characters_div_4,synthetic-eval-v1
42,A3,TCK-00010,deployment,2.370000038354192e-05,596,2,28,0.0,63951,ACL serializer; MobileAgentRuntime bundle serializer for A3,estimated_characters_div_4,synthetic-eval-v1
42,A3,TCK-00011,triage,2.370000038354192e-05,580,2,30,0.0,65611,ACL serializer; MobileAgentRuntime bundle serializer for A3,estimated_characters_div_4,synthetic-eval-v1
42,A3,TCK-00011,assignment,2.429999949526973e-05,596,2,30,0.0,66527,ACL serializer; MobileAgentRuntime bundle serializer for A3,estimated_characters_div_4,synthetic-eval-v1
42,A3,TCK-00011,investigation,2.499999936844688e-05,1213,3,30,0.0,67518,ACL serializer; MobileAgentRuntime bundle serializer for A3,estimated_characters_div_4,synthetic-eval-v1
42,A3,TCK-00011,implementation,2.3800001144991256e-05,612,2,30,0.0,68311,ACL serializer; MobileAgentRuntime bundle serializer for A3,estimated_characters_div_4,synthetic-eval-v1
42,A3,TCK-00011,qa,2.4000000848900527e-05,564,2,30,0.0,69091,ACL serializer; MobileAgentRuntime bundle serializer for A3,estimated_characters_div_4,synthetic-eval-v1
42,A3,TCK-00011,deployment,2.3699998564552516e-05,596,2,30,0.0,69891,ACL serializer; MobileAgentRuntime bundle serializer for A3,estimated_characters_div_4,synthetic-eval-v1
42,A3,TCK-00012,triage,2.370000038354192e-05,580,2,28,0.0,71535,ACL serializer; MobileAgentRuntime bundle serializer for A3,estimated_characters_div_4,synthetic-eval-v1
42,A3,TCK-00012,assignment,2.5000001187436283e-05,596,2,28,0.0,72427,ACL serializer; MobileAgentRuntime bundle serializer for A3,estimated_characters_div_4,synthetic-eval-v1
42,A3,TCK-00012,investigation,2.4599999960628338e-05,1213,3,28,0.0,73418,ACL serializer; MobileAgentRuntime bundle serializer for A3,estimated_characters_div_4,synthetic-eval-v1
42,A3,TCK-00012,implementation,2.3999999029911123e-05,612,2,28,0.0,74211,ACL serializer; MobileAgentRuntime bundle serializer for A3,estimated_characters_div_4,synthetic-eval-v1
42,A3,TCK-00012,qa,3.440000000409782e-05,564,2,28,0.0,74991,ACL serializer; MobileAgentRuntime bundle serializer for A3,estimated_characters_div_4,synthetic-eval-v1
42,A3,TCK-00012,deployment,3.260000084992498e-05,596,2,28,0.0,75919,ACL serializer; MobileAgentRuntime bundle serializer for A3,estimated_characters_div_4,synthetic-eval-v1
42,A3,TCK-00013,triage,2.4499999199179e-05,580,2,30,0.0,77578,ACL serializer; MobileAgentRuntime bundle serializer for A3,estimated_characters_div_4,synthetic-eval-v1
42,A3,TCK-00013,assignment,2.429999949526973e-05,596,2,30,0.0,78494,ACL serializer; MobileAgentRuntime bundle serializer for A3,estimated_characters_div_4,synthetic-eval-v1
42,A3,TCK-00013,investigation,2.4499999199179e-05,1213,3,30,0.0,79485,ACL serializer; MobileAgentRuntime bundle serializer for A3,estimated_characters_div_4,synthetic-eval-v1
42,A3,TCK-00013,implementation,2.5600000299164094e-05,612,2,30,0.0,80278,ACL serializer; MobileAgentRuntime bundle serializer for A3,estimated_characters_div_4,synthetic-eval-v1
42,A3,TCK-00013,qa,2.4400000256719068e-05,564,2,30,0.0,81058,ACL serializer; MobileAgentRuntime bundle serializer for A3,estimated_characters_div_4,synthetic-eval-v1
42,A3,TCK-00013,deployment,2.390000008745119e-05,596,2,30,0.0,81858,ACL serializer; MobileAgentRuntime bundle serializer for A3,estimated_characters_div_4,synthetic-eval-v1
42,A3,TCK-00014,triage,2.3599999622092582e-05,580,2,36,0.0,83533,ACL serializer; MobileAgentRuntime bundle serializer for A3,estimated_characters_div_4,synthetic-eval-v1
42,A3,TCK-00014,assignment,2.390000008745119e-05,596,2,36,0.0,84449,ACL serializer; MobileAgentRuntime bundle serializer for A3,estimated_characters_div_4,synthetic-eval-v1
42,A3,TCK-00014,investigation,2.519999907235615e-05,1213,3,36,0.0,85442,ACL serializer; MobileAgentRuntime bundle serializer for A3,estimated_characters_div_4,synthetic-eval-v1
42,A3,TCK-00014,implementation,2.409999979136046e-05,612,2,36,0.0,86236,ACL serializer; MobileAgentRuntime bundle serializer for A3,estimated_characters_div_4,synthetic-eval-v1
42,A3,TCK-00014,qa,2.3799999326001853e-05,564,2,36,0.0,87013,ACL serializer; MobileAgentRuntime bundle serializer for A3,estimated_characters_div_4,synthetic-eval-v1
42,A3,TCK-00014,deployment,2.3599999622092582e-05,596,2,36,0.0,87813,ACL serializer; MobileAgentRuntime bundle serializer for A3,estimated_characters_div_4,synthetic-eval-v1
42,A3,TCK-00015,triage,2.409999979136046e-05,580,2,30,0.0,89506,ACL serializer; MobileAgentRuntime bundle serializer for A3,estimated_characters_div_4,synthetic-eval-v1
42,A3,TCK-00015,assignment,2.4200000552809797e-05,596,2,30,0.0,90422,ACL serializer; MobileAgentRuntime bundle serializer for A3,estimated_characters_div_4,synthetic-eval-v1
42,A3,TCK-00015,investigation,2.4599999960628338e-05,1213,3,30,0.0,91077,ACL serializer; MobileAgentRuntime bundle serializer for A3,estimated_characters_div_4,synthetic-eval-v1
42,A3,TCK-00015,implementation,2.429999949526973e-05,612,2,30,0.0,91774,ACL serializer; MobileAgentRuntime bundle serializer for A3,estimated_characters_div_4,synthetic-eval-v1
42,A3,TCK-00015,qa,2.409999979136046e-05,564,2,30,0.0,92330,ACL serializer; MobileAgentRuntime bundle serializer for A3,estimated_characters_div_4,synthetic-eval-v1
42,A3,TCK-00015,deployment,2.429999949526973e-05,596,2,30,0.0,92906,ACL serializer; MobileAgentRuntime bundle serializer for A3,estimated_characters_div_4,synthetic-eval-v1
42,A3,TCK-00016,triage,2.320000021427404e-05,580,2,28,0.0,94309,ACL serializer; MobileAgentRuntime bundle serializer for A3,estimated_characters_div_4,synthetic-eval-v1
42,A3,TCK-00016,assignment,2.3800001144991256e-05,596,2,28,0.0,95001,ACL serializer; MobileAgentRuntime bundle serializer for A3,estimated_characters_div_4,synthetic-eval-v1
42,A3,TCK-00016,investigation,2.479999966453761e-05,1213,3,28,0.0,95656,ACL serializer; MobileAgentRuntime bundle serializer for A3,estimated_characters_div_4,synthetic-eval-v1
42,A3,TCK-00016,implementation,2.4399998437729664e-05,612,2,28,0.0,96225,ACL serializer; MobileAgentRuntime bundle serializer for A3,estimated_characters_div_4,synthetic-eval-v1
42,A3,TCK-00016,qa,2.4200000552809797e-05,564,2,28,0.0,96781,ACL serializer; MobileAgentRuntime bundle serializer for A3,estimated_characters_div_4,synthetic-eval-v1
42,A3,TCK-00016,deployment,2.3599999622092582e-05,596,2,28,0.0,97357,ACL serializer; MobileAgentRuntime bundle serializer for A3,estimated_characters_div_4,synthetic-eval-v1
42,A3,TCK-00017,triage,2.409999979136046e-05,580,2,30,0.0,98857,ACL serializer; MobileAgentRuntime bundle serializer for A3,estimated_characters_div_4,synthetic-eval-v1
42,A3,TCK-00017,assignment,2.409999979136046e-05,596,2,30,0.0,99549,ACL serializer; MobileAgentRuntime bundle serializer for A3,estimated_characters_div_4,synthetic-eval-v1
42,A3,TCK-00017,investigation,2.4900000425986946e-05,1213,3,30,0.0,100204,ACL serializer; MobileAgentRuntime bundle serializer for A3,estimated_characters_div_4,synthetic-eval-v1
42,A3,TCK-00017,implementation,2.390000008745119e-05,612,2,30,0.0,100773,ACL serializer; MobileAgentRuntime bundle serializer for A3,estimated_characters_div_4,synthetic-eval-v1
42,A3,TCK-00017,qa,2.4000000848900527e-05,564,2,30,0.0,101329,ACL serializer; MobileAgentRuntime bundle serializer for A3,estimated_characters_div_4,synthetic-eval-v1
42,A3,TCK-00017,deployment,2.350000067963265e-05,596,2,30,0.0,101905,ACL serializer; MobileAgentRuntime bundle serializer for A3,estimated_characters_div_4,synthetic-eval-v1
42,A3,TCK-00018,triage,2.2900001567904837e-05,580,2,28,0.0,103326,ACL serializer; MobileAgentRuntime bundle serializer for A3,estimated_characters_div_4,synthetic-eval-v1
42,A3,TCK-00018,assignment,2.479999966453761e-05,596,2,28,0.0,104178,ACL serializer; MobileAgentRuntime bundle serializer for A3,estimated_characters_div_4,synthetic-eval-v1
42,A3,TCK-00018,investigation,2.4300001314259134e-05,1213,3,28,0.0,104833,ACL serializer; MobileAgentRuntime bundle serializer for A3,estimated_characters_div_4,synthetic-eval-v1
42,A3,TCK-00018,implementation,2.8300000849412754e-05,612,2,28,0.0,105402,ACL serializer; MobileAgentRuntime bundle serializer for A3,estimated_characters_div_4,synthetic-eval-v1
42,A3,TCK-00018,qa,2.4100001610349864e-05,564,2,28,0.0,105958,ACL serializer; MobileAgentRuntime bundle serializer for A3,estimated_characters_div_4,synthetic-eval-v1
42,A3,TCK-00018,deployment,2.4500001018168405e-05,596,2,28,0.0,106534,ACL serializer; MobileAgentRuntime bundle serializer for A3,estimated_characters_div_4,synthetic-eval-v1
42,A3,TCK-00019,triage,3.409999953873921e-05,580,2,30,0.0,107970,ACL serializer; MobileAgentRuntime bundle serializer for A3,estimated_characters_div_4,synthetic-eval-v1
42,A3,TCK-00019,assignment,2.4900000425986946e-05,596,2,30,0.0,108662,ACL serializer; MobileAgentRuntime bundle serializer for A3,estimated_characters_div_4,synthetic-eval-v1
42,A3,TCK-00019,investigation,2.5100000129896216e-05,1213,3,30,0.0,109317,ACL serializer; MobileAgentRuntime bundle serializer for A3,estimated_characters_div_4,synthetic-eval-v1
42,A3,TCK-00019,implementation,2.4200000552809797e-05,612,2,30,0.0,109886,ACL serializer; MobileAgentRuntime bundle serializer for A3,estimated_characters_div_4,synthetic-eval-v1
42,A3,TCK-00019,qa,2.3999999029911123e-05,564,2,30,0.0,110442,ACL serializer; MobileAgentRuntime bundle serializer for A3,estimated_characters_div_4,synthetic-eval-v1
42,A3,TCK-00019,deployment,2.3999999029911123e-05,596,2,30,0.0,111018,ACL serializer; MobileAgentRuntime bundle serializer for A3,estimated_characters_div_4,synthetic-eval-v1
42,A3,TCK-00020,triage,2.3699998564552516e-05,580,2,28,0.0,112438,ACL serializer; MobileAgentRuntime bundle serializer for A3,estimated_characters_div_4,synthetic-eval-v1
42,A3,TCK-00020,assignment,2.390000008745119e-05,596,2,28,0.0,113130,ACL serializer; MobileAgentRuntime bundle serializer for A3,estimated_characters_div_4,synthetic-eval-v1
42,A3,TCK-00020,investigation,2.4599999960628338e-05,1213,3,28,0.0,113785,ACL serializer; MobileAgentRuntime bundle serializer for A3,estimated_characters_div_4,synthetic-eval-v1
42,A3,TCK-00020,implementation,2.3999999029911123e-05,612,2,28,0.0,114354,ACL serializer; MobileAgentRuntime bundle serializer for A3,estimated_characters_div_4,synthetic-eval-v1
42,A3,TCK-00020,qa,2.3599999622092582e-05,564,2,28,0.0,114910,ACL serializer; MobileAgentRuntime bundle serializer for A3,estimated_characters_div_4,synthetic-eval-v1
42,A3,TCK-00020,deployment,2.429999949526973e-05,596,2,28,0.0,115486,ACL serializer; MobileAgentRuntime bundle serializer for A3,estimated_characters_div_4,synthetic-eval-v1
42,A3,TCK-00021,triage,2.350000067963265e-05,580,2,38,0.0,116958,ACL serializer; MobileAgentRuntime bundle serializer for A3,estimated_characters_div_4,synthetic-eval-v1
42,A3,TCK-00021,assignment,2.4599999960628338e-05,596,2,38,0.0,117652,ACL serializer; MobileAgentRuntime bundle serializer for A3,estimated_characters_div_4,synthetic-eval-v1
42,A3,TCK-00021,investigation,2.429999949526973e-05,1213,3,38,0.0,118310,ACL serializer; MobileAgentRuntime bundle serializer for A3,estimated_characters_div_4,synthetic-eval-v1
42,A3,TCK-00021,implementation,2.3999999029911123e-05,612,2,38,0.0,119040,ACL serializer; MobileAgentRuntime bundle serializer for A3,estimated_characters_div_4,synthetic-eval-v1
42,A3,TCK-00021,qa,2.3599999622092582e-05,564,2,38,0.0,119590,ACL serializer; MobileAgentRuntime bundle serializer for A3,estimated_characters_div_4,synthetic-eval-v1
42,A3,TCK-00021,deployment,2.370000038354192e-05,596,2,38,0.0,120168,ACL serializer; MobileAgentRuntime bundle serializer for A3,estimated_characters_div_4,synthetic-eval-v1
42,A3,TCK-00022,triage,2.4400000256719068e-05,580,2,28,0.0,121615,ACL serializer; MobileAgentRuntime bundle serializer for A3,estimated_characters_div_4,synthetic-eval-v1
42,A3,TCK-00022,assignment,2.429999949526973e-05,596,2,28,0.0,122307,ACL serializer; MobileAgentRuntime bundle serializer for A3,estimated_characters_div_4,synthetic-eval-v1
42,A3,TCK-00022,investigation,2.4300001314259134e-05,1213,3,28,0.0,122962,ACL serializer; MobileAgentRuntime bundle serializer for A3,estimated_characters_div_4,synthetic-eval-v1
42,A3,TCK-00022,implementation,2.3799999326001853e-05,612,2,28,0.0,123531,ACL serializer; MobileAgentRuntime bundle serializer for A3,estimated_characters_div_4,synthetic-eval-v1
42,A3,TCK-00022,qa,2.409999979136046e-05,564,2,28,0.0,124087,ACL serializer; MobileAgentRuntime bundle serializer for A3,estimated_characters_div_4,synthetic-eval-v1
42,A3,TCK-00022,deployment,2.390000008745119e-05,596,2,28,0.0,124663,ACL serializer; MobileAgentRuntime bundle serializer for A3,estimated_characters_div_4,synthetic-eval-v1
42,A3,TCK-00023,triage,2.3399999918183312e-05,580,2,30,0.0,126082,ACL serializer; MobileAgentRuntime bundle serializer for A3,estimated_characters_div_4,synthetic-eval-v1
42,A3,TCK-00023,assignment,2.429999949526973e-05,596,2,30,0.0,126774,ACL serializer; MobileAgentRuntime bundle serializer for A3,estimated_characters_div_4,synthetic-eval-v1
42,A3,TCK-00023,investigation,2.4400000256719068e-05,1213,3,30,0.0,127429,ACL serializer; MobileAgentRuntime bundle serializer for A3,estimated_characters_div_4,synthetic-eval-v1
42,A3,TCK-00023,implementation,2.479999966453761e-05,612,2,30,0.0,127998,ACL serializer; MobileAgentRuntime bundle serializer for A3,estimated_characters_div_4,synthetic-eval-v1
42,A3,TCK-00023,qa,2.4200000552809797e-05,564,2,30,0.0,128554,ACL serializer; MobileAgentRuntime bundle serializer for A3,estimated_characters_div_4,synthetic-eval-v1
42,A3,TCK-00023,deployment,2.3999999029911123e-05,596,2,30,0.0,129130,ACL serializer; MobileAgentRuntime bundle serializer for A3,estimated_characters_div_4,synthetic-eval-v1
42,A3,TCK-00024,triage,2.3399999918183312e-05,580,2,28,0.0,130551,ACL serializer; MobileAgentRuntime bundle serializer for A3,estimated_characters_div_4,synthetic-eval-v1
42,A3,TCK-00024,assignment,2.4400000256719068e-05,596,2,28,0.0,131243,ACL serializer; MobileAgentRuntime bundle serializer for A3,estimated_characters_div_4,synthetic-eval-v1
42,A3,TCK-00024,investigation,2.4800001483527012e-05,1213,3,28,0.0,131898,ACL serializer; MobileAgentRuntime bundle serializer for A3,estimated_characters_div_4,synthetic-eval-v1
42,A3,TCK-00024,implementation,2.4200000552809797e-05,612,2,28,0.0,132467,ACL serializer; MobileAgentRuntime bundle serializer for A3,estimated_characters_div_4,synthetic-eval-v1
42,A3,TCK-00024,qa,2.3299999156733975e-05,564,2,28,0.0,133023,ACL serializer; MobileAgentRuntime bundle serializer for A3,estimated_characters_div_4,synthetic-eval-v1
42,A3,TCK-00024,deployment,6.190000021888409e-05,596,2,28,0.0,133791,ACL serializer; MobileAgentRuntime bundle serializer for A3,estimated_characters_div_4,synthetic-eval-v1
42,A3,TCK-00025,triage,2.5699999241624027e-05,580,2,30,0.0,135291,ACL serializer; MobileAgentRuntime bundle serializer for A3,estimated_characters_div_4,synthetic-eval-v1
42,A3,TCK-00025,assignment,2.5299999833805487e-05,596,2,30,0.0,135983,ACL serializer; MobileAgentRuntime bundle serializer for A3,estimated_characters_div_4,synthetic-eval-v1
42,A3,TCK-00025,investigation,3.509999987727497e-05,1213,3,30,0.0,136638,ACL serializer; MobileAgentRuntime bundle serializer for A3,estimated_characters_div_4,synthetic-eval-v1
42,A3,TCK-00025,implementation,2.499999936844688e-05,612,2,30,0.0,137207,ACL serializer; MobileAgentRuntime bundle serializer for A3,estimated_characters_div_4,synthetic-eval-v1
42,A3,TCK-00025,qa,2.5000001187436283e-05,564,2,30,0.0,137763,ACL serializer; MobileAgentRuntime bundle serializer for A3,estimated_characters_div_4,synthetic-eval-v1
42,A3,TCK-00025,deployment,2.4400000256719068e-05,596,2,30,0.0,138339,ACL serializer; MobileAgentRuntime bundle serializer for A3,estimated_characters_div_4,synthetic-eval-v1
42,A3,TCK-00026,triage,2.3800001144991256e-05,580,2,28,0.0,139758,ACL serializer; MobileAgentRuntime bundle serializer for A3,estimated_characters_div_4,synthetic-eval-v1
42,A3,TCK-00026,assignment,2.409999979136046e-05,596,2,28,0.0,140450,ACL serializer; MobileAgentRuntime bundle serializer for A3,estimated_characters_div_4,synthetic-eval-v1
42,A3,TCK-00026,investigation,2.499999936844688e-05,1213,3,28,0.0,141105,ACL serializer; MobileAgentRuntime bundle serializer for A3,estimated_characters_div_4,synthetic-eval-v1
42,A3,TCK-00026,implementation,2.499999936844688e-05,612,2,28,0.0,141674,ACL serializer; MobileAgentRuntime bundle serializer for A3,estimated_characters_div_4,synthetic-eval-v1
42,A3,TCK-00026,qa,2.3799999326001853e-05,564,2,28,0.0,142230,ACL serializer; MobileAgentRuntime bundle serializer for A3,estimated_characters_div_4,synthetic-eval-v1
42,A3,TCK-00026,deployment,2.4200000552809797e-05,596,2,28,0.0,142806,ACL serializer; MobileAgentRuntime bundle serializer for A3,estimated_characters_div_4,synthetic-eval-v1
42,A3,TCK-00027,triage,2.370000038354192e-05,580,2,30,0.0,144242,ACL serializer; MobileAgentRuntime bundle serializer for A3,estimated_characters_div_4,synthetic-eval-v1
42,A3,TCK-00027,assignment,2.3600001441081986e-05,596,2,30,0.0,144934,ACL serializer; MobileAgentRuntime bundle serializer for A3,estimated_characters_div_4,synthetic-eval-v1
42,A3,TCK-00027,investigation,2.4900000425986946e-05,1213,3,30,0.0,145589,ACL serializer; MobileAgentRuntime bundle serializer for A3,estimated_characters_div_4,synthetic-eval-v1
42,A3,TCK-00027,implementation,2.4200000552809797e-05,612,2,30,0.0,146158,ACL serializer; MobileAgentRuntime bundle serializer for A3,estimated_characters_div_4,synthetic-eval-v1
42,A3,TCK-00027,qa,2.409999979136046e-05,564,2,30,0.0,146714,ACL serializer; MobileAgentRuntime bundle serializer for A3,estimated_characters_div_4,synthetic-eval-v1
42,A3,TCK-00027,deployment,2.3499998860643245e-05,596,2,30,0.0,147290,ACL serializer; MobileAgentRuntime bundle serializer for A3,estimated_characters_div_4,synthetic-eval-v1
42,A3,TCK-00028,triage,2.3800001144991256e-05,580,2,36,0.0,148741,ACL serializer; MobileAgentRuntime bundle serializer for A3,estimated_characters_div_4,synthetic-eval-v1
42,A3,TCK-00028,assignment,2.409999979136046e-05,596,2,36,0.0,149433,ACL serializer; MobileAgentRuntime bundle serializer for A3,estimated_characters_div_4,synthetic-eval-v1
42,A3,TCK-00028,investigation,2.4599999960628338e-05,1213,3,36,0.0,150090,ACL serializer; MobileAgentRuntime bundle serializer for A3,estimated_characters_div_4,synthetic-eval-v1
42,A3,TCK-00028,implementation,2.390000008745119e-05,612,2,36,0.0,150660,ACL serializer; MobileAgentRuntime bundle serializer for A3,estimated_characters_div_4,synthetic-eval-v1
42,A3,TCK-00028,qa,2.3799999326001853e-05,564,2,36,0.0,151213,ACL serializer; MobileAgentRuntime bundle serializer for A3,estimated_characters_div_4,synthetic-eval-v1
42,A3,TCK-00028,deployment,2.4499999199179e-05,596,2,36,0.0,152013,ACL serializer; MobileAgentRuntime bundle serializer for A3,estimated_characters_div_4,synthetic-eval-v1
42,A3,TCK-00029,triage,2.390000008745119e-05,580,2,30,0.0,153482,ACL serializer; MobileAgentRuntime bundle serializer for A3,estimated_characters_div_4,synthetic-eval-v1
42,A3,TCK-00029,assignment,2.4000000848900527e-05,596,2,30,0.0,154174,ACL serializer; MobileAgentRuntime bundle serializer for A3,estimated_characters_div_4,synthetic-eval-v1
42,A3,TCK-00029,investigation,2.4400000256719068e-05,1213,3,30,0.0,154829,ACL serializer; MobileAgentRuntime bundle serializer for A3,estimated_characters_div_4,synthetic-eval-v1
42,A3,TCK-00029,implementation,3.1600000511389226e-05,612,2,30,0.0,155398,ACL serializer; MobileAgentRuntime bundle serializer for A3,estimated_characters_div_4,synthetic-eval-v1
42,A3,TCK-00029,qa,2.4199998733820394e-05,564,2,30,0.0,155954,ACL serializer; MobileAgentRuntime bundle serializer for A3,estimated_characters_div_4,synthetic-eval-v1
42,A3,TCK-00029,deployment,2.390000008745119e-05,596,2,30,0.0,156530,ACL serializer; MobileAgentRuntime bundle serializer for A3,estimated_characters_div_4,synthetic-eval-v1
42,A3,TCK-00030,triage,2.350000067963265e-05,580,2,28,0.0,157934,ACL serializer; MobileAgentRuntime bundle serializer for A3,estimated_characters_div_4,synthetic-eval-v1
42,A3,TCK-00030,assignment,2.3999999029911123e-05,596,2,28,0.0,158626,ACL serializer; MobileAgentRuntime bundle serializer for A3,estimated_characters_div_4,synthetic-eval-v1
42,A3,TCK-00030,investigation,2.5100000129896216e-05,1213,3,28,0.0,159281,ACL serializer; MobileAgentRuntime bundle serializer for A3,estimated_characters_div_4,synthetic-eval-v1
42,A3,TCK-00030,implementation,2.4200000552809797e-05,612,2,28,0.0,159850,ACL serializer; MobileAgentRuntime bundle serializer for A3,estimated_characters_div_4,synthetic-eval-v1
42,A3,TCK-00030,qa,2.3999999029911123e-05,564,2,28,0.0,160406,ACL serializer; MobileAgentRuntime bundle serializer for A3,estimated_characters_div_4,synthetic-eval-v1
42,A3,TCK-00030,deployment,2.409999979136046e-05,596,2,28,0.0,160982,ACL serializer; MobileAgentRuntime bundle serializer for A3,estimated_characters_div_4,synthetic-eval-v1
42,A3,TCK-00031,triage,2.370000038354192e-05,580,2,30,0.0,162442,ACL serializer; MobileAgentRuntime bundle serializer for A3,estimated_characters_div_4,synthetic-eval-v1
42,A3,TCK-00031,assignment,2.4400000256719068e-05,596,2,30,0.0,163134,ACL serializer; MobileAgentRuntime bundle serializer for A3,estimated_characters_div_4,synthetic-eval-v1
42,A3,TCK-00031,investigation,2.4300001314259134e-05,1213,3,30,0.0,163789,ACL serializer; MobileAgentRuntime bundle serializer for A3,estimated_characters_div_4,synthetic-eval-v1
42,A3,TCK-00031,implementation,6.880000000819564e-05,612,2,30,0.0,164358,ACL serializer; MobileAgentRuntime bundle serializer for A3,estimated_characters_div_4,synthetic-eval-v1
42,A3,TCK-00031,qa,3.990000004705507e-05,564,2,30,0.0,164914,ACL serializer; MobileAgentRuntime bundle serializer for A3,estimated_characters_div_4,synthetic-eval-v1
42,A3,TCK-00031,deployment,2.550000135670416e-05,596,2,30,0.0,165490,ACL serializer; MobileAgentRuntime bundle serializer for A3,estimated_characters_div_4,synthetic-eval-v1
42,A3,TCK-00032,triage,2.390000008745119e-05,580,2,28,0.0,166910,ACL serializer; MobileAgentRuntime bundle serializer for A3,estimated_characters_div_4,synthetic-eval-v1
42,A3,TCK-00032,assignment,2.429999949526973e-05,596,2,28,0.0,167602,ACL serializer; MobileAgentRuntime bundle serializer for A3,estimated_characters_div_4,synthetic-eval-v1
42,A3,TCK-00032,investigation,2.5100000129896216e-05,1213,3,28,0.0,168257,ACL serializer; MobileAgentRuntime bundle serializer for A3,estimated_characters_div_4,synthetic-eval-v1
42,A3,TCK-00032,implementation,2.5299999833805487e-05,612,2,28,0.0,168826,ACL serializer; MobileAgentRuntime bundle serializer for A3,estimated_characters_div_4,synthetic-eval-v1
42,A3,TCK-00032,qa,2.409999979136046e-05,564,2,28,0.0,169382,ACL serializer; MobileAgentRuntime bundle serializer for A3,estimated_characters_div_4,synthetic-eval-v1
42,A3,TCK-00032,deployment,2.4100001610349864e-05,596,2,28,0.0,169958,ACL serializer; MobileAgentRuntime bundle serializer for A3,estimated_characters_div_4,synthetic-eval-v1
42,A3,TCK-00033,triage,2.330000097572338e-05,580,2,30,0.0,171458,ACL serializer; MobileAgentRuntime bundle serializer for A3,estimated_characters_div_4,synthetic-eval-v1
42,A3,TCK-00033,assignment,2.499999936844688e-05,596,2,30,0.0,172150,ACL serializer; MobileAgentRuntime bundle serializer for A3,estimated_characters_div_4,synthetic-eval-v1
42,A3,TCK-00033,investigation,2.5600000299164094e-05,1213,3,30,0.0,172805,ACL serializer; MobileAgentRuntime bundle serializer for A3,estimated_characters_div_4,synthetic-eval-v1
42,A3,TCK-00033,implementation,2.429999949526973e-05,612,2,30,0.0,173630,ACL serializer; MobileAgentRuntime bundle serializer for A3,estimated_characters_div_4,synthetic-eval-v1
42,A3,TCK-00033,qa,2.390000008745119e-05,564,2,30,0.0,174186,ACL serializer; MobileAgentRuntime bundle serializer for A3,estimated_characters_div_4,synthetic-eval-v1
42,A3,TCK-00033,deployment,2.3999999029911123e-05,596,2,30,0.0,174762,ACL serializer; MobileAgentRuntime bundle serializer for A3,estimated_characters_div_4,synthetic-eval-v1
42,A3,TCK-00034,triage,2.3399999918183312e-05,580,2,28,0.0,176182,ACL serializer; MobileAgentRuntime bundle serializer for A3,estimated_characters_div_4,synthetic-eval-v1
42,A3,TCK-00034,assignment,2.3999999029911123e-05,596,2,28,0.0,176850,ACL serializer; MobileAgentRuntime bundle serializer for A3,estimated_characters_div_4,synthetic-eval-v1
42,A3,TCK-00034,investigation,2.409999979136046e-05,1213,3,28,0.0,177505,ACL serializer; MobileAgentRuntime bundle serializer for A3,estimated_characters_div_4,synthetic-eval-v1
42,A3,TCK-00034,implementation,2.350000067963265e-05,612,2,28,0.0,178074,ACL serializer; MobileAgentRuntime bundle serializer for A3,estimated_characters_div_4,synthetic-eval-v1
42,A3,TCK-00034,qa,2.3399999918183312e-05,564,2,28,0.0,178630,ACL serializer; MobileAgentRuntime bundle serializer for A3,estimated_characters_div_4,synthetic-eval-v1
42,A3,TCK-00034,deployment,2.3600001441081986e-05,596,2,28,0.0,179206,ACL serializer; MobileAgentRuntime bundle serializer for A3,estimated_characters_div_4,synthetic-eval-v1
42,A3,TCK-00035,triage,2.370000038354192e-05,580,2,38,0.0,180702,ACL serializer; MobileAgentRuntime bundle serializer for A3,estimated_characters_div_4,synthetic-eval-v1
42,A3,TCK-00035,assignment,2.3800001144991256e-05,596,2,38,0.0,181396,ACL serializer; MobileAgentRuntime bundle serializer for A3,estimated_characters_div_4,synthetic-eval-v1
42,A3,TCK-00035,investigation,2.429999949526973e-05,1213,3,38,0.0,182054,ACL serializer; MobileAgentRuntime bundle serializer for A3,estimated_characters_div_4,synthetic-eval-v1
42,A3,TCK-00035,implementation,2.4100001610349864e-05,612,2,38,0.0,182624,ACL serializer; MobileAgentRuntime bundle serializer for A3,estimated_characters_div_4,synthetic-eval-v1
42,A3,TCK-00035,qa,2.429999949526973e-05,564,2,38,0.0,183174,ACL serializer; MobileAgentRuntime bundle serializer for A3,estimated_characters_div_4,synthetic-eval-v1
42,A3,TCK-00035,deployment,2.4300001314259134e-05,596,2,38,0.0,183752,ACL serializer; MobileAgentRuntime bundle serializer for A3,estimated_characters_div_4,synthetic-eval-v1
42,A3,TCK-00036,triage,2.3699998564552516e-05,580,2,28,0.0,185199,ACL serializer; MobileAgentRuntime bundle serializer for A3,estimated_characters_div_4,synthetic-eval-v1
42,A3,TCK-00036,assignment,2.3799999326001853e-05,596,2,28,0.0,185891,ACL serializer; MobileAgentRuntime bundle serializer for A3,estimated_characters_div_4,synthetic-eval-v1
42,A3,TCK-00036,investigation,2.4900000425986946e-05,1213,3,28,0.0,186546,ACL serializer; MobileAgentRuntime bundle serializer for A3,estimated_characters_div_4,synthetic-eval-v1
42,A3,TCK-00036,implementation,2.4000000848900527e-05,612,2,28,0.0,187115,ACL serializer; MobileAgentRuntime bundle serializer for A3,estimated_characters_div_4,synthetic-eval-v1
42,A3,TCK-00036,qa,2.370000038354192e-05,564,2,28,0.0,187671,ACL serializer; MobileAgentRuntime bundle serializer for A3,estimated_characters_div_4,synthetic-eval-v1
42,A3,TCK-00036,deployment,2.3299999156733975e-05,596,2,28,0.0,188247,ACL serializer; MobileAgentRuntime bundle serializer for A3,estimated_characters_div_4,synthetic-eval-v1
42,A3,TCK-00037,triage,2.3599999622092582e-05,580,2,30,0.0,189667,ACL serializer; MobileAgentRuntime bundle serializer for A3,estimated_characters_div_4,synthetic-eval-v1
42,A3,TCK-00037,assignment,3.130000004603062e-05,596,2,30,0.0,190359,ACL serializer; MobileAgentRuntime bundle serializer for A3,estimated_characters_div_4,synthetic-eval-v1
42,A3,TCK-00037,investigation,2.4700000722077675e-05,1213,3,30,0.0,191014,ACL serializer; MobileAgentRuntime bundle serializer for A3,estimated_characters_div_4,synthetic-eval-v1
42,A3,TCK-00037,implementation,2.7799998861155473e-05,612,2,30,0.0,191583,ACL serializer; MobileAgentRuntime bundle serializer for A3,estimated_characters_div_4,synthetic-eval-v1
42,A3,TCK-00037,qa,2.429999949526973e-05,564,2,30,0.0,192139,ACL serializer; MobileAgentRuntime bundle serializer for A3,estimated_characters_div_4,synthetic-eval-v1
42,A3,TCK-00037,deployment,2.3799999326001853e-05,596,2,30,0.0,192715,ACL serializer; MobileAgentRuntime bundle serializer for A3,estimated_characters_div_4,synthetic-eval-v1
42,A3,TCK-00038,triage,3.319999996165279e-05,580,2,28,0.0,194135,ACL serializer; MobileAgentRuntime bundle serializer for A3,estimated_characters_div_4,synthetic-eval-v1
42,A3,TCK-00038,assignment,2.499999936844688e-05,596,2,28,0.0,194827,ACL serializer; MobileAgentRuntime bundle serializer for A3,estimated_characters_div_4,synthetic-eval-v1
42,A3,TCK-00038,investigation,2.499999936844688e-05,1213,3,28,0.0,195482,ACL serializer; MobileAgentRuntime bundle serializer for A3,estimated_characters_div_4,synthetic-eval-v1
42,A3,TCK-00038,implementation,2.3999999029911123e-05,612,2,28,0.0,196051,ACL serializer; MobileAgentRuntime bundle serializer for A3,estimated_characters_div_4,synthetic-eval-v1
42,A3,TCK-00038,qa,2.4599999960628338e-05,564,2,28,0.0,196607,ACL serializer; MobileAgentRuntime bundle serializer for A3,estimated_characters_div_4,synthetic-eval-v1
42,A3,TCK-00038,deployment,2.4400000256719068e-05,596,2,28,0.0,197471,ACL serializer; MobileAgentRuntime bundle serializer for A3,estimated_characters_div_4,synthetic-eval-v1
42,A3,TCK-00039,triage,2.3499998860643245e-05,580,2,30,0.0,198906,ACL serializer; MobileAgentRuntime bundle serializer for A3,estimated_characters_div_4,synthetic-eval-v1
42,A3,TCK-00039,assignment,2.4000000848900527e-05,596,2,30,0.0,199598,ACL serializer; MobileAgentRuntime bundle serializer for A3,estimated_characters_div_4,synthetic-eval-v1
42,A3,TCK-00039,investigation,2.5000001187436283e-05,1213,3,30,0.0,200253,ACL serializer; MobileAgentRuntime bundle serializer for A3,estimated_characters_div_4,synthetic-eval-v1
42,A3,TCK-00039,implementation,2.499999936844688e-05,612,2,30,0.0,200822,ACL serializer; MobileAgentRuntime bundle serializer for A3,estimated_characters_div_4,synthetic-eval-v1
42,A3,TCK-00039,qa,2.429999949526973e-05,564,2,30,0.0,201378,ACL serializer; MobileAgentRuntime bundle serializer for A3,estimated_characters_div_4,synthetic-eval-v1
42,A3,TCK-00039,deployment,2.3800001144991256e-05,596,2,30,0.0,201954,ACL serializer; MobileAgentRuntime bundle serializer for A3,estimated_characters_div_4,synthetic-eval-v1
42,A3,TCK-00040,triage,2.3399999918183312e-05,580,2,28,0.0,203398,ACL serializer; MobileAgentRuntime bundle serializer for A3,estimated_characters_div_4,synthetic-eval-v1
42,A3,TCK-00040,assignment,2.4200000552809797e-05,596,2,28,0.0,204090,ACL serializer; MobileAgentRuntime bundle serializer for A3,estimated_characters_div_4,synthetic-eval-v1
42,A3,TCK-00040,investigation,2.499999936844688e-05,1213,3,28,0.0,204745,ACL serializer; MobileAgentRuntime bundle serializer for A3,estimated_characters_div_4,synthetic-eval-v1
42,A3,TCK-00040,implementation,2.4199998733820394e-05,612,2,28,0.0,205314,ACL serializer; MobileAgentRuntime bundle serializer for A3,estimated_characters_div_4,synthetic-eval-v1
42,A3,TCK-00040,qa,2.390000008745119e-05,564,2,28,0.0,205870,ACL serializer; MobileAgentRuntime bundle serializer for A3,estimated_characters_div_4,synthetic-eval-v1
42,A3,TCK-00040,deployment,2.3800001144991256e-05,596,2,28,0.0,206446,ACL serializer; MobileAgentRuntime bundle serializer for A3,estimated_characters_div_4,synthetic-eval-v1
42,A3,TCK-00041,triage,2.390000008745119e-05,580,2,30,0.0,207978,ACL serializer; MobileAgentRuntime bundle serializer for A3,estimated_characters_div_4,synthetic-eval-v1
42,A3,TCK-00041,assignment,2.350000067963265e-05,596,2,30,0.0,208670,ACL serializer; MobileAgentRuntime bundle serializer for A3,estimated_characters_div_4,synthetic-eval-v1
42,A3,TCK-00041,investigation,2.4499999199179e-05,1213,3,30,0.0,209325,ACL serializer; MobileAgentRuntime bundle serializer for A3,estimated_characters_div_4,synthetic-eval-v1
42,A3,TCK-00041,implementation,2.370000038354192e-05,612,2,30,0.0,209894,ACL serializer; MobileAgentRuntime bundle serializer for A3,estimated_characters_div_4,synthetic-eval-v1
42,A3,TCK-00041,qa,2.3999999029911123e-05,564,2,30,0.0,210450,ACL serializer; MobileAgentRuntime bundle serializer for A3,estimated_characters_div_4,synthetic-eval-v1
42,A3,TCK-00041,deployment,2.4200000552809797e-05,596,2,30,0.0,211026,ACL serializer; MobileAgentRuntime bundle serializer for A3,estimated_characters_div_4,synthetic-eval-v1
42,A3,TCK-00042,triage,2.429999949526973e-05,580,2,36,0.0,212477,ACL serializer; MobileAgentRuntime bundle serializer for A3,estimated_characters_div_4,synthetic-eval-v1
42,A3,TCK-00042,assignment,2.3599999622092582e-05,596,2,36,0.0,213169,ACL serializer; MobileAgentRuntime bundle serializer for A3,estimated_characters_div_4,synthetic-eval-v1
42,A3,TCK-00042,investigation,2.409999979136046e-05,1213,3,36,0.0,213826,ACL serializer; MobileAgentRuntime bundle serializer for A3,estimated_characters_div_4,synthetic-eval-v1
42,A3,TCK-00042,implementation,3.4100001357728615e-05,612,2,36,0.0,214396,ACL serializer; MobileAgentRuntime bundle serializer for A3,estimated_characters_div_4,synthetic-eval-v1
42,A3,TCK-00042,qa,2.3600001441081986e-05,564,2,36,0.0,214949,ACL serializer; MobileAgentRuntime bundle serializer for A3,estimated_characters_div_4,synthetic-eval-v1
42,A3,TCK-00042,deployment,2.4200000552809797e-05,596,2,36,0.0,215525,ACL serializer; MobileAgentRuntime bundle serializer for A3,estimated_characters_div_4,synthetic-eval-v1
42,A3,TCK-00043,triage,2.390000008745119e-05,580,2,30,0.0,216994,ACL serializer; MobileAgentRuntime bundle serializer for A3,estimated_characters_div_4,synthetic-eval-v1
42,A3,TCK-00043,assignment,2.4000000848900527e-05,596,2,30,0.0,217686,ACL serializer; MobileAgentRuntime bundle serializer for A3,estimated_characters_div_4,synthetic-eval-v1
42,A3,TCK-00043,investigation,2.4800001483527012e-05,1213,3,30,0.0,218341,ACL serializer; MobileAgentRuntime bundle serializer for A3,estimated_characters_div_4,synthetic-eval-v1
42,A3,TCK-00043,implementation,2.390000008745119e-05,612,2,30,0.0,218910,ACL serializer; MobileAgentRuntime bundle serializer for A3,estimated_characters_div_4,synthetic-eval-v1
42,A3,TCK-00043,qa,2.3799999326001853e-05,564,2,30,0.0,219466,ACL serializer; MobileAgentRuntime bundle serializer for A3,estimated_characters_div_4,synthetic-eval-v1
42,A3,TCK-00043,deployment,2.3399999918183312e-05,596,2,30,0.0,220042,ACL serializer; MobileAgentRuntime bundle serializer for A3,estimated_characters_div_4,synthetic-eval-v1
42,A3,TCK-00044,triage,5.5199998314492404e-05,580,2,28,0.0,221446,ACL serializer; MobileAgentRuntime bundle serializer for A3,estimated_characters_div_4,synthetic-eval-v1
42,A3,TCK-00044,assignment,5.400000009103678e-05,596,2,28,0.0,222138,ACL serializer; MobileAgentRuntime bundle serializer for A3,estimated_characters_div_4,synthetic-eval-v1
42,A3,TCK-00044,investigation,4.7599998652003706e-05,1213,3,28,0.0,222793,ACL serializer; MobileAgentRuntime bundle serializer for A3,estimated_characters_div_4,synthetic-eval-v1
42,A3,TCK-00044,implementation,2.469999890308827e-05,612,2,28,0.0,223362,ACL serializer; MobileAgentRuntime bundle serializer for A3,estimated_characters_div_4,synthetic-eval-v1
42,A3,TCK-00044,qa,2.370000038354192e-05,564,2,28,0.0,223918,ACL serializer; MobileAgentRuntime bundle serializer for A3,estimated_characters_div_4,synthetic-eval-v1
42,A3,TCK-00044,deployment,2.4499999199179e-05,596,2,28,0.0,224814,ACL serializer; MobileAgentRuntime bundle serializer for A3,estimated_characters_div_4,synthetic-eval-v1
42,A3,TCK-00045,triage,2.4200000552809797e-05,580,2,30,0.0,226250,ACL serializer; MobileAgentRuntime bundle serializer for A3,estimated_characters_div_4,synthetic-eval-v1
42,A3,TCK-00045,assignment,2.4300001314259134e-05,596,2,30,0.0,226918,ACL serializer; MobileAgentRuntime bundle serializer for A3,estimated_characters_div_4,synthetic-eval-v1
42,A3,TCK-00045,investigation,2.4400000256719068e-05,1213,3,30,0.0,227573,ACL serializer; MobileAgentRuntime bundle serializer for A3,estimated_characters_div_4,synthetic-eval-v1
42,A3,TCK-00045,implementation,2.3999999029911123e-05,612,2,30,0.0,228142,ACL serializer; MobileAgentRuntime bundle serializer for A3,estimated_characters_div_4,synthetic-eval-v1
42,A3,TCK-00045,qa,2.3299999156733975e-05,564,2,30,0.0,228698,ACL serializer; MobileAgentRuntime bundle serializer for A3,estimated_characters_div_4,synthetic-eval-v1
42,A3,TCK-00045,deployment,2.4200000552809797e-05,596,2,30,0.0,229274,ACL serializer; MobileAgentRuntime bundle serializer for A3,estimated_characters_div_4,synthetic-eval-v1
42,A3,TCK-00046,triage,2.320000021427404e-05,580,2,28,0.0,230694,ACL serializer; MobileAgentRuntime bundle serializer for A3,estimated_characters_div_4,synthetic-eval-v1
42,A3,TCK-00046,assignment,2.390000008745119e-05,596,2,28,0.0,231386,ACL serializer; MobileAgentRuntime bundle serializer for A3,estimated_characters_div_4,synthetic-eval-v1
42,A3,TCK-00046,investigation,2.4499999199179e-05,1213,3,28,0.0,232041,ACL serializer; MobileAgentRuntime bundle serializer for A3,estimated_characters_div_4,synthetic-eval-v1
42,A3,TCK-00046,implementation,2.409999979136046e-05,612,2,28,0.0,232610,ACL serializer; MobileAgentRuntime bundle serializer for A3,estimated_characters_div_4,synthetic-eval-v1
42,A3,TCK-00046,qa,2.3600001441081986e-05,564,2,28,0.0,233166,ACL serializer; MobileAgentRuntime bundle serializer for A3,estimated_characters_div_4,synthetic-eval-v1
42,A3,TCK-00046,deployment,2.390000008745119e-05,596,2,28,0.0,233742,ACL serializer; MobileAgentRuntime bundle serializer for A3,estimated_characters_div_4,synthetic-eval-v1
42,A3,TCK-00047,triage,2.350000067963265e-05,580,2,30,0.0,235202,ACL serializer; MobileAgentRuntime bundle serializer for A3,estimated_characters_div_4,synthetic-eval-v1
42,A3,TCK-00047,assignment,2.4200000552809797e-05,596,2,30,0.0,235894,ACL serializer; MobileAgentRuntime bundle serializer for A3,estimated_characters_div_4,synthetic-eval-v1
42,A3,TCK-00047,investigation,2.5000001187436283e-05,1213,3,30,0.0,236549,ACL serializer; MobileAgentRuntime bundle serializer for A3,estimated_characters_div_4,synthetic-eval-v1
42,A3,TCK-00047,implementation,2.3699998564552516e-05,612,2,30,0.0,237118,ACL serializer; MobileAgentRuntime bundle serializer for A3,estimated_characters_div_4,synthetic-eval-v1
42,A3,TCK-00047,qa,2.3799999326001853e-05,564,2,30,0.0,237674,ACL serializer; MobileAgentRuntime bundle serializer for A3,estimated_characters_div_4,synthetic-eval-v1
42,A3,TCK-00047,deployment,2.3599999622092582e-05,596,2,30,0.0,238250,ACL serializer; MobileAgentRuntime bundle serializer for A3,estimated_characters_div_4,synthetic-eval-v1
42,A3,TCK-00048,triage,2.3299999156733975e-05,580,2,28,0.0,239695,ACL serializer; MobileAgentRuntime bundle serializer for A3,estimated_characters_div_4,synthetic-eval-v1
42,A3,TCK-00048,assignment,2.4400000256719068e-05,596,2,28,0.0,240387,ACL serializer; MobileAgentRuntime bundle serializer for A3,estimated_characters_div_4,synthetic-eval-v1
42,A3,TCK-00048,investigation,2.429999949526973e-05,1213,3,28,0.0,241042,ACL serializer; MobileAgentRuntime bundle serializer for A3,estimated_characters_div_4,synthetic-eval-v1
42,A3,TCK-00048,implementation,2.390000008745119e-05,612,2,28,0.0,241611,ACL serializer; MobileAgentRuntime bundle serializer for A3,estimated_characters_div_4,synthetic-eval-v1
42,A3,TCK-00048,qa,2.409999979136046e-05,564,2,28,0.0,242167,ACL serializer; MobileAgentRuntime bundle serializer for A3,estimated_characters_div_4,synthetic-eval-v1
42,A3,TCK-00048,deployment,2.3599999622092582e-05,596,2,28,0.0,242743,ACL serializer; MobileAgentRuntime bundle serializer for A3,estimated_characters_div_4,synthetic-eval-v1
42,A3,TCK-00049,triage,2.409999979136046e-05,580,2,38,0.0,244216,ACL serializer; MobileAgentRuntime bundle serializer for A3,estimated_characters_div_4,synthetic-eval-v1
42,A3,TCK-00049,assignment,2.4000000848900527e-05,596,2,38,0.0,244910,ACL serializer; MobileAgentRuntime bundle serializer for A3,estimated_characters_div_4,synthetic-eval-v1
42,A3,TCK-00049,investigation,5.509999937203247e-05,1213,3,38,0.0,245568,ACL serializer; MobileAgentRuntime bundle serializer for A3,estimated_characters_div_4,synthetic-eval-v1
42,A3,TCK-00049,implementation,2.4900000425986946e-05,612,2,38,0.0,246138,ACL serializer; MobileAgentRuntime bundle serializer for A3,estimated_characters_div_4,synthetic-eval-v1
42,A3,TCK-00049,qa,2.4199998733820394e-05,564,2,38,0.0,246688,ACL serializer; MobileAgentRuntime bundle serializer for A3,estimated_characters_div_4,synthetic-eval-v1
42,A3,TCK-00049,deployment,2.3600001441081986e-05,596,2,38,0.0,247266,ACL serializer; MobileAgentRuntime bundle serializer for A3,estimated_characters_div_4,synthetic-eval-v1
42,A3,TCK-00050,triage,2.4499999199179e-05,580,2,28,0.0,248711,ACL serializer; MobileAgentRuntime bundle serializer for A3,estimated_characters_div_4,synthetic-eval-v1
42,A3,TCK-00050,assignment,3.479999941191636e-05,596,2,28,0.0,249403,ACL serializer; MobileAgentRuntime bundle serializer for A3,estimated_characters_div_4,synthetic-eval-v1
42,A3,TCK-00050,investigation,2.6999998226528987e-05,1213,3,28,0.0,250058,ACL serializer; MobileAgentRuntime bundle serializer for A3,estimated_characters_div_4,synthetic-eval-v1
42,A3,TCK-00050,implementation,2.4499999199179e-05,612,2,28,0.0,250627,ACL serializer; MobileAgentRuntime bundle serializer for A3,estimated_characters_div_4,synthetic-eval-v1
42,A3,TCK-00050,qa,2.3499998860643245e-05,564,2,28,0.0,251183,ACL serializer; MobileAgentRuntime bundle serializer for A3,estimated_characters_div_4,synthetic-eval-v1
42,A3,TCK-00050,deployment,2.3800001144991256e-05,596,2,28,0.0,251759,ACL serializer; MobileAgentRuntime bundle serializer for A3,estimated_characters_div_4,synthetic-eval-v1
42,A3,TCK-00051,triage,2.390000008745119e-05,580,2,30,0.0,253179,ACL serializer; MobileAgentRuntime bundle serializer for A3,estimated_characters_div_4,synthetic-eval-v1
42,A3,TCK-00051,assignment,2.4700000722077675e-05,596,2,30,0.0,253871,ACL serializer; MobileAgentRuntime bundle serializer for A3,estimated_characters_div_4,synthetic-eval-v1
42,A3,TCK-00051,investigation,2.409999979136046e-05,1213,3,30,0.0,254526,ACL serializer; MobileAgentRuntime bundle serializer for A3,estimated_characters_div_4,synthetic-eval-v1
42,A3,TCK-00051,implementation,2.3799999326001853e-05,612,2,30,0.0,255447,ACL serializer; MobileAgentRuntime bundle serializer for A3,estimated_characters_div_4,synthetic-eval-v1
42,A3,TCK-00051,qa,2.409999979136046e-05,564,2,30,0.0,256003,ACL serializer; MobileAgentRuntime bundle serializer for A3,estimated_characters_div_4,synthetic-eval-v1
42,A3,TCK-00051,deployment,2.390000008745119e-05,596,2,30,0.0,256579,ACL serializer; MobileAgentRuntime bundle serializer for A3,estimated_characters_div_4,synthetic-eval-v1
42,A3,TCK-00052,triage,2.3800001144991256e-05,580,2,28,0.0,257998,ACL serializer; MobileAgentRuntime bundle serializer for A3,estimated_characters_div_4,synthetic-eval-v1
42,A3,TCK-00052,assignment,2.4100001610349864e-05,596,2,28,0.0,258690,ACL serializer; MobileAgentRuntime bundle serializer for A3,estimated_characters_div_4,synthetic-eval-v1
42,A3,TCK-00052,investigation,2.429999949526973e-05,1213,3,28,0.0,259345,ACL serializer; MobileAgentRuntime bundle serializer for A3,estimated_characters_div_4,synthetic-eval-v1
42,A3,TCK-00052,implementation,2.3399999918183312e-05,612,2,28,0.0,259914,ACL serializer; MobileAgentRuntime bundle serializer for A3,estimated_characters_div_4,synthetic-eval-v1
42,A3,TCK-00052,qa,2.4300001314259134e-05,564,2,28,0.0,260470,ACL serializer; MobileAgentRuntime bundle serializer for A3,estimated_characters_div_4,synthetic-eval-v1
42,A3,TCK-00052,deployment,2.390000008745119e-05,596,2,28,0.0,261046,ACL serializer; MobileAgentRuntime bundle serializer for A3,estimated_characters_div_4,synthetic-eval-v1
42,A3,TCK-00053,triage,2.3299999156733975e-05,580,2,30,0.0,262578,ACL serializer; MobileAgentRuntime bundle serializer for A3,estimated_characters_div_4,synthetic-eval-v1
42,A3,TCK-00053,assignment,2.409999979136046e-05,596,2,30,0.0,263270,ACL serializer; MobileAgentRuntime bundle serializer for A3,estimated_characters_div_4,synthetic-eval-v1
42,A3,TCK-00053,investigation,3.1800000215298496e-05,1213,3,30,0.015625,263925,ACL serializer; MobileAgentRuntime bundle serializer for A3,estimated_characters_div_4,synthetic-eval-v1
42,A3,TCK-00053,implementation,2.390000008745119e-05,612,2,30,0.0,264494,ACL serializer; MobileAgentRuntime bundle serializer for A3,estimated_characters_div_4,synthetic-eval-v1
42,A3,TCK-00053,qa,2.3699998564552516e-05,564,2,30,0.0,265050,ACL serializer; MobileAgentRuntime bundle serializer for A3,estimated_characters_div_4,synthetic-eval-v1
42,A3,TCK-00053,deployment,2.370000038354192e-05,596,2,30,0.0,265626,ACL serializer; MobileAgentRuntime bundle serializer for A3,estimated_characters_div_4,synthetic-eval-v1
42,A3,TCK-00054,triage,2.3400001737172715e-05,580,2,28,0.0,267045,ACL serializer; MobileAgentRuntime bundle serializer for A3,estimated_characters_div_4,synthetic-eval-v1
42,A3,TCK-00054,assignment,2.4599999960628338e-05,596,2,28,0.0,267737,ACL serializer; MobileAgentRuntime bundle serializer for A3,estimated_characters_div_4,synthetic-eval-v1
42,A3,TCK-00054,investigation,2.519999907235615e-05,1213,3,28,0.0,268392,ACL serializer; MobileAgentRuntime bundle serializer for A3,estimated_characters_div_4,synthetic-eval-v1
42,A3,TCK-00054,implementation,2.4200000552809797e-05,612,2,28,0.0,268961,ACL serializer; MobileAgentRuntime bundle serializer for A3,estimated_characters_div_4,synthetic-eval-v1
42,A3,TCK-00054,qa,2.370000038354192e-05,564,2,28,0.0,269517,ACL serializer; MobileAgentRuntime bundle serializer for A3,estimated_characters_div_4,synthetic-eval-v1
42,A3,TCK-00054,deployment,2.3599999622092582e-05,596,2,28,0.0,270093,ACL serializer; MobileAgentRuntime bundle serializer for A3,estimated_characters_div_4,synthetic-eval-v1
42,A3,TCK-00055,triage,2.4300001314259134e-05,580,2,30,0.0,271530,ACL serializer; MobileAgentRuntime bundle serializer for A3,estimated_characters_div_4,synthetic-eval-v1
42,A3,TCK-00055,assignment,2.409999979136046e-05,596,2,30,0.0,272222,ACL serializer; MobileAgentRuntime bundle serializer for A3,estimated_characters_div_4,synthetic-eval-v1
42,A3,TCK-00055,investigation,2.4200000552809797e-05,1213,3,30,0.0,272877,ACL serializer; MobileAgentRuntime bundle serializer for A3,estimated_characters_div_4,synthetic-eval-v1
42,A3,TCK-00055,implementation,2.390000008745119e-05,612,2,30,0.0,273446,ACL serializer; MobileAgentRuntime bundle serializer for A3,estimated_characters_div_4,synthetic-eval-v1
42,A3,TCK-00055,qa,2.3800001144991256e-05,564,2,30,0.0,274002,ACL serializer; MobileAgentRuntime bundle serializer for A3,estimated_characters_div_4,synthetic-eval-v1
42,A3,TCK-00055,deployment,2.4200000552809797e-05,596,2,30,0.0,274578,ACL serializer; MobileAgentRuntime bundle serializer for A3,estimated_characters_div_4,synthetic-eval-v1
42,A3,TCK-00056,triage,4.579999949783087e-05,580,2,36,0.0,276029,ACL serializer; MobileAgentRuntime bundle serializer for A3,estimated_characters_div_4,synthetic-eval-v1
42,A3,TCK-00056,assignment,5.1700000767596066e-05,596,2,36,0.0,276697,ACL serializer; MobileAgentRuntime bundle serializer for A3,estimated_characters_div_4,synthetic-eval-v1
42,A3,TCK-00056,investigation,4.1900000724126585e-05,1213,3,36,0.0,277354,ACL serializer; MobileAgentRuntime bundle serializer for A3,estimated_characters_div_4,synthetic-eval-v1
42,A3,TCK-00056,implementation,2.539999877626542e-05,612,2,36,0.0,277924,ACL serializer; MobileAgentRuntime bundle serializer for A3,estimated_characters_div_4,synthetic-eval-v1
42,A3,TCK-00056,qa,2.4800001483527012e-05,564,2,36,0.0,278477,ACL serializer; MobileAgentRuntime bundle serializer for A3,estimated_characters_div_4,synthetic-eval-v1
42,A3,TCK-00056,deployment,2.429999949526973e-05,596,2,36,0.0,279053,ACL serializer; MobileAgentRuntime bundle serializer for A3,estimated_characters_div_4,synthetic-eval-v1
42,A3,TCK-00057,triage,2.499999936844688e-05,580,2,30,0.0,280522,ACL serializer; MobileAgentRuntime bundle serializer for A3,estimated_characters_div_4,synthetic-eval-v1
42,A3,TCK-00057,assignment,2.4400000256719068e-05,596,2,30,0.0,281214,ACL serializer; MobileAgentRuntime bundle serializer for A3,estimated_characters_div_4,synthetic-eval-v1
42,A3,TCK-00057,investigation,2.4599999960628338e-05,1213,3,30,0.0,281869,ACL serializer; MobileAgentRuntime bundle serializer for A3,estimated_characters_div_4,synthetic-eval-v1
42,A3,TCK-00057,implementation,2.4000000848900527e-05,612,2,30,0.0,282438,ACL serializer; MobileAgentRuntime bundle serializer for A3,estimated_characters_div_4,synthetic-eval-v1
42,A3,TCK-00057,qa,2.4599999960628338e-05,564,2,30,0.0,282994,ACL serializer; MobileAgentRuntime bundle serializer for A3,estimated_characters_div_4,synthetic-eval-v1
42,A3,TCK-00057,deployment,2.409999979136046e-05,596,2,30,0.0,283570,ACL serializer; MobileAgentRuntime bundle serializer for A3,estimated_characters_div_4,synthetic-eval-v1
42,A3,TCK-00058,triage,2.350000067963265e-05,580,2,28,0.0,284974,ACL serializer; MobileAgentRuntime bundle serializer for A3,estimated_characters_div_4,synthetic-eval-v1
42,A3,TCK-00058,assignment,2.4199998733820394e-05,596,2,28,0.0,285666,ACL serializer; MobileAgentRuntime bundle serializer for A3,estimated_characters_div_4,synthetic-eval-v1
42,A3,TCK-00058,investigation,2.5000001187436283e-05,1213,3,28,0.0,286321,ACL serializer; MobileAgentRuntime bundle serializer for A3,estimated_characters_div_4,synthetic-eval-v1
42,A3,TCK-00058,implementation,2.4900000425986946e-05,612,2,28,0.0,286890,ACL serializer; MobileAgentRuntime bundle serializer for A3,estimated_characters_div_4,synthetic-eval-v1
42,A3,TCK-00058,qa,2.4200000552809797e-05,564,2,28,0.0,287446,ACL serializer; MobileAgentRuntime bundle serializer for A3,estimated_characters_div_4,synthetic-eval-v1
42,A3,TCK-00058,deployment,2.4400000256719068e-05,596,2,28,0.0,288406,ACL serializer; MobileAgentRuntime bundle serializer for A3,estimated_characters_div_4,synthetic-eval-v1
42,A3,TCK-00059,triage,2.3599999622092582e-05,580,2,30,0.0,289842,ACL serializer; MobileAgentRuntime bundle serializer for A3,estimated_characters_div_4,synthetic-eval-v1
42,A3,TCK-00059,assignment,2.3799999326001853e-05,596,2,30,0.0,290534,ACL serializer; MobileAgentRuntime bundle serializer for A3,estimated_characters_div_4,synthetic-eval-v1
42,A3,TCK-00059,investigation,2.499999936844688e-05,1213,3,30,0.0,291189,ACL serializer; MobileAgentRuntime bundle serializer for A3,estimated_characters_div_4,synthetic-eval-v1
42,A3,TCK-00059,implementation,2.4900000425986946e-05,612,2,30,0.0,291758,ACL serializer; MobileAgentRuntime bundle serializer for A3,estimated_characters_div_4,synthetic-eval-v1
42,A3,TCK-00059,qa,2.3899998268461786e-05,564,2,30,0.0,292314,ACL serializer; MobileAgentRuntime bundle serializer for A3,estimated_characters_div_4,synthetic-eval-v1
42,A3,TCK-00059,deployment,2.5200000891345553e-05,596,2,30,0.0,292890,ACL serializer; MobileAgentRuntime bundle serializer for A3,estimated_characters_div_4,synthetic-eval-v1
42,A3,TCK-00060,triage,2.429999949526973e-05,580,2,28,0.0,294310,ACL serializer; MobileAgentRuntime bundle serializer for A3,estimated_characters_div_4,synthetic-eval-v1
42,A3,TCK-00060,assignment,2.390000008745119e-05,596,2,28,0.0,295002,ACL serializer; MobileAgentRuntime bundle serializer for A3,estimated_characters_div_4,synthetic-eval-v1
42,A3,TCK-00060,investigation,2.429999949526973e-05,1213,3,28,0.0,295657,ACL serializer; MobileAgentRuntime bundle serializer for A3,estimated_characters_div_4,synthetic-eval-v1
42,A3,TCK-00060,implementation,2.370000038354192e-05,612,2,28,0.0,296226,ACL serializer; MobileAgentRuntime bundle serializer for A3,estimated_characters_div_4,synthetic-eval-v1
42,A3,TCK-00060,qa,2.350000067963265e-05,564,2,28,0.0,296782,ACL serializer; MobileAgentRuntime bundle serializer for A3,estimated_characters_div_4,synthetic-eval-v1
42,A3,TCK-00060,deployment,2.4200000552809797e-05,596,2,28,0.0,297358,ACL serializer; MobileAgentRuntime bundle serializer for A3,estimated_characters_div_4,synthetic-eval-v1
42,A3,TCK-00061,triage,2.3799999326001853e-05,580,2,30,0.0,298795,ACL serializer; MobileAgentRuntime bundle serializer for A3,estimated_characters_div_4,synthetic-eval-v1
42,A3,TCK-00061,assignment,2.390000008745119e-05,596,2,30,0.0,299487,ACL serializer; MobileAgentRuntime bundle serializer for A3,estimated_characters_div_4,synthetic-eval-v1
42,A3,TCK-00061,investigation,2.479999966453761e-05,1213,3,30,0.0,300142,ACL serializer; MobileAgentRuntime bundle serializer for A3,estimated_characters_div_4,synthetic-eval-v1
42,A3,TCK-00061,implementation,3.179999839630909e-05,612,2,30,0.0,300711,ACL serializer; MobileAgentRuntime bundle serializer for A3,estimated_characters_div_4,synthetic-eval-v1
42,A3,TCK-00061,qa,2.390000008745119e-05,564,2,30,0.0,301267,ACL serializer; MobileAgentRuntime bundle serializer for A3,estimated_characters_div_4,synthetic-eval-v1
42,A3,TCK-00061,deployment,2.409999979136046e-05,596,2,30,0.0,301843,ACL serializer; MobileAgentRuntime bundle serializer for A3,estimated_characters_div_4,synthetic-eval-v1
42,A3,TCK-00062,triage,2.3499998860643245e-05,580,2,28,0.0,303263,ACL serializer; MobileAgentRuntime bundle serializer for A3,estimated_characters_div_4,synthetic-eval-v1
42,A3,TCK-00062,assignment,2.390000008745119e-05,596,2,28,0.0,303955,ACL serializer; MobileAgentRuntime bundle serializer for A3,estimated_characters_div_4,synthetic-eval-v1
42,A3,TCK-00062,investigation,2.5100000129896216e-05,1213,3,28,0.0,304610,ACL serializer; MobileAgentRuntime bundle serializer for A3,estimated_characters_div_4,synthetic-eval-v1
42,A3,TCK-00062,implementation,6.740000026184134e-05,612,2,28,0.0,305179,ACL serializer; MobileAgentRuntime bundle serializer for A3,estimated_characters_div_4,synthetic-eval-v1
42,A3,TCK-00062,qa,2.9400000130408444e-05,564,2,28,0.0,305735,ACL serializer; MobileAgentRuntime bundle serializer for A3,estimated_characters_div_4,synthetic-eval-v1
42,A3,TCK-00062,deployment,2.4599999960628338e-05,596,2,28,0.0,306311,ACL serializer; MobileAgentRuntime bundle serializer for A3,estimated_characters_div_4,synthetic-eval-v1
42,A3,TCK-00063,triage,2.4300001314259134e-05,580,2,38,0.0,307784,ACL serializer; MobileAgentRuntime bundle serializer for A3,estimated_characters_div_4,synthetic-eval-v1
42,A3,TCK-00063,assignment,2.429999949526973e-05,596,2,38,0.0,308478,ACL serializer; MobileAgentRuntime bundle serializer for A3,estimated_characters_div_4,synthetic-eval-v1
42,A3,TCK-00063,investigation,2.4499999199179e-05,1213,3,38,0.0,309136,ACL serializer; MobileAgentRuntime bundle serializer for A3,estimated_characters_div_4,synthetic-eval-v1
42,A3,TCK-00063,implementation,2.4400000256719068e-05,612,2,38,0.0,309706,ACL serializer; MobileAgentRuntime bundle serializer for A3,estimated_characters_div_4,synthetic-eval-v1
42,A3,TCK-00063,qa,2.4200000552809797e-05,564,2,38,0.0,310256,ACL serializer; MobileAgentRuntime bundle serializer for A3,estimated_characters_div_4,synthetic-eval-v1
42,A3,TCK-00063,deployment,2.479999966453761e-05,596,2,38,0.0,310834,ACL serializer; MobileAgentRuntime bundle serializer for A3,estimated_characters_div_4,synthetic-eval-v1
42,A3,TCK-00064,triage,2.3599999622092582e-05,580,2,28,0.0,312279,ACL serializer; MobileAgentRuntime bundle serializer for A3,estimated_characters_div_4,synthetic-eval-v1
42,A3,TCK-00064,assignment,2.4499999199179e-05,596,2,28,0.0,312971,ACL serializer; MobileAgentRuntime bundle serializer for A3,estimated_characters_div_4,synthetic-eval-v1
42,A3,TCK-00064,investigation,2.469999890308827e-05,1213,3,28,0.0,313626,ACL serializer; MobileAgentRuntime bundle serializer for A3,estimated_characters_div_4,synthetic-eval-v1
42,A3,TCK-00064,implementation,2.5800000003073364e-05,612,2,28,0.0,314195,ACL serializer; MobileAgentRuntime bundle serializer for A3,estimated_characters_div_4,synthetic-eval-v1
42,A3,TCK-00064,qa,2.429999949526973e-05,564,2,28,0.0,314751,ACL serializer; MobileAgentRuntime bundle serializer for A3,estimated_characters_div_4,synthetic-eval-v1
42,A3,TCK-00064,deployment,2.4599999960628338e-05,596,2,28,0.0,315327,ACL serializer; MobileAgentRuntime bundle serializer for A3,estimated_characters_div_4,synthetic-eval-v1
42,A3,TCK-00065,triage,2.350000067963265e-05,580,2,30,0.0,316842,ACL serializer; MobileAgentRuntime bundle serializer for A3,estimated_characters_div_4,synthetic-eval-v1
42,A3,TCK-00065,assignment,2.409999979136046e-05,596,2,30,0.0,317534,ACL serializer; MobileAgentRuntime bundle serializer for A3,estimated_characters_div_4,synthetic-eval-v1
42,A3,TCK-00065,investigation,2.5100000129896216e-05,1213,3,30,0.0,318189,ACL serializer; MobileAgentRuntime bundle serializer for A3,estimated_characters_div_4,synthetic-eval-v1
42,A3,TCK-00065,implementation,2.409999979136046e-05,612,2,30,0.0,318758,ACL serializer; MobileAgentRuntime bundle serializer for A3,estimated_characters_div_4,synthetic-eval-v1
42,A3,TCK-00065,qa,2.3799999326001853e-05,564,2,30,0.0,319314,ACL serializer; MobileAgentRuntime bundle serializer for A3,estimated_characters_div_4,synthetic-eval-v1
42,A3,TCK-00065,deployment,2.4199998733820394e-05,596,2,30,0.0,319890,ACL serializer; MobileAgentRuntime bundle serializer for A3,estimated_characters_div_4,synthetic-eval-v1
42,A3,TCK-00066,triage,2.3399999918183312e-05,580,2,28,0.0,321310,ACL serializer; MobileAgentRuntime bundle serializer for A3,estimated_characters_div_4,synthetic-eval-v1
42,A3,TCK-00066,assignment,2.4599999960628338e-05,596,2,28,0.0,322002,ACL serializer; MobileAgentRuntime bundle serializer for A3,estimated_characters_div_4,synthetic-eval-v1
42,A3,TCK-00066,investigation,2.4300001314259134e-05,1213,3,28,0.0,322657,ACL serializer; MobileAgentRuntime bundle serializer for A3,estimated_characters_div_4,synthetic-eval-v1
42,A3,TCK-00066,implementation,2.390000008745119e-05,612,2,28,0.0,323226,ACL serializer; MobileAgentRuntime bundle serializer for A3,estimated_characters_div_4,synthetic-eval-v1
42,A3,TCK-00066,qa,2.3399999918183312e-05,564,2,28,0.0,323782,ACL serializer; MobileAgentRuntime bundle serializer for A3,estimated_characters_div_4,synthetic-eval-v1
42,A3,TCK-00066,deployment,2.469999890308827e-05,596,2,28,0.0,324806,ACL serializer; MobileAgentRuntime bundle serializer for A3,estimated_characters_div_4,synthetic-eval-v1
42,A3,TCK-00067,triage,2.390000008745119e-05,580,2,30,0.0,326242,ACL serializer; MobileAgentRuntime bundle serializer for A3,estimated_characters_div_4,synthetic-eval-v1
42,A3,TCK-00067,assignment,2.370000038354192e-05,596,2,30,0.0,326910,ACL serializer; MobileAgentRuntime bundle serializer for A3,estimated_characters_div_4,synthetic-eval-v1
42,A3,TCK-00067,investigation,2.4599999960628338e-05,1213,3,30,0.0,327565,ACL serializer; MobileAgentRuntime bundle serializer for A3,estimated_characters_div_4,synthetic-eval-v1
42,A3,TCK-00067,implementation,2.4100001610349864e-05,612,2,30,0.0,328134,ACL serializer; MobileAgentRuntime bundle serializer for A3,estimated_characters_div_4,synthetic-eval-v1
42,A3,TCK-00067,qa,2.469999890308827e-05,564,2,30,0.0,328690,ACL serializer; MobileAgentRuntime bundle serializer for A3,estimated_characters_div_4,synthetic-eval-v1
42,A3,TCK-00067,deployment,2.390000008745119e-05,596,2,30,0.0,329266,ACL serializer; MobileAgentRuntime bundle serializer for A3,estimated_characters_div_4,synthetic-eval-v1
42,A3,TCK-00068,triage,5.549999877985101e-05,580,2,28,0.0,330710,ACL serializer; MobileAgentRuntime bundle serializer for A3,estimated_characters_div_4,synthetic-eval-v1
42,A3,TCK-00068,assignment,2.719999974942766e-05,596,2,28,0.0,331402,ACL serializer; MobileAgentRuntime bundle serializer for A3,estimated_characters_div_4,synthetic-eval-v1
42,A3,TCK-00068,investigation,2.5699999241624027e-05,1213,3,28,0.0,332057,ACL serializer; MobileAgentRuntime bundle serializer for A3,estimated_characters_div_4,synthetic-eval-v1
42,A3,TCK-00068,implementation,2.390000008745119e-05,612,2,28,0.0,332626,ACL serializer; MobileAgentRuntime bundle serializer for A3,estimated_characters_div_4,synthetic-eval-v1
42,A3,TCK-00068,qa,2.4199998733820394e-05,564,2,28,0.0,333182,ACL serializer; MobileAgentRuntime bundle serializer for A3,estimated_characters_div_4,synthetic-eval-v1
42,A3,TCK-00068,deployment,2.5999999706982635e-05,596,2,28,0.0,333758,ACL serializer; MobileAgentRuntime bundle serializer for A3,estimated_characters_div_4,synthetic-eval-v1
42,A3,TCK-00069,triage,2.9599999834317714e-05,580,2,30,0.0,335193,ACL serializer; MobileAgentRuntime bundle serializer for A3,estimated_characters_div_4,synthetic-eval-v1
42,A3,TCK-00069,assignment,2.479999966453761e-05,596,2,30,0.0,335885,ACL serializer; MobileAgentRuntime bundle serializer for A3,estimated_characters_div_4,synthetic-eval-v1
42,A3,TCK-00069,investigation,2.4499999199179e-05,1213,3,30,0.0,336540,ACL serializer; MobileAgentRuntime bundle serializer for A3,estimated_characters_div_4,synthetic-eval-v1
42,A3,TCK-00069,implementation,2.4000000848900527e-05,612,2,30,0.0,337109,ACL serializer; MobileAgentRuntime bundle serializer for A3,estimated_characters_div_4,synthetic-eval-v1
42,A3,TCK-00069,qa,2.3800001144991256e-05,564,2,30,0.0,337665,ACL serializer; MobileAgentRuntime bundle serializer for A3,estimated_characters_div_4,synthetic-eval-v1
42,A3,TCK-00069,deployment,2.429999949526973e-05,596,2,30,0.0,338241,ACL serializer; MobileAgentRuntime bundle serializer for A3,estimated_characters_div_4,synthetic-eval-v1
42,A3,TCK-00070,triage,2.4300001314259134e-05,580,2,36,0.0,339692,ACL serializer; MobileAgentRuntime bundle serializer for A3,estimated_characters_div_4,synthetic-eval-v1
42,A3,TCK-00070,assignment,2.3799999326001853e-05,596,2,36,0.0,340384,ACL serializer; MobileAgentRuntime bundle serializer for A3,estimated_characters_div_4,synthetic-eval-v1
42,A3,TCK-00070,investigation,2.4499999199179e-05,1213,3,36,0.0,341040,ACL serializer; MobileAgentRuntime bundle serializer for A3,estimated_characters_div_4,synthetic-eval-v1
42,A3,TCK-00070,implementation,2.390000008745119e-05,612,2,36,0.0,341610,ACL serializer; MobileAgentRuntime bundle serializer for A3,estimated_characters_div_4,synthetic-eval-v1
42,A3,TCK-00070,qa,2.4599999960628338e-05,564,2,36,0.0,342164,ACL serializer; MobileAgentRuntime bundle serializer for A3,estimated_characters_div_4,synthetic-eval-v1
42,A3,TCK-00070,deployment,2.4000000848900527e-05,596,2,36,0.0,342740,ACL serializer; MobileAgentRuntime bundle serializer for A3,estimated_characters_div_4,synthetic-eval-v1
42,A3,TCK-00071,triage,2.409999979136046e-05,580,2,30,0.0,344234,ACL serializer; MobileAgentRuntime bundle serializer for A3,estimated_characters_div_4,synthetic-eval-v1
42,A3,TCK-00071,assignment,2.4000000848900527e-05,596,2,30,0.0,344926,ACL serializer; MobileAgentRuntime bundle serializer for A3,estimated_characters_div_4,synthetic-eval-v1
42,A3,TCK-00071,investigation,2.429999949526973e-05,1213,3,30,0.0,345581,ACL serializer; MobileAgentRuntime bundle serializer for A3,estimated_characters_div_4,synthetic-eval-v1
42,A3,TCK-00071,implementation,2.3800001144991256e-05,612,2,30,0.0,346150,ACL serializer; MobileAgentRuntime bundle serializer for A3,estimated_characters_div_4,synthetic-eval-v1
42,A3,TCK-00071,qa,2.390000008745119e-05,564,2,30,0.0,346706,ACL serializer; MobileAgentRuntime bundle serializer for A3,estimated_characters_div_4,synthetic-eval-v1
42,A3,TCK-00071,deployment,2.350000067963265e-05,596,2,30,0.0,347282,ACL serializer; MobileAgentRuntime bundle serializer for A3,estimated_characters_div_4,synthetic-eval-v1
42,A3,TCK-00072,triage,2.3799999326001853e-05,580,2,28,0.0,348686,ACL serializer; MobileAgentRuntime bundle serializer for A3,estimated_characters_div_4,synthetic-eval-v1
42,A3,TCK-00072,assignment,2.429999949526973e-05,596,2,28,0.0,349378,ACL serializer; MobileAgentRuntime bundle serializer for A3,estimated_characters_div_4,synthetic-eval-v1
42,A3,TCK-00072,investigation,2.390000008745119e-05,1213,3,28,0.0,350033,ACL serializer; MobileAgentRuntime bundle serializer for A3,estimated_characters_div_4,synthetic-eval-v1
42,A3,TCK-00072,implementation,2.370000038354192e-05,612,2,28,0.0,350602,ACL serializer; MobileAgentRuntime bundle serializer for A3,estimated_characters_div_4,synthetic-eval-v1
42,A3,TCK-00072,qa,2.3399999918183312e-05,564,2,28,0.0,351158,ACL serializer; MobileAgentRuntime bundle serializer for A3,estimated_characters_div_4,synthetic-eval-v1
42,A3,TCK-00072,deployment,2.3599999622092582e-05,596,2,28,0.0,351734,ACL serializer; MobileAgentRuntime bundle serializer for A3,estimated_characters_div_4,synthetic-eval-v1
42,A3,TCK-00073,triage,2.409999979136046e-05,580,2,30,0.0,353170,ACL serializer; MobileAgentRuntime bundle serializer for A3,estimated_characters_div_4,synthetic-eval-v1
42,A3,TCK-00073,assignment,2.429999949526973e-05,596,2,30,0.0,353862,ACL serializer; MobileAgentRuntime bundle serializer for A3,estimated_characters_div_4,synthetic-eval-v1
42,A3,TCK-00073,investigation,2.4200000552809797e-05,1213,3,30,0.0,354517,ACL serializer; MobileAgentRuntime bundle serializer for A3,estimated_characters_div_4,synthetic-eval-v1
42,A3,TCK-00073,implementation,2.390000008745119e-05,612,2,30,0.0,355086,ACL serializer; MobileAgentRuntime bundle serializer for A3,estimated_characters_div_4,synthetic-eval-v1
42,A3,TCK-00073,qa,2.4400000256719068e-05,564,2,30,0.0,355642,ACL serializer; MobileAgentRuntime bundle serializer for A3,estimated_characters_div_4,synthetic-eval-v1
42,A3,TCK-00073,deployment,2.3599999622092582e-05,596,2,30,0.0,356218,ACL serializer; MobileAgentRuntime bundle serializer for A3,estimated_characters_div_4,synthetic-eval-v1
42,A3,TCK-00074,triage,2.3099999452824704e-05,580,2,28,0.0,357639,ACL serializer; MobileAgentRuntime bundle serializer for A3,estimated_characters_div_4,synthetic-eval-v1
42,A3,TCK-00074,assignment,2.390000008745119e-05,596,2,28,0.0,358331,ACL serializer; MobileAgentRuntime bundle serializer for A3,estimated_characters_div_4,synthetic-eval-v1
42,A3,TCK-00074,investigation,2.409999979136046e-05,1213,3,28,0.0,358986,ACL serializer; MobileAgentRuntime bundle serializer for A3,estimated_characters_div_4,synthetic-eval-v1
42,A3,TCK-00074,implementation,2.4599999960628338e-05,612,2,28,0.0,359555,ACL serializer; MobileAgentRuntime bundle serializer for A3,estimated_characters_div_4,synthetic-eval-v1
42,A3,TCK-00074,qa,2.390000008745119e-05,564,2,28,0.0,360111,ACL serializer; MobileAgentRuntime bundle serializer for A3,estimated_characters_div_4,synthetic-eval-v1
42,A3,TCK-00074,deployment,2.700000004551839e-05,596,2,28,0.0,360687,ACL serializer; MobileAgentRuntime bundle serializer for A3,estimated_characters_div_4,synthetic-eval-v1
42,A3,TCK-00075,triage,2.409999979136046e-05,580,2,30,0.0,362123,ACL serializer; MobileAgentRuntime bundle serializer for A3,estimated_characters_div_4,synthetic-eval-v1
42,A3,TCK-00075,assignment,2.499999936844688e-05,596,2,30,0.0,362815,ACL serializer; MobileAgentRuntime bundle serializer for A3,estimated_characters_div_4,synthetic-eval-v1
42,A3,TCK-00075,investigation,3.509999987727497e-05,1213,3,30,0.0,363470,ACL serializer; MobileAgentRuntime bundle serializer for A3,estimated_characters_div_4,synthetic-eval-v1
42,A3,TCK-00075,implementation,2.499999936844688e-05,612,2,30,0.0,364039,ACL serializer; MobileAgentRuntime bundle serializer for A3,estimated_characters_div_4,synthetic-eval-v1
42,A3,TCK-00075,qa,2.390000008745119e-05,564,2,30,0.0,364595,ACL serializer; MobileAgentRuntime bundle serializer for A3,estimated_characters_div_4,synthetic-eval-v1
42,A3,TCK-00075,deployment,2.4200000552809797e-05,596,2,30,0.0,365171,ACL serializer; MobileAgentRuntime bundle serializer for A3,estimated_characters_div_4,synthetic-eval-v1
42,A3,TCK-00076,triage,2.3999999029911123e-05,580,2,28,0.0,366591,ACL serializer; MobileAgentRuntime bundle serializer for A3,estimated_characters_div_4,synthetic-eval-v1
42,A3,TCK-00076,assignment,2.4599999960628338e-05,596,2,28,0.0,367795,ACL serializer; MobileAgentRuntime bundle serializer for A3,estimated_characters_div_4,synthetic-eval-v1
42,A3,TCK-00076,investigation,2.4500001018168405e-05,1213,3,28,0.0,368450,ACL serializer; MobileAgentRuntime bundle serializer for A3,estimated_characters_div_4,synthetic-eval-v1
42,A3,TCK-00076,implementation,2.4000000848900527e-05,612,2,28,0.0,369019,ACL serializer; MobileAgentRuntime bundle serializer for A3,estimated_characters_div_4,synthetic-eval-v1
42,A3,TCK-00076,qa,2.4000000848900527e-05,564,2,28,0.0,369575,ACL serializer; MobileAgentRuntime bundle serializer for A3,estimated_characters_div_4,synthetic-eval-v1
42,A3,TCK-00076,deployment,2.3399999918183312e-05,596,2,28,0.0,370151,ACL serializer; MobileAgentRuntime bundle serializer for A3,estimated_characters_div_4,synthetic-eval-v1
42,A3,TCK-00077,triage,2.3799999326001853e-05,580,2,38,0.0,371752,ACL serializer; MobileAgentRuntime bundle serializer for A3,estimated_characters_div_4,synthetic-eval-v1
42,A3,TCK-00077,assignment,2.3799999326001853e-05,596,2,38,0.0,372446,ACL serializer; MobileAgentRuntime bundle serializer for A3,estimated_characters_div_4,synthetic-eval-v1
42,A3,TCK-00077,investigation,2.429999949526973e-05,1213,3,38,0.0,373104,ACL serializer; MobileAgentRuntime bundle serializer for A3,estimated_characters_div_4,synthetic-eval-v1
42,A3,TCK-00077,implementation,2.4400000256719068e-05,612,2,38,0.0,373674,ACL serializer; MobileAgentRuntime bundle serializer for A3,estimated_characters_div_4,synthetic-eval-v1
42,A3,TCK-00077,qa,2.3600001441081986e-05,564,2,38,0.0,374224,ACL serializer; MobileAgentRuntime bundle serializer for A3,estimated_characters_div_4,synthetic-eval-v1
42,A3,TCK-00077,deployment,2.3999999029911123e-05,596,2,38,0.0,374802,ACL serializer; MobileAgentRuntime bundle serializer for A3,estimated_characters_div_4,synthetic-eval-v1
42,A3,TCK-00078,triage,2.3599999622092582e-05,580,2,28,0.0,376246,ACL serializer; MobileAgentRuntime bundle serializer for A3,estimated_characters_div_4,synthetic-eval-v1
42,A3,TCK-00078,assignment,2.370000038354192e-05,596,2,28,0.0,376914,ACL serializer; MobileAgentRuntime bundle serializer for A3,estimated_characters_div_4,synthetic-eval-v1
42,A3,TCK-00078,investigation,2.479999966453761e-05,1213,3,28,0.0,377569,ACL serializer; MobileAgentRuntime bundle serializer for A3,estimated_characters_div_4,synthetic-eval-v1
42,A3,TCK-00078,implementation,2.3599999622092582e-05,612,2,28,0.0,378138,ACL serializer; MobileAgentRuntime bundle serializer for A3,estimated_characters_div_4,synthetic-eval-v1
42,A3,TCK-00078,qa,2.370000038354192e-05,564,2,28,0.0,378694,ACL serializer; MobileAgentRuntime bundle serializer for A3,estimated_characters_div_4,synthetic-eval-v1
42,A3,TCK-00078,deployment,2.3599999622092582e-05,596,2,28,0.0,379270,ACL serializer; MobileAgentRuntime bundle serializer for A3,estimated_characters_div_4,synthetic-eval-v1
42,A3,TCK-00079,triage,2.3699998564552516e-05,580,2,30,0.0,380690,ACL serializer; MobileAgentRuntime bundle serializer for A3,estimated_characters_div_4,synthetic-eval-v1
42,A3,TCK-00079,assignment,2.4400000256719068e-05,596,2,30,0.0,381382,ACL serializer; MobileAgentRuntime bundle serializer for A3,estimated_characters_div_4,synthetic-eval-v1
42,A3,TCK-00079,investigation,2.4400000256719068e-05,1213,3,30,0.0,382037,ACL serializer; MobileAgentRuntime bundle serializer for A3,estimated_characters_div_4,synthetic-eval-v1
42,A3,TCK-00079,implementation,2.390000008745119e-05,612,2,30,0.0,382606,ACL serializer; MobileAgentRuntime bundle serializer for A3,estimated_characters_div_4,synthetic-eval-v1
42,A3,TCK-00079,qa,2.3699998564552516e-05,564,2,30,0.0,383162,ACL serializer; MobileAgentRuntime bundle serializer for A3,estimated_characters_div_4,synthetic-eval-v1
42,A3,TCK-00079,deployment,2.4000000848900527e-05,596,2,30,0.0,383738,ACL serializer; MobileAgentRuntime bundle serializer for A3,estimated_characters_div_4,synthetic-eval-v1
42,A3,TCK-00080,triage,2.3599999622092582e-05,580,2,28,0.0,385158,ACL serializer; MobileAgentRuntime bundle serializer for A3,estimated_characters_div_4,synthetic-eval-v1
42,A3,TCK-00080,assignment,2.370000038354192e-05,596,2,28,0.0,385850,ACL serializer; MobileAgentRuntime bundle serializer for A3,estimated_characters_div_4,synthetic-eval-v1
42,A3,TCK-00080,investigation,2.4300001314259134e-05,1213,3,28,0.0,386505,ACL serializer; MobileAgentRuntime bundle serializer for A3,estimated_characters_div_4,synthetic-eval-v1
42,A3,TCK-00080,implementation,2.390000008745119e-05,612,2,28,0.0,387074,ACL serializer; MobileAgentRuntime bundle serializer for A3,estimated_characters_div_4,synthetic-eval-v1
42,A3,TCK-00080,qa,2.3999999029911123e-05,564,2,28,0.0,387630,ACL serializer; MobileAgentRuntime bundle serializer for A3,estimated_characters_div_4,synthetic-eval-v1
42,A3,TCK-00080,deployment,2.3800001144991256e-05,596,2,28,0.0,388206,ACL serializer; MobileAgentRuntime bundle serializer for A3,estimated_characters_div_4,synthetic-eval-v1
42,A3,TCK-00081,triage,2.6100000468431972e-05,580,2,30,0.0,389642,ACL serializer; MobileAgentRuntime bundle serializer for A3,estimated_characters_div_4,synthetic-eval-v1
42,A3,TCK-00081,assignment,2.429999949526973e-05,596,2,30,0.0,390334,ACL serializer; MobileAgentRuntime bundle serializer for A3,estimated_characters_div_4,synthetic-eval-v1
42,A3,TCK-00081,investigation,2.5800000003073364e-05,1213,3,30,0.0,390989,ACL serializer; MobileAgentRuntime bundle serializer for A3,estimated_characters_div_4,synthetic-eval-v1
42,A3,TCK-00081,implementation,3.990000004705507e-05,612,2,30,0.0,391558,ACL serializer; MobileAgentRuntime bundle serializer for A3,estimated_characters_div_4,synthetic-eval-v1
42,A3,TCK-00081,qa,2.5400000595254824e-05,564,2,30,0.0,392114,ACL serializer; MobileAgentRuntime bundle serializer for A3,estimated_characters_div_4,synthetic-eval-v1
42,A3,TCK-00081,deployment,2.4400000256719068e-05,596,2,30,0.0,392690,ACL serializer; MobileAgentRuntime bundle serializer for A3,estimated_characters_div_4,synthetic-eval-v1
42,A3,TCK-00082,triage,2.3800001144991256e-05,580,2,28,0.0,394110,ACL serializer; MobileAgentRuntime bundle serializer for A3,estimated_characters_div_4,synthetic-eval-v1
42,A3,TCK-00082,assignment,2.479999966453761e-05,596,2,28,0.0,394802,ACL serializer; MobileAgentRuntime bundle serializer for A3,estimated_characters_div_4,synthetic-eval-v1
42,A3,TCK-00082,investigation,2.5000001187436283e-05,1213,3,28,0.0,395457,ACL serializer; MobileAgentRuntime bundle serializer for A3,estimated_characters_div_4,synthetic-eval-v1
42,A3,TCK-00082,implementation,2.429999949526973e-05,612,2,28,0.0,396026,ACL serializer; MobileAgentRuntime bundle serializer for A3,estimated_characters_div_4,synthetic-eval-v1
42,A3,TCK-00082,qa,2.370000038354192e-05,564,2,28,0.0,396582,ACL serializer; MobileAgentRuntime bundle serializer for A3,estimated_characters_div_4,synthetic-eval-v1
42,A3,TCK-00082,deployment,2.390000008745119e-05,596,2,28,0.0,397158,ACL serializer; MobileAgentRuntime bundle serializer for A3,estimated_characters_div_4,synthetic-eval-v1
42,A3,TCK-00083,triage,2.3999999029911123e-05,580,2,30,0.0,398594,ACL serializer; MobileAgentRuntime bundle serializer for A3,estimated_characters_div_4,synthetic-eval-v1
42,A3,TCK-00083,assignment,2.3799999326001853e-05,596,2,30,0.0,399286,ACL serializer; MobileAgentRuntime bundle serializer for A3,estimated_characters_div_4,synthetic-eval-v1
42,A3,TCK-00083,investigation,2.4199998733820394e-05,1213,3,30,0.0,399941,ACL serializer; MobileAgentRuntime bundle serializer for A3,estimated_characters_div_4,synthetic-eval-v1
42,A3,TCK-00083,implementation,2.4000000848900527e-05,612,2,30,0.0,400510,ACL serializer; MobileAgentRuntime bundle serializer for A3,estimated_characters_div_4,synthetic-eval-v1
42,A3,TCK-00083,qa,2.4599999960628338e-05,564,2,30,0.0,401066,ACL serializer; MobileAgentRuntime bundle serializer for A3,estimated_characters_div_4,synthetic-eval-v1
42,A3,TCK-00083,deployment,2.4400000256719068e-05,596,2,30,0.0,401642,ACL serializer; MobileAgentRuntime bundle serializer for A3,estimated_characters_div_4,synthetic-eval-v1
42,A3,TCK-00084,triage,2.3899998268461786e-05,580,2,36,0.0,403093,ACL serializer; MobileAgentRuntime bundle serializer for A3,estimated_characters_div_4,synthetic-eval-v1
42,A3,TCK-00084,assignment,2.390000008745119e-05,596,2,36,0.0,403785,ACL serializer; MobileAgentRuntime bundle serializer for A3,estimated_characters_div_4,synthetic-eval-v1
42,A3,TCK-00084,investigation,2.4700000722077675e-05,1213,3,36,0.0,404442,ACL serializer; MobileAgentRuntime bundle serializer for A3,estimated_characters_div_4,synthetic-eval-v1
42,A3,TCK-00084,implementation,2.3799999326001853e-05,612,2,36,0.0,405012,ACL serializer; MobileAgentRuntime bundle serializer for A3,estimated_characters_div_4,synthetic-eval-v1
42,A3,TCK-00084,qa,2.370000038354192e-05,564,2,36,0.0,405565,ACL serializer; MobileAgentRuntime bundle serializer for A3,estimated_characters_div_4,synthetic-eval-v1
42,A3,TCK-00084,deployment,2.350000067963265e-05,596,2,36,0.0,406141,ACL serializer; MobileAgentRuntime bundle serializer for A3,estimated_characters_div_4,synthetic-eval-v1
42,A3,TCK-00085,triage,2.2700000045006163e-05,580,2,30,0.0,407610,ACL serializer; MobileAgentRuntime bundle serializer for A3,estimated_characters_div_4,synthetic-eval-v1
42,A3,TCK-00085,assignment,3.020000076503493e-05,596,2,30,0.0,408302,ACL serializer; MobileAgentRuntime bundle serializer for A3,estimated_characters_div_4,synthetic-eval-v1
42,A3,TCK-00085,investigation,2.370000038354192e-05,1213,3,30,0.0,408957,ACL serializer; MobileAgentRuntime bundle serializer for A3,estimated_characters_div_4,synthetic-eval-v1
42,A3,TCK-00085,implementation,2.3099999452824704e-05,612,2,30,0.0,409526,ACL serializer; MobileAgentRuntime bundle serializer for A3,estimated_characters_div_4,synthetic-eval-v1
42,A3,TCK-00085,qa,2.300000051036477e-05,564,2,30,0.0,410082,ACL serializer; MobileAgentRuntime bundle serializer for A3,estimated_characters_div_4,synthetic-eval-v1
42,A3,TCK-00085,deployment,2.2999998691375367e-05,596,2,30,0.0,410658,ACL serializer; MobileAgentRuntime bundle serializer for A3,estimated_characters_div_4,synthetic-eval-v1
42,A3,TCK-00086,triage,2.2899999748915434e-05,580,2,28,0.0,412062,ACL serializer; MobileAgentRuntime bundle serializer for A3,estimated_characters_div_4,synthetic-eval-v1
42,A3,TCK-00086,assignment,2.330000097572338e-05,596,2,28,0.0,412754,ACL serializer; MobileAgentRuntime bundle serializer for A3,estimated_characters_div_4,synthetic-eval-v1
42,A3,TCK-00086,investigation,2.3799999326001853e-05,1213,3,28,0.0,413409,ACL serializer; MobileAgentRuntime bundle serializer for A3,estimated_characters_div_4,synthetic-eval-v1
42,A3,TCK-00086,implementation,2.3099999452824704e-05,612,2,28,0.0,413978,ACL serializer; MobileAgentRuntime bundle serializer for A3,estimated_characters_div_4,synthetic-eval-v1
42,A3,TCK-00086,qa,2.28000008064555e-05,564,2,28,0.0,414534,ACL serializer; MobileAgentRuntime bundle serializer for A3,estimated_characters_div_4,synthetic-eval-v1
42,A3,TCK-00086,deployment,2.390000008745119e-05,596,2,28,0.0,415686,ACL serializer; MobileAgentRuntime bundle serializer for A3,estimated_characters_div_4,synthetic-eval-v1
42,A3,TCK-00087,triage,2.300000051036477e-05,580,2,30,0.0,417123,ACL serializer; MobileAgentRuntime bundle serializer for A3,estimated_characters_div_4,synthetic-eval-v1
42,A3,TCK-00087,assignment,2.409999979136046e-05,596,2,30,0.0,417815,ACL serializer; MobileAgentRuntime bundle serializer for A3,estimated_characters_div_4,synthetic-eval-v1
42,A3,TCK-00087,investigation,2.7799998861155473e-05,1213,3,30,0.0,418470,ACL serializer; MobileAgentRuntime bundle serializer for A3,estimated_characters_div_4,synthetic-eval-v1
42,A3,TCK-00087,implementation,2.4500001018168405e-05,612,2,30,0.0,419039,ACL serializer; MobileAgentRuntime bundle serializer for A3,estimated_characters_div_4,synthetic-eval-v1
42,A3,TCK-00087,qa,5.710000004910398e-05,564,2,30,0.0,419595,ACL serializer; MobileAgentRuntime bundle serializer for A3,estimated_characters_div_4,synthetic-eval-v1
42,A3,TCK-00087,deployment,3.6699999327538535e-05,596,2,30,0.0,420171,ACL serializer; MobileAgentRuntime bundle serializer for A3,estimated_characters_div_4,synthetic-eval-v1
42,A3,TCK-00088,triage,2.370000038354192e-05,580,2,28,0.0,421591,ACL serializer; MobileAgentRuntime bundle serializer for A3,estimated_characters_div_4,synthetic-eval-v1
42,A3,TCK-00088,assignment,2.4000000848900527e-05,596,2,28,0.0,422283,ACL serializer; MobileAgentRuntime bundle serializer for A3,estimated_characters_div_4,synthetic-eval-v1
42,A3,TCK-00088,investigation,2.3800001144991256e-05,1213,3,28,0.0,422938,ACL serializer; MobileAgentRuntime bundle serializer for A3,estimated_characters_div_4,synthetic-eval-v1
42,A3,TCK-00088,implementation,2.330000097572338e-05,612,2,28,0.0,423507,ACL serializer; MobileAgentRuntime bundle serializer for A3,estimated_characters_div_4,synthetic-eval-v1
42,A3,TCK-00088,qa,2.320000021427404e-05,564,2,28,0.0,424063,ACL serializer; MobileAgentRuntime bundle serializer for A3,estimated_characters_div_4,synthetic-eval-v1
42,A3,TCK-00088,deployment,2.320000021427404e-05,596,2,28,0.0,424639,ACL serializer; MobileAgentRuntime bundle serializer for A3,estimated_characters_div_4,synthetic-eval-v1
42,A3,TCK-00089,triage,2.3399999918183312e-05,580,2,30,0.0,426075,ACL serializer; MobileAgentRuntime bundle serializer for A3,estimated_characters_div_4,synthetic-eval-v1
42,A3,TCK-00089,assignment,2.3499998860643245e-05,596,2,30,0.0,426743,ACL serializer; MobileAgentRuntime bundle serializer for A3,estimated_characters_div_4,synthetic-eval-v1
42,A3,TCK-00089,investigation,2.3799999326001853e-05,1213,3,30,0.0,427398,ACL serializer; MobileAgentRuntime bundle serializer for A3,estimated_characters_div_4,synthetic-eval-v1
42,A3,TCK-00089,implementation,2.300000051036477e-05,612,2,30,0.0,427967,ACL serializer; MobileAgentRuntime bundle serializer for A3,estimated_characters_div_4,synthetic-eval-v1
42,A3,TCK-00089,qa,2.300000051036477e-05,564,2,30,0.0,428523,ACL serializer; MobileAgentRuntime bundle serializer for A3,estimated_characters_div_4,synthetic-eval-v1
42,A3,TCK-00089,deployment,2.330000097572338e-05,596,2,30,0.0,429099,ACL serializer; MobileAgentRuntime bundle serializer for A3,estimated_characters_div_4,synthetic-eval-v1
42,A3,TCK-00090,triage,2.229999881819822e-05,580,2,28,0.0,430519,ACL serializer; MobileAgentRuntime bundle serializer for A3,estimated_characters_div_4,synthetic-eval-v1
42,A3,TCK-00090,assignment,2.3599999622092582e-05,596,2,28,0.0,431211,ACL serializer; MobileAgentRuntime bundle serializer for A3,estimated_characters_div_4,synthetic-eval-v1
42,A3,TCK-00090,investigation,2.3800001144991256e-05,1213,3,28,0.0,431866,ACL serializer; MobileAgentRuntime bundle serializer for A3,estimated_characters_div_4,synthetic-eval-v1
42,A3,TCK-00090,implementation,2.4200000552809797e-05,612,2,28,0.0,432435,ACL serializer; MobileAgentRuntime bundle serializer for A3,estimated_characters_div_4,synthetic-eval-v1
42,A3,TCK-00090,qa,2.3599999622092582e-05,564,2,28,0.0,432991,ACL serializer; MobileAgentRuntime bundle serializer for A3,estimated_characters_div_4,synthetic-eval-v1
42,A3,TCK-00090,deployment,2.3099999452824704e-05,596,2,28,0.0,433567,ACL serializer; MobileAgentRuntime bundle serializer for A3,estimated_characters_div_4,synthetic-eval-v1
42,A3,TCK-00091,triage,2.3399999918183312e-05,580,2,38,0.0,435038,ACL serializer; MobileAgentRuntime bundle serializer for A3,estimated_characters_div_4,synthetic-eval-v1
42,A3,TCK-00091,assignment,2.3100001271814108e-05,596,2,38,0.0,435732,ACL serializer; MobileAgentRuntime bundle serializer for A3,estimated_characters_div_4,synthetic-eval-v1
42,A3,TCK-00091,investigation,2.409999979136046e-05,1213,3,38,0.0,436390,ACL serializer; MobileAgentRuntime bundle serializer for A3,estimated_characters_div_4,synthetic-eval-v1
42,A3,TCK-00091,implementation,2.330000097572338e-05,612,2,38,0.0,436960,ACL serializer; MobileAgentRuntime bundle serializer for A3,estimated_characters_div_4,synthetic-eval-v1
42,A3,TCK-00091,qa,2.300000051036477e-05,564,2,38,0.0,437510,ACL serializer; MobileAgentRuntime bundle serializer for A3,estimated_characters_div_4,synthetic-eval-v1
42,A3,TCK-00091,deployment,2.2700000045006163e-05,596,2,38,0.0,438088,ACL serializer; MobileAgentRuntime bundle serializer for A3,estimated_characters_div_4,synthetic-eval-v1
42,A3,TCK-00092,triage,2.269999822601676e-05,580,2,28,0.0,439558,ACL serializer; MobileAgentRuntime bundle serializer for A3,estimated_characters_div_4,synthetic-eval-v1
42,A3,TCK-00092,assignment,2.409999979136046e-05,596,2,28,0.0,440250,ACL serializer; MobileAgentRuntime bundle serializer for A3,estimated_characters_div_4,synthetic-eval-v1
42,A3,TCK-00092,investigation,2.350000067963265e-05,1213,3,28,0.0,440905,ACL serializer; MobileAgentRuntime bundle serializer for A3,estimated_characters_div_4,synthetic-eval-v1
42,A3,TCK-00092,implementation,2.3099999452824704e-05,612,2,28,0.0,441474,ACL serializer; MobileAgentRuntime bundle serializer for A3,estimated_characters_div_4,synthetic-eval-v1
42,A3,TCK-00092,qa,2.2799998987466097e-05,564,2,28,0.0,442030,ACL serializer; MobileAgentRuntime bundle serializer for A3,estimated_characters_div_4,synthetic-eval-v1
42,A3,TCK-00092,deployment,2.2899999748915434e-05,596,2,28,0.0,442606,ACL serializer; MobileAgentRuntime bundle serializer for A3,estimated_characters_div_4,synthetic-eval-v1
42,A3,TCK-00093,triage,2.3100001271814108e-05,580,2,30,0.0,444154,ACL serializer; MobileAgentRuntime bundle serializer for A3,estimated_characters_div_4,synthetic-eval-v1
42,A3,TCK-00093,assignment,2.3399999918183312e-05,596,2,30,0.0,444846,ACL serializer; MobileAgentRuntime bundle serializer for A3,estimated_characters_div_4,synthetic-eval-v1
42,A3,TCK-00093,investigation,2.3499998860643245e-05,1213,3,30,0.0,445501,ACL serializer; MobileAgentRuntime bundle serializer for A3,estimated_characters_div_4,synthetic-eval-v1
42,A3,TCK-00093,implementation,2.3099999452824704e-05,612,2,30,0.0,446070,ACL serializer; MobileAgentRuntime bundle serializer for A3,estimated_characters_div_4,synthetic-eval-v1
42,A3,TCK-00093,qa,2.3199998395284638e-05,564,2,30,0.0,446626,ACL serializer; MobileAgentRuntime bundle serializer for A3,estimated_characters_div_4,synthetic-eval-v1
42,A3,TCK-00093,deployment,2.620000122988131e-05,596,2,30,0.0,447202,ACL serializer; MobileAgentRuntime bundle serializer for A3,estimated_characters_div_4,synthetic-eval-v1
42,A3,TCK-00094,triage,4.6999999540275894e-05,580,2,28,0.0,448622,ACL serializer; MobileAgentRuntime bundle serializer for A3,estimated_characters_div_4,synthetic-eval-v1
42,A3,TCK-00094,assignment,7.14999987394549e-05,596,2,28,0.0,449314,ACL serializer; MobileAgentRuntime bundle serializer for A3,estimated_characters_div_4,synthetic-eval-v1
42,A3,TCK-00094,investigation,3.2100000680657104e-05,1213,3,28,0.0,449969,ACL serializer; MobileAgentRuntime bundle serializer for A3,estimated_characters_div_4,synthetic-eval-v1
42,A3,TCK-00094,implementation,2.4199998733820394e-05,612,2,28,0.0,450538,ACL serializer; MobileAgentRuntime bundle serializer for A3,estimated_characters_div_4,synthetic-eval-v1
42,A3,TCK-00094,qa,2.3199998395284638e-05,564,2,28,0.0,451094,ACL serializer; MobileAgentRuntime bundle serializer for A3,estimated_characters_div_4,synthetic-eval-v1
42,A3,TCK-00094,deployment,2.320000021427404e-05,596,2,28,0.0,451670,ACL serializer; MobileAgentRuntime bundle serializer for A3,estimated_characters_div_4,synthetic-eval-v1
42,A3,TCK-00095,triage,2.3199998395284638e-05,580,2,30,0.0,453106,ACL serializer; MobileAgentRuntime bundle serializer for A3,estimated_characters_div_4,synthetic-eval-v1
42,A3,TCK-00095,assignment,2.3999999029911123e-05,596,2,30,0.0,453798,ACL serializer; MobileAgentRuntime bundle serializer for A3,estimated_characters_div_4,synthetic-eval-v1
42,A3,TCK-00095,investigation,2.829999903042335e-05,1213,3,30,0.0,454453,ACL serializer; MobileAgentRuntime bundle serializer for A3,estimated_characters_div_4,synthetic-eval-v1
42,A3,TCK-00095,implementation,2.2999998691375367e-05,612,2,30,0.0,455022,ACL serializer; MobileAgentRuntime bundle serializer for A3,estimated_characters_div_4,synthetic-eval-v1
42,A3,TCK-00095,qa,2.260000110254623e-05,564,2,30,0.0,455578,ACL serializer; MobileAgentRuntime bundle serializer for A3,estimated_characters_div_4,synthetic-eval-v1
42,A3,TCK-00095,deployment,2.300000051036477e-05,596,2,30,0.0,456154,ACL serializer; MobileAgentRuntime bundle serializer for A3,estimated_characters_div_4,synthetic-eval-v1
42,A3,TCK-00096,triage,2.2899999748915434e-05,580,2,28,0.0,457598,ACL serializer; MobileAgentRuntime bundle serializer for A3,estimated_characters_div_4,synthetic-eval-v1
42,A3,TCK-00096,assignment,2.350000067963265e-05,596,2,28,0.0,458290,ACL serializer; MobileAgentRuntime bundle serializer for A3,estimated_characters_div_4,synthetic-eval-v1
42,A3,TCK-00096,investigation,2.390000008745119e-05,1213,3,28,0.0,458945,ACL serializer; MobileAgentRuntime bundle serializer for A3,estimated_characters_div_4,synthetic-eval-v1
42,A3,TCK-00096,implementation,2.3299999156733975e-05,612,2,28,0.0,459514,ACL serializer; MobileAgentRuntime bundle serializer for A3,estimated_characters_div_4,synthetic-eval-v1
42,A3,TCK-00096,qa,2.3799999326001853e-05,564,2,28,0.0,460070,ACL serializer; MobileAgentRuntime bundle serializer for A3,estimated_characters_div_4,synthetic-eval-v1
42,A3,TCK-00096,deployment,2.3099999452824704e-05,596,2,28,0.0,460646,ACL serializer; MobileAgentRuntime bundle serializer for A3,estimated_characters_div_4,synthetic-eval-v1
42,A3,TCK-00097,triage,2.2700000045006163e-05,580,2,30,0.0,462082,ACL serializer; MobileAgentRuntime bundle serializer for A3,estimated_characters_div_4,synthetic-eval-v1
42,A3,TCK-00097,assignment,2.320000021427404e-05,596,2,30,0.0,462774,ACL serializer; MobileAgentRuntime bundle serializer for A3,estimated_characters_div_4,synthetic-eval-v1
42,A3,TCK-00097,investigation,2.370000038354192e-05,1213,3,30,0.0,463429,ACL serializer; MobileAgentRuntime bundle serializer for A3,estimated_characters_div_4,synthetic-eval-v1
42,A3,TCK-00097,implementation,2.3599999622092582e-05,612,2,30,0.0,463998,ACL serializer; MobileAgentRuntime bundle serializer for A3,estimated_characters_div_4,synthetic-eval-v1
42,A3,TCK-00097,qa,2.320000021427404e-05,564,2,30,0.0,464554,ACL serializer; MobileAgentRuntime bundle serializer for A3,estimated_characters_div_4,synthetic-eval-v1
42,A3,TCK-00097,deployment,2.2700000045006163e-05,596,2,30,0.0,465130,ACL serializer; MobileAgentRuntime bundle serializer for A3,estimated_characters_div_4,synthetic-eval-v1
42,A3,TCK-00098,triage,2.2700000045006163e-05,580,2,36,0.0,466581,ACL serializer; MobileAgentRuntime bundle serializer for A3,estimated_characters_div_4,synthetic-eval-v1
42,A3,TCK-00098,assignment,2.2999998691375367e-05,596,2,36,0.0,467273,ACL serializer; MobileAgentRuntime bundle serializer for A3,estimated_characters_div_4,synthetic-eval-v1
42,A3,TCK-00098,investigation,2.4199998733820394e-05,1213,3,36,0.0,467930,ACL serializer; MobileAgentRuntime bundle serializer for A3,estimated_characters_div_4,synthetic-eval-v1
42,A3,TCK-00098,implementation,2.300000051036477e-05,612,2,36,0.0,468500,ACL serializer; MobileAgentRuntime bundle serializer for A3,estimated_characters_div_4,synthetic-eval-v1
42,A3,TCK-00098,qa,2.370000038354192e-05,564,2,36,0.0,469053,ACL serializer; MobileAgentRuntime bundle serializer for A3,estimated_characters_div_4,synthetic-eval-v1
42,A3,TCK-00098,deployment,2.3099999452824704e-05,596,2,36,0.0,470269,ACL serializer; MobileAgentRuntime bundle serializer for A3,estimated_characters_div_4,synthetic-eval-v1
42,A3,TCK-00099,triage,2.2500000341096893e-05,580,2,30,0.0,471738,ACL serializer; MobileAgentRuntime bundle serializer for A3,estimated_characters_div_4,synthetic-eval-v1
42,A3,TCK-00099,assignment,2.3699998564552516e-05,596,2,30,0.0,472430,ACL serializer; MobileAgentRuntime bundle serializer for A3,estimated_characters_div_4,synthetic-eval-v1
42,A3,TCK-00099,investigation,2.330000097572338e-05,1213,3,30,0.0,473085,ACL serializer; MobileAgentRuntime bundle serializer for A3,estimated_characters_div_4,synthetic-eval-v1
42,A3,TCK-00099,implementation,2.3199998395284638e-05,612,2,30,0.0,473654,ACL serializer; MobileAgentRuntime bundle serializer for A3,estimated_characters_div_4,synthetic-eval-v1
42,A3,TCK-00099,qa,2.2899999748915434e-05,564,2,30,0.0,474210,ACL serializer; MobileAgentRuntime bundle serializer for A3,estimated_characters_div_4,synthetic-eval-v1
42,A3,TCK-00099,deployment,2.330000097572338e-05,596,2,30,0.0,474786,ACL serializer; MobileAgentRuntime bundle serializer for A3,estimated_characters_div_4,synthetic-eval-v1
